tarih;saat;ulke;lig;ev;deplasman;fixtureId;sirket;market;cizgi;secim;acilis_oran;son_oran;degisim_utc
01.10.2026;00:00;Guatemala;Primera Division;AFF Guatemala;Deportivo Fraijanes;id1004800074508502;bet365;Full Time Result;0.0;1;1.97;1.97;2026-09-29T18:21:10.748Z
01.10.2026;00:00;Guatemala;Primera Division;AFF Guatemala;Deportivo Fraijanes;id1004800074508502;bet365;Full Time Result;0.0;X;3.4;3.4;2026-09-29T18:21:10.748Z
01.10.2026;00:00;Guatemala;Primera Division;AFF Guatemala;Deportivo Fraijanes;id1004800074508502;bet365;Full Time Result;0.0;2;3.25;3.25;2026-09-29T18:21:10.748Z
01.10.2026;00:00;Guatemala;Primera Division;AFF Guatemala;Deportivo Fraijanes;id1004800074508502;bet365;Over Under Full Time;2.5;Over;1.92;1.92;2026-09-29T18:21:10.748Z
01.10.2026;00:00;Guatemala;Primera Division;AFF Guatemala;Deportivo Fraijanes;id1004800074508502;bet365;Over Under Full Time;2.5;Under;1.82;1.82;2026-09-29T18:21:10.748Z
01.10.2026;00:00;Guatemala;Primera Division;AFF Guatemala;Deportivo Fraijanes;id1004800074508502;bet365;Double Chance Full Time;0.0;1X;1.22;1.22;2026-09-29T18:21:10.748Z
01.10.2026;00:00;Guatemala;Primera Division;AFF Guatemala;Deportivo Fraijanes;id1004800074508502;bet365;Double Chance Full Time;0.0;12;1.22;1.22;2026-09-29T18:21:10.748Z
01.10.2026;00:00;Guatemala;Primera Division;AFF Guatemala;Deportivo Fraijanes;id1004800074508502;bet365;Double Chance Full Time;0.0;2X;1.63;1.63;2026-09-29T18:21:10.748Z
01.10.2026;00:00;Guatemala;Primera Division;AFF Guatemala;Deportivo Fraijanes;id1004800074508502;bet365;First Half Result;0.0;1;2.6;2.6;2026-09-29T18:21:10.748Z
01.10.2026;00:00;Guatemala;Primera Division;AFF Guatemala;Deportivo Fraijanes;id1004800074508502;bet365;First Half Result;0.0;X;2.2;2.2;2026-09-29T18:21:10.748Z
01.10.2026;00:00;Guatemala;Primera Division;AFF Guatemala;Deportivo Fraijanes;id1004800074508502;bet365;First Half Result;0.0;2;3.75;3.75;2026-09-29T18:21:10.748Z
01.10.2026;00:00;Chile;Primera B;Union San Felipe;San Luis de Quillota;id1000124074374488;bet365;Full Time Result;0.0;1;3.0;3.0;2026-09-29T18:20:56.067Z
01.10.2026;00:00;Chile;Primera B;Union San Felipe;San Luis de Quillota;id1000124074374488;bet365;Full Time Result;0.0;X;3.25;3.25;2026-09-29T18:20:56.067Z
01.10.2026;00:00;Chile;Primera B;Union San Felipe;San Luis de Quillota;id1000124074374488;bet365;Full Time Result;0.0;2;2.1;2.1;2026-09-29T18:20:56.067Z
01.10.2026;00:00;Chile;Primera B;Union San Felipe;San Luis de Quillota;id1000124074374488;bet365;Over Under Full Time;2.5;Over;2.02;2.02;2026-09-29T18:42:20.345Z
01.10.2026;00:00;Chile;Primera B;Union San Felipe;San Luis de Quillota;id1000124074374488;bet365;Over Under Full Time;2.5;Under;1.72;1.72;2026-09-29T18:42:20.345Z
01.10.2026;00:00;Chile;Primera B;Union San Felipe;San Luis de Quillota;id1000124074374488;bet365;Double Chance Full Time;0.0;1X;1.57;1.57;2026-09-29T18:20:56.067Z
01.10.2026;00:00;Chile;Primera B;Union San Felipe;San Luis de Quillota;id1000124074374488;bet365;Double Chance Full Time;0.0;12;1.22;1.22;2026-09-29T18:20:56.067Z
01.10.2026;00:00;Chile;Primera B;Union San Felipe;San Luis de Quillota;id1000124074374488;bet365;Double Chance Full Time;0.0;2X;1.27;1.27;2026-09-29T18:20:56.067Z
01.10.2026;00:00;Chile;Primera B;Union San Felipe;San Luis de Quillota;id1000124074374488;bet365;First Half Result;0.0;1;3.6;3.6;2026-09-29T18:20:56.067Z
01.10.2026;00:00;Chile;Primera B;Union San Felipe;San Luis de Quillota;id1000124074374488;bet365;First Half Result;0.0;X;2.1;2.1;2026-09-29T18:20:56.067Z
01.10.2026;00:00;Chile;Primera B;Union San Felipe;San Luis de Quillota;id1000124074374488;bet365;First Half Result;0.0;2;2.75;2.75;2026-09-29T18:20:56.067Z
01.10.2026;00:00;Chile;Primera B;Union San Felipe;San Luis de Quillota;id1000124074374488;pinnacle;Full Time Result;0.0;1;3.41;3.19;2026-09-29T14:13:12.363Z
01.10.2026;00:00;Chile;Primera B;Union San Felipe;San Luis de Quillota;id1000124074374488;pinnacle;Full Time Result;0.0;X;3.14;3.06;2026-09-29T14:13:12.363Z
01.10.2026;00:00;Chile;Primera B;Union San Felipe;San Luis de Quillota;id1000124074374488;pinnacle;Full Time Result;0.0;2;2.0;2.21;2026-09-29T14:13:12.363Z
01.10.2026;00:00;Chile;Primera B;Union San Felipe;San Luis de Quillota;id1000124074374488;pinnacle;Over Under Full Time;2.5;Over;2.05;2.07;2026-09-29T14:13:12.363Z
01.10.2026;00:00;Chile;Primera B;Union San Felipe;San Luis de Quillota;id1000124074374488;pinnacle;Over Under Full Time;2.5;Under;1.671;1.714;2026-09-29T14:13:12.363Z
01.10.2026;00:00;Chile;Primera B;Union San Felipe;San Luis de Quillota;id1000124074374488;pinnacle;Double Chance Full Time;0.0;12;1.353;1.353;2026-09-29T14:13:13.462Z
01.10.2026;00:00;Chile;Primera B;Union San Felipe;San Luis de Quillota;id1000124074374488;pinnacle;Double Chance Full Time;0.0;2X;1.362;1.327;2026-09-29T14:13:13.462Z
01.10.2026;00:00;Chile;Primera B;Union San Felipe;San Luis de Quillota;id1000124074374488;pinnacle;Over Under Team 1 First Half;0.5;Over;2.51;2.39;2026-09-29T14:13:12.363Z
01.10.2026;00:00;Chile;Primera B;Union San Felipe;San Luis de Quillota;id1000124074374488;pinnacle;Over Under Team 1 First Half;0.5;Under;1.46;1.534;2026-09-29T14:13:12.363Z
01.10.2026;00:00;Chile;Primera B;Union San Felipe;San Luis de Quillota;id1000124074374488;pinnacle;Over Under Team 2 First Half;0.5;Over;1.909;2.02;2026-09-29T14:13:12.363Z
01.10.2026;00:00;Chile;Primera B;Union San Felipe;San Luis de Quillota;id1000124074374488;pinnacle;Over Under Team 2 First Half;0.5;Under;1.763;1.746;2026-09-29T14:13:12.363Z
01.10.2026;00:00;Chile;Primera B;Union San Felipe;San Luis de Quillota;id1000124074374488;pinnacle;Over Under Team 1;0.5;Over;1.46;1.413;2026-09-29T14:13:12.363Z
01.10.2026;00:00;Chile;Primera B;Union San Felipe;San Luis de Quillota;id1000124074374488;pinnacle;Over Under Team 1;0.5;Under;2.49;2.79;2026-09-29T14:13:12.363Z
01.10.2026;00:00;Chile;Primera B;Union San Felipe;San Luis de Quillota;id1000124074374488;pinnacle;Over Under Team 2;1.5;Over;2.14;2.3;2026-09-29T14:13:12.363Z
01.10.2026;00:00;Chile;Primera B;Union San Felipe;San Luis de Quillota;id1000124074374488;pinnacle;Over Under Team 2;1.5;Under;1.613;1.584;2026-09-29T14:13:12.363Z
01.10.2026;00:00;Chile;Primera B;Union San Felipe;San Luis de Quillota;id1000124074374488;pinnacle;Over Under First Half;0.5;Over;1.408;1.413;2026-09-29T14:13:12.363Z
01.10.2026;00:00;Chile;Primera B;Union San Felipe;San Luis de Quillota;id1000124074374488;pinnacle;Over Under First Half;0.5;Under;2.62;2.69;2026-09-29T14:13:12.363Z
01.10.2026;00:00;Chile;Primera B;Union San Felipe;San Luis de Quillota;id1000124074374488;pinnacle;Over Under First Half;1.5;Over;2.92;2.95;2026-09-29T14:13:12.363Z
01.10.2026;00:00;Chile;Primera B;Union San Felipe;San Luis de Quillota;id1000124074374488;pinnacle;Over Under First Half;1.5;Under;1.333;1.35;2026-09-29T14:13:12.363Z
01.10.2026;00:00;Chile;Primera B;Union San Felipe;San Luis de Quillota;id1000124074374488;pinnacle;Both Teams To Score;0.0;Yes;1.793;1.793;2026-09-29T14:16:26.093Z
01.10.2026;00:00;Chile;Primera B;Union San Felipe;San Luis de Quillota;id1000124074374488;pinnacle;Both Teams To Score;0.0;No;1.952;1.952;2026-09-29T14:16:26.093Z
01.10.2026;00:00;Chile;Primera B;Union San Felipe;San Luis de Quillota;id1000124074374488;pinnacle;Asian Handicap First Half;-0.5;1;3.43;3.63;2026-09-29T14:13:12.363Z
01.10.2026;00:00;Chile;Primera B;Union San Felipe;San Luis de Quillota;id1000124074374488;pinnacle;Asian Handicap First Half;-0.5;2;1.248;1.243;2026-09-29T14:13:12.363Z
01.10.2026;00:00;Chile;Primera B;Union San Felipe;San Luis de Quillota;id1000124074374488;pinnacle;Asian Handicap First Half;-0.25;1;3.15;2.97;2026-09-29T14:13:12.363Z
01.10.2026;00:00;Chile;Primera B;Union San Felipe;San Luis de Quillota;id1000124074374488;pinnacle;Asian Handicap First Half;-0.25;2;1.29;1.363;2026-09-29T14:13:12.363Z
01.10.2026;00:00;Chile;Primera B;Union San Felipe;San Luis de Quillota;id1000124074374488;pinnacle;Asian Handicap First Half;0.0;1;2.39;2.22;2026-09-29T14:13:12.363Z
01.10.2026;00:00;Chile;Primera B;Union San Felipe;San Luis de Quillota;id1000124074374488;pinnacle;Asian Handicap First Half;0.0;2;1.505;1.641;2026-09-29T14:13:12.363Z
01.10.2026;00:00;Chile;Primera B;Union San Felipe;San Luis de Quillota;id1000124074374488;pinnacle;Asian Handicap First Half;0.25;1;1.694;1.617;2026-09-29T14:13:12.363Z
01.10.2026;00:00;Chile;Primera B;Union San Felipe;San Luis de Quillota;id1000124074374488;pinnacle;Asian Handicap First Half;0.25;2;2.07;2.22;2026-09-29T14:13:12.363Z
01.10.2026;00:00;Chile;Primera B;Union San Felipe;San Luis de Quillota;id1000124074374488;pinnacle;Asian Handicap First Half;0.5;1;1.442;1.398;2026-09-29T14:13:12.363Z
01.10.2026;00:00;Chile;Primera B;Union San Felipe;San Luis de Quillota;id1000124074374488;pinnacle;Asian Handicap First Half;0.5;2;2.56;2.75;2026-09-29T14:13:12.363Z
01.10.2026;00:00;Chile;Primera B;Union San Felipe;San Luis de Quillota;id1000124074374488;pinnacle;Asian Handicap First Half;0.75;1;1.263;1.283;2026-09-29T09:41:40.925Z
01.10.2026;00:00;Chile;Primera B;Union San Felipe;San Luis de Quillota;id1000124074374488;pinnacle;Asian Handicap First Half;0.75;2;3.32;3.19;2026-09-29T09:41:40.925Z
01.10.2026;00:00;Chile;Primera B;Union San Felipe;San Luis de Quillota;id1000124074374488;pinnacle;Asian Handicap;-0.5;1;2.89;3.13;2026-09-29T14:13:12.363Z
01.10.2026;00:00;Chile;Primera B;Union San Felipe;San Luis de Quillota;id1000124074374488;pinnacle;Asian Handicap;-0.5;2;1.348;1.324;2026-09-29T14:13:12.363Z
01.10.2026;00:00;Chile;Primera B;Union San Felipe;San Luis de Quillota;id1000124074374488;pinnacle;Asian Handicap;-0.25;1;2.93;2.71;2026-09-29T14:13:12.363Z
01.10.2026;00:00;Chile;Primera B;Union San Felipe;San Luis de Quillota;id1000124074374488;pinnacle;Asian Handicap;-0.25;2;1.338;1.416;2026-09-29T14:13:12.363Z
01.10.2026;00:00;Chile;Primera B;Union San Felipe;San Luis de Quillota;id1000124074374488;pinnacle;Asian Handicap;0.0;1;2.51;2.3;2026-09-29T14:13:12.363Z
01.10.2026;00:00;Chile;Primera B;Union San Felipe;San Luis de Quillota;id1000124074374488;pinnacle;Asian Handicap;0.0;2;1.452;1.584;2026-09-29T14:13:12.363Z
01.10.2026;00:00;Chile;Primera B;Union San Felipe;San Luis de Quillota;id1000124074374488;pinnacle;Asian Handicap;0.25;1;2.0;1.877;2026-09-29T14:13:12.363Z
01.10.2026;00:00;Chile;Primera B;Union San Felipe;San Luis de Quillota;id1000124074374488;pinnacle;Asian Handicap;0.25;2;1.729;1.909;2026-09-29T14:13:12.363Z
01.10.2026;00:00;Chile;Primera B;Union San Felipe;San Luis de Quillota;id1000124074374488;pinnacle;Asian Handicap;0.5;1;1.751;1.636;2026-09-29T14:13:12.363Z
01.10.2026;00:00;Chile;Primera B;Union San Felipe;San Luis de Quillota;id1000124074374488;pinnacle;Asian Handicap;0.5;2;2.009;2.2;2026-09-29T14:13:12.363Z
01.10.2026;00:00;Chile;Primera B;Union San Felipe;San Luis de Quillota;id1000124074374488;pinnacle;Asian Handicap;0.75;1;1.546;1.452;2026-09-29T14:13:12.363Z
01.10.2026;00:00;Chile;Primera B;Union San Felipe;San Luis de Quillota;id1000124074374488;pinnacle;Asian Handicap;0.75;2;2.32;2.59;2026-09-29T14:13:12.363Z
01.10.2026;00:00;Chile;Primera B;Union San Felipe;San Luis de Quillota;id1000124074374488;pinnacle;Over Under Full Time;1.5;Over;1.318;1.323;2026-09-29T14:13:12.363Z
01.10.2026;00:00;Chile;Primera B;Union San Felipe;San Luis de Quillota;id1000124074374488;pinnacle;Over Under Full Time;1.5;Under;2.96;3.13;2026-09-29T14:13:12.363Z
01.10.2026;00:00;Chile;Primera B;Union San Felipe;San Luis de Quillota;id1000124074374488;pinnacle;Asian Handicap;1.0;1;1.342;1.277;2026-09-29T14:13:12.363Z
01.10.2026;00:00;Chile;Primera B;Union San Felipe;San Luis de Quillota;id1000124074374488;pinnacle;Asian Handicap;1.0;2;2.91;3.42;2026-09-29T14:13:12.363Z
01.10.2026;00:00;Chile;Primera B;Union San Felipe;San Luis de Quillota;id1000124074374488;pinnacle;Asian Handicap;1.25;1;1.274;1.303;2026-09-29T09:41:40.925Z
01.10.2026;00:00;Chile;Primera B;Union San Felipe;San Luis de Quillota;id1000124074374488;pinnacle;Asian Handicap;1.25;2;3.29;3.12;2026-09-29T09:41:40.925Z
01.10.2026;00:30;El Salvador;Primera Division;CD Aguila San Miguel;Inter Santa Tecla;id1002708873075304;bet365;Full Time Result;0.0;1;2.02;2.02;2026-09-29T18:13:07.313Z
01.10.2026;00:30;El Salvador;Primera Division;CD Aguila San Miguel;Inter Santa Tecla;id1002708873075304;bet365;Full Time Result;0.0;X;3.3;3.3;2026-09-29T18:13:07.313Z
01.10.2026;00:30;El Salvador;Primera Division;CD Aguila San Miguel;Inter Santa Tecla;id1002708873075304;bet365;Full Time Result;0.0;2;3.1;3.1;2026-09-29T18:13:07.313Z
01.10.2026;00:30;El Salvador;Primera Division;CD Aguila San Miguel;Inter Santa Tecla;id1002708873075304;bet365;Over Under Full Time;2.5;Over;2.2;2.2;2026-09-29T19:02:27.769Z
01.10.2026;00:30;El Salvador;Primera Division;CD Aguila San Miguel;Inter Santa Tecla;id1002708873075304;bet365;Over Under Full Time;2.5;Under;1.62;1.62;2026-09-29T19:02:27.769Z
01.10.2026;00:30;El Salvador;Primera Division;CD Aguila San Miguel;Inter Santa Tecla;id1002708873075304;bet365;Double Chance Full Time;0.0;1X;1.25;1.25;2026-09-29T18:13:07.313Z
01.10.2026;00:30;El Salvador;Primera Division;CD Aguila San Miguel;Inter Santa Tecla;id1002708873075304;bet365;Double Chance Full Time;0.0;12;1.22;1.22;2026-09-29T18:13:07.313Z
01.10.2026;00:30;El Salvador;Primera Division;CD Aguila San Miguel;Inter Santa Tecla;id1002708873075304;bet365;Double Chance Full Time;0.0;2X;1.58;1.58;2026-09-29T18:13:07.313Z
01.10.2026;00:30;El Salvador;Primera Division;CD Aguila San Miguel;Inter Santa Tecla;id1002708873075304;bet365;First Half Result;0.0;1;2.75;2.75;2026-09-29T18:13:07.313Z
01.10.2026;00:30;El Salvador;Primera Division;CD Aguila San Miguel;Inter Santa Tecla;id1002708873075304;bet365;First Half Result;0.0;X;2.02;2.02;2026-09-29T18:13:07.313Z
01.10.2026;00:30;El Salvador;Primera Division;CD Aguila San Miguel;Inter Santa Tecla;id1002708873075304;bet365;First Half Result;0.0;2;4.0;4.0;2026-09-29T18:13:07.313Z
01.10.2026;00:30;El Salvador;Primera Division;CD Aguila San Miguel;Inter Santa Tecla;id1002708873075304;pinnacle;Full Time Result;0.0;1;2.18;2.11;2026-09-29T16:58:21.154Z
01.10.2026;00:30;El Salvador;Primera Division;CD Aguila San Miguel;Inter Santa Tecla;id1002708873075304;pinnacle;Full Time Result;0.0;X;3.01;3.04;2026-09-29T16:58:21.154Z
01.10.2026;00:30;El Salvador;Primera Division;CD Aguila San Miguel;Inter Santa Tecla;id1002708873075304;pinnacle;Full Time Result;0.0;2;3.13;3.46;2026-09-29T16:58:21.154Z
01.10.2026;00:30;El Salvador;Primera Division;CD Aguila San Miguel;Inter Santa Tecla;id1002708873075304;pinnacle;Over Under Full Time;2.5;Over;2.02;2.21;2026-09-29T16:58:21.154Z
01.10.2026;00:30;El Salvador;Primera Division;CD Aguila San Miguel;Inter Santa Tecla;id1002708873075304;pinnacle;Over Under Full Time;2.5;Under;1.714;1.632;2026-09-29T16:58:21.154Z
01.10.2026;00:30;El Salvador;Primera Division;CD Aguila San Miguel;Inter Santa Tecla;id1002708873075304;pinnacle;Double Chance Full Time;0.0;12;1.332;1.355;2026-09-29T16:58:23.127Z
01.10.2026;00:30;El Salvador;Primera Division;CD Aguila San Miguel;Inter Santa Tecla;id1002708873075304;pinnacle;Double Chance Full Time;0.0;2X;1.735;1.694;2026-09-29T16:58:23.127Z
01.10.2026;00:30;El Salvador;Primera Division;CD Aguila San Miguel;Inter Santa Tecla;id1002708873075304;pinnacle;Over Under Team 1 First Half;0.5;Over;1.952;2.009;2026-09-29T16:58:22.104Z
01.10.2026;00:30;El Salvador;Primera Division;CD Aguila San Miguel;Inter Santa Tecla;id1002708873075304;pinnacle;Over Under Team 1 First Half;0.5;Under;1.729;1.746;2026-09-29T16:58:22.104Z
01.10.2026;00:30;El Salvador;Primera Division;CD Aguila San Miguel;Inter Santa Tecla;id1002708873075304;pinnacle;Over Under Team 2 First Half;0.5;Over;2.33;2.59;2026-09-29T16:58:22.104Z
01.10.2026;00:30;El Salvador;Primera Division;CD Aguila San Miguel;Inter Santa Tecla;id1002708873075304;pinnacle;Over Under Team 2 First Half;0.5;Under;1.51;1.462;2026-09-29T16:58:22.104Z
01.10.2026;00:30;El Salvador;Primera Division;CD Aguila San Miguel;Inter Santa Tecla;id1002708873075304;pinnacle;Over Under Team 1;1.5;Over;2.25;2.41;2026-09-29T16:58:21.154Z
01.10.2026;00:30;El Salvador;Primera Division;CD Aguila San Miguel;Inter Santa Tecla;id1002708873075304;pinnacle;Over Under Team 1;1.5;Under;1.578;1.54;2026-09-29T16:58:21.154Z
01.10.2026;00:30;El Salvador;Primera Division;CD Aguila San Miguel;Inter Santa Tecla;id1002708873075304;pinnacle;Over Under Team 2;0.5;Over;1.452;1.492;2026-09-29T16:58:21.154Z
01.10.2026;00:30;El Salvador;Primera Division;CD Aguila San Miguel;Inter Santa Tecla;id1002708873075304;pinnacle;Over Under Team 2;0.5;Under;2.56;2.53;2026-09-29T16:58:21.154Z
01.10.2026;00:30;El Salvador;Primera Division;CD Aguila San Miguel;Inter Santa Tecla;id1002708873075304;pinnacle;Over Under First Half;0.5;Over;1.386;1.448;2026-09-29T16:58:22.104Z
01.10.2026;00:30;El Salvador;Primera Division;CD Aguila San Miguel;Inter Santa Tecla;id1002708873075304;pinnacle;Over Under First Half;0.5;Under;2.64;2.58;2026-09-29T16:58:22.104Z
01.10.2026;00:30;El Salvador;Primera Division;CD Aguila San Miguel;Inter Santa Tecla;id1002708873075304;pinnacle;Over Under First Half;1.5;Over;2.83;3.12;2026-09-29T16:58:22.104Z
01.10.2026;00:30;El Salvador;Primera Division;CD Aguila San Miguel;Inter Santa Tecla;id1002708873075304;pinnacle;Over Under First Half;1.5;Under;1.338;1.318;2026-09-29T16:58:22.104Z
01.10.2026;00:30;El Salvador;Primera Division;CD Aguila San Miguel;Inter Santa Tecla;id1002708873075304;pinnacle;Both Teams To Score;0.0;Yes;1.9;1.9;2026-09-29T17:01:35.969Z
01.10.2026;00:30;El Salvador;Primera Division;CD Aguila San Miguel;Inter Santa Tecla;id1002708873075304;pinnacle;Both Teams To Score;0.0;No;1.84;1.84;2026-09-29T17:01:35.969Z
01.10.2026;00:30;El Salvador;Primera Division;CD Aguila San Miguel;Inter Santa Tecla;id1002708873075304;pinnacle;Asian Handicap First Half;-0.75;1;3.53;3.55;2026-09-29T16:58:22.104Z
01.10.2026;00:30;El Salvador;Primera Division;CD Aguila San Miguel;Inter Santa Tecla;id1002708873075304;pinnacle;Asian Handicap First Half;-0.75;2;1.235;1.253;2026-09-29T16:58:22.104Z
01.10.2026;00:30;El Salvador;Primera Division;CD Aguila San Miguel;Inter Santa Tecla;id1002708873075304;pinnacle;Asian Handicap First Half;-0.5;1;2.7;2.7;2026-09-29T16:58:22.104Z
01.10.2026;00:30;El Salvador;Primera Division;CD Aguila San Miguel;Inter Santa Tecla;id1002708873075304;pinnacle;Asian Handicap First Half;-0.5;2;1.403;1.431;2026-09-29T16:58:22.104Z
01.10.2026;00:30;El Salvador;Primera Division;CD Aguila San Miguel;Inter Santa Tecla;id1002708873075304;pinnacle;Asian Handicap First Half;-0.25;1;2.19;2.16;2026-09-29T16:58:22.104Z
01.10.2026;00:30;El Salvador;Primera Division;CD Aguila San Miguel;Inter Santa Tecla;id1002708873075304;pinnacle;Asian Handicap First Half;-0.25;2;1.621;1.675;2026-09-29T16:58:22.104Z
01.10.2026;00:30;El Salvador;Primera Division;CD Aguila San Miguel;Inter Santa Tecla;id1002708873075304;pinnacle;Asian Handicap First Half;0.0;1;1.598;1.549;2026-09-29T16:58:22.104Z
01.10.2026;00:30;El Salvador;Primera Division;CD Aguila San Miguel;Inter Santa Tecla;id1002708873075304;pinnacle;Asian Handicap First Half;0.0;2;2.19;2.36;2026-09-29T16:58:22.104Z
01.10.2026;00:30;El Salvador;Primera Division;CD Aguila San Miguel;Inter Santa Tecla;id1002708873075304;pinnacle;Asian Handicap First Half;0.25;1;1.338;1.309;2026-09-29T16:58:22.104Z
01.10.2026;00:30;El Salvador;Primera Division;CD Aguila San Miguel;Inter Santa Tecla;id1002708873075304;pinnacle;Asian Handicap First Half;0.25;2;2.89;3.17;2026-09-29T16:58:22.104Z
01.10.2026;00:30;El Salvador;Primera Division;CD Aguila San Miguel;Inter Santa Tecla;id1002708873075304;pinnacle;Asian Handicap;-1.25;1;3.2;3.31;2026-09-29T11:52:07.050Z
01.10.2026;00:30;El Salvador;Primera Division;CD Aguila San Miguel;Inter Santa Tecla;id1002708873075304;pinnacle;Asian Handicap;-1.25;2;1.288;1.294;2026-09-29T11:52:07.050Z
01.10.2026;00:30;El Salvador;Primera Division;CD Aguila San Miguel;Inter Santa Tecla;id1002708873075304;pinnacle;Asian Handicap;-1.0;1;3.28;3.23;2026-09-29T16:58:21.154Z
01.10.2026;00:30;El Salvador;Primera Division;CD Aguila San Miguel;Inter Santa Tecla;id1002708873075304;pinnacle;Asian Handicap;-1.0;2;1.275;1.306;2026-09-29T16:58:21.154Z
01.10.2026;00:30;El Salvador;Primera Division;CD Aguila San Miguel;Inter Santa Tecla;id1002708873075304;pinnacle;Asian Handicap;-0.75;1;2.53;2.46;2026-09-29T16:58:21.154Z
01.10.2026;00:30;El Salvador;Primera Division;CD Aguila San Miguel;Inter Santa Tecla;id1002708873075304;pinnacle;Asian Handicap;-0.75;2;1.444;1.497;2026-09-29T16:58:21.154Z
01.10.2026;00:30;El Salvador;Primera Division;CD Aguila San Miguel;Inter Santa Tecla;id1002708873075304;pinnacle;Asian Handicap;-0.5;1;2.17;2.1;2026-09-29T16:58:21.154Z
01.10.2026;00:30;El Salvador;Primera Division;CD Aguila San Miguel;Inter Santa Tecla;id1002708873075304;pinnacle;Asian Handicap;-0.5;2;1.621;1.699;2026-09-29T16:58:21.154Z
01.10.2026;00:30;El Salvador;Primera Division;CD Aguila San Miguel;Inter Santa Tecla;id1002708873075304;pinnacle;Asian Handicap;-0.25;1;1.884;1.819;2026-09-29T16:58:21.154Z
01.10.2026;00:30;El Salvador;Primera Division;CD Aguila San Miguel;Inter Santa Tecla;id1002708873075304;pinnacle;Asian Handicap;-0.25;2;1.854;1.97;2026-09-29T16:58:21.154Z
01.10.2026;00:30;El Salvador;Primera Division;CD Aguila San Miguel;Inter Santa Tecla;id1002708873075304;pinnacle;Asian Handicap;0.0;1;1.564;1.502;2026-09-29T16:58:21.154Z
01.10.2026;00:30;El Salvador;Primera Division;CD Aguila San Miguel;Inter Santa Tecla;id1002708873075304;pinnacle;Asian Handicap;0.0;2;2.28;2.5;2026-09-29T16:58:21.154Z
01.10.2026;00:30;El Salvador;Primera Division;CD Aguila San Miguel;Inter Santa Tecla;id1002708873075304;pinnacle;Asian Handicap;0.25;1;1.401;1.362;2026-09-29T16:58:21.154Z
01.10.2026;00:30;El Salvador;Primera Division;CD Aguila San Miguel;Inter Santa Tecla;id1002708873075304;pinnacle;Asian Handicap;0.25;2;2.67;2.93;2026-09-29T16:58:21.154Z
01.10.2026;00:30;El Salvador;Primera Division;CD Aguila San Miguel;Inter Santa Tecla;id1002708873075304;pinnacle;Asian Handicap;0.5;1;1.312;1.283;2026-09-29T16:58:21.154Z
01.10.2026;00:30;El Salvador;Primera Division;CD Aguila San Miguel;Inter Santa Tecla;id1002708873075304;pinnacle;Asian Handicap;0.5;2;3.07;3.38;2026-09-29T16:58:21.154Z
01.10.2026;00:30;El Salvador;Primera Division;CD Aguila San Miguel;Inter Santa Tecla;id1002708873075304;pinnacle;Over Under Full Time;1.5;Over;1.307;1.37;2026-09-29T16:58:21.154Z
01.10.2026;00:30;El Salvador;Primera Division;CD Aguila San Miguel;Inter Santa Tecla;id1002708873075304;pinnacle;Over Under Full Time;1.5;Under;3.09;2.9;2026-09-29T16:58:21.154Z
01.10.2026;01:30;Brazil;Paraibano, 2. Divisao;Auto Esporte Clube PB;Picuiense PB;id1005330874516098;bet365;Full Time Result;0.0;1;1.42;1.42;2026-09-29T18:21:56.043Z
01.10.2026;01:30;Brazil;Paraibano, 2. Divisao;Auto Esporte Clube PB;Picuiense PB;id1005330874516098;bet365;Full Time Result;0.0;X;4.0;4.0;2026-09-29T18:21:56.043Z
01.10.2026;01:30;Brazil;Paraibano, 2. Divisao;Auto Esporte Clube PB;Picuiense PB;id1005330874516098;bet365;Full Time Result;0.0;2;5.75;5.75;2026-09-29T18:21:56.043Z
01.10.2026;01:30;Brazil;Paraibano, 2. Divisao;Auto Esporte Clube PB;Picuiense PB;id1005330874516098;bet365;Over Under Full Time;2.5;Over;1.72;1.72;2026-09-29T18:56:39.258Z
01.10.2026;01:30;Brazil;Paraibano, 2. Divisao;Auto Esporte Clube PB;Picuiense PB;id1005330874516098;bet365;Over Under Full Time;2.5;Under;2.02;2.02;2026-09-29T18:56:39.258Z
01.10.2026;01:30;Brazil;Paraibano, 2. Divisao;Auto Esporte Clube PB;Picuiense PB;id1005330874516098;bet365;Double Chance Full Time;0.0;1X;1.08;1.08;2026-09-29T18:21:56.043Z
01.10.2026;01:30;Brazil;Paraibano, 2. Divisao;Auto Esporte Clube PB;Picuiense PB;id1005330874516098;bet365;Double Chance Full Time;0.0;12;1.13;1.13;2026-09-29T18:21:56.043Z
01.10.2026;01:30;Brazil;Paraibano, 2. Divisao;Auto Esporte Clube PB;Picuiense PB;id1005330874516098;bet365;Double Chance Full Time;0.0;2X;2.4;2.4;2026-09-29T18:21:56.043Z
01.10.2026;01:30;Brazil;Paraibano, 2. Divisao;Auto Esporte Clube PB;Picuiense PB;id1005330874516098;bet365;First Half Result;0.0;1;1.92;1.92;2026-09-29T18:21:56.043Z
01.10.2026;01:30;Brazil;Paraibano, 2. Divisao;Auto Esporte Clube PB;Picuiense PB;id1005330874516098;bet365;First Half Result;0.0;X;2.37;2.37;2026-09-29T18:21:56.043Z
01.10.2026;01:30;Brazil;Paraibano, 2. Divisao;Auto Esporte Clube PB;Picuiense PB;id1005330874516098;bet365;First Half Result;0.0;2;6.0;6.0;2026-09-29T18:21:56.043Z
01.10.2026;01:30;Bolivia;Copa Bolivia;CD Real Tomayapo;CA Nacional Potosi;id1003903373550406;bet365;Full Time Result;0.0;1;2.25;2.25;2026-09-29T18:13:09.297Z
01.10.2026;01:30;Bolivia;Copa Bolivia;CD Real Tomayapo;CA Nacional Potosi;id1003903373550406;bet365;Full Time Result;0.0;X;3.5;3.5;2026-09-29T18:13:09.297Z
01.10.2026;01:30;Bolivia;Copa Bolivia;CD Real Tomayapo;CA Nacional Potosi;id1003903373550406;bet365;Full Time Result;0.0;2;2.6;2.6;2026-09-29T18:13:09.297Z
01.10.2026;01:30;Bolivia;Copa Bolivia;CD Real Tomayapo;CA Nacional Potosi;id1003903373550406;bet365;Over Under Full Time;2.5;Over;1.63;1.63;2026-09-29T18:13:09.297Z
01.10.2026;01:30;Bolivia;Copa Bolivia;CD Real Tomayapo;CA Nacional Potosi;id1003903373550406;bet365;Over Under Full Time;2.5;Under;2.15;2.15;2026-09-29T18:13:09.297Z
01.10.2026;01:30;Bolivia;Copa Bolivia;CD Real Tomayapo;CA Nacional Potosi;id1003903373550406;bet365;Over Under Full Time;3.5;Over;2.62;2.62;2026-09-29T18:13:09.297Z
01.10.2026;01:30;Bolivia;Copa Bolivia;CD Real Tomayapo;CA Nacional Potosi;id1003903373550406;bet365;Over Under Full Time;3.5;Under;1.41;1.41;2026-09-29T18:13:09.297Z
01.10.2026;01:30;Bolivia;Copa Bolivia;CD Real Tomayapo;CA Nacional Potosi;id1003903373550406;bet365;Over Under Full Time;4.5;Over;5.0;5.0;2026-09-29T18:13:09.297Z
01.10.2026;01:30;Bolivia;Copa Bolivia;CD Real Tomayapo;CA Nacional Potosi;id1003903373550406;bet365;Over Under Full Time;4.5;Under;1.13;1.13;2026-09-29T18:13:09.297Z
01.10.2026;01:30;Bolivia;Copa Bolivia;CD Real Tomayapo;CA Nacional Potosi;id1003903373550406;bet365;Double Chance Full Time;0.0;1X;1.41;1.41;2026-09-29T18:13:09.297Z
01.10.2026;01:30;Bolivia;Copa Bolivia;CD Real Tomayapo;CA Nacional Potosi;id1003903373550406;bet365;Double Chance Full Time;0.0;12;1.22;1.22;2026-09-29T18:13:09.297Z
01.10.2026;01:30;Bolivia;Copa Bolivia;CD Real Tomayapo;CA Nacional Potosi;id1003903373550406;bet365;Double Chance Full Time;0.0;2X;1.5;1.5;2026-09-29T18:13:09.297Z
01.10.2026;01:30;Bolivia;Copa Bolivia;CD Real Tomayapo;CA Nacional Potosi;id1003903373550406;bet365;First Half Result;0.0;1;2.6;2.6;2026-09-29T18:13:09.297Z
01.10.2026;01:30;Bolivia;Copa Bolivia;CD Real Tomayapo;CA Nacional Potosi;id1003903373550406;bet365;First Half Result;0.0;X;2.3;2.3;2026-09-29T18:13:09.297Z
01.10.2026;01:30;Bolivia;Copa Bolivia;CD Real Tomayapo;CA Nacional Potosi;id1003903373550406;bet365;First Half Result;0.0;2;3.75;3.75;2026-09-29T18:13:09.297Z
01.10.2026;01:30;Bolivia;Copa Bolivia;CD Real Tomayapo;CA Nacional Potosi;id1003903373550406;bet365;Second Half Result;0.0;1;2.3;2.3;2026-09-29T18:13:09.297Z
01.10.2026;01:30;Bolivia;Copa Bolivia;CD Real Tomayapo;CA Nacional Potosi;id1003903373550406;bet365;Second Half Result;0.0;X;2.6;2.6;2026-09-29T18:13:09.297Z
01.10.2026;01:30;Bolivia;Copa Bolivia;CD Real Tomayapo;CA Nacional Potosi;id1003903373550406;bet365;Second Half Result;0.0;2;3.25;3.25;2026-09-29T18:13:09.297Z
01.10.2026;01:30;Bolivia;Copa Bolivia;CD Real Tomayapo;CA Nacional Potosi;id1003903373550406;bet365;Over Under Team 1 First Half;0.5;Over;1.77;1.77;2026-09-29T18:13:09.297Z
01.10.2026;01:30;Bolivia;Copa Bolivia;CD Real Tomayapo;CA Nacional Potosi;id1003903373550406;bet365;Over Under Team 1 First Half;0.5;Under;1.92;1.92;2026-09-29T18:13:09.297Z
01.10.2026;01:30;Bolivia;Copa Bolivia;CD Real Tomayapo;CA Nacional Potosi;id1003903373550406;bet365;Over Under Team 1 First Half;1.5;Over;5.5;5.5;2026-09-29T18:13:09.297Z
01.10.2026;01:30;Bolivia;Copa Bolivia;CD Real Tomayapo;CA Nacional Potosi;id1003903373550406;bet365;Over Under Team 1 First Half;1.5;Under;1.11;1.11;2026-09-29T18:13:09.297Z
01.10.2026;01:30;Bolivia;Copa Bolivia;CD Real Tomayapo;CA Nacional Potosi;id1003903373550406;bet365;Over Under Team 1 First Half;2.5;Over;19.0;19.0;2026-09-29T18:13:09.297Z
01.10.2026;01:30;Bolivia;Copa Bolivia;CD Real Tomayapo;CA Nacional Potosi;id1003903373550406;bet365;Over Under Team 1 First Half;2.5;Under;1.02;1.02;2026-09-29T18:13:09.297Z
01.10.2026;01:30;Bolivia;Copa Bolivia;CD Real Tomayapo;CA Nacional Potosi;id1003903373550406;bet365;Over Under Team 1 First Half;3.5;Over;41.0;41.0;2026-09-29T18:13:09.297Z
01.10.2026;01:30;Bolivia;Copa Bolivia;CD Real Tomayapo;CA Nacional Potosi;id1003903373550406;bet365;Over Under Team 2 First Half;0.5;Over;2.2;2.2;2026-09-29T18:13:09.297Z
01.10.2026;01:30;Bolivia;Copa Bolivia;CD Real Tomayapo;CA Nacional Potosi;id1003903373550406;bet365;Over Under Team 2 First Half;0.5;Under;1.58;1.58;2026-09-29T18:13:09.297Z
01.10.2026;01:30;Bolivia;Copa Bolivia;CD Real Tomayapo;CA Nacional Potosi;id1003903373550406;bet365;Over Under Team 2 First Half;1.5;Over;8.0;8.0;2026-09-29T18:13:09.297Z
01.10.2026;01:30;Bolivia;Copa Bolivia;CD Real Tomayapo;CA Nacional Potosi;id1003903373550406;bet365;Over Under Team 2 First Half;1.5;Under;1.061;1.061;2026-09-29T18:13:09.297Z
01.10.2026;01:30;Bolivia;Copa Bolivia;CD Real Tomayapo;CA Nacional Potosi;id1003903373550406;bet365;Over Under Team 2 First Half;2.5;Over;29.0;29.0;2026-09-29T18:13:09.297Z
01.10.2026;01:30;Bolivia;Copa Bolivia;CD Real Tomayapo;CA Nacional Potosi;id1003903373550406;bet365;Over Under Team 2 First Half;2.5;Under;1.01;1.01;2026-09-29T18:13:09.297Z
01.10.2026;01:30;Bolivia;Copa Bolivia;CD Real Tomayapo;CA Nacional Potosi;id1003903373550406;bet365;Over Under Team 2 First Half;3.5;Over;51.0;51.0;2026-09-29T18:13:09.297Z
01.10.2026;01:30;Bolivia;Copa Bolivia;CD Real Tomayapo;CA Nacional Potosi;id1003903373550406;bet365;Over Under Team 1 Second Half;0.5;Over;1.5;1.5;2026-09-29T18:13:09.297Z
01.10.2026;01:30;Bolivia;Copa Bolivia;CD Real Tomayapo;CA Nacional Potosi;id1003903373550406;bet365;Over Under Team 1 Second Half;0.5;Under;2.37;2.37;2026-09-29T18:13:09.297Z
01.10.2026;01:30;Bolivia;Copa Bolivia;CD Real Tomayapo;CA Nacional Potosi;id1003903373550406;bet365;Over Under Team 1 Second Half;1.5;Over;3.75;3.75;2026-09-29T18:13:09.297Z
01.10.2026;01:30;Bolivia;Copa Bolivia;CD Real Tomayapo;CA Nacional Potosi;id1003903373550406;bet365;Over Under Team 1 Second Half;1.5;Under;1.22;1.22;2026-09-29T18:13:09.297Z
01.10.2026;01:30;Bolivia;Copa Bolivia;CD Real Tomayapo;CA Nacional Potosi;id1003903373550406;bet365;Over Under Team 1 Second Half;2.5;Over;12.0;12.0;2026-09-29T18:13:09.297Z
01.10.2026;01:30;Bolivia;Copa Bolivia;CD Real Tomayapo;CA Nacional Potosi;id1003903373550406;bet365;Over Under Team 1 Second Half;2.5;Under;1.037;1.037;2026-09-29T18:13:09.297Z
01.10.2026;01:30;Bolivia;Copa Bolivia;CD Real Tomayapo;CA Nacional Potosi;id1003903373550406;bet365;Over Under Team 1;0.5;Over;1.15;1.15;2026-09-29T18:13:09.297Z
01.10.2026;01:30;Bolivia;Copa Bolivia;CD Real Tomayapo;CA Nacional Potosi;id1003903373550406;bet365;Over Under Team 1;0.5;Under;4.5;4.5;2026-09-29T18:13:09.297Z
01.10.2026;01:30;Bolivia;Copa Bolivia;CD Real Tomayapo;CA Nacional Potosi;id1003903373550406;bet365;Over Under Team 1 Second Half;3.5;Over;29.0;29.0;2026-09-29T18:13:09.297Z
01.10.2026;01:30;Bolivia;Copa Bolivia;CD Real Tomayapo;CA Nacional Potosi;id1003903373550406;bet365;Over Under Team 1 Second Half;3.5;Under;1.008;1.008;2026-09-29T18:13:09.297Z
01.10.2026;01:30;Bolivia;Copa Bolivia;CD Real Tomayapo;CA Nacional Potosi;id1003903373550406;bet365;Over Under Team 1 Second Half;4.5;Over;51.0;51.0;2026-09-29T18:13:09.297Z
01.10.2026;01:30;Bolivia;Copa Bolivia;CD Real Tomayapo;CA Nacional Potosi;id1003903373550406;bet365;Over Under Team 2 Second Half;0.5;Over;1.77;1.77;2026-09-29T18:13:09.297Z
01.10.2026;01:30;Bolivia;Copa Bolivia;CD Real Tomayapo;CA Nacional Potosi;id1003903373550406;bet365;Over Under Team 2 Second Half;0.5;Under;1.87;1.87;2026-09-29T18:13:09.297Z
01.10.2026;01:30;Bolivia;Copa Bolivia;CD Real Tomayapo;CA Nacional Potosi;id1003903373550406;bet365;Over Under Team 2 Second Half;1.5;Over;5.5;5.5;2026-09-29T18:13:09.297Z
01.10.2026;01:30;Bolivia;Copa Bolivia;CD Real Tomayapo;CA Nacional Potosi;id1003903373550406;bet365;Over Under Team 2 Second Half;1.5;Under;1.11;1.11;2026-09-29T18:13:09.297Z
01.10.2026;01:30;Bolivia;Copa Bolivia;CD Real Tomayapo;CA Nacional Potosi;id1003903373550406;bet365;Over Under Team 2 Second Half;2.5;Over;19.0;19.0;2026-09-29T18:13:09.297Z
01.10.2026;01:30;Bolivia;Copa Bolivia;CD Real Tomayapo;CA Nacional Potosi;id1003903373550406;bet365;Over Under Team 2 Second Half;2.5;Under;1.02;1.02;2026-09-29T18:13:09.297Z
01.10.2026;01:30;Bolivia;Copa Bolivia;CD Real Tomayapo;CA Nacional Potosi;id1003903373550406;bet365;Over Under Team 2 Second Half;3.5;Over;41.0;41.0;2026-09-29T18:13:09.297Z
01.10.2026;01:30;Bolivia;Copa Bolivia;CD Real Tomayapo;CA Nacional Potosi;id1003903373550406;bet365;Over Under Team 1;1.5;Over;1.8;1.8;2026-09-29T18:13:09.297Z
01.10.2026;01:30;Bolivia;Copa Bolivia;CD Real Tomayapo;CA Nacional Potosi;id1003903373550406;bet365;Over Under Team 1;1.5;Under;1.8;1.8;2026-09-29T18:13:09.297Z
01.10.2026;01:30;Bolivia;Copa Bolivia;CD Real Tomayapo;CA Nacional Potosi;id1003903373550406;bet365;Over Under Team 1;2.5;Over;3.75;3.75;2026-09-29T18:13:09.297Z
01.10.2026;01:30;Bolivia;Copa Bolivia;CD Real Tomayapo;CA Nacional Potosi;id1003903373550406;bet365;Over Under Team 1;2.5;Under;1.22;1.22;2026-09-29T18:13:09.297Z
01.10.2026;01:30;Bolivia;Copa Bolivia;CD Real Tomayapo;CA Nacional Potosi;id1003903373550406;bet365;Over Under Team 1;3.5;Over;9.0;9.0;2026-09-29T18:13:09.297Z
01.10.2026;01:30;Bolivia;Copa Bolivia;CD Real Tomayapo;CA Nacional Potosi;id1003903373550406;bet365;Over Under Team 1;3.5;Under;1.061;1.061;2026-09-29T18:13:09.297Z
01.10.2026;01:30;Bolivia;Copa Bolivia;CD Real Tomayapo;CA Nacional Potosi;id1003903373550406;bet365;Over Under Team 1;4.5;Over;21.0;21.0;2026-09-29T18:13:09.297Z
01.10.2026;01:30;Bolivia;Copa Bolivia;CD Real Tomayapo;CA Nacional Potosi;id1003903373550406;bet365;Over Under Team 1;4.5;Under;1.012;1.012;2026-09-29T18:13:09.297Z
01.10.2026;01:30;Bolivia;Copa Bolivia;CD Real Tomayapo;CA Nacional Potosi;id1003903373550406;bet365;Over Under Team 2;0.5;Over;1.3;1.3;2026-09-29T18:13:09.297Z
01.10.2026;01:30;Bolivia;Copa Bolivia;CD Real Tomayapo;CA Nacional Potosi;id1003903373550406;bet365;Over Under Team 2;0.5;Under;3.25;3.25;2026-09-29T18:13:09.297Z
01.10.2026;01:30;Bolivia;Copa Bolivia;CD Real Tomayapo;CA Nacional Potosi;id1003903373550406;bet365;Over Under Team 2;1.5;Over;2.5;2.5;2026-09-29T18:13:09.297Z
01.10.2026;01:30;Bolivia;Copa Bolivia;CD Real Tomayapo;CA Nacional Potosi;id1003903373550406;bet365;Over Under Team 2;1.5;Under;1.47;1.47;2026-09-29T18:13:09.297Z
01.10.2026;01:30;Bolivia;Copa Bolivia;CD Real Tomayapo;CA Nacional Potosi;id1003903373550406;bet365;Over Under Team 2;2.5;Over;6.5;6.5;2026-09-29T18:13:09.297Z
01.10.2026;01:30;Bolivia;Copa Bolivia;CD Real Tomayapo;CA Nacional Potosi;id1003903373550406;bet365;Over Under Team 2;2.5;Under;1.091;1.091;2026-09-29T18:13:09.297Z
01.10.2026;01:30;Bolivia;Copa Bolivia;CD Real Tomayapo;CA Nacional Potosi;id1003903373550406;bet365;Over Under Team 2;3.5;Over;17.0;17.0;2026-09-29T18:13:09.297Z
01.10.2026;01:30;Bolivia;Copa Bolivia;CD Real Tomayapo;CA Nacional Potosi;id1003903373550406;bet365;Over Under Team 2;3.5;Under;1.02;1.02;2026-09-29T18:13:09.297Z
01.10.2026;01:30;Bolivia;Copa Bolivia;CD Real Tomayapo;CA Nacional Potosi;id1003903373550406;bet365;Over Under Team 2;4.5;Over;51.0;51.0;2026-09-29T18:13:09.297Z
01.10.2026;01:30;Bolivia;Copa Bolivia;CD Real Tomayapo;CA Nacional Potosi;id1003903373550406;bet365;Over Under First Half;0.5;Over;1.27;1.27;2026-09-29T18:13:09.297Z
01.10.2026;01:30;Bolivia;Copa Bolivia;CD Real Tomayapo;CA Nacional Potosi;id1003903373550406;bet365;Over Under First Half;0.5;Under;3.4;3.4;2026-09-29T18:13:09.297Z
01.10.2026;01:30;Bolivia;Copa Bolivia;CD Real Tomayapo;CA Nacional Potosi;id1003903373550406;bet365;Over Under First Half;1.5;Over;2.5;2.5;2026-09-29T18:13:09.297Z
01.10.2026;01:30;Bolivia;Copa Bolivia;CD Real Tomayapo;CA Nacional Potosi;id1003903373550406;bet365;Over Under First Half;1.5;Under;1.47;1.47;2026-09-29T18:13:09.297Z
01.10.2026;01:30;Bolivia;Copa Bolivia;CD Real Tomayapo;CA Nacional Potosi;id1003903373550406;bet365;Over Under First Half;2.5;Over;6.0;6.0;2026-09-29T18:13:09.297Z
01.10.2026;01:30;Bolivia;Copa Bolivia;CD Real Tomayapo;CA Nacional Potosi;id1003903373550406;bet365;Over Under First Half;2.5;Under;1.1;1.1;2026-09-29T18:13:09.297Z
01.10.2026;01:30;Bolivia;Copa Bolivia;CD Real Tomayapo;CA Nacional Potosi;id1003903373550406;bet365;Over Under First Half;3.5;Over;17.0;17.0;2026-09-29T18:13:09.297Z
01.10.2026;01:30;Bolivia;Copa Bolivia;CD Real Tomayapo;CA Nacional Potosi;id1003903373550406;bet365;Over Under First Half;3.5;Under;1.02;1.02;2026-09-29T18:13:09.297Z
01.10.2026;01:30;Bolivia;Copa Bolivia;CD Real Tomayapo;CA Nacional Potosi;id1003903373550406;bet365;Over Under First Half;4.5;Over;41.0;41.0;2026-09-29T18:13:09.297Z
01.10.2026;01:30;Bolivia;Copa Bolivia;CD Real Tomayapo;CA Nacional Potosi;id1003903373550406;bet365;Over Under Second Half;0.5;Over;1.15;1.15;2026-09-29T18:13:09.297Z
01.10.2026;01:30;Bolivia;Copa Bolivia;CD Real Tomayapo;CA Nacional Potosi;id1003903373550406;bet365;Over Under Second Half;0.5;Under;4.5;4.5;2026-09-29T18:13:09.297Z
01.10.2026;01:30;Bolivia;Copa Bolivia;CD Real Tomayapo;CA Nacional Potosi;id1003903373550406;bet365;Over Under Second Half;1.5;Over;1.8;1.8;2026-09-29T18:13:09.297Z
01.10.2026;01:30;Bolivia;Copa Bolivia;CD Real Tomayapo;CA Nacional Potosi;id1003903373550406;bet365;Over Under Second Half;1.5;Under;1.8;1.8;2026-09-29T18:13:09.297Z
01.10.2026;01:30;Bolivia;Copa Bolivia;CD Real Tomayapo;CA Nacional Potosi;id1003903373550406;bet365;Over Under Second Half;2.5;Over;3.75;3.75;2026-09-29T18:13:09.297Z
01.10.2026;01:30;Bolivia;Copa Bolivia;CD Real Tomayapo;CA Nacional Potosi;id1003903373550406;bet365;Over Under Second Half;2.5;Under;1.22;1.22;2026-09-29T18:13:09.297Z
01.10.2026;01:30;Bolivia;Copa Bolivia;CD Real Tomayapo;CA Nacional Potosi;id1003903373550406;bet365;Over Under Second Half;3.5;Over;10.0;10.0;2026-09-29T18:13:09.297Z
01.10.2026;01:30;Bolivia;Copa Bolivia;CD Real Tomayapo;CA Nacional Potosi;id1003903373550406;bet365;Over Under Second Half;3.5;Under;1.052;1.052;2026-09-29T18:13:09.297Z
01.10.2026;01:30;Bolivia;Copa Bolivia;CD Real Tomayapo;CA Nacional Potosi;id1003903373550406;bet365;Over Under Second Half;4.5;Over;23.0;23.0;2026-09-29T18:13:09.297Z
01.10.2026;01:30;Bolivia;Copa Bolivia;CD Real Tomayapo;CA Nacional Potosi;id1003903373550406;bet365;Over Under Second Half;4.5;Under;1.01;1.01;2026-09-29T18:13:09.297Z
01.10.2026;01:30;Bolivia;Copa Bolivia;CD Real Tomayapo;CA Nacional Potosi;id1003903373550406;bet365;Both Teams To Score;0.0;Yes;1.58;1.58;2026-09-29T18:13:09.297Z
01.10.2026;01:30;Bolivia;Copa Bolivia;CD Real Tomayapo;CA Nacional Potosi;id1003903373550406;bet365;Both Teams To Score;0.0;No;2.2;2.2;2026-09-29T18:13:09.297Z
01.10.2026;01:30;Bolivia;Copa Bolivia;CD Real Tomayapo;CA Nacional Potosi;id1003903373550406;bet365;Over Under Full Time;0.5;Over;1.025;1.025;2026-09-29T18:13:09.297Z
01.10.2026;01:30;Bolivia;Copa Bolivia;CD Real Tomayapo;CA Nacional Potosi;id1003903373550406;bet365;Over Under Full Time;0.5;Under;15.0;15.0;2026-09-29T18:13:09.297Z
01.10.2026;01:30;Bolivia;Copa Bolivia;CD Real Tomayapo;CA Nacional Potosi;id1003903373550406;bet365;Over Under Full Time;1.5;Over;1.17;1.17;2026-09-29T18:13:09.297Z
01.10.2026;01:30;Bolivia;Copa Bolivia;CD Real Tomayapo;CA Nacional Potosi;id1003903373550406;bet365;Over Under Full Time;1.5;Under;4.33;4.33;2026-09-29T18:13:09.297Z
01.10.2026;01:30;Paraguay;Copa Paraguay;Cerro Porteno;Rubio Nu;id1002900374598542;bet365;Full Time Result;0.0;1;1.97;1.97;2026-09-29T18:14:54.398Z
01.10.2026;01:30;Paraguay;Copa Paraguay;Cerro Porteno;Rubio Nu;id1002900374598542;bet365;Full Time Result;0.0;X;3.4;3.4;2026-09-29T18:14:54.398Z
01.10.2026;01:30;Paraguay;Copa Paraguay;Cerro Porteno;Rubio Nu;id1002900374598542;bet365;Full Time Result;0.0;2;3.1;3.1;2026-09-29T18:14:54.398Z
01.10.2026;01:30;Paraguay;Copa Paraguay;Cerro Porteno;Rubio Nu;id1002900374598542;bet365;Over Under Full Time;2.5;Over;1.97;1.97;2026-09-29T18:29:37.210Z
01.10.2026;01:30;Paraguay;Copa Paraguay;Cerro Porteno;Rubio Nu;id1002900374598542;bet365;Over Under Full Time;2.5;Under;1.77;1.77;2026-09-29T18:29:37.210Z
01.10.2026;01:30;Paraguay;Copa Paraguay;Cerro Porteno;Rubio Nu;id1002900374598542;bet365;Double Chance Full Time;0.0;1X;1.25;1.25;2026-09-29T18:14:54.398Z
01.10.2026;01:30;Paraguay;Copa Paraguay;Cerro Porteno;Rubio Nu;id1002900374598542;bet365;Double Chance Full Time;0.0;12;1.22;1.22;2026-09-29T18:14:54.398Z
01.10.2026;01:30;Paraguay;Copa Paraguay;Cerro Porteno;Rubio Nu;id1002900374598542;bet365;Double Chance Full Time;0.0;2X;1.63;1.63;2026-09-29T18:14:54.398Z
01.10.2026;01:30;Paraguay;Copa Paraguay;Cerro Porteno;Rubio Nu;id1002900374598542;bet365;First Half Result;0.0;1;2.62;2.62;2026-09-29T18:14:54.398Z
01.10.2026;01:30;Paraguay;Copa Paraguay;Cerro Porteno;Rubio Nu;id1002900374598542;bet365;First Half Result;0.0;X;2.1;2.1;2026-09-29T18:14:54.398Z
01.10.2026;01:30;Paraguay;Copa Paraguay;Cerro Porteno;Rubio Nu;id1002900374598542;bet365;First Half Result;0.0;2;3.75;3.75;2026-09-29T18:14:54.398Z
01.10.2026;01:30;Brazil;Gaucho, Serie B;Ser Cruz Alta RS;SC Rio Grande RS;id1004108573737000;bet365;Full Time Result;0.0;1;1.5;1.5;2026-09-29T18:20:18.880Z
01.10.2026;01:30;Brazil;Gaucho, Serie B;Ser Cruz Alta RS;SC Rio Grande RS;id1004108573737000;bet365;Full Time Result;0.0;X;4.0;4.0;2026-09-29T18:20:18.880Z
01.10.2026;01:30;Brazil;Gaucho, Serie B;Ser Cruz Alta RS;SC Rio Grande RS;id1004108573737000;bet365;Full Time Result;0.0;2;4.75;4.75;2026-09-29T18:20:18.880Z
01.10.2026;01:30;Brazil;Gaucho, Serie B;Ser Cruz Alta RS;SC Rio Grande RS;id1004108573737000;bet365;Over Under Full Time;2.5;Over;1.77;1.77;2026-09-29T18:20:18.880Z
01.10.2026;01:30;Brazil;Gaucho, Serie B;Ser Cruz Alta RS;SC Rio Grande RS;id1004108573737000;bet365;Over Under Full Time;2.5;Under;1.97;1.97;2026-09-29T18:20:18.880Z
01.10.2026;01:30;Brazil;Gaucho, Serie B;Ser Cruz Alta RS;SC Rio Grande RS;id1004108573737000;bet365;Double Chance Full Time;0.0;1X;1.1;1.1;2026-09-29T18:20:18.880Z
01.10.2026;01:30;Brazil;Gaucho, Serie B;Ser Cruz Alta RS;SC Rio Grande RS;id1004108573737000;bet365;Double Chance Full Time;0.0;12;1.13;1.13;2026-09-29T18:20:18.880Z
01.10.2026;01:30;Brazil;Gaucho, Serie B;Ser Cruz Alta RS;SC Rio Grande RS;id1004108573737000;bet365;Double Chance Full Time;0.0;2X;2.25;2.25;2026-09-29T18:20:18.880Z
01.10.2026;01:30;Brazil;Gaucho, Serie B;Ser Cruz Alta RS;SC Rio Grande RS;id1004108573737000;bet365;First Half Result;0.0;1;2.02;2.02;2026-09-29T18:20:18.880Z
01.10.2026;01:30;Brazil;Gaucho, Serie B;Ser Cruz Alta RS;SC Rio Grande RS;id1004108573737000;bet365;First Half Result;0.0;X;2.3;2.3;2026-09-29T18:20:18.880Z
01.10.2026;01:30;Brazil;Gaucho, Serie B;Ser Cruz Alta RS;SC Rio Grande RS;id1004108573737000;bet365;First Half Result;0.0;2;5.5;5.5;2026-09-29T18:20:18.880Z
01.10.2026;02:00;Canada;Canadian Premier League;Atletico Ottawa;Cavalry FC;id1002843268686132;bet365;Full Time Result;0.0;1;4.1;4.1;2026-09-29T17:21:57.220Z
01.10.2026;02:00;Canada;Canadian Premier League;Atletico Ottawa;Cavalry FC;id1002843268686132;bet365;Full Time Result;0.0;X;3.7;3.7;2026-09-29T17:21:57.220Z
01.10.2026;02:00;Canada;Canadian Premier League;Atletico Ottawa;Cavalry FC;id1002843268686132;bet365;Full Time Result;0.0;2;1.63;1.69;2026-09-29T17:21:57.220Z
01.10.2026;02:00;Canada;Canadian Premier League;Atletico Ottawa;Cavalry FC;id1002843268686132;bet365;Over Under Full Time;2.5;Over;1.62;1.63;2026-09-29T18:40:38.292Z
01.10.2026;02:00;Canada;Canadian Premier League;Atletico Ottawa;Cavalry FC;id1002843268686132;bet365;Over Under Full Time;2.5;Under;2.2;2.15;2026-09-29T18:40:38.292Z
01.10.2026;02:00;Canada;Canadian Premier League;Atletico Ottawa;Cavalry FC;id1002843268686132;bet365;Over Under Full Time;3.5;Over;2.5;2.62;2026-09-29T18:40:38.292Z
01.10.2026;02:00;Canada;Canadian Premier League;Atletico Ottawa;Cavalry FC;id1002843268686132;bet365;Over Under Full Time;3.5;Under;1.47;1.41;2026-09-29T18:40:38.292Z
01.10.2026;02:00;Canada;Canadian Premier League;Atletico Ottawa;Cavalry FC;id1002843268686132;bet365;Over Under Full Time;4.5;Over;4.5;4.5;2026-09-29T18:40:38.292Z
01.10.2026;02:00;Canada;Canadian Premier League;Atletico Ottawa;Cavalry FC;id1002843268686132;bet365;Over Under Full Time;4.5;Under;1.13;1.13;2026-09-29T18:40:38.292Z
01.10.2026;02:00;Canada;Canadian Premier League;Atletico Ottawa;Cavalry FC;id1002843268686132;bet365;Double Chance Full Time;0.0;1X;1.97;1.97;2026-09-29T17:21:57.220Z
01.10.2026;02:00;Canada;Canadian Premier League;Atletico Ottawa;Cavalry FC;id1002843268686132;bet365;Double Chance Full Time;0.0;12;1.19;1.25;2026-09-29T17:21:57.220Z
01.10.2026;02:00;Canada;Canadian Premier League;Atletico Ottawa;Cavalry FC;id1002843268686132;bet365;Double Chance Full Time;0.0;2X;1.13;1.19;2026-09-29T17:21:57.220Z
01.10.2026;02:00;Canada;Canadian Premier League;Atletico Ottawa;Cavalry FC;id1002843268686132;bet365;First Half Result;0.0;1;4.33;4.33;2026-09-29T17:21:57.220Z
01.10.2026;02:00;Canada;Canadian Premier League;Atletico Ottawa;Cavalry FC;id1002843268686132;bet365;First Half Result;0.0;X;2.37;2.3;2026-09-29T17:21:57.220Z
01.10.2026;02:00;Canada;Canadian Premier League;Atletico Ottawa;Cavalry FC;id1002843268686132;bet365;First Half Result;0.0;2;2.2;2.25;2026-09-29T17:21:57.220Z
01.10.2026;02:00;Canada;Canadian Premier League;Atletico Ottawa;Cavalry FC;id1002843268686132;bet365;Second Half Result;0.0;1;4.0;4.0;2026-09-29T17:21:57.220Z
01.10.2026;02:00;Canada;Canadian Premier League;Atletico Ottawa;Cavalry FC;id1002843268686132;bet365;Second Half Result;0.0;X;2.75;2.62;2026-09-29T17:21:57.220Z
01.10.2026;02:00;Canada;Canadian Premier League;Atletico Ottawa;Cavalry FC;id1002843268686132;bet365;Second Half Result;0.0;2;1.97;2.02;2026-09-29T17:21:57.220Z
01.10.2026;02:00;Canada;Canadian Premier League;Atletico Ottawa;Cavalry FC;id1002843268686132;bet365;Over Under Team 1 First Half;0.5;Over;2.37;2.37;2026-09-29T17:21:57.220Z
01.10.2026;02:00;Canada;Canadian Premier League;Atletico Ottawa;Cavalry FC;id1002843268686132;bet365;Over Under Team 1 First Half;0.5;Under;1.5;1.5;2026-09-29T17:21:57.220Z
01.10.2026;02:00;Canada;Canadian Premier League;Atletico Ottawa;Cavalry FC;id1002843268686132;bet365;Over Under Team 1 First Half;1.5;Over;10.0;10.0;2026-09-29T17:21:57.220Z
01.10.2026;02:00;Canada;Canadian Premier League;Atletico Ottawa;Cavalry FC;id1002843268686132;bet365;Over Under Team 1 First Half;1.5;Under;1.052;1.052;2026-09-29T17:21:57.220Z
01.10.2026;02:00;Canada;Canadian Premier League;Atletico Ottawa;Cavalry FC;id1002843268686132;bet365;Over Under Team 1 First Half;2.5;Over;34.0;34.0;2026-09-29T17:21:57.220Z
01.10.2026;02:00;Canada;Canadian Premier League;Atletico Ottawa;Cavalry FC;id1002843268686132;bet365;Over Under Team 2 First Half;0.5;Over;1.63;1.63;2026-09-29T17:21:57.220Z
01.10.2026;02:00;Canada;Canadian Premier League;Atletico Ottawa;Cavalry FC;id1002843268686132;bet365;Over Under Team 2 First Half;0.5;Under;2.1;2.1;2026-09-29T17:21:57.220Z
01.10.2026;02:00;Canada;Canadian Premier League;Atletico Ottawa;Cavalry FC;id1002843268686132;bet365;Over Under Team 2 First Half;1.5;Over;4.33;4.5;2026-09-29T17:21:57.220Z
01.10.2026;02:00;Canada;Canadian Premier League;Atletico Ottawa;Cavalry FC;id1002843268686132;bet365;Over Under Team 2 First Half;1.5;Under;1.17;1.15;2026-09-29T17:21:57.220Z
01.10.2026;02:00;Canada;Canadian Premier League;Atletico Ottawa;Cavalry FC;id1002843268686132;bet365;Over Under Team 2 First Half;2.5;Over;13.0;15.0;2026-09-29T17:21:57.220Z
01.10.2026;02:00;Canada;Canadian Premier League;Atletico Ottawa;Cavalry FC;id1002843268686132;bet365;Over Under Team 2 First Half;2.5;Under;1.03;1.025;2026-09-29T17:21:57.220Z
01.10.2026;02:00;Canada;Canadian Premier League;Atletico Ottawa;Cavalry FC;id1002843268686132;bet365;Over Under Team 2 First Half;3.5;Over;29.0;34.0;2026-09-29T17:21:57.220Z
01.10.2026;02:00;Canada;Canadian Premier League;Atletico Ottawa;Cavalry FC;id1002843268686132;bet365;Over Under Team 1 Second Half;0.5;Over;1.97;1.97;2026-09-29T17:21:57.220Z
01.10.2026;02:00;Canada;Canadian Premier League;Atletico Ottawa;Cavalry FC;id1002843268686132;bet365;Over Under Team 1 Second Half;0.5;Under;1.69;1.69;2026-09-29T17:21:57.220Z
01.10.2026;02:00;Canada;Canadian Premier League;Atletico Ottawa;Cavalry FC;id1002843268686132;bet365;Over Under Team 1 Second Half;1.5;Over;6.5;6.5;2026-09-29T17:21:57.220Z
01.10.2026;02:00;Canada;Canadian Premier League;Atletico Ottawa;Cavalry FC;id1002843268686132;bet365;Over Under Team 1 Second Half;1.5;Under;1.08;1.08;2026-09-29T17:21:57.220Z
01.10.2026;02:00;Canada;Canadian Premier League;Atletico Ottawa;Cavalry FC;id1002843268686132;bet365;Over Under Team 1 Second Half;2.5;Over;23.0;23.0;2026-09-29T17:21:57.220Z
01.10.2026;02:00;Canada;Canadian Premier League;Atletico Ottawa;Cavalry FC;id1002843268686132;bet365;Over Under Team 1 Second Half;2.5;Under;1.012;1.016;2026-09-29T17:21:57.220Z
01.10.2026;02:00;Canada;Canadian Premier League;Atletico Ottawa;Cavalry FC;id1002843268686132;bet365;Over Under Team 1;0.5;Over;1.41;1.41;2026-09-29T17:21:57.220Z
01.10.2026;02:00;Canada;Canadian Premier League;Atletico Ottawa;Cavalry FC;id1002843268686132;bet365;Over Under Team 1;0.5;Under;2.62;2.62;2026-09-29T17:21:57.220Z
01.10.2026;02:00;Canada;Canadian Premier League;Atletico Ottawa;Cavalry FC;id1002843268686132;bet365;Over Under Team 1 Second Half;3.5;Over;41.0;41.0;2026-09-29T17:21:57.220Z
01.10.2026;02:00;Canada;Canadian Premier League;Atletico Ottawa;Cavalry FC;id1002843268686132;bet365;Over Under Team 2 Second Half;0.5;Over;1.41;1.47;2026-09-29T17:21:57.220Z
01.10.2026;02:00;Canada;Canadian Premier League;Atletico Ottawa;Cavalry FC;id1002843268686132;bet365;Over Under Team 2 Second Half;0.5;Under;2.62;2.5;2026-09-29T17:21:57.220Z
01.10.2026;02:00;Canada;Canadian Premier League;Atletico Ottawa;Cavalry FC;id1002843268686132;bet365;Over Under Team 2 Second Half;1.5;Over;3.2;3.4;2026-09-29T17:21:57.220Z
01.10.2026;02:00;Canada;Canadian Premier League;Atletico Ottawa;Cavalry FC;id1002843268686132;bet365;Over Under Team 2 Second Half;1.5;Under;1.3;1.27;2026-09-29T17:21:57.220Z
01.10.2026;02:00;Canada;Canadian Premier League;Atletico Ottawa;Cavalry FC;id1002843268686132;bet365;Over Under Team 2 Second Half;2.5;Over;9.0;9.5;2026-09-29T17:21:57.220Z
01.10.2026;02:00;Canada;Canadian Premier League;Atletico Ottawa;Cavalry FC;id1002843268686132;bet365;Over Under Team 2 Second Half;2.5;Under;1.052;1.045;2026-09-29T17:21:57.220Z
01.10.2026;02:00;Canada;Canadian Premier League;Atletico Ottawa;Cavalry FC;id1002843268686132;bet365;Over Under Team 2 Second Half;3.5;Over;21.0;23.0;2026-09-29T17:21:57.220Z
01.10.2026;02:00;Canada;Canadian Premier League;Atletico Ottawa;Cavalry FC;id1002843268686132;bet365;Over Under Team 2 Second Half;3.5;Under;1.012;1.012;2026-09-29T17:21:57.220Z
01.10.2026;02:00;Canada;Canadian Premier League;Atletico Ottawa;Cavalry FC;id1002843268686132;bet365;Over Under Team 2 Second Half;4.5;Over;41.0;41.0;2026-09-29T17:21:57.220Z
01.10.2026;02:00;Canada;Canadian Premier League;Atletico Ottawa;Cavalry FC;id1002843268686132;bet365;Over Under Team 1;1.5;Over;3.0;3.0;2026-09-29T17:21:57.220Z
01.10.2026;02:00;Canada;Canadian Premier League;Atletico Ottawa;Cavalry FC;id1002843268686132;bet365;Over Under Team 1;1.5;Under;1.33;1.33;2026-09-29T17:21:57.220Z
01.10.2026;02:00;Canada;Canadian Premier League;Atletico Ottawa;Cavalry FC;id1002843268686132;bet365;Over Under Team 1;2.5;Over;7.0;7.0;2026-09-29T17:21:57.220Z
01.10.2026;02:00;Canada;Canadian Premier League;Atletico Ottawa;Cavalry FC;id1002843268686132;bet365;Over Under Team 1;2.5;Under;1.068;1.068;2026-09-29T17:21:57.220Z
01.10.2026;02:00;Canada;Canadian Premier League;Atletico Ottawa;Cavalry FC;id1002843268686132;bet365;Over Under Team 1;3.5;Over;13.0;13.0;2026-09-29T17:21:57.220Z
01.10.2026;02:00;Canada;Canadian Premier League;Atletico Ottawa;Cavalry FC;id1002843268686132;bet365;Over Under Team 1;3.5;Under;1.01;1.01;2026-09-29T17:21:57.220Z
01.10.2026;02:00;Canada;Canadian Premier League;Atletico Ottawa;Cavalry FC;id1002843268686132;bet365;Over Under Team 1;4.5;Over;23.0;23.0;2026-09-29T17:21:57.220Z
01.10.2026;02:00;Canada;Canadian Premier League;Atletico Ottawa;Cavalry FC;id1002843268686132;bet365;Over Under Team 2;0.5;Over;1.1;1.11;2026-09-29T17:21:57.220Z
01.10.2026;02:00;Canada;Canadian Premier League;Atletico Ottawa;Cavalry FC;id1002843268686132;bet365;Over Under Team 2;0.5;Under;5.5;5.0;2026-09-29T17:21:57.220Z
01.10.2026;02:00;Canada;Canadian Premier League;Atletico Ottawa;Cavalry FC;id1002843268686132;bet365;Over Under Team 2;1.5;Over;1.63;1.69;2026-09-29T17:21:57.220Z
01.10.2026;02:00;Canada;Canadian Premier League;Atletico Ottawa;Cavalry FC;id1002843268686132;bet365;Over Under Team 2;1.5;Under;2.1;1.97;2026-09-29T17:21:57.220Z
01.10.2026;02:00;Canada;Canadian Premier League;Atletico Ottawa;Cavalry FC;id1002843268686132;bet365;Over Under Team 2;2.5;Over;3.0;3.25;2026-09-29T17:21:57.220Z
01.10.2026;02:00;Canada;Canadian Premier League;Atletico Ottawa;Cavalry FC;id1002843268686132;bet365;Over Under Team 2;2.5;Under;1.33;1.3;2026-09-29T17:21:57.220Z
01.10.2026;02:00;Canada;Canadian Premier League;Atletico Ottawa;Cavalry FC;id1002843268686132;bet365;Over Under Team 2;3.5;Over;6.0;6.5;2026-09-29T17:21:57.220Z
01.10.2026;02:00;Canada;Canadian Premier League;Atletico Ottawa;Cavalry FC;id1002843268686132;bet365;Over Under Team 2;3.5;Under;1.091;1.08;2026-09-29T17:21:57.220Z
01.10.2026;02:00;Canada;Canadian Premier League;Atletico Ottawa;Cavalry FC;id1002843268686132;bet365;Over Under Team 2;4.5;Over;10.0;10.5;2026-09-29T17:21:57.220Z
01.10.2026;02:00;Canada;Canadian Premier League;Atletico Ottawa;Cavalry FC;id1002843268686132;bet365;Over Under Team 2;4.5;Under;1.025;1.02;2026-09-29T17:21:57.220Z
01.10.2026;02:00;Canada;Canadian Premier League;Atletico Ottawa;Cavalry FC;id1002843268686132;bet365;Over Under First Half;0.5;Over;1.27;1.27;2026-09-29T17:21:57.220Z
01.10.2026;02:00;Canada;Canadian Premier League;Atletico Ottawa;Cavalry FC;id1002843268686132;bet365;Over Under First Half;0.5;Under;3.4;3.4;2026-09-29T17:21:57.220Z
01.10.2026;02:00;Canada;Canadian Premier League;Atletico Ottawa;Cavalry FC;id1002843268686132;bet365;Over Under First Half;1.5;Over;2.37;2.5;2026-09-29T17:21:57.220Z
01.10.2026;02:00;Canada;Canadian Premier League;Atletico Ottawa;Cavalry FC;id1002843268686132;bet365;Over Under First Half;1.5;Under;1.5;1.47;2026-09-29T17:21:57.220Z
01.10.2026;02:00;Canada;Canadian Premier League;Atletico Ottawa;Cavalry FC;id1002843268686132;bet365;Over Under First Half;2.5;Over;5.0;5.5;2026-09-29T17:21:57.220Z
01.10.2026;02:00;Canada;Canadian Premier League;Atletico Ottawa;Cavalry FC;id1002843268686132;bet365;Over Under First Half;2.5;Under;1.11;1.1;2026-09-29T17:21:57.220Z
01.10.2026;02:00;Canada;Canadian Premier League;Atletico Ottawa;Cavalry FC;id1002843268686132;bet365;Over Under First Half;3.5;Over;10.0;10.5;2026-09-29T17:21:57.220Z
01.10.2026;02:00;Canada;Canadian Premier League;Atletico Ottawa;Cavalry FC;id1002843268686132;bet365;Over Under First Half;3.5;Under;1.025;1.02;2026-09-29T17:21:57.220Z
01.10.2026;02:00;Canada;Canadian Premier League;Atletico Ottawa;Cavalry FC;id1002843268686132;bet365;Over Under First Half;4.5;Over;17.0;17.0;2026-09-29T17:21:57.220Z
01.10.2026;02:00;Canada;Canadian Premier League;Atletico Ottawa;Cavalry FC;id1002843268686132;bet365;Over Under Second Half;0.5;Over;1.15;1.15;2026-09-29T17:21:57.220Z
01.10.2026;02:00;Canada;Canadian Premier League;Atletico Ottawa;Cavalry FC;id1002843268686132;bet365;Over Under Second Half;0.5;Under;4.5;4.5;2026-09-29T17:21:57.220Z
01.10.2026;02:00;Canada;Canadian Premier League;Atletico Ottawa;Cavalry FC;id1002843268686132;bet365;Over Under Second Half;1.5;Over;1.8;1.8;2026-09-29T17:21:57.220Z
01.10.2026;02:00;Canada;Canadian Premier League;Atletico Ottawa;Cavalry FC;id1002843268686132;bet365;Over Under Second Half;1.5;Under;1.8;1.8;2026-09-29T17:21:57.220Z
01.10.2026;02:00;Canada;Canadian Premier League;Atletico Ottawa;Cavalry FC;id1002843268686132;bet365;Over Under Second Half;2.5;Over;3.75;3.75;2026-09-29T17:21:57.220Z
01.10.2026;02:00;Canada;Canadian Premier League;Atletico Ottawa;Cavalry FC;id1002843268686132;bet365;Over Under Second Half;2.5;Under;1.22;1.22;2026-09-29T17:21:57.220Z
01.10.2026;02:00;Canada;Canadian Premier League;Atletico Ottawa;Cavalry FC;id1002843268686132;bet365;Over Under Second Half;3.5;Over;9.0;10.0;2026-09-29T17:21:57.220Z
01.10.2026;02:00;Canada;Canadian Premier League;Atletico Ottawa;Cavalry FC;id1002843268686132;bet365;Over Under Second Half;3.5;Under;1.061;1.052;2026-09-29T17:21:57.220Z
01.10.2026;02:00;Canada;Canadian Premier League;Atletico Ottawa;Cavalry FC;id1002843268686132;bet365;Over Under Second Half;4.5;Over;21.0;23.0;2026-09-29T17:21:57.220Z
01.10.2026;02:00;Canada;Canadian Premier League;Atletico Ottawa;Cavalry FC;id1002843268686132;bet365;Over Under Second Half;4.5;Under;1.012;1.01;2026-09-29T17:21:57.220Z
01.10.2026;02:00;Canada;Canadian Premier League;Atletico Ottawa;Cavalry FC;id1002843268686132;bet365;Both Teams To Score;0.0;Yes;1.63;1.63;2026-09-29T17:21:57.220Z
01.10.2026;02:00;Canada;Canadian Premier League;Atletico Ottawa;Cavalry FC;id1002843268686132;bet365;Both Teams To Score;0.0;No;2.1;2.1;2026-09-29T17:21:57.220Z
01.10.2026;02:00;Canada;Canadian Premier League;Atletico Ottawa;Cavalry FC;id1002843268686132;bet365;Over Under Full Time;0.5;Over;1.008;1.01;2026-09-29T18:40:38.292Z
01.10.2026;02:00;Canada;Canadian Premier League;Atletico Ottawa;Cavalry FC;id1002843268686132;bet365;Over Under Full Time;0.5;Under;15.0;13.0;2026-09-29T18:40:38.292Z
01.10.2026;02:00;Canada;Canadian Premier League;Atletico Ottawa;Cavalry FC;id1002843268686132;bet365;Over Under Full Time;1.5;Over;1.17;1.17;2026-09-29T18:40:38.292Z
01.10.2026;02:00;Canada;Canadian Premier League;Atletico Ottawa;Cavalry FC;id1002843268686132;bet365;Over Under Full Time;1.5;Under;4.33;4.33;2026-09-29T18:40:38.292Z
01.10.2026;02:00;Canada;Canadian Premier League;Atletico Ottawa;Cavalry FC;id1002843268686132;pinnacle;Full Time Result;0.0;1;4.04;4.0;2026-09-29T10:01:09.553Z
01.10.2026;02:00;Canada;Canadian Premier League;Atletico Ottawa;Cavalry FC;id1002843268686132;pinnacle;Full Time Result;0.0;X;3.59;3.62;2026-09-29T10:01:09.553Z
01.10.2026;02:00;Canada;Canadian Premier League;Atletico Ottawa;Cavalry FC;id1002843268686132;pinnacle;Full Time Result;0.0;2;1.704;1.763;2026-09-29T10:01:09.553Z
01.10.2026;02:00;Canada;Canadian Premier League;Atletico Ottawa;Cavalry FC;id1002843268686132;pinnacle;Over Under Full Time;2.5;Over;1.699;1.684;2026-09-29T10:01:09.553Z
01.10.2026;02:00;Canada;Canadian Premier League;Atletico Ottawa;Cavalry FC;id1002843268686132;pinnacle;Over Under Full Time;2.5;Under;2.04;2.12;2026-09-29T10:01:09.553Z
01.10.2026;02:00;Canada;Canadian Premier League;Atletico Ottawa;Cavalry FC;id1002843268686132;pinnacle;Over Under Full Time;3.5;Over;2.7;2.67;2026-09-29T10:01:09.553Z
01.10.2026;02:00;Canada;Canadian Premier League;Atletico Ottawa;Cavalry FC;id1002843268686132;pinnacle;Over Under Full Time;3.5;Under;1.395;1.429;2026-09-29T10:01:09.553Z
01.10.2026;02:00;Canada;Canadian Premier League;Atletico Ottawa;Cavalry FC;id1002843268686132;pinnacle;Double Chance Full Time;0.0;12;1.255;1.265;2026-09-29T10:01:07.860Z
01.10.2026;02:00;Canada;Canadian Premier League;Atletico Ottawa;Cavalry FC;id1002843268686132;pinnacle;Double Chance Full Time;0.0;2X;1.215;1.225;2026-09-29T10:01:07.860Z
01.10.2026;02:00;Canada;Canadian Premier League;Atletico Ottawa;Cavalry FC;id1002843268686132;pinnacle;Over Under Team 1 First Half;0.5;Over;2.44;2.43;2026-09-29T10:01:09.553Z
01.10.2026;02:00;Canada;Canadian Premier League;Atletico Ottawa;Cavalry FC;id1002843268686132;pinnacle;Over Under Team 1 First Half;0.5;Under;1.467;1.52;2026-09-29T10:01:09.553Z
01.10.2026;02:00;Canada;Canadian Premier League;Atletico Ottawa;Cavalry FC;id1002843268686132;pinnacle;Over Under Team 2 First Half;0.5;Over;1.649;1.662;2026-09-29T10:01:09.553Z
01.10.2026;02:00;Canada;Canadian Premier League;Atletico Ottawa;Cavalry FC;id1002843268686132;pinnacle;Over Under Team 2 First Half;0.5;Under;2.07;2.08;2026-09-29T10:01:09.553Z
01.10.2026;02:00;Canada;Canadian Premier League;Atletico Ottawa;Cavalry FC;id1002843268686132;pinnacle;Over Under Team 1;0.5;Over;1.44;1.418;2026-09-29T10:01:09.553Z
01.10.2026;02:00;Canada;Canadian Premier League;Atletico Ottawa;Cavalry FC;id1002843268686132;pinnacle;Over Under Team 1;0.5;Under;2.6;2.77;2026-09-29T10:01:09.553Z
01.10.2026;02:00;Canada;Canadian Premier League;Atletico Ottawa;Cavalry FC;id1002843268686132;pinnacle;Over Under Team 2;1.5;Over;1.699;1.709;2026-09-29T10:01:09.553Z
01.10.2026;02:00;Canada;Canadian Premier League;Atletico Ottawa;Cavalry FC;id1002843268686132;pinnacle;Over Under Team 2;1.5;Under;2.009;2.029;2026-09-29T10:01:09.553Z
01.10.2026;02:00;Canada;Canadian Premier League;Atletico Ottawa;Cavalry FC;id1002843268686132;pinnacle;Over Under First Half;0.5;Over;1.308;1.308;2026-09-28T23:11:53.206Z
01.10.2026;02:00;Canada;Canadian Premier League;Atletico Ottawa;Cavalry FC;id1002843268686132;pinnacle;Over Under First Half;0.5;Under;3.04;3.04;2026-09-28T23:11:53.206Z
01.10.2026;02:00;Canada;Canadian Premier League;Atletico Ottawa;Cavalry FC;id1002843268686132;pinnacle;Over Under First Half;1.5;Over;2.45;2.47;2026-09-29T10:01:09.553Z
01.10.2026;02:00;Canada;Canadian Premier League;Atletico Ottawa;Cavalry FC;id1002843268686132;pinnacle;Over Under First Half;1.5;Under;1.465;1.502;2026-09-29T10:01:09.553Z
01.10.2026;02:00;Canada;Canadian Premier League;Atletico Ottawa;Cavalry FC;id1002843268686132;pinnacle;Asian Handicap First Half;-0.25;1;3.55;3.51;2026-09-29T10:01:09.553Z
01.10.2026;02:00;Canada;Canadian Premier League;Atletico Ottawa;Cavalry FC;id1002843268686132;pinnacle;Asian Handicap First Half;-0.25;2;1.232;1.257;2026-09-29T10:01:09.553Z
01.10.2026;02:00;Canada;Canadian Premier League;Atletico Ottawa;Cavalry FC;id1002843268686132;pinnacle;Asian Handicap First Half;0.0;1;2.84;2.79;2026-09-29T10:01:09.553Z
01.10.2026;02:00;Canada;Canadian Premier League;Atletico Ottawa;Cavalry FC;id1002843268686132;pinnacle;Asian Handicap First Half;0.0;2;1.367;1.404;2026-09-29T10:01:09.553Z
01.10.2026;02:00;Canada;Canadian Premier League;Atletico Ottawa;Cavalry FC;id1002843268686132;pinnacle;Asian Handicap First Half;0.25;1;1.934;1.925;2026-09-29T10:01:09.553Z
01.10.2026;02:00;Canada;Canadian Premier League;Atletico Ottawa;Cavalry FC;id1002843268686132;pinnacle;Asian Handicap First Half;0.25;2;1.793;1.847;2026-09-29T10:01:09.553Z
01.10.2026;02:00;Canada;Canadian Premier League;Atletico Ottawa;Cavalry FC;id1002843268686132;pinnacle;Asian Handicap First Half;0.5;1;1.602;1.602;2026-09-29T10:01:09.553Z
01.10.2026;02:00;Canada;Canadian Premier League;Atletico Ottawa;Cavalry FC;id1002843268686132;pinnacle;Asian Handicap First Half;0.5;2;2.18;2.24;2026-09-29T10:01:09.553Z
01.10.2026;02:00;Canada;Canadian Premier League;Atletico Ottawa;Cavalry FC;id1002843268686132;pinnacle;Asian Handicap First Half;0.75;1;1.386;1.386;2026-09-29T10:01:09.553Z
01.10.2026;02:00;Canada;Canadian Premier League;Atletico Ottawa;Cavalry FC;id1002843268686132;pinnacle;Asian Handicap First Half;0.75;2;2.7;2.8;2026-09-29T10:01:09.553Z
01.10.2026;02:00;Canada;Canadian Premier League;Atletico Ottawa;Cavalry FC;id1002843268686132;pinnacle;Asian Handicap First Half;1.0;1;1.225;1.225;2026-09-28T23:11:36.668Z
01.10.2026;02:00;Canada;Canadian Premier League;Atletico Ottawa;Cavalry FC;id1002843268686132;pinnacle;Asian Handicap First Half;1.0;2;3.61;3.61;2026-09-28T23:11:36.668Z
01.10.2026;02:00;Canada;Canadian Premier League;Atletico Ottawa;Cavalry FC;id1002843268686132;pinnacle;Asian Handicap;0.0;1;3.12;3.05;2026-09-29T10:01:09.553Z
01.10.2026;02:00;Canada;Canadian Premier League;Atletico Ottawa;Cavalry FC;id1002843268686132;pinnacle;Asian Handicap;0.0;2;1.303;1.337;2026-09-29T10:01:09.553Z
01.10.2026;02:00;Canada;Canadian Premier League;Atletico Ottawa;Cavalry FC;id1002843268686132;pinnacle;Asian Handicap;0.25;1;2.39;2.35;2026-09-29T10:01:09.553Z
01.10.2026;02:00;Canada;Canadian Premier League;Atletico Ottawa;Cavalry FC;id1002843268686132;pinnacle;Asian Handicap;0.25;2;1.497;1.543;2026-09-29T10:01:09.553Z
01.10.2026;02:00;Canada;Canadian Premier League;Atletico Ottawa;Cavalry FC;id1002843268686132;pinnacle;Asian Handicap;0.5;1;2.04;2.009;2026-09-29T10:01:09.553Z
01.10.2026;02:00;Canada;Canadian Premier League;Atletico Ottawa;Cavalry FC;id1002843268686132;pinnacle;Asian Handicap;0.5;2;1.699;1.757;2026-09-29T10:01:09.553Z
01.10.2026;02:00;Canada;Canadian Premier League;Atletico Ottawa;Cavalry FC;id1002843268686132;pinnacle;Asian Handicap;0.75;1;1.833;1.806;2026-09-29T10:01:09.553Z
01.10.2026;02:00;Canada;Canadian Premier League;Atletico Ottawa;Cavalry FC;id1002843268686132;pinnacle;Asian Handicap;0.75;2;1.909;1.99;2026-09-29T10:01:09.553Z
01.10.2026;02:00;Canada;Canadian Premier League;Atletico Ottawa;Cavalry FC;id1002843268686132;pinnacle;Asian Handicap;1.0;1;1.588;1.571;2026-09-29T10:01:09.553Z
01.10.2026;02:00;Canada;Canadian Premier League;Atletico Ottawa;Cavalry FC;id1002843268686132;pinnacle;Asian Handicap;1.0;2;2.23;2.33;2026-09-29T10:01:09.553Z
01.10.2026;02:00;Canada;Canadian Premier League;Atletico Ottawa;Cavalry FC;id1002843268686132;pinnacle;Asian Handicap;1.25;1;1.452;1.442;2026-09-29T10:01:09.553Z
01.10.2026;02:00;Canada;Canadian Premier League;Atletico Ottawa;Cavalry FC;id1002843268686132;pinnacle;Asian Handicap;1.25;2;2.51;2.62;2026-09-29T10:01:09.553Z
01.10.2026;02:00;Canada;Canadian Premier League;Atletico Ottawa;Cavalry FC;id1002843268686132;pinnacle;Asian Handicap;1.5;1;1.369;1.363;2026-09-29T10:01:09.553Z
01.10.2026;02:00;Canada;Canadian Premier League;Atletico Ottawa;Cavalry FC;id1002843268686132;pinnacle;Asian Handicap;1.5;2;2.8;2.93;2026-09-29T10:01:09.553Z
01.10.2026;02:00;Canada;Canadian Premier League;Atletico Ottawa;Cavalry FC;id1002843268686132;pinnacle;Asian Handicap;1.75;1;1.326;1.326;2026-09-28T23:11:36.668Z
01.10.2026;02:00;Canada;Canadian Premier League;Atletico Ottawa;Cavalry FC;id1002843268686132;pinnacle;Asian Handicap;1.75;2;2.99;2.99;2026-09-28T23:11:36.668Z
01.10.2026;02:00;USA;USL Championship;Brooklyn FC;Detroit City FC;id1002816367172994;bet365;Full Time Result;0.0;1;3.9;3.1;2026-09-29T17:35:03.112Z
01.10.2026;02:00;USA;USL Championship;Brooklyn FC;Detroit City FC;id1002816367172994;bet365;Full Time Result;0.0;X;3.4;3.2;2026-09-29T17:35:03.112Z
01.10.2026;02:00;USA;USL Championship;Brooklyn FC;Detroit City FC;id1002816367172994;bet365;Full Time Result;0.0;2;1.72;2.02;2026-09-29T17:35:03.112Z
01.10.2026;02:00;USA;USL Championship;Brooklyn FC;Detroit City FC;id1002816367172994;bet365;Over Under Full Time;2.5;Over;1.92;1.97;2026-09-29T17:35:03.112Z
01.10.2026;02:00;USA;USL Championship;Brooklyn FC;Detroit City FC;id1002816367172994;bet365;Over Under Full Time;2.5;Under;1.82;1.77;2026-09-29T17:35:03.112Z
01.10.2026;02:00;USA;USL Championship;Brooklyn FC;Detroit City FC;id1002816367172994;bet365;Over Under Full Time;3.5;Over;3.4;3.4;2026-09-29T17:35:03.112Z
01.10.2026;02:00;USA;USL Championship;Brooklyn FC;Detroit City FC;id1002816367172994;bet365;Over Under Full Time;3.5;Under;1.27;1.27;2026-09-29T17:35:03.112Z
01.10.2026;02:00;USA;USL Championship;Brooklyn FC;Detroit City FC;id1002816367172994;bet365;Over Under Full Time;4.5;Over;6.0;6.0;2026-09-29T17:35:03.112Z
01.10.2026;02:00;USA;USL Championship;Brooklyn FC;Detroit City FC;id1002816367172994;bet365;Over Under Full Time;4.5;Under;1.091;1.091;2026-09-29T17:35:03.112Z
01.10.2026;02:00;USA;USL Championship;Brooklyn FC;Detroit City FC;id1002816367172994;bet365;Double Chance Full Time;0.0;1X;1.87;1.58;2026-09-29T17:35:03.112Z
01.10.2026;02:00;USA;USL Championship;Brooklyn FC;Detroit City FC;id1002816367172994;bet365;Double Chance Full Time;0.0;12;1.22;1.25;2026-09-29T17:35:03.112Z
01.10.2026;02:00;USA;USL Championship;Brooklyn FC;Detroit City FC;id1002816367172994;bet365;Double Chance Full Time;0.0;2X;1.15;1.25;2026-09-29T17:35:03.112Z
01.10.2026;02:00;USA;USL Championship;Brooklyn FC;Detroit City FC;id1002816367172994;bet365;First Half Result;0.0;1;4.5;3.75;2026-09-29T17:35:03.112Z
01.10.2026;02:00;USA;USL Championship;Brooklyn FC;Detroit City FC;id1002816367172994;bet365;First Half Result;0.0;X;2.2;2.1;2026-09-29T17:35:03.112Z
01.10.2026;02:00;USA;USL Championship;Brooklyn FC;Detroit City FC;id1002816367172994;bet365;First Half Result;0.0;2;2.3;2.75;2026-09-29T17:35:03.112Z
01.10.2026;02:00;USA;USL Championship;Brooklyn FC;Detroit City FC;id1002816367172994;bet365;Second Half Result;0.0;1;4.0;3.4;2026-09-29T17:35:03.112Z
01.10.2026;02:00;USA;USL Championship;Brooklyn FC;Detroit City FC;id1002816367172994;bet365;Second Half Result;0.0;X;2.5;2.4;2026-09-29T17:35:03.112Z
01.10.2026;02:00;USA;USL Championship;Brooklyn FC;Detroit City FC;id1002816367172994;bet365;Second Half Result;0.0;2;2.1;2.5;2026-09-29T17:35:03.112Z
01.10.2026;02:00;USA;USL Championship;Brooklyn FC;Detroit City FC;id1002816367172994;bet365;Over Under Team 1 First Half;0.5;Over;2.62;2.37;2026-09-29T17:35:03.112Z
01.10.2026;02:00;USA;USL Championship;Brooklyn FC;Detroit City FC;id1002816367172994;bet365;Over Under Team 1 First Half;0.5;Under;1.41;1.5;2026-09-29T17:35:03.112Z
01.10.2026;02:00;USA;USL Championship;Brooklyn FC;Detroit City FC;id1002816367172994;bet365;Over Under Team 1 First Half;1.5;Over;13.0;10.0;2026-09-29T17:35:03.112Z
01.10.2026;02:00;USA;USL Championship;Brooklyn FC;Detroit City FC;id1002816367172994;bet365;Over Under Team 1 First Half;1.5;Under;1.037;1.052;2026-09-29T17:35:03.112Z
01.10.2026;02:00;USA;USL Championship;Brooklyn FC;Detroit City FC;id1002816367172994;bet365;Over Under Team 1 First Half;2.5;Over;41.0;34.0;2026-09-29T17:35:03.112Z
01.10.2026;02:00;USA;USL Championship;Brooklyn FC;Detroit City FC;id1002816367172994;bet365;Over Under Team 1 First Half;2.5;Under;1.008;1.008;2026-09-29T17:35:03.112Z
01.10.2026;02:00;USA;USL Championship;Brooklyn FC;Detroit City FC;id1002816367172994;bet365;Over Under Team 1 First Half;3.5;Over;67.0;67.0;2026-09-29T17:35:03.112Z
01.10.2026;02:00;USA;USL Championship;Brooklyn FC;Detroit City FC;id1002816367172994;bet365;Over Under Team 2 First Half;0.5;Over;1.77;1.92;2026-09-29T17:35:03.112Z
01.10.2026;02:00;USA;USL Championship;Brooklyn FC;Detroit City FC;id1002816367172994;bet365;Over Under Team 2 First Half;0.5;Under;1.87;1.69;2026-09-29T17:35:03.112Z
01.10.2026;02:00;USA;USL Championship;Brooklyn FC;Detroit City FC;id1002816367172994;bet365;Over Under Team 2 First Half;1.5;Over;5.5;6.5;2026-09-29T17:35:03.112Z
01.10.2026;02:00;USA;USL Championship;Brooklyn FC;Detroit City FC;id1002816367172994;bet365;Over Under Team 2 First Half;1.5;Under;1.11;1.08;2026-09-29T17:35:03.112Z
01.10.2026;02:00;USA;USL Championship;Brooklyn FC;Detroit City FC;id1002816367172994;bet365;Over Under Team 2 First Half;2.5;Over;19.0;23.0;2026-09-29T17:35:03.112Z
01.10.2026;02:00;USA;USL Championship;Brooklyn FC;Detroit City FC;id1002816367172994;bet365;Over Under Team 2 First Half;2.5;Under;1.02;1.016;2026-09-29T17:35:03.112Z
01.10.2026;02:00;USA;USL Championship;Brooklyn FC;Detroit City FC;id1002816367172994;bet365;Over Under Team 2 First Half;3.5;Over;41.0;41.0;2026-09-29T17:35:03.112Z
01.10.2026;02:00;USA;USL Championship;Brooklyn FC;Detroit City FC;id1002816367172994;bet365;Over Under Team 1 Second Half;0.5;Over;2.2;1.97;2026-09-29T17:35:03.112Z
01.10.2026;02:00;USA;USL Championship;Brooklyn FC;Detroit City FC;id1002816367172994;bet365;Over Under Team 1 Second Half;0.5;Under;1.58;1.69;2026-09-29T17:35:03.112Z
01.10.2026;02:00;USA;USL Championship;Brooklyn FC;Detroit City FC;id1002816367172994;bet365;Over Under Team 1 Second Half;1.5;Over;8.5;6.5;2026-09-29T17:35:03.112Z
01.10.2026;02:00;USA;USL Championship;Brooklyn FC;Detroit City FC;id1002816367172994;bet365;Over Under Team 1 Second Half;1.5;Under;1.061;1.08;2026-09-29T17:35:03.112Z
01.10.2026;02:00;USA;USL Championship;Brooklyn FC;Detroit City FC;id1002816367172994;bet365;Over Under Team 1 Second Half;2.5;Over;29.0;21.0;2026-09-29T17:35:03.112Z
01.10.2026;02:00;USA;USL Championship;Brooklyn FC;Detroit City FC;id1002816367172994;bet365;Over Under Team 1 Second Half;2.5;Under;1.01;1.016;2026-09-29T17:35:03.112Z
01.10.2026;02:00;USA;USL Championship;Brooklyn FC;Detroit City FC;id1002816367172994;bet365;Over Under Team 1;0.5;Over;1.5;1.37;2026-09-29T17:35:03.112Z
01.10.2026;02:00;USA;USL Championship;Brooklyn FC;Detroit City FC;id1002816367172994;bet365;Over Under Team 1;0.5;Under;2.37;2.75;2026-09-29T17:35:03.112Z
01.10.2026;02:00;USA;USL Championship;Brooklyn FC;Detroit City FC;id1002816367172994;bet365;Over Under Team 1 Second Half;3.5;Over;51.0;41.0;2026-09-29T17:35:03.112Z
01.10.2026;02:00;USA;USL Championship;Brooklyn FC;Detroit City FC;id1002816367172994;bet365;Over Under Team 2 Second Half;0.5;Over;1.54;1.63;2026-09-29T17:35:03.112Z
01.10.2026;02:00;USA;USL Championship;Brooklyn FC;Detroit City FC;id1002816367172994;bet365;Over Under Team 2 Second Half;0.5;Under;2.25;2.02;2026-09-29T17:35:03.112Z
01.10.2026;02:00;USA;USL Championship;Brooklyn FC;Detroit City FC;id1002816367172994;bet365;Over Under Team 2 Second Half;1.5;Over;4.0;4.5;2026-09-29T17:35:03.112Z
01.10.2026;02:00;USA;USL Championship;Brooklyn FC;Detroit City FC;id1002816367172994;bet365;Over Under Team 2 Second Half;1.5;Under;1.22;1.15;2026-09-29T17:35:03.112Z
01.10.2026;02:00;USA;USL Championship;Brooklyn FC;Detroit City FC;id1002816367172994;bet365;Over Under Team 2 Second Half;2.5;Over;12.0;15.0;2026-09-29T17:35:03.112Z
01.10.2026;02:00;USA;USL Championship;Brooklyn FC;Detroit City FC;id1002816367172994;bet365;Over Under Team 2 Second Half;2.5;Under;1.037;1.025;2026-09-29T17:35:03.112Z
01.10.2026;02:00;USA;USL Championship;Brooklyn FC;Detroit City FC;id1002816367172994;bet365;Over Under Team 2 Second Half;3.5;Over;26.0;34.0;2026-09-29T17:35:03.112Z
01.10.2026;02:00;USA;USL Championship;Brooklyn FC;Detroit City FC;id1002816367172994;bet365;Over Under Team 2 Second Half;3.5;Under;1.008;1.008;2026-09-28T00:01:58.366Z
01.10.2026;02:00;USA;USL Championship;Brooklyn FC;Detroit City FC;id1002816367172994;bet365;Over Under Team 2 Second Half;4.5;Over;51.0;51.0;2026-09-28T00:01:58.366Z
01.10.2026;02:00;USA;USL Championship;Brooklyn FC;Detroit City FC;id1002816367172994;bet365;Over Under Team 1;1.5;Over;3.5;3.0;2026-09-29T17:35:03.112Z
01.10.2026;02:00;USA;USL Championship;Brooklyn FC;Detroit City FC;id1002816367172994;bet365;Over Under Team 1;1.5;Under;1.25;1.33;2026-09-29T17:35:03.112Z
01.10.2026;02:00;USA;USL Championship;Brooklyn FC;Detroit City FC;id1002816367172994;bet365;Over Under Team 1;2.5;Over;8.5;7.0;2026-09-29T17:35:03.112Z
01.10.2026;02:00;USA;USL Championship;Brooklyn FC;Detroit City FC;id1002816367172994;bet365;Over Under Team 1;2.5;Under;1.04;1.068;2026-09-29T17:35:03.112Z
01.10.2026;02:00;USA;USL Championship;Brooklyn FC;Detroit City FC;id1002816367172994;bet365;Over Under Team 1;3.5;Over;15.0;12.0;2026-09-29T17:35:03.112Z
01.10.2026;02:00;USA;USL Championship;Brooklyn FC;Detroit City FC;id1002816367172994;bet365;Over Under Team 1;3.5;Under;1.008;1.012;2026-09-29T17:35:03.112Z
01.10.2026;02:00;USA;USL Championship;Brooklyn FC;Detroit City FC;id1002816367172994;bet365;Over Under Team 1;4.5;Over;51.0;21.0;2026-09-29T17:35:03.112Z
01.10.2026;02:00;USA;USL Championship;Brooklyn FC;Detroit City FC;id1002816367172994;bet365;Over Under Team 2;0.5;Over;1.17;1.22;2026-09-29T17:35:03.112Z
01.10.2026;02:00;USA;USL Championship;Brooklyn FC;Detroit City FC;id1002816367172994;bet365;Over Under Team 2;0.5;Under;4.33;3.75;2026-09-29T17:35:03.112Z
01.10.2026;02:00;USA;USL Championship;Brooklyn FC;Detroit City FC;id1002816367172994;bet365;Over Under Team 2;1.5;Over;1.87;2.2;2026-09-29T17:35:03.112Z
01.10.2026;02:00;USA;USL Championship;Brooklyn FC;Detroit City FC;id1002816367172994;bet365;Over Under Team 2;1.5;Under;1.77;1.58;2026-09-29T17:35:03.112Z
01.10.2026;02:00;USA;USL Championship;Brooklyn FC;Detroit City FC;id1002816367172994;bet365;Over Under Team 2;2.5;Over;3.75;4.5;2026-09-29T17:35:03.112Z
01.10.2026;02:00;USA;USL Championship;Brooklyn FC;Detroit City FC;id1002816367172994;bet365;Over Under Team 2;2.5;Under;1.22;1.13;2026-09-29T17:35:03.112Z
01.10.2026;02:00;USA;USL Championship;Brooklyn FC;Detroit City FC;id1002816367172994;bet365;Over Under Team 2;3.5;Over;8.0;9.0;2026-09-29T17:35:03.112Z
01.10.2026;02:00;USA;USL Championship;Brooklyn FC;Detroit City FC;id1002816367172994;bet365;Over Under Team 2;3.5;Under;1.052;1.032;2026-09-29T17:35:03.112Z
01.10.2026;02:00;USA;USL Championship;Brooklyn FC;Detroit City FC;id1002816367172994;bet365;Over Under Team 2;4.5;Over;12.0;17.0;2026-09-29T17:35:03.112Z
01.10.2026;02:00;USA;USL Championship;Brooklyn FC;Detroit City FC;id1002816367172994;bet365;Over Under Team 2;4.5;Under;1.012;1.008;2026-09-28T14:17:15.617Z
01.10.2026;02:00;USA;USL Championship;Brooklyn FC;Detroit City FC;id1002816367172994;bet365;Over Under First Half;0.5;Over;1.37;1.37;2026-09-29T17:35:03.112Z
01.10.2026;02:00;USA;USL Championship;Brooklyn FC;Detroit City FC;id1002816367172994;bet365;Over Under First Half;0.5;Under;2.75;2.75;2026-09-29T17:35:03.112Z
01.10.2026;02:00;USA;USL Championship;Brooklyn FC;Detroit City FC;id1002816367172994;bet365;Over Under First Half;1.5;Over;2.75;2.75;2026-09-29T17:35:03.112Z
01.10.2026;02:00;USA;USL Championship;Brooklyn FC;Detroit City FC;id1002816367172994;bet365;Over Under First Half;1.5;Under;1.37;1.37;2026-09-29T17:35:03.112Z
01.10.2026;02:00;USA;USL Championship;Brooklyn FC;Detroit City FC;id1002816367172994;bet365;Over Under First Half;2.5;Over;7.0;7.0;2026-09-29T17:35:03.112Z
01.10.2026;02:00;USA;USL Championship;Brooklyn FC;Detroit City FC;id1002816367172994;bet365;Over Under First Half;2.5;Under;1.068;1.068;2026-09-29T17:35:03.112Z
01.10.2026;02:00;USA;USL Championship;Brooklyn FC;Detroit City FC;id1002816367172994;bet365;Over Under First Half;3.5;Over;12.0;12.0;2026-09-29T17:35:03.112Z
01.10.2026;02:00;USA;USL Championship;Brooklyn FC;Detroit City FC;id1002816367172994;bet365;Over Under First Half;3.5;Under;1.012;1.012;2026-09-29T17:35:03.112Z
01.10.2026;02:00;USA;USL Championship;Brooklyn FC;Detroit City FC;id1002816367172994;bet365;Over Under First Half;4.5;Over;21.0;21.0;2026-09-29T17:35:03.112Z
01.10.2026;02:00;USA;USL Championship;Brooklyn FC;Detroit City FC;id1002816367172994;bet365;Over Under Second Half;0.5;Over;1.22;1.22;2026-09-29T17:35:03.112Z
01.10.2026;02:00;USA;USL Championship;Brooklyn FC;Detroit City FC;id1002816367172994;bet365;Over Under Second Half;0.5;Under;3.75;3.75;2026-09-29T17:35:03.112Z
01.10.2026;02:00;USA;USL Championship;Brooklyn FC;Detroit City FC;id1002816367172994;bet365;Over Under Second Half;1.5;Over;2.2;2.2;2026-09-29T17:35:03.112Z
01.10.2026;02:00;USA;USL Championship;Brooklyn FC;Detroit City FC;id1002816367172994;bet365;Over Under Second Half;1.5;Under;1.58;1.58;2026-09-29T17:35:03.112Z
01.10.2026;02:00;USA;USL Championship;Brooklyn FC;Detroit City FC;id1002816367172994;bet365;Over Under Second Half;2.5;Over;5.0;5.0;2026-09-29T17:35:03.112Z
01.10.2026;02:00;USA;USL Championship;Brooklyn FC;Detroit City FC;id1002816367172994;bet365;Over Under Second Half;2.5;Under;1.13;1.13;2026-09-29T17:35:03.112Z
01.10.2026;02:00;USA;USL Championship;Brooklyn FC;Detroit City FC;id1002816367172994;bet365;Over Under Second Half;3.5;Over;13.0;13.0;2026-09-29T17:35:03.112Z
01.10.2026;02:00;USA;USL Championship;Brooklyn FC;Detroit City FC;id1002816367172994;bet365;Over Under Second Half;3.5;Under;1.032;1.032;2026-09-29T17:35:03.112Z
01.10.2026;02:00;USA;USL Championship;Brooklyn FC;Detroit City FC;id1002816367172994;bet365;Over Under Second Half;4.5;Over;29.0;29.0;2026-09-29T17:35:03.112Z
01.10.2026;02:00;USA;USL Championship;Brooklyn FC;Detroit City FC;id1002816367172994;bet365;Both Teams To Score;0.0;Yes;1.8;1.77;2026-09-29T17:35:03.112Z
01.10.2026;02:00;USA;USL Championship;Brooklyn FC;Detroit City FC;id1002816367172994;bet365;Both Teams To Score;0.0;No;1.8;1.87;2026-09-29T17:35:03.112Z
01.10.2026;02:00;USA;USL Championship;Brooklyn FC;Detroit City FC;id1002816367172994;bet365;Over Under Full Time;0.5;Over;1.025;1.052;2026-09-29T17:35:03.112Z
01.10.2026;02:00;USA;USL Championship;Brooklyn FC;Detroit City FC;id1002816367172994;bet365;Over Under Full Time;0.5;Under;10.0;8.0;2026-09-29T17:35:03.112Z
01.10.2026;02:00;USA;USL Championship;Brooklyn FC;Detroit City FC;id1002816367172994;bet365;Over Under Full Time;1.5;Over;1.27;1.27;2026-09-29T17:35:03.112Z
01.10.2026;02:00;USA;USL Championship;Brooklyn FC;Detroit City FC;id1002816367172994;bet365;Over Under Full Time;1.5;Under;3.4;3.4;2026-09-29T17:35:03.112Z
01.10.2026;02:00;USA;USL Championship;Brooklyn FC;Detroit City FC;id1002816367172994;pinnacle;Full Time Result;0.0;1;3.43;3.17;2026-09-29T11:36:08.779Z
01.10.2026;02:00;USA;USL Championship;Brooklyn FC;Detroit City FC;id1002816367172994;pinnacle;Full Time Result;0.0;X;3.48;3.56;2026-09-29T11:36:08.779Z
01.10.2026;02:00;USA;USL Championship;Brooklyn FC;Detroit City FC;id1002816367172994;pinnacle;Full Time Result;0.0;2;2.0;2.12;2026-09-29T11:36:08.779Z
01.10.2026;02:00;USA;USL Championship;Brooklyn FC;Detroit City FC;id1002816367172994;pinnacle;Over Under Full Time;2.5;Over;1.892;2.009;2026-09-29T11:36:08.779Z
01.10.2026;02:00;USA;USL Championship;Brooklyn FC;Detroit City FC;id1002816367172994;pinnacle;Over Under Full Time;2.5;Under;1.943;1.8;2026-09-29T11:36:08.779Z
01.10.2026;02:00;USA;USL Championship;Brooklyn FC;Detroit City FC;id1002816367172994;pinnacle;Over Under Full Time;3.5;Over;3.08;3.49;2026-09-29T11:36:08.779Z
01.10.2026;02:00;USA;USL Championship;Brooklyn FC;Detroit City FC;id1002816367172994;pinnacle;Over Under Full Time;3.5;Under;1.328;1.285;2026-09-29T11:36:08.779Z
01.10.2026;02:00;USA;USL Championship;Brooklyn FC;Detroit City FC;id1002816367172994;pinnacle;European Handicap;2.0;1;1.251;1.229;2026-09-29T11:36:10.192Z
01.10.2026;02:00;USA;USL Championship;Brooklyn FC;Detroit City FC;id1002816367172994;pinnacle;European Handicap;2.0;X;5.96;6.3;2026-09-29T11:36:10.192Z
01.10.2026;02:00;USA;USL Championship;Brooklyn FC;Detroit City FC;id1002816367172994;pinnacle;European Handicap;2.0;2;8.22;9.15;2026-09-29T11:36:10.192Z
01.10.2026;02:00;USA;USL Championship;Brooklyn FC;Detroit City FC;id1002816367172994;pinnacle;European Handicap;1.0;1;1.769;1.699;2026-09-29T11:36:10.192Z
01.10.2026;02:00;USA;USL Championship;Brooklyn FC;Detroit City FC;id1002816367172994;pinnacle;European Handicap;1.0;X;3.98;4.12;2026-09-29T11:36:10.192Z
01.10.2026;02:00;USA;USL Championship;Brooklyn FC;Detroit City FC;id1002816367172994;pinnacle;European Handicap;1.0;2;3.76;4.059;2026-09-29T11:36:10.192Z
01.10.2026;02:00;USA;USL Championship;Brooklyn FC;Detroit City FC;id1002816367172994;pinnacle;Over Under Full Time;4.5;Over;5.67;6.45;2026-09-28T15:19:12.732Z
01.10.2026;02:00;USA;USL Championship;Brooklyn FC;Detroit City FC;id1002816367172994;pinnacle;Over Under Full Time;4.5;Under;1.114;1.1;2026-09-28T15:19:12.732Z
01.10.2026;02:00;USA;USL Championship;Brooklyn FC;Detroit City FC;id1002816367172994;pinnacle;European Handicap;-1.0;1;8.109;7.28;2026-09-29T11:36:10.192Z
01.10.2026;02:00;USA;USL Championship;Brooklyn FC;Detroit City FC;id1002816367172994;pinnacle;European Handicap;-1.0;X;5.4;4.98;2026-09-29T11:36:10.192Z
01.10.2026;02:00;USA;USL Championship;Brooklyn FC;Detroit City FC;id1002816367172994;pinnacle;European Handicap;-1.0;2;1.282;1.343;2026-09-29T11:36:10.192Z
01.10.2026;02:00;USA;USL Championship;Brooklyn FC;Detroit City FC;id1002816367172994;pinnacle;European Handicap;-2.0;1;19.93;18.88;2026-09-29T11:36:10.192Z
01.10.2026;02:00;USA;USL Championship;Brooklyn FC;Detroit City FC;id1002816367172994;pinnacle;European Handicap;-2.0;X;10.48;9.71;2026-09-29T11:36:10.192Z
01.10.2026;02:00;USA;USL Championship;Brooklyn FC;Detroit City FC;id1002816367172994;pinnacle;European Handicap;-2.0;2;1.078;1.093;2026-09-29T11:36:10.192Z
01.10.2026;02:00;USA;USL Championship;Brooklyn FC;Detroit City FC;id1002816367172994;pinnacle;First Half Result;0.0;1;4.01;3.96;2026-09-29T11:36:09.092Z
01.10.2026;02:00;USA;USL Championship;Brooklyn FC;Detroit City FC;id1002816367172994;pinnacle;First Half Result;0.0;X;2.23;2.17;2026-09-29T11:36:09.092Z
01.10.2026;02:00;USA;USL Championship;Brooklyn FC;Detroit City FC;id1002816367172994;pinnacle;First Half Result;0.0;2;2.59;2.78;2026-09-29T11:36:09.092Z
01.10.2026;02:00;USA;USL Championship;Brooklyn FC;Detroit City FC;id1002816367172994;pinnacle;Over Under Team 1 First Half;0.5;Over;2.37;2.43;2026-09-29T11:36:09.092Z
01.10.2026;02:00;USA;USL Championship;Brooklyn FC;Detroit City FC;id1002816367172994;pinnacle;Over Under Team 1 First Half;0.5;Under;1.52;1.526;2026-09-29T11:36:09.092Z
01.10.2026;02:00;USA;USL Championship;Brooklyn FC;Detroit City FC;id1002816367172994;pinnacle;Over Under Team 2 First Half;0.5;Over;1.869;1.97;2026-09-29T11:36:09.092Z
01.10.2026;02:00;USA;USL Championship;Brooklyn FC;Detroit City FC;id1002816367172994;pinnacle;Over Under Team 2 First Half;0.5;Under;1.909;1.793;2026-09-29T11:36:09.092Z
01.10.2026;02:00;USA;USL Championship;Brooklyn FC;Detroit City FC;id1002816367172994;pinnacle;Over Under Team 1;0.5;Over;1.377;1.418;2026-09-29T11:36:08.779Z
01.10.2026;02:00;USA;USL Championship;Brooklyn FC;Detroit City FC;id1002816367172994;pinnacle;Over Under Team 1;0.5;Under;2.87;2.81;2026-09-29T11:36:08.779Z
01.10.2026;02:00;USA;USL Championship;Brooklyn FC;Detroit City FC;id1002816367172994;pinnacle;Over Under Team 1;1.5;Over;2.91;2.87;2026-09-29T11:36:08.779Z
01.10.2026;02:00;USA;USL Championship;Brooklyn FC;Detroit City FC;id1002816367172994;pinnacle;Over Under Team 1;1.5;Under;1.344;1.377;2026-09-29T11:36:08.779Z
01.10.2026;02:00;USA;USL Championship;Brooklyn FC;Detroit City FC;id1002816367172994;pinnacle;Over Under Team 2;0.5;Over;1.208;1.232;2026-09-29T11:36:08.779Z
01.10.2026;02:00;USA;USL Championship;Brooklyn FC;Detroit City FC;id1002816367172994;pinnacle;Over Under Team 2;0.5;Under;4.019;3.83;2026-09-29T11:36:08.779Z
01.10.2026;02:00;USA;USL Championship;Brooklyn FC;Detroit City FC;id1002816367172994;pinnacle;Over Under Team 2;1.5;Over;2.05;2.21;2026-09-29T11:36:08.779Z
01.10.2026;02:00;USA;USL Championship;Brooklyn FC;Detroit City FC;id1002816367172994;pinnacle;Over Under Team 2;1.5;Under;1.775;1.645;2026-09-29T11:36:08.779Z
01.10.2026;02:00;USA;USL Championship;Brooklyn FC;Detroit City FC;id1002816367172994;pinnacle;Over Under Team 2;2.5;Over;4.31;4.019;2026-09-28T15:16:34.027Z
01.10.2026;02:00;USA;USL Championship;Brooklyn FC;Detroit City FC;id1002816367172994;pinnacle;Over Under Team 2;2.5;Under;1.203;1.209;2026-09-28T15:16:34.027Z
01.10.2026;02:00;USA;USL Championship;Brooklyn FC;Detroit City FC;id1002816367172994;pinnacle;Over Under First Half;0.5;Over;1.341;1.395;2026-09-29T11:36:09.092Z
01.10.2026;02:00;USA;USL Championship;Brooklyn FC;Detroit City FC;id1002816367172994;pinnacle;Over Under First Half;0.5;Under;3.03;2.88;2026-09-29T11:36:09.092Z
01.10.2026;02:00;USA;USL Championship;Brooklyn FC;Detroit City FC;id1002816367172994;pinnacle;Over Under First Half;1.5;Over;2.75;3.0;2026-09-29T11:36:09.092Z
01.10.2026;02:00;USA;USL Championship;Brooklyn FC;Detroit City FC;id1002816367172994;pinnacle;Over Under First Half;1.5;Under;1.401;1.37;2026-09-29T11:36:09.092Z
01.10.2026;02:00;USA;USL Championship;Brooklyn FC;Detroit City FC;id1002816367172994;pinnacle;Both Teams To Score First Half;0.0;Yes;4.78;4.82;2026-09-29T11:06:25.112Z
01.10.2026;02:00;USA;USL Championship;Brooklyn FC;Detroit City FC;id1002816367172994;pinnacle;Both Teams To Score First Half;0.0;No;1.162;1.165;2026-09-29T11:06:25.112Z
01.10.2026;02:00;USA;USL Championship;Brooklyn FC;Detroit City FC;id1002816367172994;pinnacle;Both Teams To Score;0.0;Yes;1.862;1.813;2026-09-29T11:06:25.112Z
01.10.2026;02:00;USA;USL Championship;Brooklyn FC;Detroit City FC;id1002816367172994;pinnacle;Both Teams To Score;0.0;No;1.892;1.961;2026-09-29T11:06:25.112Z
01.10.2026;02:00;USA;USL Championship;Brooklyn FC;Detroit City FC;id1002816367172994;pinnacle;Asian Handicap First Half;-0.5;1;3.82;3.78;2026-09-29T11:01:19.169Z
01.10.2026;02:00;USA;USL Championship;Brooklyn FC;Detroit City FC;id1002816367172994;pinnacle;Asian Handicap First Half;-0.5;2;1.242;1.253;2026-09-29T11:01:19.169Z
01.10.2026;02:00;USA;USL Championship;Brooklyn FC;Detroit City FC;id1002816367172994;pinnacle;Asian Handicap First Half;-0.25;1;3.21;3.14;2026-09-29T11:36:09.092Z
01.10.2026;02:00;USA;USL Championship;Brooklyn FC;Detroit City FC;id1002816367172994;pinnacle;Asian Handicap First Half;-0.25;2;1.308;1.342;2026-09-29T11:36:09.092Z
01.10.2026;02:00;USA;USL Championship;Brooklyn FC;Detroit City FC;id1002816367172994;pinnacle;Asian Handicap First Half;0.0;1;2.41;2.31;2026-09-29T11:36:09.092Z
01.10.2026;02:00;USA;USL Championship;Brooklyn FC;Detroit City FC;id1002816367172994;pinnacle;Asian Handicap First Half;0.0;2;1.518;1.591;2026-09-29T11:36:09.092Z
01.10.2026;02:00;USA;USL Championship;Brooklyn FC;Detroit City FC;id1002816367172994;pinnacle;Asian Handicap First Half;0.25;1;1.709;1.657;2026-09-29T11:36:09.092Z
01.10.2026;02:00;USA;USL Championship;Brooklyn FC;Detroit City FC;id1002816367172994;pinnacle;Asian Handicap First Half;0.25;2;2.06;2.2;2026-09-29T11:36:09.092Z
01.10.2026;02:00;USA;USL Championship;Brooklyn FC;Detroit City FC;id1002816367172994;pinnacle;Asian Handicap First Half;0.5;1;1.454;1.423;2026-09-29T11:36:09.092Z
01.10.2026;02:00;USA;USL Championship;Brooklyn FC;Detroit City FC;id1002816367172994;pinnacle;Asian Handicap First Half;0.5;2;2.58;2.78;2026-09-29T11:36:09.092Z
01.10.2026;02:00;USA;USL Championship;Brooklyn FC;Detroit City FC;id1002816367172994;pinnacle;Asian Handicap First Half;0.75;1;1.278;1.256;2026-09-29T11:36:09.092Z
01.10.2026;02:00;USA;USL Championship;Brooklyn FC;Detroit City FC;id1002816367172994;pinnacle;Asian Handicap First Half;0.75;2;3.41;3.75;2026-09-29T11:36:09.092Z
01.10.2026;02:00;USA;USL Championship;Brooklyn FC;Detroit City FC;id1002816367172994;pinnacle;Asian Handicap;-0.75;1;4.4;4.07;2026-09-29T11:36:08.779Z
01.10.2026;02:00;USA;USL Championship;Brooklyn FC;Detroit City FC;id1002816367172994;pinnacle;Asian Handicap;-0.75;2;1.199;1.232;2026-09-29T11:36:08.779Z
01.10.2026;02:00;USA;USL Championship;Brooklyn FC;Detroit City FC;id1002816367172994;pinnacle;Asian Handicap;-0.5;1;3.41;3.16;2026-09-29T11:36:08.779Z
01.10.2026;02:00;USA;USL Championship;Brooklyn FC;Detroit City FC;id1002816367172994;pinnacle;Asian Handicap;-0.5;2;1.285;1.346;2026-09-29T11:36:08.779Z
01.10.2026;02:00;USA;USL Championship;Brooklyn FC;Detroit City FC;id1002816367172994;pinnacle;Asian Handicap;-0.25;1;2.99;2.78;2026-09-29T11:36:08.779Z
01.10.2026;02:00;USA;USL Championship;Brooklyn FC;Detroit City FC;id1002816367172994;pinnacle;Asian Handicap;-0.25;2;1.357;1.438;2026-09-29T11:36:08.779Z
01.10.2026;02:00;USA;USL Championship;Brooklyn FC;Detroit City FC;id1002816367172994;pinnacle;Asian Handicap;0.0;1;2.57;2.38;2026-09-29T11:36:08.779Z
01.10.2026;02:00;USA;USL Championship;Brooklyn FC;Detroit City FC;id1002816367172994;pinnacle;Asian Handicap;0.0;2;1.473;1.581;2026-09-29T11:36:08.779Z
01.10.2026;02:00;USA;USL Championship;Brooklyn FC;Detroit City FC;id1002816367172994;pinnacle;Asian Handicap;0.25;1;2.09;1.952;2026-09-29T11:36:08.779Z
01.10.2026;02:00;USA;USL Championship;Brooklyn FC;Detroit City FC;id1002816367172994;pinnacle;Asian Handicap;0.25;2;1.787;1.862;2026-09-29T11:36:08.779Z
01.10.2026;02:00;USA;USL Championship;Brooklyn FC;Detroit City FC;id1002816367172994;pinnacle;Asian Handicap;0.5;1;1.775;1.714;2026-09-29T11:36:08.779Z
01.10.2026;02:00;USA;USL Championship;Brooklyn FC;Detroit City FC;id1002816367172994;pinnacle;Asian Handicap;0.5;2;2.009;2.13;2026-09-29T11:36:08.779Z
01.10.2026;02:00;USA;USL Championship;Brooklyn FC;Detroit City FC;id1002816367172994;pinnacle;Asian Handicap;0.75;1;1.568;1.523;2026-09-29T11:36:08.779Z
01.10.2026;02:00;USA;USL Championship;Brooklyn FC;Detroit City FC;id1002816367172994;pinnacle;Asian Handicap;0.75;2;2.34;2.51;2026-09-29T11:36:08.779Z
01.10.2026;02:00;USA;USL Championship;Brooklyn FC;Detroit City FC;id1002816367172994;pinnacle;Over Under Full Time;1.5;Over;1.261;1.324;2026-09-29T11:36:08.779Z
01.10.2026;02:00;USA;USL Championship;Brooklyn FC;Detroit City FC;id1002816367172994;pinnacle;Over Under Full Time;1.5;Under;3.51;3.24;2026-09-29T11:36:08.779Z
01.10.2026;02:00;USA;USL Championship;Brooklyn FC;Detroit City FC;id1002816367172994;pinnacle;Asian Handicap;1.0;1;1.369;1.334;2026-09-29T11:36:08.779Z
01.10.2026;02:00;USA;USL Championship;Brooklyn FC;Detroit City FC;id1002816367172994;pinnacle;Asian Handicap;1.0;2;2.96;3.23;2026-09-29T11:36:08.779Z
01.10.2026;02:00;USA;USL Championship;Brooklyn FC;Detroit City FC;id1002816367172994;pinnacle;Asian Handicap;1.25;1;1.293;1.274;2026-09-29T11:36:08.779Z
01.10.2026;02:00;USA;USL Championship;Brooklyn FC;Detroit City FC;id1002816367172994;pinnacle;Asian Handicap;1.25;2;3.36;3.66;2026-09-29T11:36:08.779Z
01.10.2026;02:00;USA;USL Championship;Brooklyn FC;Detroit City FC;id1002816367172994;pinnacle;Asian Handicap;1.5;1;1.243;1.251;2026-09-28T16:59:47.746Z
01.10.2026;02:00;USA;USL Championship;Brooklyn FC;Detroit City FC;id1002816367172994;pinnacle;Asian Handicap;1.5;2;3.75;3.8;2026-09-28T16:59:47.746Z
01.10.2026;02:00;USA;USL League One;Chattanooga Red Wolves SC;Spokane Velocity FC;id1002816573665018;bet365;Full Time Result;0.0;1;2.2;2.2;2026-09-29T18:13:54.192Z
01.10.2026;02:00;USA;USL League One;Chattanooga Red Wolves SC;Spokane Velocity FC;id1002816573665018;bet365;Full Time Result;0.0;X;3.4;3.4;2026-09-29T18:13:54.192Z
01.10.2026;02:00;USA;USL League One;Chattanooga Red Wolves SC;Spokane Velocity FC;id1002816573665018;bet365;Full Time Result;0.0;2;2.7;2.7;2026-09-29T18:13:54.192Z
01.10.2026;02:00;USA;USL League One;Chattanooga Red Wolves SC;Spokane Velocity FC;id1002816573665018;bet365;Over Under Full Time;2.5;Over;1.82;1.82;2026-09-29T18:13:54.192Z
01.10.2026;02:00;USA;USL League One;Chattanooga Red Wolves SC;Spokane Velocity FC;id1002816573665018;bet365;Over Under Full Time;2.5;Under;1.92;1.92;2026-09-29T18:13:54.192Z
01.10.2026;02:00;USA;USL League One;Chattanooga Red Wolves SC;Spokane Velocity FC;id1002816573665018;bet365;Double Chance Full Time;0.0;1X;1.33;1.33;2026-09-29T18:13:54.192Z
01.10.2026;02:00;USA;USL League One;Chattanooga Red Wolves SC;Spokane Velocity FC;id1002816573665018;bet365;Double Chance Full Time;0.0;12;1.22;1.22;2026-09-29T18:13:54.192Z
01.10.2026;02:00;USA;USL League One;Chattanooga Red Wolves SC;Spokane Velocity FC;id1002816573665018;bet365;Double Chance Full Time;0.0;2X;1.52;1.52;2026-09-29T18:13:54.192Z
01.10.2026;02:00;USA;USL League One;Chattanooga Red Wolves SC;Spokane Velocity FC;id1002816573665018;bet365;First Half Result;0.0;1;2.87;2.87;2026-09-29T18:13:54.192Z
01.10.2026;02:00;USA;USL League One;Chattanooga Red Wolves SC;Spokane Velocity FC;id1002816573665018;bet365;First Half Result;0.0;X;2.2;2.2;2026-09-29T18:13:54.192Z
01.10.2026;02:00;USA;USL League One;Chattanooga Red Wolves SC;Spokane Velocity FC;id1002816573665018;bet365;First Half Result;0.0;2;3.25;3.25;2026-09-29T18:13:54.192Z
01.10.2026;02:00;Chile;Copa Chile;Deportes Concepcion;CD O´Higgins;id1000122175094078;pinnacle;Full Time Result;0.0;1;2.18;2.12;2026-09-29T17:56:34.040Z
01.10.2026;02:00;Chile;Copa Chile;Deportes Concepcion;CD O´Higgins;id1000122175094078;pinnacle;Full Time Result;0.0;X;3.07;3.17;2026-09-29T17:56:34.040Z
01.10.2026;02:00;Chile;Copa Chile;Deportes Concepcion;CD O´Higgins;id1000122175094078;pinnacle;Full Time Result;0.0;2;3.06;3.28;2026-09-29T17:56:34.040Z
01.10.2026;02:00;Chile;Copa Chile;Deportes Concepcion;CD O´Higgins;id1000122175094078;pinnacle;Over Under Full Time;2.5;Over;2.009;2.02;2026-09-29T17:56:34.040Z
01.10.2026;02:00;Chile;Copa Chile;Deportes Concepcion;CD O´Higgins;id1000122175094078;pinnacle;Over Under Full Time;2.5;Under;1.719;1.787;2026-09-29T17:56:34.040Z
01.10.2026;02:00;Chile;Copa Chile;Deportes Concepcion;CD O´Higgins;id1000122175094078;pinnacle;Double Chance Full Time;0.0;12;1.341;1.332;2026-09-29T17:56:34.658Z
01.10.2026;02:00;Chile;Copa Chile;Deportes Concepcion;CD O´Higgins;id1000122175094078;pinnacle;Double Chance Full Time;0.0;2X;1.649;1.684;2026-09-29T17:56:34.658Z
01.10.2026;02:00;Chile;Copa Chile;Deportes Concepcion;CD O´Higgins;id1000122175094078;pinnacle;Over Under Team 1 First Half;0.5;Over;1.952;1.943;2026-09-29T17:56:34.040Z
01.10.2026;02:00;Chile;Copa Chile;Deportes Concepcion;CD O´Higgins;id1000122175094078;pinnacle;Over Under Team 1 First Half;0.5;Under;1.729;1.806;2026-09-29T17:56:34.040Z
01.10.2026;02:00;Chile;Copa Chile;Deportes Concepcion;CD O´Higgins;id1000122175094078;pinnacle;Over Under Team 2 First Half;0.5;Over;2.31;2.4;2026-09-29T17:56:34.040Z
01.10.2026;02:00;Chile;Copa Chile;Deportes Concepcion;CD O´Higgins;id1000122175094078;pinnacle;Over Under Team 2 First Half;0.5;Under;1.518;1.531;2026-09-29T17:56:34.040Z
01.10.2026;02:00;Chile;Copa Chile;Deportes Concepcion;CD O´Higgins;id1000122175094078;pinnacle;Over Under Team 1;1.5;Over;2.26;2.19;2026-09-29T17:56:34.040Z
01.10.2026;02:00;Chile;Copa Chile;Deportes Concepcion;CD O´Higgins;id1000122175094078;pinnacle;Over Under Team 1;1.5;Under;1.574;1.641;2026-09-29T17:56:34.040Z
01.10.2026;02:00;Chile;Copa Chile;Deportes Concepcion;CD O´Higgins;id1000122175094078;pinnacle;Over Under Team 2;0.5;Over;1.418;1.413;2026-09-29T17:56:34.040Z
01.10.2026;02:00;Chile;Copa Chile;Deportes Concepcion;CD O´Higgins;id1000122175094078;pinnacle;Over Under Team 2;0.5;Under;2.77;2.79;2026-09-29T17:56:34.040Z
01.10.2026;02:00;Chile;Copa Chile;Deportes Concepcion;CD O´Higgins;id1000122175094078;pinnacle;Over Under First Half;0.5;Over;1.383;1.392;2026-09-29T17:56:34.040Z
01.10.2026;02:00;Chile;Copa Chile;Deportes Concepcion;CD O´Higgins;id1000122175094078;pinnacle;Over Under First Half;0.5;Under;2.65;2.77;2026-09-29T17:56:34.040Z
01.10.2026;02:00;Chile;Copa Chile;Deportes Concepcion;CD O´Higgins;id1000122175094078;pinnacle;Over Under First Half;1.5;Over;2.81;2.85;2026-09-29T17:56:34.040Z
01.10.2026;02:00;Chile;Copa Chile;Deportes Concepcion;CD O´Higgins;id1000122175094078;pinnacle;Over Under First Half;1.5;Under;1.342;1.373;2026-09-29T17:56:34.040Z
01.10.2026;02:00;Chile;Copa Chile;Deportes Concepcion;CD O´Higgins;id1000122175094078;pinnacle;Both Teams To Score;0.0;Yes;1.8;1.769;2026-09-29T17:30:17.358Z
01.10.2026;02:00;Chile;Copa Chile;Deportes Concepcion;CD O´Higgins;id1000122175094078;pinnacle;Both Teams To Score;0.0;No;1.943;1.98;2026-09-29T17:30:17.358Z
01.10.2026;02:00;Chile;Copa Chile;Deportes Concepcion;CD O´Higgins;id1000122175094078;pinnacle;Asian Handicap First Half;-0.75;1;3.55;3.49;2026-09-29T17:56:34.040Z
01.10.2026;02:00;Chile;Copa Chile;Deportes Concepcion;CD O´Higgins;id1000122175094078;pinnacle;Asian Handicap First Half;-0.75;2;1.252;1.261;2026-09-29T17:56:34.040Z
01.10.2026;02:00;Chile;Copa Chile;Deportes Concepcion;CD O´Higgins;id1000122175094078;pinnacle;Asian Handicap First Half;-0.5;1;2.69;2.67;2026-09-29T17:56:34.040Z
01.10.2026;02:00;Chile;Copa Chile;Deportes Concepcion;CD O´Higgins;id1000122175094078;pinnacle;Asian Handicap First Half;-0.5;2;1.39;1.438;2026-09-29T17:56:34.040Z
01.10.2026;02:00;Chile;Copa Chile;Deportes Concepcion;CD O´Higgins;id1000122175094078;pinnacle;Asian Handicap First Half;-0.25;1;2.18;2.16;2026-09-29T17:56:34.040Z
01.10.2026;02:00;Chile;Copa Chile;Deportes Concepcion;CD O´Higgins;id1000122175094078;pinnacle;Asian Handicap First Half;-0.25;2;1.602;1.675;2026-09-29T17:56:34.040Z
01.10.2026;02:00;Chile;Copa Chile;Deportes Concepcion;CD O´Higgins;id1000122175094078;pinnacle;Asian Handicap First Half;0.0;1;1.621;1.581;2026-09-29T17:56:34.040Z
01.10.2026;02:00;Chile;Copa Chile;Deportes Concepcion;CD O´Higgins;id1000122175094078;pinnacle;Asian Handicap First Half;0.0;2;2.19;2.29;2026-09-29T17:56:34.040Z
01.10.2026;02:00;Chile;Copa Chile;Deportes Concepcion;CD O´Higgins;id1000122175094078;pinnacle;Asian Handicap First Half;0.25;1;1.354;1.335;2026-09-29T17:56:34.040Z
01.10.2026;02:00;Chile;Copa Chile;Deportes Concepcion;CD O´Higgins;id1000122175094078;pinnacle;Asian Handicap First Half;0.25;2;2.9;3.02;2026-09-29T17:56:34.040Z
01.10.2026;02:00;Chile;Copa Chile;Deportes Concepcion;CD O´Higgins;id1000122175094078;pinnacle;Asian Handicap First Half;0.5;1;1.236;1.246;2026-09-29T16:27:17.634Z
01.10.2026;02:00;Chile;Copa Chile;Deportes Concepcion;CD O´Higgins;id1000122175094078;pinnacle;Asian Handicap First Half;0.5;2;3.52;3.61;2026-09-29T16:27:17.634Z
01.10.2026;02:00;Chile;Copa Chile;Deportes Concepcion;CD O´Higgins;id1000122175094078;pinnacle;Asian Handicap;-1.0;1;3.3;3.17;2026-09-29T17:56:34.040Z
01.10.2026;02:00;Chile;Copa Chile;Deportes Concepcion;CD O´Higgins;id1000122175094078;pinnacle;Asian Handicap;-1.0;2;1.273;1.316;2026-09-29T17:56:34.040Z
01.10.2026;02:00;Chile;Copa Chile;Deportes Concepcion;CD O´Higgins;id1000122175094078;pinnacle;Asian Handicap;-0.75;1;2.54;2.46;2026-09-29T17:56:34.040Z
01.10.2026;02:00;Chile;Copa Chile;Deportes Concepcion;CD O´Higgins;id1000122175094078;pinnacle;Asian Handicap;-0.75;2;1.442;1.497;2026-09-29T17:56:34.040Z
01.10.2026;02:00;Chile;Copa Chile;Deportes Concepcion;CD O´Higgins;id1000122175094078;pinnacle;Asian Handicap;-0.5;1;2.17;2.11;2026-09-29T17:56:34.040Z
01.10.2026;02:00;Chile;Copa Chile;Deportes Concepcion;CD O´Higgins;id1000122175094078;pinnacle;Asian Handicap;-0.5;2;1.621;1.689;2026-09-29T17:56:34.040Z
01.10.2026;02:00;Chile;Copa Chile;Deportes Concepcion;CD O´Higgins;id1000122175094078;pinnacle;Asian Handicap;-0.25;1;1.892;1.847;2026-09-29T17:56:34.040Z
01.10.2026;02:00;Chile;Copa Chile;Deportes Concepcion;CD O´Higgins;id1000122175094078;pinnacle;Asian Handicap;-0.25;2;1.847;1.943;2026-09-29T17:56:34.040Z
01.10.2026;02:00;Chile;Copa Chile;Deportes Concepcion;CD O´Higgins;id1000122175094078;pinnacle;Asian Handicap;0.0;1;1.581;1.54;2026-09-29T17:56:34.040Z
01.10.2026;02:00;Chile;Copa Chile;Deportes Concepcion;CD O´Higgins;id1000122175094078;pinnacle;Asian Handicap;0.0;2;2.24;2.4;2026-09-29T17:56:34.040Z
01.10.2026;02:00;Chile;Copa Chile;Deportes Concepcion;CD O´Higgins;id1000122175094078;pinnacle;Asian Handicap;0.25;1;1.418;1.393;2026-09-29T17:56:34.040Z
01.10.2026;02:00;Chile;Copa Chile;Deportes Concepcion;CD O´Higgins;id1000122175094078;pinnacle;Asian Handicap;0.25;2;2.62;2.8;2026-09-29T17:56:34.040Z
01.10.2026;02:00;Chile;Copa Chile;Deportes Concepcion;CD O´Higgins;id1000122175094078;pinnacle;Asian Handicap;0.5;1;1.325;1.31;2026-09-29T17:56:34.040Z
01.10.2026;02:00;Chile;Copa Chile;Deportes Concepcion;CD O´Higgins;id1000122175094078;pinnacle;Asian Handicap;0.5;2;3.0;3.2;2026-09-29T17:56:34.040Z
01.10.2026;02:00;Chile;Copa Chile;Deportes Concepcion;CD O´Higgins;id1000122175094078;pinnacle;Over Under Full Time;1.5;Over;1.303;1.314;2026-09-29T17:28:32.009Z
01.10.2026;02:00;Chile;Copa Chile;Deportes Concepcion;CD O´Higgins;id1000122175094078;pinnacle;Over Under Full Time;1.5;Under;3.11;3.18;2026-09-29T17:28:32.009Z
01.10.2026;02:00;USA;USL Championship;Miami FC;Sporting Jax;id1002816367172998;bet365;Full Time Result;0.0;1;1.54;1.62;2026-09-29T17:23:29.232Z
01.10.2026;02:00;USA;USL Championship;Miami FC;Sporting Jax;id1002816367172998;bet365;Full Time Result;0.0;X;3.9;3.9;2026-09-29T17:23:29.232Z
01.10.2026;02:00;USA;USL Championship;Miami FC;Sporting Jax;id1002816367172998;bet365;Full Time Result;0.0;2;4.5;4.0;2026-09-29T17:23:29.232Z
01.10.2026;02:00;USA;USL Championship;Miami FC;Sporting Jax;id1002816367172998;bet365;Over Under Full Time;2.5;Over;1.54;1.41;2026-09-29T18:41:31.532Z
01.10.2026;02:00;USA;USL Championship;Miami FC;Sporting Jax;id1002816367172998;bet365;Over Under Full Time;2.5;Under;2.35;2.62;2026-09-29T18:41:31.532Z
01.10.2026;02:00;USA;USL Championship;Miami FC;Sporting Jax;id1002816367172998;bet365;Over Under Full Time;3.5;Over;2.37;2.1;2026-09-29T18:41:31.532Z
01.10.2026;02:00;USA;USL Championship;Miami FC;Sporting Jax;id1002816367172998;bet365;Over Under Full Time;3.5;Under;1.5;1.63;2026-09-29T18:41:31.532Z
01.10.2026;02:00;USA;USL Championship;Miami FC;Sporting Jax;id1002816367172998;bet365;Over Under Full Time;4.5;Over;4.0;3.5;2026-09-29T18:41:31.532Z
01.10.2026;02:00;USA;USL Championship;Miami FC;Sporting Jax;id1002816367172998;bet365;Over Under Full Time;4.5;Under;1.19;1.25;2026-09-29T18:41:31.532Z
01.10.2026;02:00;USA;USL Championship;Miami FC;Sporting Jax;id1002816367172998;bet365;Double Chance Full Time;0.0;1X;1.1;1.13;2026-09-29T17:23:29.232Z
01.10.2026;02:00;USA;USL Championship;Miami FC;Sporting Jax;id1002816367172998;bet365;Double Chance Full Time;0.0;12;1.15;1.15;2026-09-29T17:23:29.232Z
01.10.2026;02:00;USA;USL Championship;Miami FC;Sporting Jax;id1002816367172998;bet365;Double Chance Full Time;0.0;2X;2.15;2.1;2026-09-29T17:23:29.232Z
01.10.2026;02:00;USA;USL Championship;Miami FC;Sporting Jax;id1002816367172998;bet365;First Half Result;0.0;1;2.02;2.1;2026-09-29T17:23:29.232Z
01.10.2026;02:00;USA;USL Championship;Miami FC;Sporting Jax;id1002816367172998;bet365;First Half Result;0.0;X;2.5;2.5;2026-09-29T17:23:29.232Z
01.10.2026;02:00;USA;USL Championship;Miami FC;Sporting Jax;id1002816367172998;bet365;First Half Result;0.0;2;4.75;4.33;2026-09-29T17:23:29.232Z
01.10.2026;02:00;USA;USL Championship;Miami FC;Sporting Jax;id1002816367172998;bet365;Second Half Result;0.0;1;1.87;1.92;2026-09-29T17:23:29.232Z
01.10.2026;02:00;USA;USL Championship;Miami FC;Sporting Jax;id1002816367172998;bet365;Second Half Result;0.0;X;2.87;2.87;2026-09-29T17:23:29.232Z
01.10.2026;02:00;USA;USL Championship;Miami FC;Sporting Jax;id1002816367172998;bet365;Second Half Result;0.0;2;4.33;4.0;2026-09-29T17:23:29.232Z
01.10.2026;02:00;USA;USL Championship;Miami FC;Sporting Jax;id1002816367172998;bet365;Over Under Team 1 First Half;0.5;Over;1.54;1.54;2026-09-29T17:23:29.232Z
01.10.2026;02:00;USA;USL Championship;Miami FC;Sporting Jax;id1002816367172998;bet365;Over Under Team 1 First Half;0.5;Under;2.25;2.25;2026-09-29T17:23:29.232Z
01.10.2026;02:00;USA;USL Championship;Miami FC;Sporting Jax;id1002816367172998;bet365;Over Under Team 1 First Half;1.5;Over;3.75;3.75;2026-09-29T17:23:29.232Z
01.10.2026;02:00;USA;USL Championship;Miami FC;Sporting Jax;id1002816367172998;bet365;Over Under Team 1 First Half;1.5;Under;1.22;1.22;2026-09-29T17:23:29.232Z
01.10.2026;02:00;USA;USL Championship;Miami FC;Sporting Jax;id1002816367172998;bet365;Over Under Team 1 First Half;2.5;Over;11.0;11.0;2026-09-29T17:23:29.232Z
01.10.2026;02:00;USA;USL Championship;Miami FC;Sporting Jax;id1002816367172998;bet365;Over Under Team 1 First Half;2.5;Under;1.037;1.037;2026-09-29T17:23:29.232Z
01.10.2026;02:00;USA;USL Championship;Miami FC;Sporting Jax;id1002816367172998;bet365;Over Under Team 1 First Half;3.5;Over;26.0;26.0;2026-09-29T17:23:29.232Z
01.10.2026;02:00;USA;USL Championship;Miami FC;Sporting Jax;id1002816367172998;bet365;Over Under Team 1 First Half;3.5;Under;1.008;1.008;2026-09-29T17:23:29.232Z
01.10.2026;02:00;USA;USL Championship;Miami FC;Sporting Jax;id1002816367172998;bet365;Over Under Team 1 First Half;4.5;Over;51.0;51.0;2026-09-29T17:23:29.232Z
01.10.2026;02:00;USA;USL Championship;Miami FC;Sporting Jax;id1002816367172998;bet365;Over Under Team 2 First Half;0.5;Over;2.5;2.2;2026-09-29T17:23:29.232Z
01.10.2026;02:00;USA;USL Championship;Miami FC;Sporting Jax;id1002816367172998;bet365;Over Under Team 2 First Half;0.5;Under;1.47;1.58;2026-09-29T17:23:29.232Z
01.10.2026;02:00;USA;USL Championship;Miami FC;Sporting Jax;id1002816367172998;bet365;Over Under Team 2 First Half;1.5;Over;10.0;8.5;2026-09-29T17:23:29.232Z
01.10.2026;02:00;USA;USL Championship;Miami FC;Sporting Jax;id1002816367172998;bet365;Over Under Team 2 First Half;1.5;Under;1.045;1.061;2026-09-29T17:23:29.232Z
01.10.2026;02:00;USA;USL Championship;Miami FC;Sporting Jax;id1002816367172998;bet365;Over Under Team 2 First Half;2.5;Over;34.0;29.0;2026-09-29T17:23:29.232Z
01.10.2026;02:00;USA;USL Championship;Miami FC;Sporting Jax;id1002816367172998;bet365;Over Under Team 2 First Half;2.5;Under;1.008;1.008;2026-09-29T17:23:29.232Z
01.10.2026;02:00;USA;USL Championship;Miami FC;Sporting Jax;id1002816367172998;bet365;Over Under Team 2 First Half;3.5;Over;67.0;51.0;2026-09-29T17:23:29.232Z
01.10.2026;02:00;USA;USL Championship;Miami FC;Sporting Jax;id1002816367172998;bet365;Over Under Team 1 Second Half;0.5;Over;1.37;1.37;2026-09-29T17:23:29.232Z
01.10.2026;02:00;USA;USL Championship;Miami FC;Sporting Jax;id1002816367172998;bet365;Over Under Team 1 Second Half;0.5;Under;2.75;2.75;2026-09-29T17:23:29.232Z
01.10.2026;02:00;USA;USL Championship;Miami FC;Sporting Jax;id1002816367172998;bet365;Over Under Team 1 Second Half;1.5;Over;2.87;2.87;2026-09-29T17:23:29.232Z
01.10.2026;02:00;USA;USL Championship;Miami FC;Sporting Jax;id1002816367172998;bet365;Over Under Team 1 Second Half;1.5;Under;1.37;1.37;2026-09-29T17:23:29.232Z
01.10.2026;02:00;USA;USL Championship;Miami FC;Sporting Jax;id1002816367172998;bet365;Over Under Team 1 Second Half;2.5;Over;7.5;7.5;2026-09-29T17:23:29.232Z
01.10.2026;02:00;USA;USL Championship;Miami FC;Sporting Jax;id1002816367172998;bet365;Over Under Team 1 Second Half;2.5;Under;1.068;1.068;2026-09-29T17:23:29.232Z
01.10.2026;02:00;USA;USL Championship;Miami FC;Sporting Jax;id1002816367172998;bet365;Over Under Team 1;0.5;Over;1.091;1.091;2026-09-29T17:23:29.232Z
01.10.2026;02:00;USA;USL Championship;Miami FC;Sporting Jax;id1002816367172998;bet365;Over Under Team 1;0.5;Under;6.0;6.0;2026-09-29T17:23:29.232Z
01.10.2026;02:00;USA;USL Championship;Miami FC;Sporting Jax;id1002816367172998;bet365;Over Under Team 1 Second Half;3.5;Over;19.0;19.0;2026-09-29T17:23:29.232Z
01.10.2026;02:00;USA;USL Championship;Miami FC;Sporting Jax;id1002816367172998;bet365;Over Under Team 1 Second Half;3.5;Under;1.016;1.016;2026-09-29T17:23:29.232Z
01.10.2026;02:00;USA;USL Championship;Miami FC;Sporting Jax;id1002816367172998;bet365;Over Under Team 1 Second Half;4.5;Over;41.0;41.0;2026-09-29T17:23:29.232Z
01.10.2026;02:00;USA;USL Championship;Miami FC;Sporting Jax;id1002816367172998;bet365;Over Under Team 2 Second Half;0.5;Over;2.02;1.87;2026-09-29T17:23:29.232Z
01.10.2026;02:00;USA;USL Championship;Miami FC;Sporting Jax;id1002816367172998;bet365;Over Under Team 2 Second Half;0.5;Under;1.69;1.8;2026-09-29T17:23:29.232Z
01.10.2026;02:00;USA;USL Championship;Miami FC;Sporting Jax;id1002816367172998;bet365;Over Under Team 2 Second Half;1.5;Over;7.0;6.0;2026-09-29T17:23:29.232Z
01.10.2026;02:00;USA;USL Championship;Miami FC;Sporting Jax;id1002816367172998;bet365;Over Under Team 2 Second Half;1.5;Under;1.075;1.1;2026-09-29T17:23:29.232Z
01.10.2026;02:00;USA;USL Championship;Miami FC;Sporting Jax;id1002816367172998;bet365;Over Under Team 2 Second Half;2.5;Over;23.0;19.0;2026-09-29T17:23:29.232Z
01.10.2026;02:00;USA;USL Championship;Miami FC;Sporting Jax;id1002816367172998;bet365;Over Under Team 2 Second Half;2.5;Under;1.012;1.016;2026-09-29T17:23:29.232Z
01.10.2026;02:00;USA;USL Championship;Miami FC;Sporting Jax;id1002816367172998;bet365;Over Under Team 2 Second Half;3.5;Over;51.0;41.0;2026-09-29T17:23:29.232Z
01.10.2026;02:00;USA;USL Championship;Miami FC;Sporting Jax;id1002816367172998;bet365;Over Under Team 1;1.5;Over;1.5;1.5;2026-09-29T17:23:29.232Z
01.10.2026;02:00;USA;USL Championship;Miami FC;Sporting Jax;id1002816367172998;bet365;Over Under Team 1;1.5;Under;2.37;2.37;2026-09-29T17:23:29.232Z
01.10.2026;02:00;USA;USL Championship;Miami FC;Sporting Jax;id1002816367172998;bet365;Over Under Team 1;2.5;Over;2.62;2.62;2026-09-29T17:23:29.232Z
01.10.2026;02:00;USA;USL Championship;Miami FC;Sporting Jax;id1002816367172998;bet365;Over Under Team 1;2.5;Under;1.41;1.41;2026-09-29T17:23:29.232Z
01.10.2026;02:00;USA;USL Championship;Miami FC;Sporting Jax;id1002816367172998;bet365;Over Under Team 1;3.5;Over;5.0;5.0;2026-09-29T17:23:29.232Z
01.10.2026;02:00;USA;USL Championship;Miami FC;Sporting Jax;id1002816367172998;bet365;Over Under Team 1;3.5;Under;1.11;1.11;2026-09-29T17:23:29.232Z
01.10.2026;02:00;USA;USL Championship;Miami FC;Sporting Jax;id1002816367172998;bet365;Over Under Team 1;4.5;Over;9.0;9.0;2026-09-29T17:23:29.232Z
01.10.2026;02:00;USA;USL Championship;Miami FC;Sporting Jax;id1002816367172998;bet365;Over Under Team 1;4.5;Under;1.032;1.032;2026-09-29T17:23:29.232Z
01.10.2026;02:00;USA;USL Championship;Miami FC;Sporting Jax;id1002816367172998;bet365;Over Under Team 2;0.5;Over;1.41;1.33;2026-09-29T17:23:29.232Z
01.10.2026;02:00;USA;USL Championship;Miami FC;Sporting Jax;id1002816367172998;bet365;Over Under Team 2;0.5;Under;2.62;3.0;2026-09-29T17:23:29.232Z
01.10.2026;02:00;USA;USL Championship;Miami FC;Sporting Jax;id1002816367172998;bet365;Over Under Team 2;1.5;Over;3.25;2.62;2026-09-29T17:23:29.232Z
01.10.2026;02:00;USA;USL Championship;Miami FC;Sporting Jax;id1002816367172998;bet365;Over Under Team 2;1.5;Under;1.3;1.41;2026-09-29T17:23:29.232Z
01.10.2026;02:00;USA;USL Championship;Miami FC;Sporting Jax;id1002816367172998;bet365;Over Under Team 2;2.5;Over;7.5;6.0;2026-09-29T17:23:29.232Z
01.10.2026;02:00;USA;USL Championship;Miami FC;Sporting Jax;id1002816367172998;bet365;Over Under Team 2;2.5;Under;1.061;1.091;2026-09-29T17:23:29.232Z
01.10.2026;02:00;USA;USL Championship;Miami FC;Sporting Jax;id1002816367172998;bet365;Over Under Team 2;3.5;Over;13.0;11.0;2026-09-29T17:23:29.232Z
01.10.2026;02:00;USA;USL Championship;Miami FC;Sporting Jax;id1002816367172998;bet365;Over Under Team 2;3.5;Under;1.01;1.016;2026-09-29T17:23:29.232Z
01.10.2026;02:00;USA;USL Championship;Miami FC;Sporting Jax;id1002816367172998;bet365;Over Under Team 2;4.5;Over;23.0;21.0;2026-09-29T17:23:29.232Z
01.10.2026;02:00;USA;USL Championship;Miami FC;Sporting Jax;id1002816367172998;bet365;Over Under First Half;0.5;Over;1.25;1.22;2026-09-29T17:23:29.232Z
01.10.2026;02:00;USA;USL Championship;Miami FC;Sporting Jax;id1002816367172998;bet365;Over Under First Half;0.5;Under;3.5;3.75;2026-09-29T17:23:29.232Z
01.10.2026;02:00;USA;USL Championship;Miami FC;Sporting Jax;id1002816367172998;bet365;Over Under First Half;1.5;Over;2.25;2.1;2026-09-29T17:23:29.232Z
01.10.2026;02:00;USA;USL Championship;Miami FC;Sporting Jax;id1002816367172998;bet365;Over Under First Half;1.5;Under;1.54;1.63;2026-09-29T17:23:29.232Z
01.10.2026;02:00;USA;USL Championship;Miami FC;Sporting Jax;id1002816367172998;bet365;Over Under First Half;2.5;Over;4.5;4.5;2026-09-29T17:23:29.232Z
01.10.2026;02:00;USA;USL Championship;Miami FC;Sporting Jax;id1002816367172998;bet365;Over Under First Half;2.5;Under;1.13;1.13;2026-09-29T17:23:29.232Z
01.10.2026;02:00;USA;USL Championship;Miami FC;Sporting Jax;id1002816367172998;bet365;Over Under First Half;3.5;Over;9.0;9.0;2026-09-29T17:23:29.232Z
01.10.2026;02:00;USA;USL Championship;Miami FC;Sporting Jax;id1002816367172998;bet365;Over Under First Half;3.5;Under;1.032;1.032;2026-09-29T17:23:29.232Z
01.10.2026;02:00;USA;USL Championship;Miami FC;Sporting Jax;id1002816367172998;bet365;Over Under First Half;4.5;Over;17.0;17.0;2026-09-29T17:23:29.232Z
01.10.2026;02:00;USA;USL Championship;Miami FC;Sporting Jax;id1002816367172998;bet365;Over Under First Half;4.5;Under;1.008;1.008;2026-09-28T15:26:20.644Z
01.10.2026;02:00;USA;USL Championship;Miami FC;Sporting Jax;id1002816367172998;bet365;Over Under Second Half;0.5;Over;1.13;1.11;2026-09-29T17:23:29.232Z
01.10.2026;02:00;USA;USL Championship;Miami FC;Sporting Jax;id1002816367172998;bet365;Over Under Second Half;0.5;Under;5.0;5.5;2026-09-29T17:23:29.232Z
01.10.2026;02:00;USA;USL Championship;Miami FC;Sporting Jax;id1002816367172998;bet365;Over Under Second Half;1.5;Over;1.77;1.69;2026-09-29T17:23:29.232Z
01.10.2026;02:00;USA;USL Championship;Miami FC;Sporting Jax;id1002816367172998;bet365;Over Under Second Half;1.5;Under;1.87;1.97;2026-09-29T17:23:29.232Z
01.10.2026;02:00;USA;USL Championship;Miami FC;Sporting Jax;id1002816367172998;bet365;Over Under Second Half;2.5;Over;3.5;3.25;2026-09-29T17:23:29.232Z
01.10.2026;02:00;USA;USL Championship;Miami FC;Sporting Jax;id1002816367172998;bet365;Over Under Second Half;2.5;Under;1.25;1.3;2026-09-29T17:23:29.232Z
01.10.2026;02:00;USA;USL Championship;Miami FC;Sporting Jax;id1002816367172998;bet365;Over Under Second Half;3.5;Over;8.0;7.0;2026-09-29T17:23:29.232Z
01.10.2026;02:00;USA;USL Championship;Miami FC;Sporting Jax;id1002816367172998;bet365;Over Under Second Half;3.5;Under;1.068;1.08;2026-09-29T17:23:29.232Z
01.10.2026;02:00;USA;USL Championship;Miami FC;Sporting Jax;id1002816367172998;bet365;Over Under Second Half;4.5;Over;19.0;17.0;2026-09-29T17:23:29.232Z
01.10.2026;02:00;USA;USL Championship;Miami FC;Sporting Jax;id1002816367172998;bet365;Over Under Second Half;4.5;Under;1.016;1.02;2026-09-29T17:23:29.232Z
01.10.2026;02:00;USA;USL Championship;Miami FC;Sporting Jax;id1002816367172998;bet365;Both Teams To Score;0.0;Yes;1.58;1.5;2026-09-29T17:23:29.232Z
01.10.2026;02:00;USA;USL Championship;Miami FC;Sporting Jax;id1002816367172998;bet365;Both Teams To Score;0.0;No;2.2;2.37;2026-09-29T17:23:29.232Z
01.10.2026;02:00;USA;USL Championship;Miami FC;Sporting Jax;id1002816367172998;bet365;Over Under Full Time;0.5;Over;1.004;1.016;2026-09-29T18:41:31.532Z
01.10.2026;02:00;USA;USL Championship;Miami FC;Sporting Jax;id1002816367172998;bet365;Over Under Full Time;0.5;Under;17.0;11.0;2026-09-29T18:41:31.532Z
01.10.2026;02:00;USA;USL Championship;Miami FC;Sporting Jax;id1002816367172998;bet365;Over Under Full Time;1.5;Over;1.13;1.1;2026-09-29T18:41:31.532Z
01.10.2026;02:00;USA;USL Championship;Miami FC;Sporting Jax;id1002816367172998;bet365;Over Under Full Time;1.5;Under;4.5;5.5;2026-09-29T18:41:31.532Z
01.10.2026;02:00;USA;USL Championship;Miami FC;Sporting Jax;id1002816367172998;pinnacle;Full Time Result;0.0;1;1.694;1.649;2026-09-29T16:42:30.107Z
01.10.2026;02:00;USA;USL Championship;Miami FC;Sporting Jax;id1002816367172998;pinnacle;Full Time Result;0.0;X;4.25;3.75;2026-09-29T16:42:30.107Z
01.10.2026;02:00;USA;USL Championship;Miami FC;Sporting Jax;id1002816367172998;pinnacle;Full Time Result;0.0;2;4.36;5.02;2026-09-29T16:42:30.107Z
01.10.2026;02:00;USA;USL Championship;Miami FC;Sporting Jax;id1002816367172998;pinnacle;Over Under Full Time;2.5;Over;1.561;1.469;2026-09-29T16:42:30.107Z
01.10.2026;02:00;USA;USL Championship;Miami FC;Sporting Jax;id1002816367172998;pinnacle;Over Under Full Time;2.5;Under;2.44;2.61;2026-09-29T16:42:30.107Z
01.10.2026;02:00;USA;USL Championship;Miami FC;Sporting Jax;id1002816367172998;pinnacle;Over Under Full Time;3.5;Over;2.4;2.12;2026-09-29T16:42:30.107Z
01.10.2026;02:00;USA;USL Championship;Miami FC;Sporting Jax;id1002816367172998;pinnacle;Over Under Full Time;3.5;Under;1.581;1.709;2026-09-29T16:42:30.107Z
01.10.2026;02:00;USA;USL Championship;Miami FC;Sporting Jax;id1002816367172998;pinnacle;European Handicap;2.0;1;1.042;1.045;2026-09-29T11:31:54.680Z
01.10.2026;02:00;USA;USL Championship;Miami FC;Sporting Jax;id1002816367172998;pinnacle;European Handicap;2.0;X;14.8;14.89;2026-09-29T11:31:54.680Z
01.10.2026;02:00;USA;USL Championship;Miami FC;Sporting Jax;id1002816367172998;pinnacle;European Handicap;2.0;2;28.76;29.94;2026-09-29T11:31:54.680Z
01.10.2026;02:00;USA;USL Championship;Miami FC;Sporting Jax;id1002816367172998;pinnacle;European Handicap;1.0;1;1.16;1.168;2026-09-29T11:31:54.680Z
01.10.2026;02:00;USA;USL Championship;Miami FC;Sporting Jax;id1002816367172998;pinnacle;European Handicap;1.0;X;7.31;7.29;2026-09-29T11:31:54.680Z
01.10.2026;02:00;USA;USL Championship;Miami FC;Sporting Jax;id1002816367172998;pinnacle;European Handicap;1.0;2;11.64;11.68;2026-09-29T11:31:54.680Z
01.10.2026;02:00;USA;USL Championship;Miami FC;Sporting Jax;id1002816367172998;pinnacle;Over Under Full Time;4.5;Over;4.16;3.63;2026-09-29T16:42:30.107Z
01.10.2026;02:00;USA;USL Championship;Miami FC;Sporting Jax;id1002816367172998;pinnacle;Over Under Full Time;4.5;Under;1.227;1.268;2026-09-29T16:42:30.107Z
01.10.2026;02:00;USA;USL Championship;Miami FC;Sporting Jax;id1002816367172998;pinnacle;European Handicap;-1.0;1;2.75;2.58;2026-09-29T16:42:31.536Z
01.10.2026;02:00;USA;USL Championship;Miami FC;Sporting Jax;id1002816367172998;pinnacle;European Handicap;-1.0;X;4.07;4.3;2026-09-29T16:42:31.536Z
01.10.2026;02:00;USA;USL Championship;Miami FC;Sporting Jax;id1002816367172998;pinnacle;European Handicap;-1.0;2;2.13;2.21;2026-09-29T16:42:31.536Z
01.10.2026;02:00;USA;USL Championship;Miami FC;Sporting Jax;id1002816367172998;pinnacle;European Handicap;-2.0;1;5.3;4.85;2026-09-29T16:42:31.536Z
01.10.2026;02:00;USA;USL Championship;Miami FC;Sporting Jax;id1002816367172998;pinnacle;European Handicap;-2.0;X;5.09;4.97;2026-09-29T16:42:31.536Z
01.10.2026;02:00;USA;USL Championship;Miami FC;Sporting Jax;id1002816367172998;pinnacle;European Handicap;-2.0;2;1.423;1.485;2026-09-29T16:42:31.536Z
01.10.2026;02:00;USA;USL Championship;Miami FC;Sporting Jax;id1002816367172998;pinnacle;First Half Result;0.0;1;2.19;2.0;2026-09-29T16:42:30.107Z
01.10.2026;02:00;USA;USL Championship;Miami FC;Sporting Jax;id1002816367172998;pinnacle;First Half Result;0.0;X;2.57;2.69;2026-09-29T16:42:30.107Z
01.10.2026;02:00;USA;USL Championship;Miami FC;Sporting Jax;id1002816367172998;pinnacle;First Half Result;0.0;2;4.75;4.93;2026-09-29T16:42:30.107Z
01.10.2026;02:00;USA;USL Championship;Miami FC;Sporting Jax;id1002816367172998;pinnacle;Over Under Team 1 First Half;0.5;Over;1.584;1.505;2026-09-29T16:42:30.107Z
01.10.2026;02:00;USA;USL Championship;Miami FC;Sporting Jax;id1002816367172998;pinnacle;Over Under Team 1 First Half;0.5;Under;2.35;2.49;2026-09-29T16:42:30.107Z
01.10.2026;02:00;USA;USL Championship;Miami FC;Sporting Jax;id1002816367172998;pinnacle;Over Under Team 2 First Half;0.5;Over;2.4;2.36;2026-09-29T16:42:30.107Z
01.10.2026;02:00;USA;USL Championship;Miami FC;Sporting Jax;id1002816367172998;pinnacle;Over Under Team 2 First Half;0.5;Under;1.561;1.558;2026-09-29T16:42:30.107Z
01.10.2026;02:00;USA;USL Championship;Miami FC;Sporting Jax;id1002816367172998;pinnacle;Over Under Team 1;1.5;Over;1.595;1.495;2026-09-29T16:42:30.107Z
01.10.2026;02:00;USA;USL Championship;Miami FC;Sporting Jax;id1002816367172998;pinnacle;Over Under Team 1;1.5;Under;2.35;2.55;2026-09-29T16:42:30.107Z
01.10.2026;02:00;USA;USL Championship;Miami FC;Sporting Jax;id1002816367172998;pinnacle;Over Under Team 1;2.5;Over;2.87;2.58;2026-09-29T16:42:30.107Z
01.10.2026;02:00;USA;USL Championship;Miami FC;Sporting Jax;id1002816367172998;pinnacle;Over Under Team 1;2.5;Under;1.393;1.454;2026-09-29T16:42:30.107Z
01.10.2026;02:00;USA;USL Championship;Miami FC;Sporting Jax;id1002816367172998;pinnacle;Over Under Team 2;0.5;Over;1.367;1.331;2026-09-29T16:42:30.107Z
01.10.2026;02:00;USA;USL Championship;Miami FC;Sporting Jax;id1002816367172998;pinnacle;Over Under Team 2;0.5;Under;2.99;3.1;2026-09-29T16:42:30.107Z
01.10.2026;02:00;USA;USL Championship;Miami FC;Sporting Jax;id1002816367172998;pinnacle;Over Under Team 2;1.5;Over;2.89;2.78;2026-09-29T16:42:30.107Z
01.10.2026;02:00;USA;USL Championship;Miami FC;Sporting Jax;id1002816367172998;pinnacle;Over Under Team 2;1.5;Under;1.416;1.425;2026-09-29T16:42:30.107Z
01.10.2026;02:00;USA;USL Championship;Miami FC;Sporting Jax;id1002816367172998;pinnacle;Over Under First Half;1.5;Over;2.32;2.14;2026-09-29T16:42:30.107Z
01.10.2026;02:00;USA;USL Championship;Miami FC;Sporting Jax;id1002816367172998;pinnacle;Over Under First Half;1.5;Under;1.606;1.68;2026-09-29T16:42:30.107Z
01.10.2026;02:00;USA;USL Championship;Miami FC;Sporting Jax;id1002816367172998;pinnacle;Both Teams To Score First Half;0.0;Yes;3.87;3.65;2026-09-29T16:42:31.536Z
01.10.2026;02:00;USA;USL Championship;Miami FC;Sporting Jax;id1002816367172998;pinnacle;Both Teams To Score First Half;0.0;No;1.228;1.257;2026-09-29T16:42:31.536Z
01.10.2026;02:00;USA;USL Championship;Miami FC;Sporting Jax;id1002816367172998;pinnacle;Both Teams To Score;0.0;Yes;1.523;1.48;2026-09-29T16:42:31.536Z
01.10.2026;02:00;USA;USL Championship;Miami FC;Sporting Jax;id1002816367172998;pinnacle;Both Teams To Score;0.0;No;2.44;2.59;2026-09-29T16:42:31.536Z
01.10.2026;02:00;USA;USL Championship;Miami FC;Sporting Jax;id1002816367172998;pinnacle;Asian Handicap;-2.0;1;3.97;3.95;2026-09-28T15:24:48.601Z
01.10.2026;02:00;USA;USL Championship;Miami FC;Sporting Jax;id1002816367172998;pinnacle;Asian Handicap;-2.0;2;1.222;1.236;2026-09-28T15:24:48.601Z
01.10.2026;02:00;USA;USL Championship;Miami FC;Sporting Jax;id1002816367172998;pinnacle;Asian Handicap;-1.75;1;3.44;3.1;2026-09-29T16:42:30.107Z
01.10.2026;02:00;USA;USL Championship;Miami FC;Sporting Jax;id1002816367172998;pinnacle;Asian Handicap;-1.75;2;1.317;1.358;2026-09-29T16:42:30.107Z
01.10.2026;02:00;USA;USL Championship;Miami FC;Sporting Jax;id1002816367172998;pinnacle;Asian Handicap First Half;-1.0;1;3.68;3.59;2026-09-29T16:42:30.107Z
01.10.2026;02:00;USA;USL Championship;Miami FC;Sporting Jax;id1002816367172998;pinnacle;Asian Handicap First Half;-1.0;2;1.245;1.274;2026-09-29T16:42:30.107Z
01.10.2026;02:00;USA;USL Championship;Miami FC;Sporting Jax;id1002816367172998;pinnacle;Asian Handicap First Half;-0.75;1;2.74;2.46;2026-09-29T16:42:30.107Z
01.10.2026;02:00;USA;USL Championship;Miami FC;Sporting Jax;id1002816367172998;pinnacle;Asian Handicap First Half;-0.75;2;1.45;1.526;2026-09-29T16:42:30.107Z
01.10.2026;02:00;USA;USL Championship;Miami FC;Sporting Jax;id1002816367172998;pinnacle;Asian Handicap;-1.5;1;2.82;2.58;2026-09-29T16:42:30.107Z
01.10.2026;02:00;USA;USL Championship;Miami FC;Sporting Jax;id1002816367172998;pinnacle;Asian Handicap;-1.5;2;1.438;1.487;2026-09-29T16:42:30.107Z
01.10.2026;02:00;USA;USL Championship;Miami FC;Sporting Jax;id1002816367172998;pinnacle;Asian Handicap First Half;-0.5;1;2.18;2.009;2026-09-29T16:42:30.107Z
01.10.2026;02:00;USA;USL Championship;Miami FC;Sporting Jax;id1002816367172998;pinnacle;Asian Handicap First Half;-0.5;2;1.684;1.787;2026-09-29T16:42:30.107Z
01.10.2026;02:00;USA;USL Championship;Miami FC;Sporting Jax;id1002816367172998;pinnacle;Asian Handicap First Half;-0.25;1;1.781;1.653;2026-09-29T16:42:30.107Z
01.10.2026;02:00;USA;USL Championship;Miami FC;Sporting Jax;id1002816367172998;pinnacle;Asian Handicap First Half;-0.25;2;2.05;2.19;2026-09-29T16:42:30.107Z
01.10.2026;02:00;USA;USL Championship;Miami FC;Sporting Jax;id1002816367172998;pinnacle;Asian Handicap First Half;0.0;1;1.378;1.311;2026-09-29T16:42:30.107Z
01.10.2026;02:00;USA;USL Championship;Miami FC;Sporting Jax;id1002816367172998;pinnacle;Asian Handicap First Half;0.0;2;3.06;3.33;2026-09-29T16:42:30.107Z
01.10.2026;02:00;USA;USL Championship;Miami FC;Sporting Jax;id1002816367172998;pinnacle;Asian Handicap First Half;0.25;1;1.255;1.248;2026-09-29T11:01:22.218Z
01.10.2026;02:00;USA;USL Championship;Miami FC;Sporting Jax;id1002816367172998;pinnacle;Asian Handicap First Half;0.25;2;3.89;3.83;2026-09-29T11:01:22.218Z
01.10.2026;02:00;USA;USL Championship;Miami FC;Sporting Jax;id1002816367172998;pinnacle;Asian Handicap;-1.25;1;2.52;2.33;2026-09-29T16:42:30.107Z
01.10.2026;02:00;USA;USL Championship;Miami FC;Sporting Jax;id1002816367172998;pinnacle;Asian Handicap;-1.25;2;1.543;1.598;2026-09-29T16:42:30.107Z
01.10.2026;02:00;USA;USL Championship;Miami FC;Sporting Jax;id1002816367172998;pinnacle;Asian Handicap;-1.0;1;2.2;2.06;2026-09-29T16:42:30.107Z
01.10.2026;02:00;USA;USL Championship;Miami FC;Sporting Jax;id1002816367172998;pinnacle;Asian Handicap;-1.0;2;1.699;1.763;2026-09-29T16:42:30.107Z
01.10.2026;02:00;USA;USL Championship;Miami FC;Sporting Jax;id1002816367172998;pinnacle;Asian Handicap;-0.75;1;1.884;1.819;2026-09-29T16:42:30.107Z
01.10.2026;02:00;USA;USL Championship;Miami FC;Sporting Jax;id1002816367172998;pinnacle;Asian Handicap;-0.75;2;1.97;2.009;2026-09-29T16:42:30.107Z
01.10.2026;02:00;USA;USL Championship;Miami FC;Sporting Jax;id1002816367172998;pinnacle;Asian Handicap;-0.5;1;1.694;1.653;2026-09-29T16:42:30.107Z
01.10.2026;02:00;USA;USL Championship;Miami FC;Sporting Jax;id1002816367172998;pinnacle;Asian Handicap;-0.5;2;2.2;2.23;2026-09-29T16:42:30.107Z
01.10.2026;02:00;USA;USL Championship;Miami FC;Sporting Jax;id1002816367172998;pinnacle;Asian Handicap;-0.25;1;1.507;1.452;2026-09-29T16:42:30.107Z
01.10.2026;02:00;USA;USL Championship;Miami FC;Sporting Jax;id1002816367172998;pinnacle;Asian Handicap;-0.25;2;2.61;2.73;2026-09-29T16:42:30.107Z
01.10.2026;02:00;USA;USL Championship;Miami FC;Sporting Jax;id1002816367172998;pinnacle;Asian Handicap;0.0;1;1.321;1.251;2026-09-29T16:42:30.107Z
01.10.2026;02:00;USA;USL Championship;Miami FC;Sporting Jax;id1002816367172998;pinnacle;Asian Handicap;0.0;2;3.42;3.86;2026-09-29T16:42:30.107Z
01.10.2026;02:00;USA;USL Championship;Miami FC;Sporting Jax;id1002816367172998;pinnacle;Asian Handicap;0.25;1;1.264;1.202;2026-09-29T16:42:30.107Z
01.10.2026;02:00;USA;USL Championship;Miami FC;Sporting Jax;id1002816367172998;pinnacle;Asian Handicap;0.25;2;3.87;4.44;2026-09-29T16:42:30.107Z
01.10.2026;02:00;USA;USL Championship;Miami FC;Sporting Jax;id1002816367172998;pinnacle;Asian Handicap;0.5;1;1.185;1.209;2026-09-28T10:34:13.106Z
01.10.2026;02:00;USA;USL Championship;Miami FC;Sporting Jax;id1002816367172998;pinnacle;Asian Handicap;0.5;2;4.61;4.27;2026-09-28T10:34:13.106Z
01.10.2026;02:00;USA;USL Championship;Miami FC;Sporting Jax;id1002816367172998;pinnacle;Over Under Full Time;1.5;Over;1.173;1.132;2026-09-29T16:42:30.107Z
01.10.2026;02:00;USA;USL Championship;Miami FC;Sporting Jax;id1002816367172998;pinnacle;Over Under Full Time;1.5;Under;4.95;5.61;2026-09-29T16:42:30.107Z
01.10.2026;02:00;Uruguay;Primera Division;Montevideo City Torque;CA Penarol Montevideo;id1000027874853668;bet365;Full Time Result;0.0;1;2.5;2.7;2026-09-29T17:24:13.637Z
01.10.2026;02:00;Uruguay;Primera Division;Montevideo City Torque;CA Penarol Montevideo;id1000027874853668;bet365;Full Time Result;0.0;X;3.4;3.5;2026-09-29T17:24:13.637Z
01.10.2026;02:00;Uruguay;Primera Division;Montevideo City Torque;CA Penarol Montevideo;id1000027874853668;bet365;Full Time Result;0.0;2;2.5;2.3;2026-09-29T17:24:13.637Z
01.10.2026;02:00;Uruguay;Primera Division;Montevideo City Torque;CA Penarol Montevideo;id1000027874853668;bet365;Over Under Full Time;2.5;Over;2.02;2.02;2026-09-29T17:24:13.637Z
01.10.2026;02:00;Uruguay;Primera Division;Montevideo City Torque;CA Penarol Montevideo;id1000027874853668;bet365;Over Under Full Time;2.5;Under;1.72;1.72;2026-09-29T17:24:13.637Z
01.10.2026;02:00;Uruguay;Primera Division;Montevideo City Torque;CA Penarol Montevideo;id1000027874853668;bet365;Over Under Full Time;3.5;Over;3.75;3.75;2026-09-29T17:24:13.637Z
01.10.2026;02:00;Uruguay;Primera Division;Montevideo City Torque;CA Penarol Montevideo;id1000027874853668;bet365;Over Under Full Time;3.5;Under;1.22;1.22;2026-09-29T17:24:13.637Z
01.10.2026;02:00;Uruguay;Primera Division;Montevideo City Torque;CA Penarol Montevideo;id1000027874853668;bet365;Over Under Full Time;4.5;Over;8.0;8.0;2026-09-29T17:24:13.637Z
01.10.2026;02:00;Uruguay;Primera Division;Montevideo City Torque;CA Penarol Montevideo;id1000027874853668;bet365;Over Under Full Time;4.5;Under;1.068;1.068;2026-09-29T17:24:13.637Z
01.10.2026;02:00;Uruguay;Primera Division;Montevideo City Torque;CA Penarol Montevideo;id1000027874853668;bet365;Double Chance Full Time;0.0;1X;1.47;1.54;2026-09-29T17:24:13.637Z
01.10.2026;02:00;Uruguay;Primera Division;Montevideo City Torque;CA Penarol Montevideo;id1000027874853668;bet365;Double Chance Full Time;0.0;12;1.27;1.25;2026-09-29T17:24:13.637Z
01.10.2026;02:00;Uruguay;Primera Division;Montevideo City Torque;CA Penarol Montevideo;id1000027874853668;bet365;Double Chance Full Time;0.0;2X;1.47;1.41;2026-09-29T17:24:13.637Z
01.10.2026;02:00;Uruguay;Primera Division;Montevideo City Torque;CA Penarol Montevideo;id1000027874853668;bet365;First Half Result;0.0;1;3.25;3.5;2026-09-29T17:24:13.637Z
01.10.2026;02:00;Uruguay;Primera Division;Montevideo City Torque;CA Penarol Montevideo;id1000027874853668;bet365;First Half Result;0.0;X;2.1;2.1;2026-09-29T17:24:13.637Z
01.10.2026;02:00;Uruguay;Primera Division;Montevideo City Torque;CA Penarol Montevideo;id1000027874853668;bet365;First Half Result;0.0;2;3.25;3.1;2026-09-29T17:24:13.637Z
01.10.2026;02:00;Uruguay;Primera Division;Montevideo City Torque;CA Penarol Montevideo;id1000027874853668;bet365;Second Half Result;0.0;1;2.87;3.1;2026-09-29T17:24:13.637Z
01.10.2026;02:00;Uruguay;Primera Division;Montevideo City Torque;CA Penarol Montevideo;id1000027874853668;bet365;Second Half Result;0.0;X;2.37;2.37;2026-09-29T17:24:13.637Z
01.10.2026;02:00;Uruguay;Primera Division;Montevideo City Torque;CA Penarol Montevideo;id1000027874853668;bet365;Second Half Result;0.0;2;2.87;2.62;2026-09-29T17:24:13.637Z
01.10.2026;02:00;Uruguay;Primera Division;Montevideo City Torque;CA Penarol Montevideo;id1000027874853668;bet365;Over Under Team 1 First Half;0.5;Over;2.2;2.25;2026-09-29T17:24:13.637Z
01.10.2026;02:00;Uruguay;Primera Division;Montevideo City Torque;CA Penarol Montevideo;id1000027874853668;bet365;Over Under Team 1 First Half;0.5;Under;1.58;1.54;2026-09-29T17:24:13.637Z
01.10.2026;02:00;Uruguay;Primera Division;Montevideo City Torque;CA Penarol Montevideo;id1000027874853668;bet365;Over Under Team 1 First Half;1.5;Over;8.5;9.0;2026-09-29T17:24:13.637Z
01.10.2026;02:00;Uruguay;Primera Division;Montevideo City Torque;CA Penarol Montevideo;id1000027874853668;bet365;Over Under Team 1 First Half;1.5;Under;1.061;1.061;2026-09-29T17:24:13.637Z
01.10.2026;02:00;Uruguay;Primera Division;Montevideo City Torque;CA Penarol Montevideo;id1000027874853668;bet365;Over Under Team 1 First Half;2.5;Over;29.0;29.0;2026-09-29T17:24:13.637Z
01.10.2026;02:00;Uruguay;Primera Division;Montevideo City Torque;CA Penarol Montevideo;id1000027874853668;bet365;Over Under Team 1 First Half;2.5;Under;1.01;1.008;2026-09-29T17:24:13.637Z
01.10.2026;02:00;Uruguay;Primera Division;Montevideo City Torque;CA Penarol Montevideo;id1000027874853668;bet365;Over Under Team 1 First Half;3.5;Over;51.0;67.0;2026-09-29T17:24:13.637Z
01.10.2026;02:00;Uruguay;Primera Division;Montevideo City Torque;CA Penarol Montevideo;id1000027874853668;bet365;Over Under Team 2 First Half;0.5;Over;2.2;2.1;2026-09-29T17:24:13.637Z
01.10.2026;02:00;Uruguay;Primera Division;Montevideo City Torque;CA Penarol Montevideo;id1000027874853668;bet365;Over Under Team 2 First Half;0.5;Under;1.58;1.63;2026-09-29T17:24:13.637Z
01.10.2026;02:00;Uruguay;Primera Division;Montevideo City Torque;CA Penarol Montevideo;id1000027874853668;bet365;Over Under Team 2 First Half;1.5;Over;8.5;8.0;2026-09-29T17:24:13.637Z
01.10.2026;02:00;Uruguay;Primera Division;Montevideo City Torque;CA Penarol Montevideo;id1000027874853668;bet365;Over Under Team 2 First Half;1.5;Under;1.061;1.061;2026-09-29T17:24:13.637Z
01.10.2026;02:00;Uruguay;Primera Division;Montevideo City Torque;CA Penarol Montevideo;id1000027874853668;bet365;Over Under Team 2 First Half;2.5;Over;29.0;29.0;2026-09-29T17:24:13.637Z
01.10.2026;02:00;Uruguay;Primera Division;Montevideo City Torque;CA Penarol Montevideo;id1000027874853668;bet365;Over Under Team 2 First Half;2.5;Under;1.01;1.01;2026-09-29T17:24:13.637Z
01.10.2026;02:00;Uruguay;Primera Division;Montevideo City Torque;CA Penarol Montevideo;id1000027874853668;bet365;Over Under Team 2 First Half;3.5;Over;51.0;51.0;2026-09-29T17:24:13.637Z
01.10.2026;02:00;Uruguay;Primera Division;Montevideo City Torque;CA Penarol Montevideo;id1000027874853668;bet365;Over Under Team 1 Second Half;0.5;Over;1.8;1.87;2026-09-29T17:24:13.637Z
01.10.2026;02:00;Uruguay;Primera Division;Montevideo City Torque;CA Penarol Montevideo;id1000027874853668;bet365;Over Under Team 1 Second Half;0.5;Under;1.8;1.77;2026-09-29T17:24:13.637Z
01.10.2026;02:00;Uruguay;Primera Division;Montevideo City Torque;CA Penarol Montevideo;id1000027874853668;bet365;Over Under Team 1 Second Half;1.5;Over;6.0;6.5;2026-09-29T17:24:13.637Z
01.10.2026;02:00;Uruguay;Primera Division;Montevideo City Torque;CA Penarol Montevideo;id1000027874853668;bet365;Over Under Team 1 Second Half;1.5;Under;1.1;1.091;2026-09-29T17:24:13.637Z
01.10.2026;02:00;Uruguay;Primera Division;Montevideo City Torque;CA Penarol Montevideo;id1000027874853668;bet365;Over Under Team 1 Second Half;2.5;Over;21.0;23.0;2026-09-29T17:24:13.637Z
01.10.2026;02:00;Uruguay;Primera Division;Montevideo City Torque;CA Penarol Montevideo;id1000027874853668;bet365;Over Under Team 1 Second Half;2.5;Under;1.016;1.016;2026-09-29T17:24:13.637Z
01.10.2026;02:00;Uruguay;Primera Division;Montevideo City Torque;CA Penarol Montevideo;id1000027874853668;bet365;Over Under Team 1;0.5;Over;1.3;1.33;2026-09-29T17:24:13.637Z
01.10.2026;02:00;Uruguay;Primera Division;Montevideo City Torque;CA Penarol Montevideo;id1000027874853668;bet365;Over Under Team 1;0.5;Under;3.25;3.0;2026-09-29T17:24:13.637Z
01.10.2026;02:00;Uruguay;Primera Division;Montevideo City Torque;CA Penarol Montevideo;id1000027874853668;bet365;Over Under Team 1 Second Half;3.5;Over;41.0;51.0;2026-09-29T17:24:13.637Z
01.10.2026;02:00;Uruguay;Primera Division;Montevideo City Torque;CA Penarol Montevideo;id1000027874853668;bet365;Over Under Team 2 Second Half;0.5;Over;1.8;1.77;2026-09-29T17:24:13.637Z
01.10.2026;02:00;Uruguay;Primera Division;Montevideo City Torque;CA Penarol Montevideo;id1000027874853668;bet365;Over Under Team 2 Second Half;0.5;Under;1.8;1.87;2026-09-29T17:24:13.637Z
01.10.2026;02:00;Uruguay;Primera Division;Montevideo City Torque;CA Penarol Montevideo;id1000027874853668;bet365;Over Under Team 2 Second Half;1.5;Over;6.0;5.5;2026-09-29T17:24:13.637Z
01.10.2026;02:00;Uruguay;Primera Division;Montevideo City Torque;CA Penarol Montevideo;id1000027874853668;bet365;Over Under Team 2 Second Half;1.5;Under;1.1;1.11;2026-09-29T17:24:13.637Z
01.10.2026;02:00;Uruguay;Primera Division;Montevideo City Torque;CA Penarol Montevideo;id1000027874853668;bet365;Over Under Team 2 Second Half;2.5;Over;21.0;19.0;2026-09-29T17:24:13.637Z
01.10.2026;02:00;Uruguay;Primera Division;Montevideo City Torque;CA Penarol Montevideo;id1000027874853668;bet365;Over Under Team 2 Second Half;2.5;Under;1.016;1.02;2026-09-29T17:24:13.637Z
01.10.2026;02:00;Uruguay;Primera Division;Montevideo City Torque;CA Penarol Montevideo;id1000027874853668;bet365;Over Under Team 2 Second Half;3.5;Over;41.0;41.0;2026-09-29T17:24:13.637Z
01.10.2026;02:00;Uruguay;Primera Division;Montevideo City Torque;CA Penarol Montevideo;id1000027874853668;bet365;Over Under Team 1;1.5;Over;2.62;2.75;2026-09-29T17:24:13.637Z
01.10.2026;02:00;Uruguay;Primera Division;Montevideo City Torque;CA Penarol Montevideo;id1000027874853668;bet365;Over Under Team 1;1.5;Under;1.41;1.37;2026-09-29T17:24:13.637Z
01.10.2026;02:00;Uruguay;Primera Division;Montevideo City Torque;CA Penarol Montevideo;id1000027874853668;bet365;Over Under Team 1;2.5;Over;6.5;7.0;2026-09-29T17:24:13.637Z
01.10.2026;02:00;Uruguay;Primera Division;Montevideo City Torque;CA Penarol Montevideo;id1000027874853668;bet365;Over Under Team 1;2.5;Under;1.091;1.08;2026-09-29T17:24:13.637Z
01.10.2026;02:00;Uruguay;Primera Division;Montevideo City Torque;CA Penarol Montevideo;id1000027874853668;bet365;Over Under Team 1;3.5;Over;19.0;21.0;2026-09-29T17:24:13.637Z
01.10.2026;02:00;Uruguay;Primera Division;Montevideo City Torque;CA Penarol Montevideo;id1000027874853668;bet365;Over Under Team 1;3.5;Under;1.016;1.012;2026-09-29T17:24:13.637Z
01.10.2026;02:00;Uruguay;Primera Division;Montevideo City Torque;CA Penarol Montevideo;id1000027874853668;bet365;Over Under Team 1;4.5;Over;51.0;51.0;2026-09-29T17:24:13.637Z
01.10.2026;02:00;Uruguay;Primera Division;Montevideo City Torque;CA Penarol Montevideo;id1000027874853668;bet365;Over Under Team 2;0.5;Over;1.3;1.27;2026-09-29T17:24:13.637Z
01.10.2026;02:00;Uruguay;Primera Division;Montevideo City Torque;CA Penarol Montevideo;id1000027874853668;bet365;Over Under Team 2;0.5;Under;3.25;3.4;2026-09-29T17:24:13.637Z
01.10.2026;02:00;Uruguay;Primera Division;Montevideo City Torque;CA Penarol Montevideo;id1000027874853668;bet365;Over Under Team 2;1.5;Over;2.62;2.37;2026-09-29T17:24:13.637Z
01.10.2026;02:00;Uruguay;Primera Division;Montevideo City Torque;CA Penarol Montevideo;id1000027874853668;bet365;Over Under Team 2;1.5;Under;1.41;1.5;2026-09-29T17:24:13.637Z
01.10.2026;02:00;Uruguay;Primera Division;Montevideo City Torque;CA Penarol Montevideo;id1000027874853668;bet365;Over Under Team 2;2.5;Over;6.5;6.0;2026-09-29T17:24:13.637Z
01.10.2026;02:00;Uruguay;Primera Division;Montevideo City Torque;CA Penarol Montevideo;id1000027874853668;bet365;Over Under Team 2;2.5;Under;1.091;1.1;2026-09-29T17:24:13.637Z
01.10.2026;02:00;Uruguay;Primera Division;Montevideo City Torque;CA Penarol Montevideo;id1000027874853668;bet365;Over Under Team 2;3.5;Over;19.0;17.0;2026-09-29T17:24:13.637Z
01.10.2026;02:00;Uruguay;Primera Division;Montevideo City Torque;CA Penarol Montevideo;id1000027874853668;bet365;Over Under Team 2;3.5;Under;1.016;1.02;2026-09-29T17:24:13.637Z
01.10.2026;02:00;Uruguay;Primera Division;Montevideo City Torque;CA Penarol Montevideo;id1000027874853668;bet365;Over Under Team 2;4.5;Over;51.0;41.0;2026-09-29T17:24:13.637Z
01.10.2026;02:00;Uruguay;Primera Division;Montevideo City Torque;CA Penarol Montevideo;id1000027874853668;bet365;Over Under First Half;0.5;Over;1.37;1.37;2026-09-29T17:24:13.637Z
01.10.2026;02:00;Uruguay;Primera Division;Montevideo City Torque;CA Penarol Montevideo;id1000027874853668;bet365;Over Under First Half;0.5;Under;2.75;2.75;2026-09-29T17:24:13.637Z
01.10.2026;02:00;Uruguay;Primera Division;Montevideo City Torque;CA Penarol Montevideo;id1000027874853668;bet365;Over Under First Half;1.5;Over;3.0;3.0;2026-09-29T17:24:13.637Z
01.10.2026;02:00;Uruguay;Primera Division;Montevideo City Torque;CA Penarol Montevideo;id1000027874853668;bet365;Over Under First Half;1.5;Under;1.33;1.33;2026-09-29T17:24:13.637Z
01.10.2026;02:00;Uruguay;Primera Division;Montevideo City Torque;CA Penarol Montevideo;id1000027874853668;bet365;Over Under First Half;2.5;Over;9.0;8.0;2026-09-29T17:24:13.637Z
01.10.2026;02:00;Uruguay;Primera Division;Montevideo City Torque;CA Penarol Montevideo;id1000027874853668;bet365;Over Under First Half;2.5;Under;1.061;1.068;2026-09-29T17:24:13.637Z
01.10.2026;02:00;Uruguay;Primera Division;Montevideo City Torque;CA Penarol Montevideo;id1000027874853668;bet365;Over Under First Half;3.5;Over;23.0;23.0;2026-09-29T17:24:13.637Z
01.10.2026;02:00;Uruguay;Primera Division;Montevideo City Torque;CA Penarol Montevideo;id1000027874853668;bet365;Over Under First Half;3.5;Under;1.01;1.01;2026-09-29T17:24:13.637Z
01.10.2026;02:00;Uruguay;Primera Division;Montevideo City Torque;CA Penarol Montevideo;id1000027874853668;bet365;Over Under First Half;4.5;Over;41.0;41.0;2026-09-29T17:24:13.637Z
01.10.2026;02:00;Uruguay;Primera Division;Montevideo City Torque;CA Penarol Montevideo;id1000027874853668;bet365;Over Under Second Half;0.5;Over;1.22;1.22;2026-09-29T17:24:13.637Z
01.10.2026;02:00;Uruguay;Primera Division;Montevideo City Torque;CA Penarol Montevideo;id1000027874853668;bet365;Over Under Second Half;0.5;Under;3.75;3.75;2026-09-29T17:24:13.637Z
01.10.2026;02:00;Uruguay;Primera Division;Montevideo City Torque;CA Penarol Montevideo;id1000027874853668;bet365;Over Under Second Half;1.5;Over;2.25;2.25;2026-09-29T17:24:13.637Z
01.10.2026;02:00;Uruguay;Primera Division;Montevideo City Torque;CA Penarol Montevideo;id1000027874853668;bet365;Over Under Second Half;1.5;Under;1.54;1.54;2026-09-29T17:24:13.637Z
01.10.2026;02:00;Uruguay;Primera Division;Montevideo City Torque;CA Penarol Montevideo;id1000027874853668;bet365;Over Under Second Half;2.5;Over;5.5;5.5;2026-09-29T17:24:13.637Z
01.10.2026;02:00;Uruguay;Primera Division;Montevideo City Torque;CA Penarol Montevideo;id1000027874853668;bet365;Over Under Second Half;2.5;Under;1.11;1.11;2026-09-29T17:24:13.637Z
01.10.2026;02:00;Uruguay;Primera Division;Montevideo City Torque;CA Penarol Montevideo;id1000027874853668;bet365;Over Under Second Half;3.5;Over;15.0;15.0;2026-09-29T17:24:13.637Z
01.10.2026;02:00;Uruguay;Primera Division;Montevideo City Torque;CA Penarol Montevideo;id1000027874853668;bet365;Over Under Second Half;3.5;Under;1.025;1.025;2026-09-29T17:24:13.637Z
01.10.2026;02:00;Uruguay;Primera Division;Montevideo City Torque;CA Penarol Montevideo;id1000027874853668;bet365;Over Under Second Half;4.5;Over;34.0;34.0;2026-09-29T17:24:13.637Z
01.10.2026;02:00;Uruguay;Primera Division;Montevideo City Torque;CA Penarol Montevideo;id1000027874853668;bet365;Both Teams To Score;0.0;Yes;1.8;1.8;2026-09-29T17:24:13.637Z
01.10.2026;02:00;Uruguay;Primera Division;Montevideo City Torque;CA Penarol Montevideo;id1000027874853668;bet365;Both Teams To Score;0.0;No;1.8;1.8;2026-09-29T17:24:13.637Z
01.10.2026;02:00;Uruguay;Primera Division;Montevideo City Torque;CA Penarol Montevideo;id1000027874853668;bet365;Over Under Full Time;0.5;Over;1.052;1.052;2026-09-29T17:24:13.637Z
01.10.2026;02:00;Uruguay;Primera Division;Montevideo City Torque;CA Penarol Montevideo;id1000027874853668;bet365;Over Under Full Time;0.5;Under;9.5;10.0;2026-09-29T17:24:13.637Z
01.10.2026;02:00;Uruguay;Primera Division;Montevideo City Torque;CA Penarol Montevideo;id1000027874853668;bet365;Over Under Full Time;1.5;Over;1.3;1.3;2026-09-29T17:24:13.637Z
01.10.2026;02:00;Uruguay;Primera Division;Montevideo City Torque;CA Penarol Montevideo;id1000027874853668;bet365;Over Under Full Time;1.5;Under;3.25;3.25;2026-09-29T17:24:13.637Z
01.10.2026;02:00;Uruguay;Primera Division;Montevideo City Torque;CA Penarol Montevideo;id1000027874853668;pinnacle;Full Time Result;0.0;1;3.26;2.91;2026-09-29T11:01:21.600Z
01.10.2026;02:00;Uruguay;Primera Division;Montevideo City Torque;CA Penarol Montevideo;id1000027874853668;pinnacle;Full Time Result;0.0;X;3.35;3.31;2026-09-29T11:01:21.600Z
01.10.2026;02:00;Uruguay;Primera Division;Montevideo City Torque;CA Penarol Montevideo;id1000027874853668;pinnacle;Full Time Result;0.0;2;2.28;2.41;2026-09-29T11:01:21.600Z
01.10.2026;02:00;Uruguay;Primera Division;Montevideo City Torque;CA Penarol Montevideo;id1000027874853668;pinnacle;Over Under Full Time;2.5;Over;2.02;2.09;2026-09-29T11:01:21.600Z
01.10.2026;02:00;Uruguay;Primera Division;Montevideo City Torque;CA Penarol Montevideo;id1000027874853668;pinnacle;Over Under Full Time;2.5;Under;1.751;1.746;2026-09-29T11:01:21.600Z
01.10.2026;02:00;Uruguay;Primera Division;Montevideo City Torque;CA Penarol Montevideo;id1000027874853668;pinnacle;Over Under Full Time;3.5;Over;3.49;3.7;2026-09-29T11:01:21.600Z
01.10.2026;02:00;Uruguay;Primera Division;Montevideo City Torque;CA Penarol Montevideo;id1000027874853668;pinnacle;Over Under Full Time;3.5;Under;1.271;1.267;2026-09-29T11:01:21.600Z
01.10.2026;02:00;Uruguay;Primera Division;Montevideo City Torque;CA Penarol Montevideo;id1000027874853668;pinnacle;European Handicap;2.0;1;1.215;1.175;2026-09-29T11:06:30.477Z
01.10.2026;02:00;Uruguay;Primera Division;Montevideo City Torque;CA Penarol Montevideo;id1000027874853668;pinnacle;European Handicap;2.0;X;6.51;7.28;2026-09-29T11:06:30.477Z
01.10.2026;02:00;Uruguay;Primera Division;Montevideo City Torque;CA Penarol Montevideo;id1000027874853668;pinnacle;European Handicap;2.0;2;9.56;11.76;2026-09-29T11:06:30.477Z
01.10.2026;02:00;Uruguay;Primera Division;Montevideo City Torque;CA Penarol Montevideo;id1000027874853668;pinnacle;European Handicap;1.0;1;1.606;1.561;2026-09-29T11:06:30.477Z
01.10.2026;02:00;Uruguay;Primera Division;Montevideo City Torque;CA Penarol Montevideo;id1000027874853668;pinnacle;European Handicap;1.0;X;4.17;4.34;2026-09-29T11:06:30.477Z
01.10.2026;02:00;Uruguay;Primera Division;Montevideo City Torque;CA Penarol Montevideo;id1000027874853668;pinnacle;European Handicap;1.0;2;4.62;4.93;2026-09-29T11:06:30.477Z
01.10.2026;02:00;Uruguay;Primera Division;Montevideo City Torque;CA Penarol Montevideo;id1000027874853668;pinnacle;European Handicap;-1.0;1;6.29;6.58;2026-09-29T11:06:30.477Z
01.10.2026;02:00;Uruguay;Primera Division;Montevideo City Torque;CA Penarol Montevideo;id1000027874853668;pinnacle;European Handicap;-1.0;X;4.65;4.71;2026-09-29T11:06:30.477Z
01.10.2026;02:00;Uruguay;Primera Division;Montevideo City Torque;CA Penarol Montevideo;id1000027874853668;pinnacle;European Handicap;-1.0;2;1.413;1.406;2026-09-29T11:06:30.477Z
01.10.2026;02:00;Uruguay;Primera Division;Montevideo City Torque;CA Penarol Montevideo;id1000027874853668;pinnacle;European Handicap;-2.0;1;13.35;16.95;2026-09-29T11:06:30.477Z
01.10.2026;02:00;Uruguay;Primera Division;Montevideo City Torque;CA Penarol Montevideo;id1000027874853668;pinnacle;European Handicap;-2.0;X;8.08;9.02;2026-09-29T11:06:30.477Z
01.10.2026;02:00;Uruguay;Primera Division;Montevideo City Torque;CA Penarol Montevideo;id1000027874853668;pinnacle;European Handicap;-2.0;2;1.139;1.114;2026-09-29T11:06:30.477Z
01.10.2026;02:00;Uruguay;Primera Division;Montevideo City Torque;CA Penarol Montevideo;id1000027874853668;pinnacle;Double Chance Full Time;0.0;1X;1.571;1.561;2026-09-29T11:06:30.477Z
01.10.2026;02:00;Uruguay;Primera Division;Montevideo City Torque;CA Penarol Montevideo;id1000027874853668;pinnacle;Double Chance Full Time;0.0;12;1.328;1.327;2026-09-29T11:06:30.477Z
01.10.2026;02:00;Uruguay;Primera Division;Montevideo City Torque;CA Penarol Montevideo;id1000027874853668;pinnacle;Double Chance Full Time;0.0;2X;1.38;1.404;2026-09-29T11:06:30.477Z
01.10.2026;02:00;Uruguay;Primera Division;Montevideo City Torque;CA Penarol Montevideo;id1000027874853668;pinnacle;Double Chance First Half;0.0;1X;1.362;1.355;2026-09-29T11:06:30.477Z
01.10.2026;02:00;Uruguay;Primera Division;Montevideo City Torque;CA Penarol Montevideo;id1000027874853668;pinnacle;Double Chance First Half;0.0;12;1.662;1.68;2026-09-29T11:06:30.477Z
01.10.2026;02:00;Uruguay;Primera Division;Montevideo City Torque;CA Penarol Montevideo;id1000027874853668;pinnacle;Double Chance First Half;0.0;2X;1.265;1.273;2026-09-29T11:06:30.477Z
01.10.2026;02:00;Uruguay;Primera Division;Montevideo City Torque;CA Penarol Montevideo;id1000027874853668;pinnacle;First Half Result;0.0;1;3.92;3.62;2026-09-29T11:01:21.600Z
01.10.2026;02:00;Uruguay;Primera Division;Montevideo City Torque;CA Penarol Montevideo;id1000027874853668;pinnacle;First Half Result;0.0;X;2.2;2.15;2026-09-29T11:01:21.600Z
01.10.2026;02:00;Uruguay;Primera Division;Montevideo City Torque;CA Penarol Montevideo;id1000027874853668;pinnacle;First Half Result;0.0;2;2.94;3.08;2026-09-29T11:01:21.600Z
01.10.2026;02:00;Uruguay;Primera Division;Montevideo City Torque;CA Penarol Montevideo;id1000027874853668;pinnacle;Over Under Team 1 First Half;0.5;Over;2.42;2.33;2026-09-29T11:01:21.600Z
01.10.2026;02:00;Uruguay;Primera Division;Montevideo City Torque;CA Penarol Montevideo;id1000027874853668;pinnacle;Over Under Team 1 First Half;0.5;Under;1.564;1.581;2026-09-29T11:01:21.600Z
01.10.2026;02:00;Uruguay;Primera Division;Montevideo City Torque;CA Penarol Montevideo;id1000027874853668;pinnacle;Over Under Team 2 First Half;0.5;Over;2.04;2.11;2026-09-29T11:01:21.600Z
01.10.2026;02:00;Uruguay;Primera Division;Montevideo City Torque;CA Penarol Montevideo;id1000027874853668;pinnacle;Over Under Team 2 First Half;0.5;Under;1.775;1.694;2026-09-29T11:01:21.600Z
01.10.2026;02:00;Uruguay;Primera Division;Montevideo City Torque;CA Penarol Montevideo;id1000027874853668;pinnacle;Over Under Team 1;0.5;Over;1.38;1.355;2026-09-29T11:01:21.600Z
01.10.2026;02:00;Uruguay;Primera Division;Montevideo City Torque;CA Penarol Montevideo;id1000027874853668;pinnacle;Over Under Team 1;0.5;Under;2.9;3.01;2026-09-29T11:01:21.600Z
01.10.2026;02:00;Uruguay;Primera Division;Montevideo City Torque;CA Penarol Montevideo;id1000027874853668;pinnacle;Over Under Team 1;1.5;Over;2.95;2.9;2026-09-29T11:01:21.600Z
01.10.2026;02:00;Uruguay;Primera Division;Montevideo City Torque;CA Penarol Montevideo;id1000027874853668;pinnacle;Over Under Team 1;1.5;Under;1.346;1.404;2026-09-29T11:01:21.600Z
01.10.2026;02:00;Uruguay;Primera Division;Montevideo City Torque;CA Penarol Montevideo;id1000027874853668;pinnacle;Over Under Team 2;0.5;Over;1.257;1.277;2026-09-29T11:01:21.600Z
01.10.2026;02:00;Uruguay;Primera Division;Montevideo City Torque;CA Penarol Montevideo;id1000027874853668;pinnacle;Over Under Team 2;0.5;Under;3.78;3.44;2026-09-29T11:01:21.600Z
01.10.2026;02:00;Uruguay;Primera Division;Montevideo City Torque;CA Penarol Montevideo;id1000027874853668;pinnacle;Over Under Team 2;1.5;Over;2.35;2.48;2026-09-29T11:01:21.600Z
01.10.2026;02:00;Uruguay;Primera Division;Montevideo City Torque;CA Penarol Montevideo;id1000027874853668;pinnacle;Over Under Team 2;1.5;Under;1.606;1.52;2026-09-29T11:01:21.600Z
01.10.2026;02:00;Uruguay;Primera Division;Montevideo City Torque;CA Penarol Montevideo;id1000027874853668;pinnacle;Over Under First Half;0.5;Over;1.411;1.411;2026-09-29T11:01:21.600Z
01.10.2026;02:00;Uruguay;Primera Division;Montevideo City Torque;CA Penarol Montevideo;id1000027874853668;pinnacle;Over Under First Half;0.5;Under;2.89;2.82;2026-09-29T11:01:21.600Z
01.10.2026;02:00;Uruguay;Primera Division;Montevideo City Torque;CA Penarol Montevideo;id1000027874853668;pinnacle;Over Under First Half;1.5;Over;3.06;3.08;2026-09-29T11:01:21.600Z
01.10.2026;02:00;Uruguay;Primera Division;Montevideo City Torque;CA Penarol Montevideo;id1000027874853668;pinnacle;Over Under First Half;1.5;Under;1.374;1.353;2026-09-29T11:01:21.600Z
01.10.2026;02:00;Uruguay;Primera Division;Montevideo City Torque;CA Penarol Montevideo;id1000027874853668;pinnacle;Both Teams To Score First Half;0.0;Yes;4.61;4.93;2026-09-29T11:06:30.477Z
01.10.2026;02:00;Uruguay;Primera Division;Montevideo City Torque;CA Penarol Montevideo;id1000027874853668;pinnacle;Both Teams To Score First Half;0.0;No;1.177;1.164;2026-09-29T11:06:30.477Z
01.10.2026;02:00;Uruguay;Primera Division;Montevideo City Torque;CA Penarol Montevideo;id1000027874853668;pinnacle;Both Teams To Score;0.0;Yes;1.819;1.826;2026-09-29T11:06:30.477Z
01.10.2026;02:00;Uruguay;Primera Division;Montevideo City Torque;CA Penarol Montevideo;id1000027874853668;pinnacle;Both Teams To Score;0.0;No;1.952;1.961;2026-09-29T11:06:30.477Z
01.10.2026;02:00;Uruguay;Primera Division;Montevideo City Torque;CA Penarol Montevideo;id1000027874853668;pinnacle;Asian Handicap First Half;-0.5;1;3.88;3.61;2026-09-29T11:01:21.600Z
01.10.2026;02:00;Uruguay;Primera Division;Montevideo City Torque;CA Penarol Montevideo;id1000027874853668;pinnacle;Asian Handicap First Half;-0.5;2;1.263;1.279;2026-09-29T11:01:21.600Z
01.10.2026;02:00;Uruguay;Primera Division;Montevideo City Torque;CA Penarol Montevideo;id1000027874853668;pinnacle;Asian Handicap First Half;-0.25;1;3.08;2.86;2026-09-29T11:01:21.600Z
01.10.2026;02:00;Uruguay;Primera Division;Montevideo City Torque;CA Penarol Montevideo;id1000027874853668;pinnacle;Asian Handicap First Half;-0.25;2;1.381;1.413;2026-09-29T11:01:21.600Z
01.10.2026;02:00;Uruguay;Primera Division;Montevideo City Torque;CA Penarol Montevideo;id1000027874853668;pinnacle;Asian Handicap First Half;0.0;1;2.25;2.08;2026-09-29T11:01:21.600Z
01.10.2026;02:00;Uruguay;Primera Division;Montevideo City Torque;CA Penarol Montevideo;id1000027874853668;pinnacle;Asian Handicap First Half;0.0;2;1.666;1.751;2026-09-29T11:01:21.600Z
01.10.2026;02:00;Uruguay;Primera Division;Montevideo City Torque;CA Penarol Montevideo;id1000027874853668;pinnacle;Asian Handicap First Half;0.25;1;1.632;1.552;2026-09-29T11:01:21.600Z
01.10.2026;02:00;Uruguay;Primera Division;Montevideo City Torque;CA Penarol Montevideo;id1000027874853668;pinnacle;Asian Handicap First Half;0.25;2;2.3;2.42;2026-09-29T11:01:21.600Z
01.10.2026;02:00;Uruguay;Primera Division;Montevideo City Torque;CA Penarol Montevideo;id1000027874853668;pinnacle;Asian Handicap First Half;0.5;1;1.414;1.363;2026-09-29T11:01:21.600Z
01.10.2026;02:00;Uruguay;Primera Division;Montevideo City Torque;CA Penarol Montevideo;id1000027874853668;pinnacle;Asian Handicap First Half;0.5;2;2.91;3.07;2026-09-29T11:01:21.600Z
01.10.2026;02:00;Uruguay;Primera Division;Montevideo City Torque;CA Penarol Montevideo;id1000027874853668;pinnacle;Asian Handicap First Half;0.75;1;1.243;1.239;2026-09-27T00:42:50.999Z
01.10.2026;02:00;Uruguay;Primera Division;Montevideo City Torque;CA Penarol Montevideo;id1000027874853668;pinnacle;Asian Handicap First Half;0.75;2;3.75;3.79;2026-09-27T00:42:50.999Z
01.10.2026;02:00;Uruguay;Primera Division;Montevideo City Torque;CA Penarol Montevideo;id1000027874853668;pinnacle;Asian Handicap;-1.0;1;5.23;5.23;2026-09-27T23:02:49.009Z
01.10.2026;02:00;Uruguay;Primera Division;Montevideo City Torque;CA Penarol Montevideo;id1000027874853668;pinnacle;Asian Handicap;-1.0;2;1.157;1.157;2026-09-27T23:02:49.009Z
01.10.2026;02:00;Uruguay;Primera Division;Montevideo City Torque;CA Penarol Montevideo;id1000027874853668;pinnacle;Asian Handicap;-0.75;1;4.019;3.68;2026-09-29T11:01:21.600Z
01.10.2026;02:00;Uruguay;Primera Division;Montevideo City Torque;CA Penarol Montevideo;id1000027874853668;pinnacle;Asian Handicap;-0.75;2;1.223;1.278;2026-09-29T11:01:21.600Z
01.10.2026;02:00;Uruguay;Primera Division;Montevideo City Torque;CA Penarol Montevideo;id1000027874853668;pinnacle;Asian Handicap;-0.5;1;3.15;2.9;2026-09-29T11:01:21.600Z
01.10.2026;02:00;Uruguay;Primera Division;Montevideo City Torque;CA Penarol Montevideo;id1000027874853668;pinnacle;Asian Handicap;-0.5;2;1.333;1.408;2026-09-29T11:01:21.600Z
01.10.2026;02:00;Uruguay;Primera Division;Montevideo City Torque;CA Penarol Montevideo;id1000027874853668;pinnacle;Asian Handicap;-0.25;1;2.73;2.51;2026-09-29T11:01:21.600Z
01.10.2026;02:00;Uruguay;Primera Division;Montevideo City Torque;CA Penarol Montevideo;id1000027874853668;pinnacle;Asian Handicap;-0.25;2;1.432;1.531;2026-09-29T11:01:21.600Z
01.10.2026;02:00;Uruguay;Primera Division;Montevideo City Torque;CA Penarol Montevideo;id1000027874853668;pinnacle;Asian Handicap;0.0;1;2.3;2.11;2026-09-29T11:01:21.600Z
01.10.2026;02:00;Uruguay;Primera Division;Montevideo City Torque;CA Penarol Montevideo;id1000027874853668;pinnacle;Asian Handicap;0.0;2;1.598;1.74;2026-09-29T11:01:21.600Z
01.10.2026;02:00;Uruguay;Primera Division;Montevideo City Torque;CA Penarol Montevideo;id1000027874853668;pinnacle;Asian Handicap;0.25;1;1.862;1.769;2026-09-29T11:01:21.600Z
01.10.2026;02:00;Uruguay;Primera Division;Montevideo City Torque;CA Penarol Montevideo;id1000027874853668;pinnacle;Asian Handicap;0.25;2;1.925;2.09;2026-09-29T11:01:21.600Z
01.10.2026;02:00;Uruguay;Primera Division;Montevideo City Torque;CA Penarol Montevideo;id1000027874853668;pinnacle;Asian Handicap;0.5;1;1.632;1.574;2026-09-29T11:01:21.600Z
01.10.2026;02:00;Uruguay;Primera Division;Montevideo City Torque;CA Penarol Montevideo;id1000027874853668;pinnacle;Asian Handicap;0.5;2;2.23;2.42;2026-09-29T11:01:21.600Z
01.10.2026;02:00;Uruguay;Primera Division;Montevideo City Torque;CA Penarol Montevideo;id1000027874853668;pinnacle;Asian Handicap;0.75;1;1.452;1.409;2026-09-29T11:01:21.600Z
01.10.2026;02:00;Uruguay;Primera Division;Montevideo City Torque;CA Penarol Montevideo;id1000027874853668;pinnacle;Asian Handicap;0.75;2;2.67;2.94;2026-09-29T11:01:21.600Z
01.10.2026;02:00;Uruguay;Primera Division;Montevideo City Torque;CA Penarol Montevideo;id1000027874853668;pinnacle;Over Under Full Time;1.5;Over;1.313;1.337;2026-09-29T11:01:21.600Z
01.10.2026;02:00;Uruguay;Primera Division;Montevideo City Torque;CA Penarol Montevideo;id1000027874853668;pinnacle;Over Under Full Time;1.5;Under;3.21;3.21;2026-09-29T11:01:21.600Z
01.10.2026;02:00;Uruguay;Primera Division;Montevideo City Torque;CA Penarol Montevideo;id1000027874853668;pinnacle;Asian Handicap;1.0;1;1.275;1.246;2026-09-29T11:01:21.600Z
01.10.2026;02:00;Uruguay;Primera Division;Montevideo City Torque;CA Penarol Montevideo;id1000027874853668;pinnacle;Asian Handicap;1.0;2;3.54;3.99;2026-09-29T11:01:21.600Z
01.10.2026;02:00;Uruguay;Primera Division;Montevideo City Torque;CA Penarol Montevideo;id1000027874853668;pinnacle;Asian Handicap;1.25;1;1.226;1.206;2026-09-29T11:01:21.600Z
01.10.2026;02:00;Uruguay;Primera Division;Montevideo City Torque;CA Penarol Montevideo;id1000027874853668;pinnacle;Asian Handicap;1.25;2;3.99;4.47;2026-09-29T11:01:21.600Z
01.10.2026;02:30;USA;MLS;New York Red Bulls;Saint Louis City SC;id1000024275066650;bet365;Full Time Result;0.0;1;3.6;3.25;2026-09-29T17:22:40.442Z
01.10.2026;02:30;USA;MLS;New York Red Bulls;Saint Louis City SC;id1000024275066650;bet365;Full Time Result;0.0;X;4.33;4.2;2026-09-29T17:22:40.442Z
01.10.2026;02:30;USA;MLS;New York Red Bulls;Saint Louis City SC;id1000024275066650;bet365;Full Time Result;0.0;2;1.79;1.91;2026-09-29T17:22:40.442Z
01.10.2026;02:30;USA;MLS;New York Red Bulls;Saint Louis City SC;id1000024275066650;bet365;Over Under Full Time;2.5;Over;1.37;1.37;2026-09-29T17:22:40.442Z
01.10.2026;02:30;USA;MLS;New York Red Bulls;Saint Louis City SC;id1000024275066650;bet365;Over Under Full Time;2.5;Under;2.87;2.87;2026-09-29T17:22:40.442Z
01.10.2026;02:30;USA;MLS;New York Red Bulls;Saint Louis City SC;id1000024275066650;bet365;Over Under Full Time;3.5;Over;1.97;1.97;2026-09-29T17:22:40.442Z
01.10.2026;02:30;USA;MLS;New York Red Bulls;Saint Louis City SC;id1000024275066650;bet365;Over Under Full Time;3.5;Under;1.69;1.69;2026-09-29T17:22:40.442Z
01.10.2026;02:30;USA;MLS;New York Red Bulls;Saint Louis City SC;id1000024275066650;bet365;Over Under Full Time;4.5;Over;3.25;3.4;2026-09-29T17:22:40.442Z
01.10.2026;02:30;USA;MLS;New York Red Bulls;Saint Louis City SC;id1000024275066650;bet365;Over Under Full Time;4.5;Under;1.3;1.27;2026-09-29T17:22:40.442Z
01.10.2026;02:30;USA;MLS;New York Red Bulls;Saint Louis City SC;id1000024275066650;bet365;Double Chance Full Time;0.0;1X;1.87;1.8;2026-09-29T18:36:52.080Z
01.10.2026;02:30;USA;MLS;New York Red Bulls;Saint Louis City SC;id1000024275066650;bet365;Double Chance Full Time;0.0;12;1.17;1.17;2026-09-29T18:36:52.080Z
01.10.2026;02:30;USA;MLS;New York Red Bulls;Saint Louis City SC;id1000024275066650;bet365;Double Chance Full Time;0.0;2X;1.25;1.27;2026-09-29T18:36:52.080Z
01.10.2026;02:30;USA;MLS;New York Red Bulls;Saint Louis City SC;id1000024275066650;bet365;First Half Result;0.0;1;3.75;3.6;2026-09-29T17:22:40.442Z
01.10.2026;02:30;USA;MLS;New York Red Bulls;Saint Louis City SC;id1000024275066650;bet365;First Half Result;0.0;X;2.6;2.6;2026-09-29T17:22:40.442Z
01.10.2026;02:30;USA;MLS;New York Red Bulls;Saint Louis City SC;id1000024275066650;bet365;First Half Result;0.0;2;2.3;2.37;2026-09-29T18:36:52.080Z
01.10.2026;02:30;USA;MLS;New York Red Bulls;Saint Louis City SC;id1000024275066650;bet365;Second Half Result;0.0;1;3.5;3.25;2026-09-29T17:22:40.442Z
01.10.2026;02:30;USA;MLS;New York Red Bulls;Saint Louis City SC;id1000024275066650;bet365;Second Half Result;0.0;X;2.87;2.87;2026-09-29T17:22:40.442Z
01.10.2026;02:30;USA;MLS;New York Red Bulls;Saint Louis City SC;id1000024275066650;bet365;Second Half Result;0.0;2;2.1;2.2;2026-09-29T17:22:40.442Z
01.10.2026;02:30;USA;MLS;New York Red Bulls;Saint Louis City SC;id1000024275066650;bet365;Over Under Team 1 First Half;0.5;Over;1.97;1.92;2026-09-29T18:36:52.080Z
01.10.2026;02:30;USA;MLS;New York Red Bulls;Saint Louis City SC;id1000024275066650;bet365;Over Under Team 1 First Half;0.5;Under;1.69;1.77;2026-09-29T17:22:40.442Z
01.10.2026;02:30;USA;MLS;New York Red Bulls;Saint Louis City SC;id1000024275066650;bet365;Over Under Team 1 First Half;1.5;Over;7.0;6.5;2026-09-29T17:22:40.442Z
01.10.2026;02:30;USA;MLS;New York Red Bulls;Saint Louis City SC;id1000024275066650;bet365;Over Under Team 1 First Half;1.5;Under;1.075;1.08;2026-09-29T18:36:52.080Z
01.10.2026;02:30;USA;MLS;New York Red Bulls;Saint Louis City SC;id1000024275066650;bet365;Over Under Team 1 First Half;2.5;Over;23.0;23.0;2026-09-29T17:22:40.442Z
01.10.2026;02:30;USA;MLS;New York Red Bulls;Saint Louis City SC;id1000024275066650;bet365;Over Under Team 1 First Half;2.5;Under;1.012;1.012;2026-09-29T18:36:52.080Z
01.10.2026;02:30;USA;MLS;New York Red Bulls;Saint Louis City SC;id1000024275066650;bet365;Over Under Team 1 First Half;3.5;Over;51.0;51.0;2026-09-29T17:22:40.442Z
01.10.2026;02:30;USA;MLS;New York Red Bulls;Saint Louis City SC;id1000024275066650;bet365;Over Under Team 2 First Half;0.5;Over;1.5;1.54;2026-09-29T18:36:52.080Z
01.10.2026;02:30;USA;MLS;New York Red Bulls;Saint Louis City SC;id1000024275066650;bet365;Over Under Team 2 First Half;0.5;Under;2.3;2.25;2026-09-29T18:36:52.080Z
01.10.2026;02:30;USA;MLS;New York Red Bulls;Saint Louis City SC;id1000024275066650;bet365;Over Under Team 2 First Half;1.5;Over;3.75;4.0;2026-09-29T17:22:40.442Z
01.10.2026;02:30;USA;MLS;New York Red Bulls;Saint Louis City SC;id1000024275066650;bet365;Over Under Team 2 First Half;1.5;Under;1.22;1.19;2026-09-29T17:22:40.442Z
01.10.2026;02:30;USA;MLS;New York Red Bulls;Saint Louis City SC;id1000024275066650;bet365;Over Under Team 2 First Half;2.5;Over;12.0;13.0;2026-09-29T17:22:40.442Z
01.10.2026;02:30;USA;MLS;New York Red Bulls;Saint Louis City SC;id1000024275066650;bet365;Over Under Team 2 First Half;2.5;Under;1.032;1.032;2026-09-29T18:36:52.080Z
01.10.2026;02:30;USA;MLS;New York Red Bulls;Saint Louis City SC;id1000024275066650;bet365;Over Under Team 2 First Half;3.5;Over;29.0;29.0;2026-09-29T18:36:52.080Z
01.10.2026;02:30;USA;MLS;New York Red Bulls;Saint Louis City SC;id1000024275066650;bet365;Over Under Team 1 Second Half;0.5;Over;1.63;1.63;2026-09-29T17:22:40.442Z
01.10.2026;02:30;USA;MLS;New York Red Bulls;Saint Louis City SC;id1000024275066650;bet365;Over Under Team 1 Second Half;0.5;Under;2.1;2.1;2026-09-29T17:22:40.442Z
01.10.2026;02:30;USA;MLS;New York Red Bulls;Saint Louis City SC;id1000024275066650;bet365;Over Under Team 1 Second Half;1.5;Over;4.75;4.5;2026-09-29T18:36:52.080Z
01.10.2026;02:30;USA;MLS;New York Red Bulls;Saint Louis City SC;id1000024275066650;bet365;Over Under Team 1 Second Half;1.5;Under;1.15;1.17;2026-09-29T17:22:40.442Z
01.10.2026;02:30;USA;MLS;New York Red Bulls;Saint Louis City SC;id1000024275066650;bet365;Over Under Team 1 Second Half;2.5;Over;15.0;15.0;2026-09-29T17:22:40.442Z
01.10.2026;02:30;USA;MLS;New York Red Bulls;Saint Louis City SC;id1000024275066650;bet365;Over Under Team 1 Second Half;2.5;Under;1.025;1.025;2026-09-29T18:36:52.080Z
01.10.2026;02:30;USA;MLS;New York Red Bulls;Saint Louis City SC;id1000024275066650;bet365;Over Under Team 1;0.5;Over;1.22;1.22;2026-09-29T18:36:52.080Z
01.10.2026;02:30;USA;MLS;New York Red Bulls;Saint Louis City SC;id1000024275066650;bet365;Over Under Team 1;0.5;Under;3.75;3.75;2026-09-29T18:36:52.080Z
01.10.2026;02:30;USA;MLS;New York Red Bulls;Saint Louis City SC;id1000024275066650;bet365;Over Under Team 1 Second Half;3.5;Over;34.0;34.0;2026-09-29T17:22:40.442Z
01.10.2026;02:30;USA;MLS;New York Red Bulls;Saint Louis City SC;id1000024275066650;bet365;Over Under Team 2 Second Half;0.5;Over;1.33;1.37;2026-09-29T17:22:40.442Z
01.10.2026;02:30;USA;MLS;New York Red Bulls;Saint Louis City SC;id1000024275066650;bet365;Over Under Team 2 Second Half;0.5;Under;3.0;2.75;2026-09-29T17:22:40.442Z
01.10.2026;02:30;USA;MLS;New York Red Bulls;Saint Louis City SC;id1000024275066650;bet365;Over Under Team 2 Second Half;1.5;Over;2.87;3.0;2026-09-29T17:22:40.442Z
01.10.2026;02:30;USA;MLS;New York Red Bulls;Saint Louis City SC;id1000024275066650;bet365;Over Under Team 2 Second Half;1.5;Under;1.37;1.33;2026-09-29T17:22:40.442Z
01.10.2026;02:30;USA;MLS;New York Red Bulls;Saint Louis City SC;id1000024275066650;bet365;Over Under Team 2 Second Half;2.5;Over;7.5;8.5;2026-09-29T17:22:40.442Z
01.10.2026;02:30;USA;MLS;New York Red Bulls;Saint Louis City SC;id1000024275066650;bet365;Over Under Team 2 Second Half;2.5;Under;1.061;1.052;2026-09-29T17:22:40.442Z
01.10.2026;02:30;USA;MLS;New York Red Bulls;Saint Louis City SC;id1000024275066650;bet365;Over Under Team 2 Second Half;3.5;Over;21.0;21.0;2026-09-29T17:22:40.442Z
01.10.2026;02:30;USA;MLS;New York Red Bulls;Saint Louis City SC;id1000024275066650;bet365;Over Under Team 2 Second Half;3.5;Under;1.016;1.012;2026-09-29T17:22:40.442Z
01.10.2026;02:30;USA;MLS;New York Red Bulls;Saint Louis City SC;id1000024275066650;bet365;Over Under Team 2 Second Half;4.5;Over;41.0;41.0;2026-09-29T17:22:40.442Z
01.10.2026;02:30;USA;MLS;New York Red Bulls;Saint Louis City SC;id1000024275066650;bet365;Over Under Team 1;1.5;Over;2.2;2.1;2026-09-29T17:22:40.442Z
01.10.2026;02:30;USA;MLS;New York Red Bulls;Saint Louis City SC;id1000024275066650;bet365;Over Under Team 1;1.5;Under;1.58;1.63;2026-09-29T17:22:40.442Z
01.10.2026;02:30;USA;MLS;New York Red Bulls;Saint Louis City SC;id1000024275066650;bet365;Over Under Team 1;2.5;Over;5.0;4.5;2026-09-29T17:22:40.442Z
01.10.2026;02:30;USA;MLS;New York Red Bulls;Saint Louis City SC;id1000024275066650;bet365;Over Under Team 1;2.5;Under;1.13;1.15;2026-09-29T17:22:40.442Z
01.10.2026;02:30;USA;MLS;New York Red Bulls;Saint Louis City SC;id1000024275066650;bet365;Over Under Team 1;3.5;Over;13.0;13.0;2026-09-29T17:22:40.442Z
01.10.2026;02:30;USA;MLS;New York Red Bulls;Saint Louis City SC;id1000024275066650;bet365;Over Under Team 1;3.5;Under;1.032;1.032;2026-09-29T17:22:40.442Z
01.10.2026;02:30;USA;MLS;New York Red Bulls;Saint Louis City SC;id1000024275066650;bet365;Over Under Team 1;4.5;Over;34.0;29.0;2026-09-29T17:22:40.442Z
01.10.2026;02:30;USA;MLS;New York Red Bulls;Saint Louis City SC;id1000024275066650;bet365;Over Under Team 2;0.5;Over;1.08;1.091;2026-09-29T17:22:40.442Z
01.10.2026;02:30;USA;MLS;New York Red Bulls;Saint Louis City SC;id1000024275066650;bet365;Over Under Team 2;0.5;Under;7.0;6.5;2026-09-29T17:22:40.442Z
01.10.2026;02:30;USA;MLS;New York Red Bulls;Saint Louis City SC;id1000024275066650;bet365;Over Under Team 2;1.5;Over;1.5;1.54;2026-09-29T17:22:40.442Z
01.10.2026;02:30;USA;MLS;New York Red Bulls;Saint Louis City SC;id1000024275066650;bet365;Over Under Team 2;1.5;Under;2.37;2.25;2026-09-29T17:22:40.442Z
01.10.2026;02:30;USA;MLS;New York Red Bulls;Saint Louis City SC;id1000024275066650;bet365;Over Under Team 2;2.5;Over;2.62;2.75;2026-09-29T17:22:40.442Z
01.10.2026;02:30;USA;MLS;New York Red Bulls;Saint Louis City SC;id1000024275066650;bet365;Over Under Team 2;2.5;Under;1.41;1.37;2026-09-29T17:22:40.442Z
01.10.2026;02:30;USA;MLS;New York Red Bulls;Saint Louis City SC;id1000024275066650;bet365;Over Under Team 2;3.5;Over;5.5;6.0;2026-09-29T17:22:40.442Z
01.10.2026;02:30;USA;MLS;New York Red Bulls;Saint Louis City SC;id1000024275066650;bet365;Over Under Team 2;3.5;Under;1.11;1.1;2026-09-29T17:22:40.442Z
01.10.2026;02:30;USA;MLS;New York Red Bulls;Saint Louis City SC;id1000024275066650;bet365;Over Under Team 2;4.5;Over;13.0;15.0;2026-09-29T17:22:40.442Z
01.10.2026;02:30;USA;MLS;New York Red Bulls;Saint Louis City SC;id1000024275066650;bet365;Over Under Team 2;4.5;Under;1.032;1.025;2026-09-29T17:22:40.442Z
01.10.2026;02:30;USA;MLS;New York Red Bulls;Saint Louis City SC;id1000024275066650;bet365;Over Under First Half;0.5;Over;1.19;1.19;2026-09-29T17:22:40.442Z
01.10.2026;02:30;USA;MLS;New York Red Bulls;Saint Louis City SC;id1000024275066650;bet365;Over Under First Half;0.5;Under;4.0;4.0;2026-09-29T17:22:40.442Z
01.10.2026;02:30;USA;MLS;New York Red Bulls;Saint Louis City SC;id1000024275066650;bet365;Over Under First Half;1.5;Over;1.97;1.97;2026-09-29T17:22:40.442Z
01.10.2026;02:30;USA;MLS;New York Red Bulls;Saint Louis City SC;id1000024275066650;bet365;Over Under First Half;1.5;Under;1.69;1.69;2026-09-29T17:22:40.442Z
01.10.2026;02:30;USA;MLS;New York Red Bulls;Saint Louis City SC;id1000024275066650;bet365;Over Under First Half;2.5;Over;4.33;4.33;2026-09-29T17:22:40.442Z
01.10.2026;02:30;USA;MLS;New York Red Bulls;Saint Louis City SC;id1000024275066650;bet365;Over Under First Half;2.5;Under;1.17;1.17;2026-09-29T17:22:40.442Z
01.10.2026;02:30;USA;MLS;New York Red Bulls;Saint Louis City SC;id1000024275066650;bet365;Over Under First Half;3.5;Over;11.0;11.0;2026-09-29T17:22:40.442Z
01.10.2026;02:30;USA;MLS;New York Red Bulls;Saint Louis City SC;id1000024275066650;bet365;Over Under First Half;3.5;Under;1.04;1.04;2026-09-29T17:22:40.442Z
01.10.2026;02:30;USA;MLS;New York Red Bulls;Saint Louis City SC;id1000024275066650;bet365;Over Under First Half;4.5;Over;26.0;26.0;2026-09-29T17:22:40.442Z
01.10.2026;02:30;USA;MLS;New York Red Bulls;Saint Louis City SC;id1000024275066650;bet365;Over Under First Half;4.5;Under;1.008;1.008;2026-09-29T17:22:40.442Z
01.10.2026;02:30;USA;MLS;New York Red Bulls;Saint Louis City SC;id1000024275066650;bet365;Over Under Second Half;0.5;Over;1.1;1.1;2026-09-29T17:22:40.442Z
01.10.2026;02:30;USA;MLS;New York Red Bulls;Saint Louis City SC;id1000024275066650;bet365;Over Under Second Half;0.5;Under;6.0;6.0;2026-09-29T17:22:40.442Z
01.10.2026;02:30;USA;MLS;New York Red Bulls;Saint Louis City SC;id1000024275066650;bet365;Over Under Second Half;1.5;Over;1.58;1.58;2026-09-29T17:22:40.442Z
01.10.2026;02:30;USA;MLS;New York Red Bulls;Saint Louis City SC;id1000024275066650;bet365;Over Under Second Half;1.5;Under;2.2;2.2;2026-09-29T17:22:40.442Z
01.10.2026;02:30;USA;MLS;New York Red Bulls;Saint Louis City SC;id1000024275066650;bet365;Over Under Second Half;2.5;Over;2.75;3.0;2026-09-29T17:22:40.442Z
01.10.2026;02:30;USA;MLS;New York Red Bulls;Saint Louis City SC;id1000024275066650;bet365;Over Under Second Half;2.5;Under;1.37;1.33;2026-09-29T17:22:40.442Z
01.10.2026;02:30;USA;MLS;New York Red Bulls;Saint Louis City SC;id1000024275066650;bet365;Over Under Second Half;3.5;Over;6.5;6.5;2026-09-29T17:22:40.442Z
01.10.2026;02:30;USA;MLS;New York Red Bulls;Saint Louis City SC;id1000024275066650;bet365;Over Under Second Half;3.5;Under;1.091;1.091;2026-09-29T17:22:40.442Z
01.10.2026;02:30;USA;MLS;New York Red Bulls;Saint Louis City SC;id1000024275066650;bet365;Over Under Second Half;4.5;Over;15.0;15.0;2026-09-29T17:22:40.442Z
01.10.2026;02:30;USA;MLS;New York Red Bulls;Saint Louis City SC;id1000024275066650;bet365;Over Under Second Half;4.5;Under;1.025;1.025;2026-09-29T17:22:40.442Z
01.10.2026;02:30;USA;MLS;New York Red Bulls;Saint Louis City SC;id1000024275066650;bet365;Both Teams To Score;0.0;Yes;1.37;1.37;2026-09-29T17:22:40.442Z
01.10.2026;02:30;USA;MLS;New York Red Bulls;Saint Louis City SC;id1000024275066650;bet365;Both Teams To Score;0.0;No;2.75;2.75;2026-09-29T17:22:40.442Z
01.10.2026;02:30;USA;MLS;New York Red Bulls;Saint Louis City SC;id1000024275066650;bet365;Over Under Full Time;0.5;Over;1.012;1.012;2026-09-29T17:22:40.442Z
01.10.2026;02:30;USA;MLS;New York Red Bulls;Saint Louis City SC;id1000024275066650;bet365;Over Under Full Time;0.5;Under;21.0;21.0;2026-09-29T17:22:40.442Z
01.10.2026;02:30;USA;MLS;New York Red Bulls;Saint Louis City SC;id1000024275066650;bet365;Over Under Full Time;1.5;Over;1.091;1.091;2026-09-29T17:22:40.442Z
01.10.2026;02:30;USA;MLS;New York Red Bulls;Saint Louis City SC;id1000024275066650;bet365;Over Under Full Time;1.5;Under;6.5;6.5;2026-09-29T17:22:40.442Z
01.10.2026;02:30;USA;MLS;New York Red Bulls;Saint Louis City SC;id1000024275066650;pinnacle;Full Time Result;0.0;1;3.29;3.41;2026-09-29T19:09:57.523Z
01.10.2026;02:30;USA;MLS;New York Red Bulls;Saint Louis City SC;id1000024275066650;pinnacle;Full Time Result;0.0;X;4.16;4.22;2026-09-29T19:09:57.523Z
01.10.2026;02:30;USA;MLS;New York Red Bulls;Saint Louis City SC;id1000024275066650;pinnacle;Full Time Result;0.0;2;1.97;1.917;2026-09-29T19:09:57.523Z
01.10.2026;02:30;USA;MLS;New York Red Bulls;Saint Louis City SC;id1000024275066650;pinnacle;Over Under Full Time;2.5;Over;1.431;1.427;2026-09-29T19:09:57.523Z
01.10.2026;02:30;USA;MLS;New York Red Bulls;Saint Louis City SC;id1000024275066650;pinnacle;Over Under Full Time;2.5;Under;2.81;2.82;2026-09-29T19:09:57.523Z
01.10.2026;02:30;USA;MLS;New York Red Bulls;Saint Louis City SC;id1000024275066650;pinnacle;Over Under Full Time;3.5;Over;2.07;2.07;2026-09-29T19:09:57.523Z
01.10.2026;02:30;USA;MLS;New York Red Bulls;Saint Louis City SC;id1000024275066650;pinnacle;Over Under Full Time;3.5;Under;1.769;1.775;2026-09-29T19:09:57.523Z
01.10.2026;02:30;USA;MLS;New York Red Bulls;Saint Louis City SC;id1000024275066650;pinnacle;European Handicap;2.0;1;1.323;1.352;2026-09-29T18:33:04.409Z
01.10.2026;02:30;USA;MLS;New York Red Bulls;Saint Louis City SC;id1000024275066650;pinnacle;European Handicap;2.0;X;6.06;5.86;2026-09-29T18:33:04.409Z
01.10.2026;02:30;USA;MLS;New York Red Bulls;Saint Louis City SC;id1000024275066650;pinnacle;European Handicap;2.0;2;6.69;6.28;2026-09-29T18:33:04.409Z
01.10.2026;02:30;USA;MLS;New York Red Bulls;Saint Louis City SC;id1000024275066650;pinnacle;European Handicap;1.0;1;1.826;1.9;2026-09-29T18:33:04.409Z
01.10.2026;02:30;USA;MLS;New York Red Bulls;Saint Louis City SC;id1000024275066650;pinnacle;European Handicap;1.0;X;4.53;4.43;2026-09-29T18:33:04.409Z
01.10.2026;02:30;USA;MLS;New York Red Bulls;Saint Louis City SC;id1000024275066650;pinnacle;European Handicap;1.0;2;3.37;3.2;2026-09-29T18:33:04.409Z
01.10.2026;02:30;USA;MLS;New York Red Bulls;Saint Louis City SC;id1000024275066650;pinnacle;Over Under Full Time;4.5;Over;3.36;3.34;2026-09-29T19:09:57.523Z
01.10.2026;02:30;USA;MLS;New York Red Bulls;Saint Louis City SC;id1000024275066650;pinnacle;Over Under Full Time;4.5;Under;1.32;1.322;2026-09-29T19:09:57.523Z
01.10.2026;02:30;USA;MLS;New York Red Bulls;Saint Louis City SC;id1000024275066650;pinnacle;European Handicap;-1.0;1;6.44;6.86;2026-09-29T18:33:04.409Z
01.10.2026;02:30;USA;MLS;New York Red Bulls;Saint Louis City SC;id1000024275066650;pinnacle;European Handicap;-1.0;X;5.72;5.92;2026-09-29T18:33:04.409Z
01.10.2026;02:30;USA;MLS;New York Red Bulls;Saint Louis City SC;id1000024275066650;pinnacle;European Handicap;-1.0;2;1.352;1.324;2026-09-29T18:33:04.409Z
01.10.2026;02:30;USA;MLS;New York Red Bulls;Saint Louis City SC;id1000024275066650;pinnacle;European Handicap;-2.0;1;14.63;15.77;2026-09-29T18:33:04.409Z
01.10.2026;02:30;USA;MLS;New York Red Bulls;Saint Louis City SC;id1000024275066650;pinnacle;European Handicap;-2.0;X;9.67;10.14;2026-09-29T18:33:04.409Z
01.10.2026;02:30;USA;MLS;New York Red Bulls;Saint Louis City SC;id1000024275066650;pinnacle;European Handicap;-2.0;2;1.122;1.111;2026-09-29T18:33:04.409Z
01.10.2026;02:30;USA;MLS;New York Red Bulls;Saint Louis City SC;id1000024275066650;pinnacle;Double Chance Full Time;0.0;1X;1.826;1.9;2026-09-29T18:33:04.409Z
01.10.2026;02:30;USA;MLS;New York Red Bulls;Saint Louis City SC;id1000024275066650;pinnacle;Double Chance Full Time;0.0;12;1.241;1.233;2026-09-29T18:33:04.409Z
01.10.2026;02:30;USA;MLS;New York Red Bulls;Saint Louis City SC;id1000024275066650;pinnacle;Double Chance Full Time;0.0;2X;1.352;1.324;2026-09-29T18:33:04.409Z
01.10.2026;02:30;USA;MLS;New York Red Bulls;Saint Louis City SC;id1000024275066650;pinnacle;Double Chance First Half;0.0;1X;1.531;1.564;2026-09-29T18:33:04.409Z
01.10.2026;02:30;USA;MLS;New York Red Bulls;Saint Louis City SC;id1000024275066650;pinnacle;Double Chance First Half;0.0;12;1.478;1.471;2026-09-29T18:33:04.409Z
01.10.2026;02:30;USA;MLS;New York Red Bulls;Saint Louis City SC;id1000024275066650;pinnacle;Double Chance First Half;0.0;2X;1.277;1.26;2026-09-29T18:33:04.409Z
01.10.2026;02:30;USA;MLS;New York Red Bulls;Saint Louis City SC;id1000024275066650;pinnacle;First Half Result;0.0;1;3.67;3.82;2026-09-29T19:09:57.523Z
01.10.2026;02:30;USA;MLS;New York Red Bulls;Saint Louis City SC;id1000024275066650;pinnacle;First Half Result;0.0;X;2.62;2.65;2026-09-29T19:09:57.523Z
01.10.2026;02:30;USA;MLS;New York Red Bulls;Saint Louis City SC;id1000024275066650;pinnacle;First Half Result;0.0;2;2.43;2.4;2026-09-29T19:09:57.523Z
01.10.2026;02:30;USA;MLS;New York Red Bulls;Saint Louis City SC;id1000024275066650;pinnacle;Over Under Team 1 First Half;0.5;Over;1.952;1.99;2026-09-29T19:09:57.523Z
01.10.2026;02:30;USA;MLS;New York Red Bulls;Saint Louis City SC;id1000024275066650;pinnacle;Over Under Team 1 First Half;0.5;Under;1.793;1.787;2026-09-29T19:09:57.523Z
01.10.2026;02:30;USA;MLS;New York Red Bulls;Saint Louis City SC;id1000024275066650;pinnacle;Over Under Team 2 First Half;0.5;Over;1.591;1.588;2026-09-29T19:09:57.523Z
01.10.2026;02:30;USA;MLS;New York Red Bulls;Saint Louis City SC;id1000024275066650;pinnacle;Over Under Team 2 First Half;0.5;Under;2.26;2.32;2026-09-29T19:09:57.523Z
01.10.2026;02:30;USA;MLS;New York Red Bulls;Saint Louis City SC;id1000024275066650;pinnacle;Over Under Team 1;0.5;Over;1.228;1.236;2026-09-29T19:09:57.523Z
01.10.2026;02:30;USA;MLS;New York Red Bulls;Saint Louis City SC;id1000024275066650;pinnacle;Over Under Team 1;0.5;Under;4.01;3.92;2026-09-29T19:09:57.523Z
01.10.2026;02:30;USA;MLS;New York Red Bulls;Saint Louis City SC;id1000024275066650;pinnacle;Over Under Team 1;1.5;Over;2.18;2.22;2026-09-29T19:09:57.523Z
01.10.2026;02:30;USA;MLS;New York Red Bulls;Saint Louis City SC;id1000024275066650;pinnacle;Over Under Team 1;1.5;Under;1.684;1.662;2026-09-29T19:09:57.523Z
01.10.2026;02:30;USA;MLS;New York Red Bulls;Saint Louis City SC;id1000024275066650;pinnacle;Over Under Team 2;1.5;Over;1.645;1.628;2026-09-29T19:09:57.523Z
01.10.2026;02:30;USA;MLS;New York Red Bulls;Saint Louis City SC;id1000024275066650;pinnacle;Over Under Team 2;1.5;Under;2.21;2.28;2026-09-29T19:09:57.523Z
01.10.2026;02:30;USA;MLS;New York Red Bulls;Saint Louis City SC;id1000024275066650;pinnacle;Over Under Team 2;2.5;Over;2.95;2.91;2026-09-29T19:09:57.523Z
01.10.2026;02:30;USA;MLS;New York Red Bulls;Saint Louis City SC;id1000024275066650;pinnacle;Over Under Team 2;2.5;Under;1.359;1.386;2026-09-29T19:09:57.523Z
01.10.2026;02:30;USA;MLS;New York Red Bulls;Saint Louis City SC;id1000024275066650;pinnacle;Over Under First Half;1.5;Over;2.08;2.08;2026-09-29T19:09:57.523Z
01.10.2026;02:30;USA;MLS;New York Red Bulls;Saint Louis City SC;id1000024275066650;pinnacle;Over Under First Half;1.5;Under;1.724;1.724;2026-09-29T19:09:57.523Z
01.10.2026;02:30;USA;MLS;New York Red Bulls;Saint Louis City SC;id1000024275066650;pinnacle;Both Teams To Score First Half;0.0;Yes;3.29;3.29;2026-09-29T14:57:18.944Z
01.10.2026;02:30;USA;MLS;New York Red Bulls;Saint Louis City SC;id1000024275066650;pinnacle;Both Teams To Score First Half;0.0;No;1.321;1.321;2026-09-29T14:57:18.944Z
01.10.2026;02:30;USA;MLS;New York Red Bulls;Saint Louis City SC;id1000024275066650;pinnacle;Both Teams To Score;0.0;Yes;1.423;1.423;2026-09-29T14:57:18.944Z
01.10.2026;02:30;USA;MLS;New York Red Bulls;Saint Louis City SC;id1000024275066650;pinnacle;Both Teams To Score;0.0;No;2.86;2.86;2026-09-29T14:57:18.944Z
01.10.2026;02:30;USA;MLS;New York Red Bulls;Saint Louis City SC;id1000024275066650;pinnacle;Asian Handicap First Half;-0.25;1;3.05;3.14;2026-09-29T19:09:57.523Z
01.10.2026;02:30;USA;MLS;New York Red Bulls;Saint Louis City SC;id1000024275066650;pinnacle;Asian Handicap First Half;-0.25;2;1.375;1.358;2026-09-29T19:09:57.523Z
01.10.2026;02:30;USA;MLS;New York Red Bulls;Saint Louis City SC;id1000024275066650;pinnacle;Asian Handicap First Half;0.0;1;2.41;2.48;2026-09-29T19:09:57.523Z
01.10.2026;02:30;USA;MLS;New York Red Bulls;Saint Louis City SC;id1000024275066650;pinnacle;Asian Handicap First Half;0.0;2;1.568;1.537;2026-09-29T19:09:57.523Z
01.10.2026;02:30;USA;MLS;New York Red Bulls;Saint Louis City SC;id1000024275066650;pinnacle;Asian Handicap First Half;0.25;1;1.813;1.847;2026-09-29T19:09:57.523Z
01.10.2026;02:30;USA;MLS;New York Red Bulls;Saint Louis City SC;id1000024275066650;pinnacle;Asian Handicap First Half;0.25;2;2.02;1.97;2026-09-29T19:09:57.523Z
01.10.2026;02:30;USA;MLS;New York Red Bulls;Saint Louis City SC;id1000024275066650;pinnacle;Asian Handicap First Half;0.5;1;1.555;1.578;2026-09-29T19:09:57.523Z
01.10.2026;02:30;USA;MLS;New York Red Bulls;Saint Louis City SC;id1000024275066650;pinnacle;Asian Handicap First Half;0.5;2;2.44;2.39;2026-09-29T19:09:57.523Z
01.10.2026;02:30;USA;MLS;New York Red Bulls;Saint Louis City SC;id1000024275066650;pinnacle;Asian Handicap First Half;0.75;1;1.362;1.377;2026-09-29T19:09:57.523Z
01.10.2026;02:30;USA;MLS;New York Red Bulls;Saint Louis City SC;id1000024275066650;pinnacle;Asian Handicap First Half;0.75;2;3.12;3.04;2026-09-29T19:09:57.523Z
01.10.2026;02:30;USA;MLS;New York Red Bulls;Saint Louis City SC;id1000024275066650;pinnacle;Asian Handicap;-0.5;1;3.26;3.38;2026-09-29T19:09:57.523Z
01.10.2026;02:30;USA;MLS;New York Red Bulls;Saint Louis City SC;id1000024275066650;pinnacle;Asian Handicap;-0.5;2;1.346;1.326;2026-09-29T19:09:57.523Z
01.10.2026;02:30;USA;MLS;New York Red Bulls;Saint Louis City SC;id1000024275066650;pinnacle;Asian Handicap;-0.25;1;2.91;3.02;2026-09-29T19:09:57.523Z
01.10.2026;02:30;USA;MLS;New York Red Bulls;Saint Louis City SC;id1000024275066650;pinnacle;Asian Handicap;-0.25;2;1.416;1.39;2026-09-29T19:09:57.523Z
01.10.2026;02:30;USA;MLS;New York Red Bulls;Saint Louis City SC;id1000024275066650;pinnacle;Asian Handicap;0.0;1;2.56;2.67;2026-09-29T19:09:57.523Z
01.10.2026;02:30;USA;MLS;New York Red Bulls;Saint Louis City SC;id1000024275066650;pinnacle;Asian Handicap;0.0;2;1.526;1.49;2026-09-29T19:09:57.523Z
01.10.2026;02:30;USA;MLS;New York Red Bulls;Saint Louis City SC;id1000024275066650;pinnacle;Asian Handicap;0.25;1;2.12;2.19;2026-09-29T19:09:57.523Z
01.10.2026;02:30;USA;MLS;New York Red Bulls;Saint Louis City SC;id1000024275066650;pinnacle;Asian Handicap;0.25;2;1.751;1.704;2026-09-29T19:09:57.523Z
01.10.2026;02:30;USA;MLS;New York Red Bulls;Saint Louis City SC;id1000024275066650;pinnacle;Asian Handicap;0.5;1;1.877;1.925;2026-09-29T19:09:57.523Z
01.10.2026;02:30;USA;MLS;New York Red Bulls;Saint Louis City SC;id1000024275066650;pinnacle;Asian Handicap;0.5;2;1.98;1.925;2026-09-29T19:09:57.523Z
01.10.2026;02:30;USA;MLS;New York Red Bulls;Saint Louis City SC;id1000024275066650;pinnacle;Asian Handicap;0.75;1;1.675;1.719;2026-09-29T19:09:57.523Z
01.10.2026;02:30;USA;MLS;New York Red Bulls;Saint Louis City SC;id1000024275066650;pinnacle;Asian Handicap;0.75;2;2.24;2.16;2026-09-29T19:09:57.523Z
01.10.2026;02:30;USA;MLS;New York Red Bulls;Saint Louis City SC;id1000024275066650;pinnacle;Over Under Full Time;1.5;Over;1.127;1.127;2026-09-29T19:09:57.523Z
01.10.2026;02:30;USA;MLS;New York Red Bulls;Saint Louis City SC;id1000024275066650;pinnacle;Over Under Full Time;1.5;Under;6.04;6.06;2026-09-29T19:09:57.523Z
01.10.2026;02:30;USA;MLS;New York Red Bulls;Saint Louis City SC;id1000024275066650;pinnacle;Asian Handicap;1.0;1;1.485;1.52;2026-09-29T19:09:57.523Z
01.10.2026;02:30;USA;MLS;New York Red Bulls;Saint Louis City SC;id1000024275066650;pinnacle;Asian Handicap;1.0;2;2.68;2.58;2026-09-29T19:09:57.523Z
01.10.2026;02:30;USA;MLS;New York Red Bulls;Saint Louis City SC;id1000024275066650;pinnacle;Asian Handicap;1.25;1;1.395;1.42;2026-09-29T19:09:57.523Z
01.10.2026;02:30;USA;MLS;New York Red Bulls;Saint Louis City SC;id1000024275066650;pinnacle;Asian Handicap;1.25;2;3.0;2.89;2026-09-29T19:09:57.523Z
01.10.2026;02:30;USA;MLS;New York Red Bulls;Saint Louis City SC;id1000024275066650;pinnacle;Asian Handicap;1.5;1;1.335;1.354;2026-09-29T19:09:57.523Z
01.10.2026;02:30;USA;MLS;New York Red Bulls;Saint Louis City SC;id1000024275066650;pinnacle;Asian Handicap;1.5;2;3.32;3.21;2026-09-29T19:09:57.523Z
01.10.2026;02:30;USA;MLS;New York Red Bulls;Saint Louis City SC;id1000024275066650;sbobet;Full Time Result;0.0;1;3.08;3.04;2026-09-29T09:59:18.965Z
01.10.2026;02:30;USA;MLS;New York Red Bulls;Saint Louis City SC;id1000024275066650;sbobet;Full Time Result;0.0;X;3.7;3.55;2026-09-29T09:59:18.965Z
01.10.2026;02:30;USA;MLS;New York Red Bulls;Saint Louis City SC;id1000024275066650;sbobet;Full Time Result;0.0;2;1.9;1.96;2026-09-28T17:17:48.794Z
01.10.2026;02:30;USA;MLS;New York Red Bulls;Saint Louis City SC;id1000024275066650;sbobet;Over Under Full Time;3.5;Over;2.05;2.05;2026-09-29T09:59:18.965Z
01.10.2026;02:30;USA;MLS;New York Red Bulls;Saint Louis City SC;id1000024275066650;sbobet;Over Under Full Time;3.5;Under;1.795;1.795;2026-09-29T09:59:18.965Z
01.10.2026;02:30;USA;MLS;New York Red Bulls;Saint Louis City SC;id1000024275066650;sbobet;Double Chance Full Time;0.0;1X;1.95;1.89;2026-09-28T17:17:48.794Z
01.10.2026;02:30;USA;MLS;New York Red Bulls;Saint Louis City SC;id1000024275066650;sbobet;Double Chance Full Time;0.0;12;1.17;1.19;2026-09-29T09:59:18.965Z
01.10.2026;02:30;USA;MLS;New York Red Bulls;Saint Louis City SC;id1000024275066650;sbobet;Double Chance Full Time;0.0;2X;1.25;1.26;2026-09-28T07:23:39.336Z
01.10.2026;02:30;USA;MLS;New York Red Bulls;Saint Louis City SC;id1000024275066650;sbobet;First Half Result;0.0;1;3.21;3.34;2026-09-29T13:54:53.317Z
01.10.2026;02:30;USA;MLS;New York Red Bulls;Saint Louis City SC;id1000024275066650;sbobet;First Half Result;0.0;X;2.48;2.46;2026-09-29T13:54:53.317Z
01.10.2026;02:30;USA;MLS;New York Red Bulls;Saint Louis City SC;id1000024275066650;sbobet;First Half Result;0.0;2;2.34;2.29;2026-09-29T10:02:01.288Z
01.10.2026;02:30;USA;MLS;New York Red Bulls;Saint Louis City SC;id1000024275066650;sbobet;Over Under First Half;1.5;Over;2.06;2.0;2026-09-29T09:59:18.965Z
01.10.2026;02:30;USA;MLS;New York Red Bulls;Saint Louis City SC;id1000024275066650;sbobet;Over Under First Half;1.5;Under;1.785;1.845;2026-09-29T09:59:18.965Z
01.10.2026;02:30;USA;MLS;New York Red Bulls;Saint Louis City SC;id1000024275066650;sbobet;Asian Handicap First Half;0.25;1;1.785;1.905;2026-09-29T13:54:53.317Z
01.10.2026;02:30;USA;MLS;New York Red Bulls;Saint Louis City SC;id1000024275066650;sbobet;Asian Handicap First Half;0.25;2;2.06;1.945;2026-09-29T13:54:53.317Z
01.10.2026;02:30;USA;MLS;New York Red Bulls;Saint Louis City SC;id1000024275066650;sbobet;Asian Handicap First Half;0.5;1;1.625;1.625;2026-09-29T10:02:01.288Z
01.10.2026;02:30;USA;MLS;New York Red Bulls;Saint Louis City SC;id1000024275066650;sbobet;Asian Handicap First Half;0.5;2;2.29;2.29;2026-09-29T10:02:01.288Z
01.10.2026;02:30;USA;MLS;New York Red Bulls;Saint Louis City SC;id1000024275066650;sbobet;Asian Handicap;0.25;1;2.21;2.21;2026-09-29T09:59:18.965Z
01.10.2026;02:30;USA;MLS;New York Red Bulls;Saint Louis City SC;id1000024275066650;sbobet;Asian Handicap;0.25;2;1.695;1.695;2026-09-29T09:59:18.965Z
01.10.2026;02:30;USA;MLS;New York Red Bulls;Saint Louis City SC;id1000024275066650;sbobet;Asian Handicap;0.5;1;1.975;1.915;2026-09-28T17:17:48.794Z
01.10.2026;02:30;USA;MLS;New York Red Bulls;Saint Louis City SC;id1000024275066650;sbobet;Asian Handicap;0.5;2;1.895;1.955;2026-09-28T17:17:48.794Z
01.10.2026;02:30;USA;MLS;New York Red Bulls;Saint Louis City SC;id1000024275066650;sbobet;Asian Handicap;0.75;1;1.695;1.715;2026-09-29T09:59:18.965Z
01.10.2026;02:30;USA;MLS;New York Red Bulls;Saint Louis City SC;id1000024275066650;sbobet;Asian Handicap;0.75;2;2.21;2.18;2026-09-29T09:59:18.965Z
01.10.2026;02:30;USA;USL Championship;Rhode Island FC;Indy Eleven;id1002816367173000;bet365;Full Time Result;0.0;1;1.45;1.82;2026-09-29T17:23:20.302Z
01.10.2026;02:30;USA;USL Championship;Rhode Island FC;Indy Eleven;id1002816367173000;bet365;Full Time Result;0.0;X;3.9;3.5;2026-09-29T17:23:20.302Z
01.10.2026;02:30;USA;USL Championship;Rhode Island FC;Indy Eleven;id1002816367173000;bet365;Full Time Result;0.0;2;5.5;3.5;2026-09-29T17:23:20.302Z
01.10.2026;02:30;USA;USL Championship;Rhode Island FC;Indy Eleven;id1002816367173000;bet365;Over Under Full Time;2.5;Over;1.69;1.63;2026-09-29T17:50:13.411Z
01.10.2026;02:30;USA;USL Championship;Rhode Island FC;Indy Eleven;id1002816367173000;bet365;Over Under Full Time;2.5;Under;2.04;2.15;2026-09-29T17:50:13.411Z
01.10.2026;02:30;USA;USL Championship;Rhode Island FC;Indy Eleven;id1002816367173000;bet365;Over Under Full Time;3.5;Over;2.75;2.62;2026-09-29T17:50:13.411Z
01.10.2026;02:30;USA;USL Championship;Rhode Island FC;Indy Eleven;id1002816367173000;bet365;Over Under Full Time;3.5;Under;1.37;1.41;2026-09-29T17:50:13.411Z
01.10.2026;02:30;USA;USL Championship;Rhode Island FC;Indy Eleven;id1002816367173000;bet365;Over Under Full Time;4.5;Over;5.0;4.5;2026-09-29T17:50:13.411Z
01.10.2026;02:30;USA;USL Championship;Rhode Island FC;Indy Eleven;id1002816367173000;bet365;Over Under Full Time;4.5;Under;1.11;1.13;2026-09-29T17:50:13.411Z
01.10.2026;02:30;USA;USL Championship;Rhode Island FC;Indy Eleven;id1002816367173000;bet365;Double Chance Full Time;0.0;1X;1.08;1.19;2026-09-29T17:23:20.302Z
01.10.2026;02:30;USA;USL Championship;Rhode Island FC;Indy Eleven;id1002816367173000;bet365;Double Chance Full Time;0.0;12;1.15;1.19;2026-09-29T17:23:20.302Z
01.10.2026;02:30;USA;USL Championship;Rhode Island FC;Indy Eleven;id1002816367173000;bet365;Double Chance Full Time;0.0;2X;2.4;1.77;2026-09-29T17:23:20.302Z
01.10.2026;02:30;USA;USL Championship;Rhode Island FC;Indy Eleven;id1002816367173000;bet365;First Half Result;0.0;1;1.97;2.37;2026-09-29T17:23:20.302Z
01.10.2026;02:30;USA;USL Championship;Rhode Island FC;Indy Eleven;id1002816367173000;bet365;First Half Result;0.0;X;2.37;2.3;2026-09-29T17:23:20.302Z
01.10.2026;02:30;USA;USL Championship;Rhode Island FC;Indy Eleven;id1002816367173000;bet365;First Half Result;0.0;2;5.5;4.0;2026-09-29T17:23:20.302Z
01.10.2026;02:30;USA;USL Championship;Rhode Island FC;Indy Eleven;id1002816367173000;bet365;Second Half Result;0.0;1;1.8;2.2;2026-09-29T17:23:20.302Z
01.10.2026;02:30;USA;USL Championship;Rhode Island FC;Indy Eleven;id1002816367173000;bet365;Second Half Result;0.0;X;2.75;2.62;2026-09-29T17:23:20.302Z
01.10.2026;02:30;USA;USL Championship;Rhode Island FC;Indy Eleven;id1002816367173000;bet365;Second Half Result;0.0;2;5.0;3.6;2026-09-29T17:23:20.302Z
01.10.2026;02:30;USA;USL Championship;Rhode Island FC;Indy Eleven;id1002816367173000;bet365;Over Under Team 1 First Half;0.5;Over;1.58;1.69;2026-09-29T17:23:20.302Z
01.10.2026;02:30;USA;USL Championship;Rhode Island FC;Indy Eleven;id1002816367173000;bet365;Over Under Team 1 First Half;0.5;Under;2.2;1.97;2026-09-29T17:23:20.302Z
01.10.2026;02:30;USA;USL Championship;Rhode Island FC;Indy Eleven;id1002816367173000;bet365;Over Under Team 1 First Half;1.5;Over;4.0;4.75;2026-09-29T17:23:20.302Z
01.10.2026;02:30;USA;USL Championship;Rhode Island FC;Indy Eleven;id1002816367173000;bet365;Over Under Team 1 First Half;1.5;Under;1.19;1.15;2026-09-29T17:23:20.302Z
01.10.2026;02:30;USA;USL Championship;Rhode Island FC;Indy Eleven;id1002816367173000;bet365;Over Under Team 1 First Half;2.5;Over;12.0;15.0;2026-09-29T17:23:20.302Z
01.10.2026;02:30;USA;USL Championship;Rhode Island FC;Indy Eleven;id1002816367173000;bet365;Over Under Team 1 First Half;2.5;Under;1.032;1.025;2026-09-29T17:23:20.302Z
01.10.2026;02:30;USA;USL Championship;Rhode Island FC;Indy Eleven;id1002816367173000;bet365;Over Under Team 1 First Half;3.5;Over;29.0;34.0;2026-09-29T17:23:20.302Z
01.10.2026;02:30;USA;USL Championship;Rhode Island FC;Indy Eleven;id1002816367173000;bet365;Over Under Team 1 First Half;3.5;Under;1.008;1.008;2026-09-27T21:38:43.879Z
01.10.2026;02:30;USA;USL Championship;Rhode Island FC;Indy Eleven;id1002816367173000;bet365;Over Under Team 1 First Half;4.5;Over;51.0;51.0;2026-09-27T21:38:43.879Z
01.10.2026;02:30;USA;USL Championship;Rhode Island FC;Indy Eleven;id1002816367173000;bet365;Over Under Team 2 First Half;0.5;Over;2.87;2.25;2026-09-29T17:23:20.302Z
01.10.2026;02:30;USA;USL Championship;Rhode Island FC;Indy Eleven;id1002816367173000;bet365;Over Under Team 2 First Half;0.5;Under;1.33;1.54;2026-09-29T17:23:20.302Z
01.10.2026;02:30;USA;USL Championship;Rhode Island FC;Indy Eleven;id1002816367173000;bet365;Over Under Team 2 First Half;1.5;Over;15.0;9.0;2026-09-29T17:23:20.302Z
01.10.2026;02:30;USA;USL Championship;Rhode Island FC;Indy Eleven;id1002816367173000;bet365;Over Under Team 2 First Half;1.5;Under;1.03;1.061;2026-09-29T17:23:20.302Z
01.10.2026;02:30;USA;USL Championship;Rhode Island FC;Indy Eleven;id1002816367173000;bet365;Over Under Team 2 First Half;2.5;Over;41.0;29.0;2026-09-29T17:23:20.302Z
01.10.2026;02:30;USA;USL Championship;Rhode Island FC;Indy Eleven;id1002816367173000;bet365;Over Under Team 2 First Half;2.5;Under;1.008;1.008;2026-09-29T17:23:20.302Z
01.10.2026;02:30;USA;USL Championship;Rhode Island FC;Indy Eleven;id1002816367173000;bet365;Over Under Team 2 First Half;3.5;Over;67.0;51.0;2026-09-29T17:23:20.302Z
01.10.2026;02:30;USA;USL Championship;Rhode Island FC;Indy Eleven;id1002816367173000;bet365;Over Under Team 1 Second Half;0.5;Over;1.41;1.47;2026-09-29T17:23:20.302Z
01.10.2026;02:30;USA;USL Championship;Rhode Island FC;Indy Eleven;id1002816367173000;bet365;Over Under Team 1 Second Half;0.5;Under;2.62;2.5;2026-09-29T17:23:20.302Z
01.10.2026;02:30;USA;USL Championship;Rhode Island FC;Indy Eleven;id1002816367173000;bet365;Over Under Team 1 Second Half;1.5;Over;3.0;3.5;2026-09-29T17:23:20.302Z
01.10.2026;02:30;USA;USL Championship;Rhode Island FC;Indy Eleven;id1002816367173000;bet365;Over Under Team 1 Second Half;1.5;Under;1.33;1.27;2026-09-29T17:23:20.302Z
01.10.2026;02:30;USA;USL Championship;Rhode Island FC;Indy Eleven;id1002816367173000;bet365;Over Under Team 1 Second Half;2.5;Over;8.0;10.0;2026-09-29T17:23:20.302Z
01.10.2026;02:30;USA;USL Championship;Rhode Island FC;Indy Eleven;id1002816367173000;bet365;Over Under Team 1 Second Half;2.5;Under;1.061;1.04;2026-09-29T17:23:20.302Z
01.10.2026;02:30;USA;USL Championship;Rhode Island FC;Indy Eleven;id1002816367173000;bet365;Over Under Team 1;0.5;Over;1.1;1.13;2026-09-29T17:23:20.302Z
01.10.2026;02:30;USA;USL Championship;Rhode Island FC;Indy Eleven;id1002816367173000;bet365;Over Under Team 1;0.5;Under;5.5;4.5;2026-09-29T17:23:20.302Z
01.10.2026;02:30;USA;USL Championship;Rhode Island FC;Indy Eleven;id1002816367173000;bet365;Over Under Team 1 Second Half;3.5;Over;21.0;23.0;2026-09-29T17:23:20.302Z
01.10.2026;02:30;USA;USL Championship;Rhode Island FC;Indy Eleven;id1002816367173000;bet365;Over Under Team 1 Second Half;3.5;Under;1.016;1.01;2026-09-29T17:23:20.302Z
01.10.2026;02:30;USA;USL Championship;Rhode Island FC;Indy Eleven;id1002816367173000;bet365;Over Under Team 1 Second Half;4.5;Over;41.0;41.0;2026-09-29T17:23:20.302Z
01.10.2026;02:30;USA;USL Championship;Rhode Island FC;Indy Eleven;id1002816367173000;bet365;Over Under Team 2 Second Half;0.5;Over;2.37;1.87;2026-09-29T17:23:20.302Z
01.10.2026;02:30;USA;USL Championship;Rhode Island FC;Indy Eleven;id1002816367173000;bet365;Over Under Team 2 Second Half;0.5;Under;1.5;1.77;2026-09-29T17:23:20.302Z
01.10.2026;02:30;USA;USL Championship;Rhode Island FC;Indy Eleven;id1002816367173000;bet365;Over Under Team 2 Second Half;1.5;Over;9.5;6.0;2026-09-29T17:23:20.302Z
01.10.2026;02:30;USA;USL Championship;Rhode Island FC;Indy Eleven;id1002816367173000;bet365;Over Under Team 2 Second Half;1.5;Under;1.052;1.1;2026-09-29T17:23:20.302Z
01.10.2026;02:30;USA;USL Championship;Rhode Island FC;Indy Eleven;id1002816367173000;bet365;Over Under Team 2 Second Half;2.5;Over;29.0;21.0;2026-09-29T17:23:20.302Z
01.10.2026;02:30;USA;USL Championship;Rhode Island FC;Indy Eleven;id1002816367173000;bet365;Over Under Team 2 Second Half;2.5;Under;1.008;1.016;2026-09-29T17:23:20.302Z
01.10.2026;02:30;USA;USL Championship;Rhode Island FC;Indy Eleven;id1002816367173000;bet365;Over Under Team 2 Second Half;3.5;Over;51.0;41.0;2026-09-29T17:23:20.302Z
01.10.2026;02:30;USA;USL Championship;Rhode Island FC;Indy Eleven;id1002816367173000;bet365;Over Under Team 1;1.5;Over;1.58;1.77;2026-09-29T17:23:20.302Z
01.10.2026;02:30;USA;USL Championship;Rhode Island FC;Indy Eleven;id1002816367173000;bet365;Over Under Team 1;1.5;Under;2.2;1.87;2026-09-29T17:23:20.302Z
01.10.2026;02:30;USA;USL Championship;Rhode Island FC;Indy Eleven;id1002816367173000;bet365;Over Under Team 1;2.5;Over;2.75;3.4;2026-09-29T17:23:20.302Z
01.10.2026;02:30;USA;USL Championship;Rhode Island FC;Indy Eleven;id1002816367173000;bet365;Over Under Team 1;2.5;Under;1.37;1.27;2026-09-29T17:23:20.302Z
01.10.2026;02:30;USA;USL Championship;Rhode Island FC;Indy Eleven;id1002816367173000;bet365;Over Under Team 1;3.5;Over;5.5;7.0;2026-09-29T17:23:20.302Z
01.10.2026;02:30;USA;USL Championship;Rhode Island FC;Indy Eleven;id1002816367173000;bet365;Over Under Team 1;3.5;Under;1.1;1.068;2026-09-29T17:23:20.302Z
01.10.2026;02:30;USA;USL Championship;Rhode Island FC;Indy Eleven;id1002816367173000;bet365;Over Under Team 1;4.5;Over;9.0;11.0;2026-09-29T17:23:20.302Z
01.10.2026;02:30;USA;USL Championship;Rhode Island FC;Indy Eleven;id1002816367173000;bet365;Over Under Team 1;4.5;Under;1.032;1.016;2026-09-29T17:23:20.302Z
01.10.2026;02:30;USA;USL Championship;Rhode Island FC;Indy Eleven;id1002816367173000;bet365;Over Under Team 2;0.5;Over;1.58;1.33;2026-09-29T17:23:20.302Z
01.10.2026;02:30;USA;USL Championship;Rhode Island FC;Indy Eleven;id1002816367173000;bet365;Over Under Team 2;0.5;Under;2.2;3.0;2026-09-29T17:23:20.302Z
01.10.2026;02:30;USA;USL Championship;Rhode Island FC;Indy Eleven;id1002816367173000;bet365;Over Under Team 2;1.5;Over;4.0;2.62;2026-09-29T17:23:20.302Z
01.10.2026;02:30;USA;USL Championship;Rhode Island FC;Indy Eleven;id1002816367173000;bet365;Over Under Team 2;1.5;Under;1.19;1.41;2026-09-29T17:23:20.302Z
01.10.2026;02:30;USA;USL Championship;Rhode Island FC;Indy Eleven;id1002816367173000;bet365;Over Under Team 2;2.5;Over;9.0;6.5;2026-09-29T17:23:20.302Z
01.10.2026;02:30;USA;USL Championship;Rhode Island FC;Indy Eleven;id1002816367173000;bet365;Over Under Team 2;2.5;Under;1.032;1.08;2026-09-29T17:23:20.302Z
01.10.2026;02:30;USA;USL Championship;Rhode Island FC;Indy Eleven;id1002816367173000;bet365;Over Under Team 2;3.5;Over;17.0;11.0;2026-09-29T17:23:20.302Z
01.10.2026;02:30;USA;USL Championship;Rhode Island FC;Indy Eleven;id1002816367173000;bet365;Over Under Team 2;3.5;Under;1.008;1.016;2026-09-29T17:23:20.302Z
01.10.2026;02:30;USA;USL Championship;Rhode Island FC;Indy Eleven;id1002816367173000;bet365;Over Under Team 2;4.5;Over;41.0;21.0;2026-09-29T17:23:20.302Z
01.10.2026;02:30;USA;USL Championship;Rhode Island FC;Indy Eleven;id1002816367173000;bet365;Over Under First Half;0.5;Over;1.3;1.27;2026-09-29T17:23:20.302Z
01.10.2026;02:30;USA;USL Championship;Rhode Island FC;Indy Eleven;id1002816367173000;bet365;Over Under First Half;0.5;Under;3.25;3.4;2026-09-29T17:23:20.302Z
01.10.2026;02:30;USA;USL Championship;Rhode Island FC;Indy Eleven;id1002816367173000;bet365;Over Under First Half;1.5;Over;2.5;2.37;2026-09-29T17:23:20.302Z
01.10.2026;02:30;USA;USL Championship;Rhode Island FC;Indy Eleven;id1002816367173000;bet365;Over Under First Half;1.5;Under;1.47;1.5;2026-09-29T17:23:20.302Z
01.10.2026;02:30;USA;USL Championship;Rhode Island FC;Indy Eleven;id1002816367173000;bet365;Over Under First Half;2.5;Over;5.5;5.5;2026-09-29T17:23:20.302Z
01.10.2026;02:30;USA;USL Championship;Rhode Island FC;Indy Eleven;id1002816367173000;bet365;Over Under First Half;2.5;Under;1.1;1.1;2026-09-29T17:23:20.302Z
01.10.2026;02:30;USA;USL Championship;Rhode Island FC;Indy Eleven;id1002816367173000;bet365;Over Under First Half;3.5;Over;10.5;10.5;2026-09-29T17:23:20.302Z
01.10.2026;02:30;USA;USL Championship;Rhode Island FC;Indy Eleven;id1002816367173000;bet365;Over Under First Half;3.5;Under;1.02;1.02;2026-09-29T17:23:20.302Z
01.10.2026;02:30;USA;USL Championship;Rhode Island FC;Indy Eleven;id1002816367173000;bet365;Over Under First Half;4.5;Over;21.0;17.0;2026-09-29T17:23:20.302Z
01.10.2026;02:30;USA;USL Championship;Rhode Island FC;Indy Eleven;id1002816367173000;bet365;Over Under Second Half;0.5;Over;1.17;1.15;2026-09-29T17:23:20.302Z
01.10.2026;02:30;USA;USL Championship;Rhode Island FC;Indy Eleven;id1002816367173000;bet365;Over Under Second Half;0.5;Under;4.33;4.5;2026-09-29T17:23:20.302Z
01.10.2026;02:30;USA;USL Championship;Rhode Island FC;Indy Eleven;id1002816367173000;bet365;Over Under Second Half;1.5;Over;1.87;1.8;2026-09-29T17:23:20.302Z
01.10.2026;02:30;USA;USL Championship;Rhode Island FC;Indy Eleven;id1002816367173000;bet365;Over Under Second Half;1.5;Under;1.77;1.8;2026-09-29T17:23:20.302Z
01.10.2026;02:30;USA;USL Championship;Rhode Island FC;Indy Eleven;id1002816367173000;bet365;Over Under Second Half;2.5;Over;4.0;3.75;2026-09-29T17:23:20.302Z
01.10.2026;02:30;USA;USL Championship;Rhode Island FC;Indy Eleven;id1002816367173000;bet365;Over Under Second Half;2.5;Under;1.19;1.22;2026-09-29T17:23:20.302Z
01.10.2026;02:30;USA;USL Championship;Rhode Island FC;Indy Eleven;id1002816367173000;bet365;Over Under Second Half;3.5;Over;10.0;9.0;2026-09-29T17:23:20.302Z
01.10.2026;02:30;USA;USL Championship;Rhode Island FC;Indy Eleven;id1002816367173000;bet365;Over Under Second Half;3.5;Under;1.052;1.061;2026-09-29T17:23:20.302Z
01.10.2026;02:30;USA;USL Championship;Rhode Island FC;Indy Eleven;id1002816367173000;bet365;Over Under Second Half;4.5;Over;23.0;21.0;2026-09-29T17:23:20.302Z
01.10.2026;02:30;USA;USL Championship;Rhode Island FC;Indy Eleven;id1002816367173000;bet365;Over Under Second Half;4.5;Under;1.01;1.012;2026-09-29T17:23:20.302Z
01.10.2026;02:30;USA;USL Championship;Rhode Island FC;Indy Eleven;id1002816367173000;bet365;Both Teams To Score;0.0;Yes;1.8;1.58;2026-09-29T17:23:20.302Z
01.10.2026;02:30;USA;USL Championship;Rhode Island FC;Indy Eleven;id1002816367173000;bet365;Both Teams To Score;0.0;No;1.8;2.2;2026-09-29T17:23:20.302Z
01.10.2026;02:30;USA;USL Championship;Rhode Island FC;Indy Eleven;id1002816367173000;bet365;Over Under Full Time;0.5;Over;1.012;1.025;2026-09-29T17:50:13.411Z
01.10.2026;02:30;USA;USL Championship;Rhode Island FC;Indy Eleven;id1002816367173000;bet365;Over Under Full Time;0.5;Under;12.0;10.0;2026-09-29T17:50:13.411Z
01.10.2026;02:30;USA;USL Championship;Rhode Island FC;Indy Eleven;id1002816367173000;bet365;Over Under Full Time;1.5;Over;1.19;1.17;2026-09-29T17:50:13.411Z
01.10.2026;02:30;USA;USL Championship;Rhode Island FC;Indy Eleven;id1002816367173000;bet365;Over Under Full Time;1.5;Under;4.0;4.33;2026-09-29T17:50:13.411Z
01.10.2026;02:30;USA;USL Championship;Rhode Island FC;Indy Eleven;id1002816367173000;pinnacle;Full Time Result;0.0;1;1.684;1.884;2026-09-29T10:01:09.553Z
01.10.2026;02:30;USA;USL Championship;Rhode Island FC;Indy Eleven;id1002816367173000;pinnacle;Full Time Result;0.0;X;4.14;4.04;2026-09-29T10:01:09.553Z
01.10.2026;02:30;USA;USL Championship;Rhode Island FC;Indy Eleven;id1002816367173000;pinnacle;Full Time Result;0.0;2;4.56;3.43;2026-09-29T10:01:09.553Z
01.10.2026;02:30;USA;USL Championship;Rhode Island FC;Indy Eleven;id1002816367173000;pinnacle;Over Under Full Time;2.5;Over;1.68;1.649;2026-09-29T11:31:46.194Z
01.10.2026;02:30;USA;USL Championship;Rhode Island FC;Indy Eleven;id1002816367173000;pinnacle;Over Under Full Time;2.5;Under;2.21;2.22;2026-09-29T11:31:46.194Z
01.10.2026;02:30;USA;USL Championship;Rhode Island FC;Indy Eleven;id1002816367173000;pinnacle;Over Under Full Time;3.5;Over;2.68;2.64;2026-09-29T11:31:46.194Z
01.10.2026;02:30;USA;USL Championship;Rhode Island FC;Indy Eleven;id1002816367173000;pinnacle;Over Under Full Time;3.5;Under;1.467;1.458;2026-09-29T11:31:46.194Z
01.10.2026;02:30;USA;USL Championship;Rhode Island FC;Indy Eleven;id1002816367173000;pinnacle;European Handicap;2.0;1;1.058;1.087;2026-09-29T11:36:53.123Z
01.10.2026;02:30;USA;USL Championship;Rhode Island FC;Indy Eleven;id1002816367173000;pinnacle;European Handicap;2.0;X;12.25;10.46;2026-09-29T11:36:53.123Z
01.10.2026;02:30;USA;USL Championship;Rhode Island FC;Indy Eleven;id1002816367173000;pinnacle;European Handicap;2.0;2;24.27;18.67;2026-09-29T11:36:53.123Z
01.10.2026;02:30;USA;USL Championship;Rhode Island FC;Indy Eleven;id1002816367173000;pinnacle;European Handicap;1.0;1;1.227;1.303;2026-09-29T11:36:53.123Z
01.10.2026;02:30;USA;USL Championship;Rhode Island FC;Indy Eleven;id1002816367173000;pinnacle;European Handicap;1.0;X;5.95;5.43;2026-09-29T11:36:53.123Z
01.10.2026;02:30;USA;USL Championship;Rhode Island FC;Indy Eleven;id1002816367173000;pinnacle;European Handicap;1.0;2;9.54;7.64;2026-09-29T11:36:53.123Z
01.10.2026;02:30;USA;USL Championship;Rhode Island FC;Indy Eleven;id1002816367173000;pinnacle;Over Under Full Time;4.5;Over;4.88;4.79;2026-09-29T11:31:46.194Z
01.10.2026;02:30;USA;USL Championship;Rhode Island FC;Indy Eleven;id1002816367173000;pinnacle;Over Under Full Time;4.5;Under;1.177;1.17;2026-09-29T11:31:46.194Z
01.10.2026;02:30;USA;USL Championship;Rhode Island FC;Indy Eleven;id1002816367173000;pinnacle;European Handicap;-1.0;1;3.21;3.29;2026-09-29T11:36:53.123Z
01.10.2026;02:30;USA;USL Championship;Rhode Island FC;Indy Eleven;id1002816367173000;pinnacle;European Handicap;-1.0;X;3.89;4.14;2026-09-29T11:36:53.123Z
01.10.2026;02:30;USA;USL Championship;Rhode Island FC;Indy Eleven;id1002816367173000;pinnacle;European Handicap;-1.0;2;1.961;1.892;2026-09-29T11:36:53.123Z
01.10.2026;02:30;USA;USL Championship;Rhode Island FC;Indy Eleven;id1002816367173000;pinnacle;European Handicap;-2.0;1;6.52;6.65;2026-09-29T11:36:53.123Z
01.10.2026;02:30;USA;USL Championship;Rhode Island FC;Indy Eleven;id1002816367173000;pinnacle;European Handicap;-2.0;X;5.52;5.71;2026-09-29T11:36:53.123Z
01.10.2026;02:30;USA;USL Championship;Rhode Island FC;Indy Eleven;id1002816367173000;pinnacle;European Handicap;-2.0;2;1.326;1.321;2026-09-29T11:36:53.123Z
01.10.2026;02:30;USA;USL Championship;Rhode Island FC;Indy Eleven;id1002816367173000;pinnacle;First Half Result;0.0;1;2.2;2.37;2026-09-29T10:01:09.553Z
01.10.2026;02:30;USA;USL Championship;Rhode Island FC;Indy Eleven;id1002816367173000;pinnacle;First Half Result;0.0;X;2.48;2.42;2026-09-29T10:01:09.553Z
01.10.2026;02:30;USA;USL Championship;Rhode Island FC;Indy Eleven;id1002816367173000;pinnacle;First Half Result;0.0;2;5.02;4.2;2026-09-29T10:01:09.553Z
01.10.2026;02:30;USA;USL Championship;Rhode Island FC;Indy Eleven;id1002816367173000;pinnacle;Over Under Team 1 First Half;0.5;Over;1.632;1.684;2026-09-29T11:31:46.502Z
01.10.2026;02:30;USA;USL Championship;Rhode Island FC;Indy Eleven;id1002816367173000;pinnacle;Over Under Team 1 First Half;0.5;Under;2.25;2.12;2026-09-29T11:31:46.502Z
01.10.2026;02:30;USA;USL Championship;Rhode Island FC;Indy Eleven;id1002816367173000;pinnacle;Over Under Team 2 First Half;0.5;Over;2.59;2.31;2026-09-29T11:31:46.502Z
01.10.2026;02:30;USA;USL Championship;Rhode Island FC;Indy Eleven;id1002816367173000;pinnacle;Over Under Team 2 First Half;0.5;Under;1.49;1.568;2026-09-29T11:31:46.502Z
01.10.2026;02:30;USA;USL Championship;Rhode Island FC;Indy Eleven;id1002816367173000;pinnacle;Over Under Team 1;1.5;Over;1.671;1.847;2026-09-29T11:31:46.194Z
01.10.2026;02:30;USA;USL Championship;Rhode Island FC;Indy Eleven;id1002816367173000;pinnacle;Over Under Team 1;1.5;Under;2.21;1.925;2026-09-29T11:31:46.194Z
01.10.2026;02:30;USA;USL Championship;Rhode Island FC;Indy Eleven;id1002816367173000;pinnacle;Over Under Team 1;2.5;Over;3.11;3.55;2026-09-29T11:31:46.194Z
01.10.2026;02:30;USA;USL Championship;Rhode Island FC;Indy Eleven;id1002816367173000;pinnacle;Over Under Team 1;2.5;Under;1.343;1.263;2026-09-29T11:31:46.194Z
01.10.2026;02:30;USA;USL Championship;Rhode Island FC;Indy Eleven;id1002816367173000;pinnacle;Over Under Team 2;0.5;Over;1.454;1.331;2026-09-29T11:31:46.194Z
01.10.2026;02:30;USA;USL Championship;Rhode Island FC;Indy Eleven;id1002816367173000;pinnacle;Over Under Team 2;0.5;Under;2.74;3.06;2026-09-29T11:31:46.194Z
01.10.2026;02:30;USA;USL Championship;Rhode Island FC;Indy Eleven;id1002816367173000;pinnacle;Over Under Team 2;1.5;Over;3.21;2.71;2026-09-29T11:31:46.194Z
01.10.2026;02:30;USA;USL Championship;Rhode Island FC;Indy Eleven;id1002816367173000;pinnacle;Over Under Team 2;1.5;Under;1.326;1.434;2026-09-29T11:31:46.194Z
01.10.2026;02:30;USA;USL Championship;Rhode Island FC;Indy Eleven;id1002816367173000;pinnacle;Over Under First Half;0.5;Over;1.321;1.333;2026-09-28T10:32:01.284Z
01.10.2026;02:30;USA;USL Championship;Rhode Island FC;Indy Eleven;id1002816367173000;pinnacle;Over Under First Half;0.5;Under;3.13;3.15;2026-09-28T10:32:01.284Z
01.10.2026;02:30;USA;USL Championship;Rhode Island FC;Indy Eleven;id1002816367173000;pinnacle;Over Under First Half;1.5;Over;2.52;2.47;2026-09-29T11:31:46.502Z
01.10.2026;02:30;USA;USL Championship;Rhode Island FC;Indy Eleven;id1002816367173000;pinnacle;Over Under First Half;1.5;Under;1.526;1.52;2026-09-29T11:31:46.502Z
01.10.2026;02:30;USA;USL Championship;Rhode Island FC;Indy Eleven;id1002816367173000;pinnacle;Both Teams To Score First Half;0.0;Yes;4.47;4.03;2026-09-29T11:36:53.123Z
01.10.2026;02:30;USA;USL Championship;Rhode Island FC;Indy Eleven;id1002816367173000;pinnacle;Both Teams To Score First Half;0.0;No;1.18;1.22;2026-09-29T11:36:53.123Z
01.10.2026;02:30;USA;USL Championship;Rhode Island FC;Indy Eleven;id1002816367173000;pinnacle;Both Teams To Score;0.0;Yes;1.724;1.625;2026-09-29T11:36:53.123Z
01.10.2026;02:30;USA;USL Championship;Rhode Island FC;Indy Eleven;id1002816367173000;pinnacle;Both Teams To Score;0.0;No;2.06;2.24;2026-09-29T11:36:53.123Z
01.10.2026;02:30;USA;USL Championship;Rhode Island FC;Indy Eleven;id1002816367173000;pinnacle;Asian Handicap;-1.75;1;3.41;3.89;2026-09-28T10:31:42.507Z
01.10.2026;02:30;USA;USL Championship;Rhode Island FC;Indy Eleven;id1002816367173000;pinnacle;Asian Handicap;-1.75;2;1.285;1.242;2026-09-28T10:31:42.507Z
01.10.2026;02:30;USA;USL Championship;Rhode Island FC;Indy Eleven;id1002816367173000;pinnacle;Asian Handicap First Half;-0.75;1;2.78;3.06;2026-09-29T11:31:46.502Z
01.10.2026;02:30;USA;USL Championship;Rhode Island FC;Indy Eleven;id1002816367173000;pinnacle;Asian Handicap First Half;-0.75;2;1.44;1.357;2026-09-29T11:31:46.502Z
01.10.2026;02:30;USA;USL Championship;Rhode Island FC;Indy Eleven;id1002816367173000;pinnacle;Asian Handicap;-1.5;1;2.79;3.3;2026-09-29T11:31:46.194Z
01.10.2026;02:30;USA;USL Championship;Rhode Island FC;Indy Eleven;id1002816367173000;pinnacle;Asian Handicap;-1.5;2;1.401;1.323;2026-09-29T11:31:46.194Z
01.10.2026;02:30;USA;USL Championship;Rhode Island FC;Indy Eleven;id1002816367173000;pinnacle;Asian Handicap First Half;-0.5;1;2.19;2.37;2026-09-29T11:31:46.502Z
01.10.2026;02:30;USA;USL Championship;Rhode Island FC;Indy Eleven;id1002816367173000;pinnacle;Asian Handicap First Half;-0.5;2;1.675;1.564;2026-09-29T11:31:46.502Z
01.10.2026;02:30;USA;USL Championship;Rhode Island FC;Indy Eleven;id1002816367173000;pinnacle;Asian Handicap First Half;-0.25;1;1.781;1.925;2026-09-29T11:31:46.502Z
01.10.2026;02:30;USA;USL Championship;Rhode Island FC;Indy Eleven;id1002816367173000;pinnacle;Asian Handicap First Half;-0.25;2;2.06;1.862;2026-09-29T11:31:46.502Z
01.10.2026;02:30;USA;USL Championship;Rhode Island FC;Indy Eleven;id1002816367173000;pinnacle;Asian Handicap First Half;0.0;1;1.357;1.46;2026-09-29T11:31:46.502Z
01.10.2026;02:30;USA;USL Championship;Rhode Island FC;Indy Eleven;id1002816367173000;pinnacle;Asian Handicap First Half;0.0;2;3.17;2.66;2026-09-29T11:31:46.502Z
01.10.2026;02:30;USA;USL Championship;Rhode Island FC;Indy Eleven;id1002816367173000;pinnacle;Asian Handicap First Half;0.25;1;1.237;1.295;2026-09-29T11:31:46.502Z
01.10.2026;02:30;USA;USL Championship;Rhode Island FC;Indy Eleven;id1002816367173000;pinnacle;Asian Handicap First Half;0.25;2;4.08;3.44;2026-09-29T11:31:46.502Z
01.10.2026;02:30;USA;USL Championship;Rhode Island FC;Indy Eleven;id1002816367173000;pinnacle;Asian Handicap;-1.25;1;2.48;2.95;2026-09-29T11:31:46.194Z
01.10.2026;02:30;USA;USL Championship;Rhode Island FC;Indy Eleven;id1002816367173000;pinnacle;Asian Handicap;-1.25;2;1.505;1.387;2026-09-29T11:31:46.194Z
01.10.2026;02:30;USA;USL Championship;Rhode Island FC;Indy Eleven;id1002816367173000;pinnacle;Asian Handicap;-1.0;1;2.16;2.61;2026-09-29T11:31:46.194Z
01.10.2026;02:30;USA;USL Championship;Rhode Island FC;Indy Eleven;id1002816367173000;pinnacle;Asian Handicap;-1.0;2;1.662;1.487;2026-09-29T11:31:46.194Z
01.10.2026;02:30;USA;USL Championship;Rhode Island FC;Indy Eleven;id1002816367173000;pinnacle;Asian Handicap;-0.75;1;1.847;2.16;2026-09-29T11:31:46.194Z
01.10.2026;02:30;USA;USL Championship;Rhode Island FC;Indy Eleven;id1002816367173000;pinnacle;Asian Handicap;-0.75;2;1.925;1.699;2026-09-29T11:31:46.194Z
01.10.2026;02:30;USA;USL Championship;Rhode Island FC;Indy Eleven;id1002816367173000;pinnacle;Asian Handicap;-0.5;1;1.649;1.9;2026-09-29T11:31:46.194Z
01.10.2026;02:30;USA;USL Championship;Rhode Island FC;Indy Eleven;id1002816367173000;pinnacle;Asian Handicap;-0.5;2;2.18;1.917;2026-09-29T11:31:46.194Z
01.10.2026;02:30;USA;USL Championship;Rhode Island FC;Indy Eleven;id1002816367173000;pinnacle;Asian Handicap;-0.25;1;1.462;1.68;2026-09-29T11:31:46.194Z
01.10.2026;02:30;USA;USL Championship;Rhode Island FC;Indy Eleven;id1002816367173000;pinnacle;Asian Handicap;-0.25;2;2.6;2.19;2026-09-29T11:31:46.194Z
01.10.2026;02:30;USA;USL Championship;Rhode Island FC;Indy Eleven;id1002816367173000;pinnacle;Asian Handicap;0.0;1;1.28;1.465;2026-09-29T11:31:46.194Z
01.10.2026;02:30;USA;USL Championship;Rhode Island FC;Indy Eleven;id1002816367173000;pinnacle;Asian Handicap;0.0;2;3.45;2.69;2026-09-29T11:31:46.194Z
01.10.2026;02:30;USA;USL Championship;Rhode Island FC;Indy Eleven;id1002816367173000;pinnacle;Asian Handicap;0.25;1;1.228;1.367;2026-09-29T11:31:46.194Z
01.10.2026;02:30;USA;USL Championship;Rhode Island FC;Indy Eleven;id1002816367173000;pinnacle;Asian Handicap;0.25;2;3.9;3.05;2026-09-29T11:31:46.194Z
01.10.2026;02:30;USA;USL Championship;Rhode Island FC;Indy Eleven;id1002816367173000;pinnacle;Asian Handicap;0.5;1;1.23;1.305;2026-09-29T11:31:46.194Z
01.10.2026;02:30;USA;USL Championship;Rhode Island FC;Indy Eleven;id1002816367173000;pinnacle;Asian Handicap;0.5;2;3.88;3.42;2026-09-29T11:31:46.194Z
01.10.2026;02:30;USA;USL Championship;Rhode Island FC;Indy Eleven;id1002816367173000;pinnacle;Asian Handicap;0.75;1;1.235;1.223;2026-09-28T17:09:27.142Z
01.10.2026;02:30;USA;USL Championship;Rhode Island FC;Indy Eleven;id1002816367173000;pinnacle;Asian Handicap;0.75;2;3.96;4.08;2026-09-28T17:09:27.142Z
01.10.2026;02:30;USA;USL Championship;Rhode Island FC;Indy Eleven;id1002816367173000;pinnacle;Over Under Full Time;1.5;Over;1.214;1.204;2026-09-29T11:31:46.194Z
01.10.2026;02:30;USA;USL Championship;Rhode Island FC;Indy Eleven;id1002816367173000;pinnacle;Over Under Full Time;1.5;Under;4.33;4.28;2026-09-29T11:31:46.194Z
01.10.2026;03:00;USA;USL Championship;FC Tulsa;New Mexico United;id1002816367172996;bet365;Full Time Result;0.0;1;2.02;1.87;2026-09-29T17:23:37.547Z
01.10.2026;03:00;USA;USL Championship;FC Tulsa;New Mexico United;id1002816367172996;bet365;Full Time Result;0.0;X;3.25;3.3;2026-09-29T17:23:37.547Z
01.10.2026;03:00;USA;USL Championship;FC Tulsa;New Mexico United;id1002816367172996;bet365;Full Time Result;0.0;2;3.2;3.6;2026-09-29T17:23:37.547Z
01.10.2026;03:00;USA;USL Championship;FC Tulsa;New Mexico United;id1002816367172996;bet365;Over Under Full Time;2.5;Over;1.82;1.72;2026-09-29T18:41:02.561Z
01.10.2026;03:00;USA;USL Championship;FC Tulsa;New Mexico United;id1002816367172996;bet365;Over Under Full Time;2.5;Under;1.92;2.02;2026-09-29T18:41:02.561Z
01.10.2026;03:00;USA;USL Championship;FC Tulsa;New Mexico United;id1002816367172996;bet365;Over Under Full Time;3.5;Over;3.0;2.75;2026-09-29T18:41:02.561Z
01.10.2026;03:00;USA;USL Championship;FC Tulsa;New Mexico United;id1002816367172996;bet365;Over Under Full Time;3.5;Under;1.33;1.37;2026-09-29T18:41:02.561Z
01.10.2026;03:00;USA;USL Championship;FC Tulsa;New Mexico United;id1002816367172996;bet365;Over Under Full Time;4.5;Over;5.5;5.0;2026-09-29T18:41:02.561Z
01.10.2026;03:00;USA;USL Championship;FC Tulsa;New Mexico United;id1002816367172996;bet365;Over Under Full Time;4.5;Under;1.1;1.11;2026-09-29T18:41:02.561Z
01.10.2026;03:00;USA;USL Championship;FC Tulsa;New Mexico United;id1002816367172996;bet365;Double Chance Full Time;0.0;1X;1.25;1.19;2026-09-29T17:23:37.547Z
01.10.2026;03:00;USA;USL Championship;FC Tulsa;New Mexico United;id1002816367172996;bet365;Double Chance Full Time;0.0;12;1.22;1.22;2026-09-29T17:23:37.547Z
01.10.2026;03:00;USA;USL Championship;FC Tulsa;New Mexico United;id1002816367172996;bet365;Double Chance Full Time;0.0;2X;1.58;1.77;2026-09-29T17:23:37.547Z
01.10.2026;03:00;USA;USL Championship;FC Tulsa;New Mexico United;id1002816367172996;bet365;First Half Result;0.0;1;2.62;2.4;2026-09-29T17:23:37.547Z
01.10.2026;03:00;USA;USL Championship;FC Tulsa;New Mexico United;id1002816367172996;bet365;First Half Result;0.0;X;2.2;2.25;2026-09-29T17:23:37.547Z
01.10.2026;03:00;USA;USL Championship;FC Tulsa;New Mexico United;id1002816367172996;bet365;First Half Result;0.0;2;3.6;4.0;2026-09-29T17:23:37.547Z
01.10.2026;03:00;USA;USL Championship;FC Tulsa;New Mexico United;id1002816367172996;bet365;Second Half Result;0.0;1;2.4;2.25;2026-09-29T17:23:37.547Z
01.10.2026;03:00;USA;USL Championship;FC Tulsa;New Mexico United;id1002816367172996;bet365;Second Half Result;0.0;X;2.5;2.6;2026-09-29T17:23:37.547Z
01.10.2026;03:00;USA;USL Championship;FC Tulsa;New Mexico United;id1002816367172996;bet365;Second Half Result;0.0;2;3.25;3.6;2026-09-29T17:23:37.547Z
01.10.2026;03:00;USA;USL Championship;FC Tulsa;New Mexico United;id1002816367172996;bet365;Over Under Team 1 First Half;0.5;Over;1.87;1.77;2026-09-29T17:23:37.547Z
01.10.2026;03:00;USA;USL Championship;FC Tulsa;New Mexico United;id1002816367172996;bet365;Over Under Team 1 First Half;0.5;Under;1.8;1.92;2026-09-29T17:23:37.547Z
01.10.2026;03:00;USA;USL Championship;FC Tulsa;New Mexico United;id1002816367172996;bet365;Over Under Team 1 First Half;1.5;Over;6.0;5.0;2026-09-29T17:23:37.547Z
01.10.2026;03:00;USA;USL Championship;FC Tulsa;New Mexico United;id1002816367172996;bet365;Over Under Team 1 First Half;1.5;Under;1.1;1.11;2026-09-29T17:23:37.547Z
01.10.2026;03:00;USA;USL Championship;FC Tulsa;New Mexico United;id1002816367172996;bet365;Over Under Team 1 First Half;2.5;Over;21.0;17.0;2026-09-29T17:23:37.547Z
01.10.2026;03:00;USA;USL Championship;FC Tulsa;New Mexico United;id1002816367172996;bet365;Over Under Team 1 First Half;2.5;Under;1.016;1.02;2026-09-29T17:23:37.547Z
01.10.2026;03:00;USA;USL Championship;FC Tulsa;New Mexico United;id1002816367172996;bet365;Over Under Team 1 First Half;3.5;Over;41.0;41.0;2026-09-29T17:23:37.547Z
01.10.2026;03:00;USA;USL Championship;FC Tulsa;New Mexico United;id1002816367172996;bet365;Over Under Team 2 First Half;0.5;Over;2.25;2.3;2026-09-29T17:23:37.547Z
01.10.2026;03:00;USA;USL Championship;FC Tulsa;New Mexico United;id1002816367172996;bet365;Over Under Team 2 First Half;0.5;Under;1.54;1.54;2026-09-29T17:23:37.547Z
01.10.2026;03:00;USA;USL Championship;FC Tulsa;New Mexico United;id1002816367172996;bet365;Over Under Team 2 First Half;1.5;Over;9.0;9.5;2026-09-29T17:23:37.547Z
01.10.2026;03:00;USA;USL Championship;FC Tulsa;New Mexico United;id1002816367172996;bet365;Over Under Team 2 First Half;1.5;Under;1.061;1.052;2026-09-29T17:23:37.547Z
01.10.2026;03:00;USA;USL Championship;FC Tulsa;New Mexico United;id1002816367172996;bet365;Over Under Team 2 First Half;2.5;Over;29.0;29.0;2026-09-29T17:23:37.547Z
01.10.2026;03:00;USA;USL Championship;FC Tulsa;New Mexico United;id1002816367172996;bet365;Over Under Team 2 First Half;2.5;Under;1.008;1.008;2026-09-29T17:23:37.547Z
01.10.2026;03:00;USA;USL Championship;FC Tulsa;New Mexico United;id1002816367172996;bet365;Over Under Team 2 First Half;3.5;Over;67.0;67.0;2026-09-29T17:23:37.547Z
01.10.2026;03:00;USA;USL Championship;FC Tulsa;New Mexico United;id1002816367172996;bet365;Over Under Team 1 Second Half;0.5;Over;1.58;1.5;2026-09-29T17:23:37.547Z
01.10.2026;03:00;USA;USL Championship;FC Tulsa;New Mexico United;id1002816367172996;bet365;Over Under Team 1 Second Half;0.5;Under;2.2;2.37;2026-09-29T17:23:37.547Z
01.10.2026;03:00;USA;USL Championship;FC Tulsa;New Mexico United;id1002816367172996;bet365;Over Under Team 1 Second Half;1.5;Over;4.33;3.75;2026-09-29T17:23:37.547Z
01.10.2026;03:00;USA;USL Championship;FC Tulsa;New Mexico United;id1002816367172996;bet365;Over Under Team 1 Second Half;1.5;Under;1.19;1.22;2026-09-29T17:23:37.547Z
01.10.2026;03:00;USA;USL Championship;FC Tulsa;New Mexico United;id1002816367172996;bet365;Over Under Team 1 Second Half;2.5;Over;13.0;11.0;2026-09-29T17:23:37.547Z
01.10.2026;03:00;USA;USL Championship;FC Tulsa;New Mexico United;id1002816367172996;bet365;Over Under Team 1 Second Half;2.5;Under;1.03;1.037;2026-09-29T17:23:37.547Z
01.10.2026;03:00;USA;USL Championship;FC Tulsa;New Mexico United;id1002816367172996;bet365;Over Under Team 1;0.5;Over;1.19;1.13;2026-09-29T17:23:37.547Z
01.10.2026;03:00;USA;USL Championship;FC Tulsa;New Mexico United;id1002816367172996;bet365;Over Under Team 1;0.5;Under;4.0;4.5;2026-09-29T17:23:37.547Z
01.10.2026;03:00;USA;USL Championship;FC Tulsa;New Mexico United;id1002816367172996;bet365;Over Under Team 1 Second Half;3.5;Over;29.0;26.0;2026-09-29T17:23:37.547Z
01.10.2026;03:00;USA;USL Championship;FC Tulsa;New Mexico United;id1002816367172996;bet365;Over Under Team 1 Second Half;3.5;Under;1.01;1.008;2026-09-29T17:23:37.547Z
01.10.2026;03:00;USA;USL Championship;FC Tulsa;New Mexico United;id1002816367172996;bet365;Over Under Team 1 Second Half;4.5;Over;51.0;51.0;2026-09-29T17:23:37.547Z
01.10.2026;03:00;USA;USL Championship;FC Tulsa;New Mexico United;id1002816367172996;bet365;Over Under Team 2 Second Half;0.5;Over;1.87;1.92;2026-09-29T17:23:37.547Z
01.10.2026;03:00;USA;USL Championship;FC Tulsa;New Mexico United;id1002816367172996;bet365;Over Under Team 2 Second Half;0.5;Under;1.77;1.77;2026-09-29T17:23:37.547Z
01.10.2026;03:00;USA;USL Championship;FC Tulsa;New Mexico United;id1002816367172996;bet365;Over Under Team 2 Second Half;1.5;Over;6.0;6.0;2026-09-29T17:23:37.547Z
01.10.2026;03:00;USA;USL Championship;FC Tulsa;New Mexico United;id1002816367172996;bet365;Over Under Team 2 Second Half;1.5;Under;1.1;1.091;2026-09-29T17:23:37.547Z
01.10.2026;03:00;USA;USL Championship;FC Tulsa;New Mexico United;id1002816367172996;bet365;Over Under Team 2 Second Half;2.5;Over;21.0;21.0;2026-09-29T17:23:37.547Z
01.10.2026;03:00;USA;USL Championship;FC Tulsa;New Mexico United;id1002816367172996;bet365;Over Under Team 2 Second Half;2.5;Under;1.016;1.016;2026-09-29T17:23:37.547Z
01.10.2026;03:00;USA;USL Championship;FC Tulsa;New Mexico United;id1002816367172996;bet365;Over Under Team 2 Second Half;3.5;Over;41.0;41.0;2026-09-29T17:23:37.547Z
01.10.2026;03:00;USA;USL Championship;FC Tulsa;New Mexico United;id1002816367172996;bet365;Over Under Team 1;1.5;Over;1.97;1.8;2026-09-29T17:23:37.547Z
01.10.2026;03:00;USA;USL Championship;FC Tulsa;New Mexico United;id1002816367172996;bet365;Over Under Team 1;1.5;Under;1.69;1.8;2026-09-29T17:23:37.547Z
01.10.2026;03:00;USA;USL Championship;FC Tulsa;New Mexico United;id1002816367172996;bet365;Over Under Team 1;2.5;Over;4.33;3.75;2026-09-29T17:23:37.547Z
01.10.2026;03:00;USA;USL Championship;FC Tulsa;New Mexico United;id1002816367172996;bet365;Over Under Team 1;2.5;Under;1.17;1.22;2026-09-29T17:23:37.547Z
01.10.2026;03:00;USA;USL Championship;FC Tulsa;New Mexico United;id1002816367172996;bet365;Over Under Team 1;3.5;Over;8.5;7.5;2026-09-29T17:23:37.547Z
01.10.2026;03:00;USA;USL Championship;FC Tulsa;New Mexico United;id1002816367172996;bet365;Over Under Team 1;3.5;Under;1.04;1.061;2026-09-29T17:23:37.547Z
01.10.2026;03:00;USA;USL Championship;FC Tulsa;New Mexico United;id1002816367172996;bet365;Over Under Team 1;4.5;Over;15.0;12.0;2026-09-29T17:23:37.547Z
01.10.2026;03:00;USA;USL Championship;FC Tulsa;New Mexico United;id1002816367172996;bet365;Over Under Team 1;4.5;Under;1.008;1.012;2026-09-29T17:23:37.547Z
01.10.2026;03:00;USA;USL Championship;FC Tulsa;New Mexico United;id1002816367172996;bet365;Over Under Team 2;0.5;Over;1.33;1.37;2026-09-29T17:23:37.547Z
01.10.2026;03:00;USA;USL Championship;FC Tulsa;New Mexico United;id1002816367172996;bet365;Over Under Team 2;0.5;Under;3.0;2.75;2026-09-29T17:23:37.547Z
01.10.2026;03:00;USA;USL Championship;FC Tulsa;New Mexico United;id1002816367172996;bet365;Over Under Team 2;1.5;Over;2.75;2.75;2026-09-29T17:23:37.547Z
01.10.2026;03:00;USA;USL Championship;FC Tulsa;New Mexico United;id1002816367172996;bet365;Over Under Team 2;1.5;Under;1.37;1.37;2026-09-29T17:23:37.547Z
01.10.2026;03:00;USA;USL Championship;FC Tulsa;New Mexico United;id1002816367172996;bet365;Over Under Team 2;2.5;Over;6.5;7.0;2026-09-29T17:23:37.547Z
01.10.2026;03:00;USA;USL Championship;FC Tulsa;New Mexico United;id1002816367172996;bet365;Over Under Team 2;2.5;Under;1.08;1.068;2026-09-29T17:23:37.547Z
01.10.2026;03:00;USA;USL Championship;FC Tulsa;New Mexico United;id1002816367172996;bet365;Over Under Team 2;3.5;Over;11.0;12.0;2026-09-29T17:23:37.547Z
01.10.2026;03:00;USA;USL Championship;FC Tulsa;New Mexico United;id1002816367172996;bet365;Over Under Team 2;3.5;Under;1.016;1.012;2026-09-29T17:23:37.547Z
01.10.2026;03:00;USA;USL Championship;FC Tulsa;New Mexico United;id1002816367172996;bet365;Over Under Team 2;4.5;Over;21.0;21.0;2026-09-29T17:23:37.547Z
01.10.2026;03:00;USA;USL Championship;FC Tulsa;New Mexico United;id1002816367172996;bet365;Over Under First Half;0.5;Over;1.33;1.3;2026-09-29T17:23:37.547Z
01.10.2026;03:00;USA;USL Championship;FC Tulsa;New Mexico United;id1002816367172996;bet365;Over Under First Half;0.5;Under;3.0;3.25;2026-09-29T17:23:37.547Z
01.10.2026;03:00;USA;USL Championship;FC Tulsa;New Mexico United;id1002816367172996;bet365;Over Under First Half;1.5;Over;2.62;2.5;2026-09-29T17:23:37.547Z
01.10.2026;03:00;USA;USL Championship;FC Tulsa;New Mexico United;id1002816367172996;bet365;Over Under First Half;1.5;Under;1.41;1.47;2026-09-29T17:23:37.547Z
01.10.2026;03:00;USA;USL Championship;FC Tulsa;New Mexico United;id1002816367172996;bet365;Over Under First Half;2.5;Over;6.5;6.0;2026-09-29T17:23:37.547Z
01.10.2026;03:00;USA;USL Championship;FC Tulsa;New Mexico United;id1002816367172996;bet365;Over Under First Half;2.5;Under;1.08;1.091;2026-09-29T17:23:37.547Z
01.10.2026;03:00;USA;USL Championship;FC Tulsa;New Mexico United;id1002816367172996;bet365;Over Under First Half;3.5;Over;11.0;11.0;2026-09-29T17:23:37.547Z
01.10.2026;03:00;USA;USL Championship;FC Tulsa;New Mexico United;id1002816367172996;bet365;Over Under First Half;3.5;Under;1.016;1.016;2026-09-29T17:23:37.547Z
01.10.2026;03:00;USA;USL Championship;FC Tulsa;New Mexico United;id1002816367172996;bet365;Over Under First Half;4.5;Over;21.0;21.0;2026-09-29T17:23:37.547Z
01.10.2026;03:00;USA;USL Championship;FC Tulsa;New Mexico United;id1002816367172996;bet365;Over Under Second Half;0.5;Over;1.19;1.17;2026-09-29T17:23:37.547Z
01.10.2026;03:00;USA;USL Championship;FC Tulsa;New Mexico United;id1002816367172996;bet365;Over Under Second Half;0.5;Under;4.0;4.33;2026-09-29T17:23:37.547Z
01.10.2026;03:00;USA;USL Championship;FC Tulsa;New Mexico United;id1002816367172996;bet365;Over Under Second Half;1.5;Over;1.97;1.87;2026-09-29T17:23:37.547Z
01.10.2026;03:00;USA;USL Championship;FC Tulsa;New Mexico United;id1002816367172996;bet365;Over Under Second Half;1.5;Under;1.69;1.77;2026-09-29T17:23:37.547Z
01.10.2026;03:00;USA;USL Championship;FC Tulsa;New Mexico United;id1002816367172996;bet365;Over Under Second Half;2.5;Over;4.33;4.0;2026-09-29T17:23:37.547Z
01.10.2026;03:00;USA;USL Championship;FC Tulsa;New Mexico United;id1002816367172996;bet365;Over Under Second Half;2.5;Under;1.17;1.19;2026-09-29T17:23:37.547Z
01.10.2026;03:00;USA;USL Championship;FC Tulsa;New Mexico United;id1002816367172996;bet365;Over Under Second Half;3.5;Over;11.0;10.0;2026-09-29T17:23:37.547Z
01.10.2026;03:00;USA;USL Championship;FC Tulsa;New Mexico United;id1002816367172996;bet365;Over Under Second Half;3.5;Under;1.04;1.052;2026-09-29T17:23:37.547Z
01.10.2026;03:00;USA;USL Championship;FC Tulsa;New Mexico United;id1002816367172996;bet365;Over Under Second Half;4.5;Over;26.0;23.0;2026-09-29T17:23:37.547Z
01.10.2026;03:00;USA;USL Championship;FC Tulsa;New Mexico United;id1002816367172996;bet365;Over Under Second Half;4.5;Under;1.008;1.01;2026-09-29T17:23:37.547Z
01.10.2026;03:00;USA;USL Championship;FC Tulsa;New Mexico United;id1002816367172996;bet365;Both Teams To Score;0.0;Yes;1.69;1.63;2026-09-29T17:23:37.547Z
01.10.2026;03:00;USA;USL Championship;FC Tulsa;New Mexico United;id1002816367172996;bet365;Both Teams To Score;0.0;No;1.97;2.1;2026-09-29T17:23:37.547Z
01.10.2026;03:00;USA;USL Championship;FC Tulsa;New Mexico United;id1002816367172996;bet365;Over Under Full Time;0.5;Over;1.016;1.012;2026-09-29T18:41:02.561Z
01.10.2026;03:00;USA;USL Championship;FC Tulsa;New Mexico United;id1002816367172996;bet365;Over Under Full Time;0.5;Under;11.0;12.0;2026-09-29T18:41:02.561Z
01.10.2026;03:00;USA;USL Championship;FC Tulsa;New Mexico United;id1002816367172996;bet365;Over Under Full Time;1.5;Over;1.22;1.19;2026-09-29T18:41:02.561Z
01.10.2026;03:00;USA;USL Championship;FC Tulsa;New Mexico United;id1002816367172996;bet365;Over Under Full Time;1.5;Under;3.75;4.0;2026-09-29T18:41:02.561Z
01.10.2026;03:00;USA;USL Championship;FC Tulsa;New Mexico United;id1002816367172996;pinnacle;Full Time Result;0.0;1;1.952;1.943;2026-09-29T10:01:09.553Z
01.10.2026;03:00;USA;USL Championship;FC Tulsa;New Mexico United;id1002816367172996;pinnacle;Full Time Result;0.0;X;3.79;3.81;2026-09-29T10:01:09.553Z
01.10.2026;03:00;USA;USL Championship;FC Tulsa;New Mexico United;id1002816367172996;pinnacle;Full Time Result;0.0;2;3.62;3.44;2026-09-29T10:01:09.553Z
01.10.2026;03:00;USA;USL Championship;FC Tulsa;New Mexico United;id1002816367172996;pinnacle;Over Under Full Time;2.5;Over;1.689;1.763;2026-09-29T12:00:07.986Z
01.10.2026;03:00;USA;USL Championship;FC Tulsa;New Mexico United;id1002816367172996;pinnacle;Over Under Full Time;2.5;Under;2.09;2.04;2026-09-29T12:00:07.986Z
01.10.2026;03:00;USA;USL Championship;FC Tulsa;New Mexico United;id1002816367172996;pinnacle;Over Under Full Time;3.5;Over;2.68;2.92;2026-09-29T12:00:07.986Z
01.10.2026;03:00;USA;USL Championship;FC Tulsa;New Mexico United;id1002816367172996;pinnacle;Over Under Full Time;3.5;Under;1.42;1.386;2026-09-29T12:00:07.986Z
01.10.2026;03:00;USA;USL Championship;FC Tulsa;New Mexico United;id1002816367172996;pinnacle;European Handicap;2.0;1;1.088;1.083;2026-09-29T12:05:14.890Z
01.10.2026;03:00;USA;USL Championship;FC Tulsa;New Mexico United;id1002816367172996;pinnacle;European Handicap;2.0;X;9.85;10.4;2026-09-29T12:05:14.890Z
01.10.2026;03:00;USA;USL Championship;FC Tulsa;New Mexico United;id1002816367172996;pinnacle;European Handicap;2.0;2;18.29;20.15;2026-09-29T12:05:14.890Z
01.10.2026;03:00;USA;USL Championship;FC Tulsa;New Mexico United;id1002816367172996;pinnacle;European Handicap;1.0;1;1.32;1.302;2026-09-29T12:05:14.890Z
01.10.2026;03:00;USA;USL Championship;FC Tulsa;New Mexico United;id1002816367172996;pinnacle;European Handicap;1.0;X;5.17;5.36;2026-09-29T12:05:14.890Z
01.10.2026;03:00;USA;USL Championship;FC Tulsa;New Mexico United;id1002816367172996;pinnacle;European Handicap;1.0;2;7.26;7.83;2026-09-29T12:05:14.890Z
01.10.2026;03:00;USA;USL Championship;FC Tulsa;New Mexico United;id1002816367172996;pinnacle;Over Under Full Time;4.5;Over;4.76;5.33;2026-09-29T12:00:07.986Z
01.10.2026;03:00;USA;USL Championship;FC Tulsa;New Mexico United;id1002816367172996;pinnacle;Over Under Full Time;4.5;Under;1.154;1.143;2026-09-29T12:00:07.986Z
01.10.2026;03:00;USA;USL Championship;FC Tulsa;New Mexico United;id1002816367172996;pinnacle;European Handicap;-1.0;1;3.76;3.61;2026-09-29T12:05:14.890Z
01.10.2026;03:00;USA;USL Championship;FC Tulsa;New Mexico United;id1002816367172996;pinnacle;European Handicap;-1.0;X;3.98;3.93;2026-09-29T12:05:14.890Z
01.10.2026;03:00;USA;USL Championship;FC Tulsa;New Mexico United;id1002816367172996;pinnacle;European Handicap;-1.0;2;1.769;1.84;2026-09-29T12:05:14.890Z
01.10.2026;03:00;USA;USL Championship;FC Tulsa;New Mexico United;id1002816367172996;pinnacle;European Handicap;-2.0;1;7.92;7.64;2026-09-29T12:05:14.890Z
01.10.2026;03:00;USA;USL Championship;FC Tulsa;New Mexico United;id1002816367172996;pinnacle;European Handicap;-2.0;X;6.04;5.94;2026-09-29T12:05:14.890Z
01.10.2026;03:00;USA;USL Championship;FC Tulsa;New Mexico United;id1002816367172996;pinnacle;European Handicap;-2.0;2;1.255;1.277;2026-09-29T12:05:14.890Z
01.10.2026;03:00;USA;USL Championship;FC Tulsa;New Mexico United;id1002816367172996;pinnacle;First Half Result;0.0;1;2.51;2.46;2026-09-29T10:01:09.553Z
01.10.2026;03:00;USA;USL Championship;FC Tulsa;New Mexico United;id1002816367172996;pinnacle;First Half Result;0.0;X;2.4;2.34;2026-09-29T10:01:09.553Z
01.10.2026;03:00;USA;USL Championship;FC Tulsa;New Mexico United;id1002816367172996;pinnacle;First Half Result;0.0;2;4.17;4.18;2026-09-29T10:01:09.553Z
01.10.2026;03:00;USA;USL Championship;FC Tulsa;New Mexico United;id1002816367172996;pinnacle;Over Under Team 1 First Half;0.5;Over;1.751;1.757;2026-09-29T12:00:07.986Z
01.10.2026;03:00;USA;USL Championship;FC Tulsa;New Mexico United;id1002816367172996;pinnacle;Over Under Team 1 First Half;0.5;Under;2.06;2.009;2026-09-29T12:00:07.986Z
01.10.2026;03:00;USA;USL Championship;FC Tulsa;New Mexico United;id1002816367172996;pinnacle;Over Under Team 2 First Half;0.5;Over;2.33;2.37;2026-09-29T12:00:07.986Z
01.10.2026;03:00;USA;USL Championship;FC Tulsa;New Mexico United;id1002816367172996;pinnacle;Over Under Team 2 First Half;0.5;Under;1.591;1.54;2026-09-29T12:00:07.986Z
01.10.2026;03:00;USA;USL Championship;FC Tulsa;New Mexico United;id1002816367172996;pinnacle;Over Under Team 1;1.5;Over;1.862;1.892;2026-09-29T12:00:07.986Z
01.10.2026;03:00;USA;USL Championship;FC Tulsa;New Mexico United;id1002816367172996;pinnacle;Over Under Team 1;1.5;Under;1.943;1.877;2026-09-29T12:00:07.986Z
01.10.2026;03:00;USA;USL Championship;FC Tulsa;New Mexico United;id1002816367172996;pinnacle;Over Under Team 1;2.5;Over;3.69;3.7;2026-09-29T12:00:07.986Z
01.10.2026;03:00;USA;USL Championship;FC Tulsa;New Mexico United;id1002816367172996;pinnacle;Over Under Team 1;2.5;Under;1.259;1.246;2026-09-29T12:00:07.986Z
01.10.2026;03:00;USA;USL Championship;FC Tulsa;New Mexico United;id1002816367172996;pinnacle;Over Under Team 2;0.5;Over;1.348;1.348;2026-09-29T12:00:07.986Z
01.10.2026;03:00;USA;USL Championship;FC Tulsa;New Mexico United;id1002816367172996;pinnacle;Over Under Team 2;0.5;Under;3.09;2.97;2026-09-29T12:00:07.986Z
01.10.2026;03:00;USA;USL Championship;FC Tulsa;New Mexico United;id1002816367172996;pinnacle;Over Under Team 2;1.5;Over;2.81;2.85;2026-09-29T12:00:07.986Z
01.10.2026;03:00;USA;USL Championship;FC Tulsa;New Mexico United;id1002816367172996;pinnacle;Over Under Team 2;1.5;Under;1.434;1.4;2026-09-29T12:00:07.986Z
01.10.2026;03:00;USA;USL Championship;FC Tulsa;New Mexico United;id1002816367172996;pinnacle;Over Under First Half;0.5;Over;1.31;1.319;2026-09-29T12:00:07.986Z
01.10.2026;03:00;USA;USL Championship;FC Tulsa;New Mexico United;id1002816367172996;pinnacle;Over Under First Half;0.5;Under;3.19;3.27;2026-09-29T12:00:07.986Z
01.10.2026;03:00;USA;USL Championship;FC Tulsa;New Mexico United;id1002816367172996;pinnacle;Over Under First Half;1.5;Over;2.57;2.63;2026-09-29T12:00:07.986Z
01.10.2026;03:00;USA;USL Championship;FC Tulsa;New Mexico United;id1002816367172996;pinnacle;Over Under First Half;1.5;Under;1.507;1.465;2026-09-29T12:00:07.986Z
01.10.2026;03:00;USA;USL Championship;FC Tulsa;New Mexico United;id1002816367172996;pinnacle;Both Teams To Score First Half;0.0;Yes;4.25;4.28;2026-09-29T12:05:14.890Z
01.10.2026;03:00;USA;USL Championship;FC Tulsa;New Mexico United;id1002816367172996;pinnacle;Both Teams To Score First Half;0.0;No;1.196;1.199;2026-09-29T12:05:14.890Z
01.10.2026;03:00;USA;USL Championship;FC Tulsa;New Mexico United;id1002816367172996;pinnacle;Both Teams To Score;0.0;Yes;1.662;1.666;2026-09-29T12:05:14.890Z
01.10.2026;03:00;USA;USL Championship;FC Tulsa;New Mexico United;id1002816367172996;pinnacle;Both Teams To Score;0.0;No;2.16;2.17;2026-09-29T12:05:14.890Z
01.10.2026;03:00;USA;USL Championship;FC Tulsa;New Mexico United;id1002816367172996;pinnacle;Asian Handicap;-1.75;1;3.8;3.8;2026-09-27T01:12:45.196Z
01.10.2026;03:00;USA;USL Championship;FC Tulsa;New Mexico United;id1002816367172996;pinnacle;Asian Handicap;-1.75;2;1.238;1.238;2026-09-27T01:12:45.196Z
01.10.2026;03:00;USA;USL Championship;FC Tulsa;New Mexico United;id1002816367172996;pinnacle;Asian Handicap First Half;-0.75;1;3.26;3.22;2026-09-29T12:00:07.986Z
01.10.2026;03:00;USA;USL Championship;FC Tulsa;New Mexico United;id1002816367172996;pinnacle;Asian Handicap First Half;-0.75;2;1.336;1.328;2026-09-29T12:00:07.986Z
01.10.2026;03:00;USA;USL Championship;FC Tulsa;New Mexico United;id1002816367172996;pinnacle;Asian Handicap;-1.5;1;3.44;3.62;2026-09-29T12:00:07.986Z
01.10.2026;03:00;USA;USL Championship;FC Tulsa;New Mexico United;id1002816367172996;pinnacle;Asian Handicap;-1.5;2;1.28;1.279;2026-09-29T12:00:07.986Z
01.10.2026;03:00;USA;USL Championship;FC Tulsa;New Mexico United;id1002816367172996;pinnacle;Asian Handicap First Half;-0.5;1;2.5;2.46;2026-09-29T12:00:07.986Z
01.10.2026;03:00;USA;USL Championship;FC Tulsa;New Mexico United;id1002816367172996;pinnacle;Asian Handicap First Half;-0.5;2;1.534;1.526;2026-09-29T12:00:07.986Z
01.10.2026;03:00;USA;USL Championship;FC Tulsa;New Mexico United;id1002816367172996;pinnacle;Asian Handicap First Half;-0.25;1;2.009;1.98;2026-09-29T12:00:07.986Z
01.10.2026;03:00;USA;USL Championship;FC Tulsa;New Mexico United;id1002816367172996;pinnacle;Asian Handicap First Half;-0.25;2;1.813;1.806;2026-09-29T12:00:07.986Z
01.10.2026;03:00;USA;USL Championship;FC Tulsa;New Mexico United;id1002816367172996;pinnacle;Asian Handicap First Half;0.0;1;1.512;1.485;2026-09-29T12:00:07.986Z
01.10.2026;03:00;USA;USL Championship;FC Tulsa;New Mexico United;id1002816367172996;pinnacle;Asian Handicap First Half;0.0;2;2.56;2.58;2026-09-29T12:00:07.986Z
01.10.2026;03:00;USA;USL Championship;FC Tulsa;New Mexico United;id1002816367172996;pinnacle;Asian Handicap First Half;0.25;1;1.322;1.303;2026-09-29T12:00:07.986Z
01.10.2026;03:00;USA;USL Championship;FC Tulsa;New Mexico United;id1002816367172996;pinnacle;Asian Handicap First Half;0.25;2;3.35;3.39;2026-09-29T12:00:07.986Z
01.10.2026;03:00;USA;USL Championship;FC Tulsa;New Mexico United;id1002816367172996;pinnacle;Asian Handicap;-1.25;1;3.08;3.22;2026-09-29T12:00:07.986Z
01.10.2026;03:00;USA;USL Championship;FC Tulsa;New Mexico United;id1002816367172996;pinnacle;Asian Handicap;-1.25;2;1.338;1.335;2026-09-29T12:00:07.986Z
01.10.2026;03:00;USA;USL Championship;FC Tulsa;New Mexico United;id1002816367172996;pinnacle;Asian Handicap;-1.0;1;2.72;2.83;2026-09-29T12:00:07.986Z
01.10.2026;03:00;USA;USL Championship;FC Tulsa;New Mexico United;id1002816367172996;pinnacle;Asian Handicap;-1.0;2;1.427;1.425;2026-09-29T12:00:07.986Z
01.10.2026;03:00;USA;USL Championship;FC Tulsa;New Mexico United;id1002816367172996;pinnacle;Asian Handicap;-0.75;1;2.2;2.26;2026-09-29T12:00:07.986Z
01.10.2026;03:00;USA;USL Championship;FC Tulsa;New Mexico United;id1002816367172996;pinnacle;Asian Handicap;-0.75;2;1.632;1.641;2026-09-29T12:00:07.986Z
01.10.2026;03:00;USA;USL Championship;FC Tulsa;New Mexico United;id1002816367172996;pinnacle;Asian Handicap;-0.5;1;1.925;1.961;2026-09-29T12:00:07.986Z
01.10.2026;03:00;USA;USL Championship;FC Tulsa;New Mexico United;id1002816367172996;pinnacle;Asian Handicap;-0.5;2;1.847;1.862;2026-09-29T12:00:07.986Z
01.10.2026;03:00;USA;USL Championship;FC Tulsa;New Mexico United;id1002816367172996;pinnacle;Asian Handicap;-0.25;1;1.675;1.714;2026-09-29T12:00:07.986Z
01.10.2026;03:00;USA;USL Championship;FC Tulsa;New Mexico United;id1002816367172996;pinnacle;Asian Handicap;-0.25;2;2.13;2.13;2026-09-29T12:00:07.986Z
01.10.2026;03:00;USA;USL Championship;FC Tulsa;New Mexico United;id1002816367172996;pinnacle;Asian Handicap;0.0;1;1.44;1.478;2026-09-29T12:00:07.986Z
01.10.2026;03:00;USA;USL Championship;FC Tulsa;New Mexico United;id1002816367172996;pinnacle;Asian Handicap;0.0;2;2.68;2.64;2026-09-29T12:00:07.986Z
01.10.2026;03:00;USA;USL Championship;FC Tulsa;New Mexico United;id1002816367172996;pinnacle;Asian Handicap;0.25;1;1.337;1.371;2026-09-29T12:00:07.986Z
01.10.2026;03:00;USA;USL Championship;FC Tulsa;New Mexico United;id1002816367172996;pinnacle;Asian Handicap;0.25;2;3.08;3.03;2026-09-29T12:00:07.986Z
01.10.2026;03:00;USA;USL Championship;FC Tulsa;New Mexico United;id1002816367172996;pinnacle;Asian Handicap;0.5;1;1.274;1.303;2026-09-29T12:00:07.986Z
01.10.2026;03:00;USA;USL Championship;FC Tulsa;New Mexico United;id1002816367172996;pinnacle;Asian Handicap;0.5;2;3.49;3.43;2026-09-29T12:00:07.986Z
01.10.2026;03:00;USA;USL Championship;FC Tulsa;New Mexico United;id1002816367172996;pinnacle;Asian Handicap;0.75;1;1.219;1.215;2026-09-28T17:27:33.486Z
01.10.2026;03:00;USA;USL Championship;FC Tulsa;New Mexico United;id1002816367172996;pinnacle;Asian Handicap;0.75;2;4.15;4.19;2026-09-28T17:27:33.486Z
01.10.2026;03:00;USA;USL Championship;FC Tulsa;New Mexico United;id1002816367172996;pinnacle;Over Under Full Time;1.5;Over;1.207;1.241;2026-09-29T12:00:07.986Z
01.10.2026;03:00;USA;USL Championship;FC Tulsa;New Mexico United;id1002816367172996;pinnacle;Over Under Full Time;1.5;Under;4.01;3.87;2026-09-29T12:00:07.986Z
01.10.2026;03:30;Bolivia;Copa Bolivia;Oriente Petrolero;The Strongest;id1003903373550408;bet365;Full Time Result;0.0;1;2.2;2.1;2026-09-29T19:08:25.606Z
01.10.2026;03:30;Bolivia;Copa Bolivia;Oriente Petrolero;The Strongest;id1003903373550408;bet365;Full Time Result;0.0;X;3.4;3.4;2026-09-29T18:13:55.110Z
01.10.2026;03:30;Bolivia;Copa Bolivia;Oriente Petrolero;The Strongest;id1003903373550408;bet365;Full Time Result;0.0;2;2.75;2.9;2026-09-29T19:08:25.606Z
01.10.2026;03:30;Bolivia;Copa Bolivia;Oriente Petrolero;The Strongest;id1003903373550408;bet365;Over Under Full Time;2.5;Over;1.58;1.58;2026-09-29T18:13:55.110Z
01.10.2026;03:30;Bolivia;Copa Bolivia;Oriente Petrolero;The Strongest;id1003903373550408;bet365;Over Under Full Time;2.5;Under;2.25;2.25;2026-09-29T18:13:55.110Z
01.10.2026;03:30;Bolivia;Copa Bolivia;Oriente Petrolero;The Strongest;id1003903373550408;bet365;Over Under Full Time;3.5;Over;2.5;2.5;2026-09-29T18:13:55.110Z
01.10.2026;03:30;Bolivia;Copa Bolivia;Oriente Petrolero;The Strongest;id1003903373550408;bet365;Over Under Full Time;3.5;Under;1.47;1.47;2026-09-29T18:13:55.110Z
01.10.2026;03:30;Bolivia;Copa Bolivia;Oriente Petrolero;The Strongest;id1003903373550408;bet365;Over Under Full Time;4.5;Over;4.33;4.33;2026-09-29T18:13:55.110Z
01.10.2026;03:30;Bolivia;Copa Bolivia;Oriente Petrolero;The Strongest;id1003903373550408;bet365;Over Under Full Time;4.5;Under;1.17;1.17;2026-09-29T18:13:55.110Z
01.10.2026;03:30;Bolivia;Copa Bolivia;Oriente Petrolero;The Strongest;id1003903373550408;bet365;Double Chance Full Time;0.0;1X;1.33;1.25;2026-09-29T19:00:29.396Z
01.10.2026;03:30;Bolivia;Copa Bolivia;Oriente Petrolero;The Strongest;id1003903373550408;bet365;Double Chance Full Time;0.0;12;1.25;1.22;2026-09-29T19:00:29.396Z
01.10.2026;03:30;Bolivia;Copa Bolivia;Oriente Petrolero;The Strongest;id1003903373550408;bet365;Double Chance Full Time;0.0;2X;1.58;1.77;2026-09-29T19:00:29.396Z
01.10.2026;03:30;Bolivia;Copa Bolivia;Oriente Petrolero;The Strongest;id1003903373550408;bet365;First Half Result;0.0;1;2.75;2.4;2026-09-29T19:00:29.396Z
01.10.2026;03:30;Bolivia;Copa Bolivia;Oriente Petrolero;The Strongest;id1003903373550408;bet365;First Half Result;0.0;X;2.37;2.4;2026-09-29T19:00:29.396Z
01.10.2026;03:30;Bolivia;Copa Bolivia;Oriente Petrolero;The Strongest;id1003903373550408;bet365;First Half Result;0.0;2;3.4;4.0;2026-09-29T19:00:29.396Z
01.10.2026;03:30;Bolivia;Copa Bolivia;Oriente Petrolero;The Strongest;id1003903373550408;bet365;Second Half Result;0.0;1;2.5;2.2;2026-09-29T19:00:29.396Z
01.10.2026;03:30;Bolivia;Copa Bolivia;Oriente Petrolero;The Strongest;id1003903373550408;bet365;Second Half Result;0.0;X;2.62;2.62;2026-09-29T18:13:55.110Z
01.10.2026;03:30;Bolivia;Copa Bolivia;Oriente Petrolero;The Strongest;id1003903373550408;bet365;Second Half Result;0.0;2;3.0;3.5;2026-09-29T19:00:29.396Z
01.10.2026;03:30;Bolivia;Copa Bolivia;Oriente Petrolero;The Strongest;id1003903373550408;bet365;Over Under Team 1 First Half;0.5;Over;1.77;1.63;2026-09-29T19:00:29.396Z
01.10.2026;03:30;Bolivia;Copa Bolivia;Oriente Petrolero;The Strongest;id1003903373550408;bet365;Over Under Team 1 First Half;0.5;Under;1.87;2.1;2026-09-29T19:00:29.396Z
01.10.2026;03:30;Bolivia;Copa Bolivia;Oriente Petrolero;The Strongest;id1003903373550408;bet365;Over Under Team 1 First Half;1.5;Over;5.5;4.75;2026-09-29T19:00:29.396Z
01.10.2026;03:30;Bolivia;Copa Bolivia;Oriente Petrolero;The Strongest;id1003903373550408;bet365;Over Under Team 1 First Half;1.5;Under;1.11;1.15;2026-09-29T19:00:29.396Z
01.10.2026;03:30;Bolivia;Copa Bolivia;Oriente Petrolero;The Strongest;id1003903373550408;bet365;Over Under Team 1 First Half;2.5;Over;19.0;15.0;2026-09-29T19:00:29.396Z
01.10.2026;03:30;Bolivia;Copa Bolivia;Oriente Petrolero;The Strongest;id1003903373550408;bet365;Over Under Team 1 First Half;2.5;Under;1.02;1.025;2026-09-29T19:00:29.396Z
01.10.2026;03:30;Bolivia;Copa Bolivia;Oriente Petrolero;The Strongest;id1003903373550408;bet365;Over Under Team 1 First Half;3.5;Over;41.0;34.0;2026-09-29T19:00:29.396Z
01.10.2026;03:30;Bolivia;Copa Bolivia;Oriente Petrolero;The Strongest;id1003903373550408;bet365;Over Under Team 2 First Half;0.5;Over;1.97;2.2;2026-09-29T19:00:29.396Z
01.10.2026;03:30;Bolivia;Copa Bolivia;Oriente Petrolero;The Strongest;id1003903373550408;bet365;Over Under Team 2 First Half;0.5;Under;1.69;1.58;2026-09-29T19:00:29.396Z
01.10.2026;03:30;Bolivia;Copa Bolivia;Oriente Petrolero;The Strongest;id1003903373550408;bet365;Over Under Team 2 First Half;1.5;Over;7.0;8.5;2026-09-29T19:00:29.396Z
01.10.2026;03:30;Bolivia;Copa Bolivia;Oriente Petrolero;The Strongest;id1003903373550408;bet365;Over Under Team 2 First Half;1.5;Under;1.075;1.061;2026-09-29T19:00:29.396Z
01.10.2026;03:30;Bolivia;Copa Bolivia;Oriente Petrolero;The Strongest;id1003903373550408;bet365;Over Under Team 2 First Half;2.5;Over;26.0;29.0;2026-09-29T19:00:29.396Z
01.10.2026;03:30;Bolivia;Copa Bolivia;Oriente Petrolero;The Strongest;id1003903373550408;bet365;Over Under Team 2 First Half;2.5;Under;1.012;1.01;2026-09-29T19:00:29.396Z
01.10.2026;03:30;Bolivia;Copa Bolivia;Oriente Petrolero;The Strongest;id1003903373550408;bet365;Over Under Team 2 First Half;3.5;Over;51.0;51.0;2026-09-29T18:13:55.110Z
01.10.2026;03:30;Bolivia;Copa Bolivia;Oriente Petrolero;The Strongest;id1003903373550408;bet365;Over Under Team 1 Second Half;0.5;Over;1.5;1.47;2026-09-29T19:00:29.396Z
01.10.2026;03:30;Bolivia;Copa Bolivia;Oriente Petrolero;The Strongest;id1003903373550408;bet365;Over Under Team 1 Second Half;0.5;Under;2.3;2.5;2026-09-29T19:00:29.396Z
01.10.2026;03:30;Bolivia;Copa Bolivia;Oriente Petrolero;The Strongest;id1003903373550408;bet365;Over Under Team 1 Second Half;1.5;Over;3.75;3.4;2026-09-29T19:00:29.396Z
01.10.2026;03:30;Bolivia;Copa Bolivia;Oriente Petrolero;The Strongest;id1003903373550408;bet365;Over Under Team 1 Second Half;1.5;Under;1.22;1.27;2026-09-29T19:00:29.396Z
01.10.2026;03:30;Bolivia;Copa Bolivia;Oriente Petrolero;The Strongest;id1003903373550408;bet365;Over Under Team 1 Second Half;2.5;Over;12.0;10.0;2026-09-29T19:00:29.396Z
01.10.2026;03:30;Bolivia;Copa Bolivia;Oriente Petrolero;The Strongest;id1003903373550408;bet365;Over Under Team 1 Second Half;2.5;Under;1.037;1.045;2026-09-29T19:00:29.396Z
01.10.2026;03:30;Bolivia;Copa Bolivia;Oriente Petrolero;The Strongest;id1003903373550408;bet365;Over Under Team 1;0.5;Over;1.15;1.11;2026-09-29T19:00:29.396Z
01.10.2026;03:30;Bolivia;Copa Bolivia;Oriente Petrolero;The Strongest;id1003903373550408;bet365;Over Under Team 1;0.5;Under;4.5;5.5;2026-09-29T19:00:29.396Z
01.10.2026;03:30;Bolivia;Copa Bolivia;Oriente Petrolero;The Strongest;id1003903373550408;bet365;Over Under Team 1 Second Half;3.5;Over;29.0;23.0;2026-09-29T19:00:29.396Z
01.10.2026;03:30;Bolivia;Copa Bolivia;Oriente Petrolero;The Strongest;id1003903373550408;bet365;Over Under Team 1 Second Half;3.5;Under;1.008;1.01;2026-09-29T19:00:29.396Z
01.10.2026;03:30;Bolivia;Copa Bolivia;Oriente Petrolero;The Strongest;id1003903373550408;bet365;Over Under Team 1 Second Half;4.5;Over;51.0;51.0;2026-09-29T18:13:55.110Z
01.10.2026;03:30;Bolivia;Copa Bolivia;Oriente Petrolero;The Strongest;id1003903373550408;bet365;Over Under Team 2 Second Half;0.5;Over;1.69;1.8;2026-09-29T19:00:29.396Z
01.10.2026;03:30;Bolivia;Copa Bolivia;Oriente Petrolero;The Strongest;id1003903373550408;bet365;Over Under Team 2 Second Half;0.5;Under;2.02;1.8;2026-09-29T19:00:29.396Z
01.10.2026;03:30;Bolivia;Copa Bolivia;Oriente Petrolero;The Strongest;id1003903373550408;bet365;Over Under Team 2 Second Half;1.5;Over;4.75;5.5;2026-09-29T19:00:29.396Z
01.10.2026;03:30;Bolivia;Copa Bolivia;Oriente Petrolero;The Strongest;id1003903373550408;bet365;Over Under Team 2 Second Half;1.5;Under;1.15;1.1;2026-09-29T19:00:29.396Z
01.10.2026;03:30;Bolivia;Copa Bolivia;Oriente Petrolero;The Strongest;id1003903373550408;bet365;Over Under Team 2 Second Half;2.5;Over;15.0;21.0;2026-09-29T19:00:29.396Z
01.10.2026;03:30;Bolivia;Copa Bolivia;Oriente Petrolero;The Strongest;id1003903373550408;bet365;Over Under Team 2 Second Half;2.5;Under;1.025;1.016;2026-09-29T19:00:29.396Z
01.10.2026;03:30;Bolivia;Copa Bolivia;Oriente Petrolero;The Strongest;id1003903373550408;bet365;Over Under Team 2 Second Half;3.5;Over;34.0;41.0;2026-09-29T19:00:29.396Z
01.10.2026;03:30;Bolivia;Copa Bolivia;Oriente Petrolero;The Strongest;id1003903373550408;bet365;Over Under Team 1;1.5;Over;1.8;1.69;2026-09-29T19:00:29.396Z
01.10.2026;03:30;Bolivia;Copa Bolivia;Oriente Petrolero;The Strongest;id1003903373550408;bet365;Over Under Team 1;1.5;Under;1.8;1.97;2026-09-29T19:00:29.396Z
01.10.2026;03:30;Bolivia;Copa Bolivia;Oriente Petrolero;The Strongest;id1003903373550408;bet365;Over Under Team 1;2.5;Over;3.75;3.4;2026-09-29T19:00:29.396Z
01.10.2026;03:30;Bolivia;Copa Bolivia;Oriente Petrolero;The Strongest;id1003903373550408;bet365;Over Under Team 1;2.5;Under;1.22;1.27;2026-09-29T19:00:29.396Z
01.10.2026;03:30;Bolivia;Copa Bolivia;Oriente Petrolero;The Strongest;id1003903373550408;bet365;Over Under Team 1;3.5;Over;10.0;8.0;2026-09-29T19:00:29.396Z
01.10.2026;03:30;Bolivia;Copa Bolivia;Oriente Petrolero;The Strongest;id1003903373550408;bet365;Over Under Team 1;3.5;Under;1.052;1.068;2026-09-29T19:00:29.396Z
01.10.2026;03:30;Bolivia;Copa Bolivia;Oriente Petrolero;The Strongest;id1003903373550408;bet365;Over Under Team 1;4.5;Over;23.0;19.0;2026-09-29T19:00:29.396Z
01.10.2026;03:30;Bolivia;Copa Bolivia;Oriente Petrolero;The Strongest;id1003903373550408;bet365;Over Under Team 1;4.5;Under;1.01;1.016;2026-09-29T19:00:29.396Z
01.10.2026;03:30;Bolivia;Copa Bolivia;Oriente Petrolero;The Strongest;id1003903373550408;bet365;Over Under Team 2;0.5;Over;1.22;1.3;2026-09-29T19:00:29.396Z
01.10.2026;03:30;Bolivia;Copa Bolivia;Oriente Petrolero;The Strongest;id1003903373550408;bet365;Over Under Team 2;0.5;Under;3.75;3.25;2026-09-29T19:00:29.396Z
01.10.2026;03:30;Bolivia;Copa Bolivia;Oriente Petrolero;The Strongest;id1003903373550408;bet365;Over Under Team 2;1.5;Over;2.25;2.62;2026-09-29T19:00:29.396Z
01.10.2026;03:30;Bolivia;Copa Bolivia;Oriente Petrolero;The Strongest;id1003903373550408;bet365;Over Under Team 2;1.5;Under;1.54;1.41;2026-09-29T19:00:29.396Z
01.10.2026;03:30;Bolivia;Copa Bolivia;Oriente Petrolero;The Strongest;id1003903373550408;bet365;Over Under Team 2;2.5;Over;5.5;6.5;2026-09-29T19:00:29.396Z
01.10.2026;03:30;Bolivia;Copa Bolivia;Oriente Petrolero;The Strongest;id1003903373550408;bet365;Over Under Team 2;2.5;Under;1.11;1.091;2026-09-29T19:00:29.396Z
01.10.2026;03:30;Bolivia;Copa Bolivia;Oriente Petrolero;The Strongest;id1003903373550408;bet365;Over Under Team 2;3.5;Over;15.0;19.0;2026-09-29T19:00:29.396Z
01.10.2026;03:30;Bolivia;Copa Bolivia;Oriente Petrolero;The Strongest;id1003903373550408;bet365;Over Under Team 2;3.5;Under;1.025;1.016;2026-09-29T19:00:29.396Z
01.10.2026;03:30;Bolivia;Copa Bolivia;Oriente Petrolero;The Strongest;id1003903373550408;bet365;Over Under Team 2;4.5;Over;34.0;51.0;2026-09-29T19:00:29.396Z
01.10.2026;03:30;Bolivia;Copa Bolivia;Oriente Petrolero;The Strongest;id1003903373550408;bet365;Over Under First Half;0.5;Over;1.25;1.25;2026-09-29T18:13:55.110Z
01.10.2026;03:30;Bolivia;Copa Bolivia;Oriente Petrolero;The Strongest;id1003903373550408;bet365;Over Under First Half;0.5;Under;3.5;3.5;2026-09-29T18:13:55.110Z
01.10.2026;03:30;Bolivia;Copa Bolivia;Oriente Petrolero;The Strongest;id1003903373550408;bet365;Over Under First Half;1.5;Over;2.37;2.37;2026-09-29T18:13:55.110Z
01.10.2026;03:30;Bolivia;Copa Bolivia;Oriente Petrolero;The Strongest;id1003903373550408;bet365;Over Under First Half;1.5;Under;1.5;1.5;2026-09-29T18:13:55.110Z
01.10.2026;03:30;Bolivia;Copa Bolivia;Oriente Petrolero;The Strongest;id1003903373550408;bet365;Over Under First Half;2.5;Over;5.5;5.5;2026-09-29T18:13:55.110Z
01.10.2026;03:30;Bolivia;Copa Bolivia;Oriente Petrolero;The Strongest;id1003903373550408;bet365;Over Under First Half;2.5;Under;1.11;1.11;2026-09-29T18:13:55.110Z
01.10.2026;03:30;Bolivia;Copa Bolivia;Oriente Petrolero;The Strongest;id1003903373550408;bet365;Over Under First Half;3.5;Over;15.0;15.0;2026-09-29T18:13:55.110Z
01.10.2026;03:30;Bolivia;Copa Bolivia;Oriente Petrolero;The Strongest;id1003903373550408;bet365;Over Under First Half;3.5;Under;1.025;1.025;2026-09-29T18:13:55.110Z
01.10.2026;03:30;Bolivia;Copa Bolivia;Oriente Petrolero;The Strongest;id1003903373550408;bet365;Over Under First Half;4.5;Over;41.0;41.0;2026-09-29T18:13:55.110Z
01.10.2026;03:30;Bolivia;Copa Bolivia;Oriente Petrolero;The Strongest;id1003903373550408;bet365;Over Under Second Half;0.5;Over;1.13;1.13;2026-09-29T18:13:55.110Z
01.10.2026;03:30;Bolivia;Copa Bolivia;Oriente Petrolero;The Strongest;id1003903373550408;bet365;Over Under Second Half;0.5;Under;5.0;5.0;2026-09-29T18:13:55.110Z
01.10.2026;03:30;Bolivia;Copa Bolivia;Oriente Petrolero;The Strongest;id1003903373550408;bet365;Over Under Second Half;1.5;Over;1.77;1.77;2026-09-29T18:13:55.110Z
01.10.2026;03:30;Bolivia;Copa Bolivia;Oriente Petrolero;The Strongest;id1003903373550408;bet365;Over Under Second Half;1.5;Under;1.87;1.87;2026-09-29T18:13:55.110Z
01.10.2026;03:30;Bolivia;Copa Bolivia;Oriente Petrolero;The Strongest;id1003903373550408;bet365;Over Under Second Half;2.5;Over;3.5;3.5;2026-09-29T18:13:55.110Z
01.10.2026;03:30;Bolivia;Copa Bolivia;Oriente Petrolero;The Strongest;id1003903373550408;bet365;Over Under Second Half;2.5;Under;1.25;1.25;2026-09-29T18:13:55.110Z
01.10.2026;03:30;Bolivia;Copa Bolivia;Oriente Petrolero;The Strongest;id1003903373550408;bet365;Over Under Second Half;3.5;Over;9.0;9.0;2026-09-29T18:13:55.110Z
01.10.2026;03:30;Bolivia;Copa Bolivia;Oriente Petrolero;The Strongest;id1003903373550408;bet365;Over Under Second Half;3.5;Under;1.061;1.061;2026-09-29T18:13:55.110Z
01.10.2026;03:30;Bolivia;Copa Bolivia;Oriente Petrolero;The Strongest;id1003903373550408;bet365;Over Under Second Half;4.5;Over;21.0;21.0;2026-09-29T18:13:55.110Z
01.10.2026;03:30;Bolivia;Copa Bolivia;Oriente Petrolero;The Strongest;id1003903373550408;bet365;Over Under Second Half;4.5;Under;1.012;1.012;2026-09-29T18:13:55.110Z
01.10.2026;03:30;Bolivia;Copa Bolivia;Oriente Petrolero;The Strongest;id1003903373550408;bet365;Both Teams To Score;0.0;Yes;1.5;1.5;2026-09-29T18:13:55.110Z
01.10.2026;03:30;Bolivia;Copa Bolivia;Oriente Petrolero;The Strongest;id1003903373550408;bet365;Both Teams To Score;0.0;No;2.37;2.37;2026-09-29T18:13:55.110Z
01.10.2026;03:30;Bolivia;Copa Bolivia;Oriente Petrolero;The Strongest;id1003903373550408;bet365;Over Under Full Time;0.5;Over;1.025;1.025;2026-09-29T18:13:55.110Z
01.10.2026;03:30;Bolivia;Copa Bolivia;Oriente Petrolero;The Strongest;id1003903373550408;bet365;Over Under Full Time;0.5;Under;15.0;15.0;2026-09-29T18:13:55.110Z
01.10.2026;03:30;Bolivia;Copa Bolivia;Oriente Petrolero;The Strongest;id1003903373550408;bet365;Over Under Full Time;1.5;Over;1.15;1.15;2026-09-29T18:13:55.110Z
01.10.2026;03:30;Bolivia;Copa Bolivia;Oriente Petrolero;The Strongest;id1003903373550408;bet365;Over Under Full Time;1.5;Under;4.5;4.5;2026-09-29T18:13:55.110Z
01.10.2026;04:00;El Salvador;Primera Division;Alianza FC San Salvador;CD Platense Municipal Zacatecoluca;id1002708873075306;bet365;Full Time Result;0.0;1;1.39;1.39;2026-09-29T18:13:52.813Z
01.10.2026;04:00;El Salvador;Primera Division;Alianza FC San Salvador;CD Platense Municipal Zacatecoluca;id1002708873075306;bet365;Full Time Result;0.0;X;3.9;3.9;2026-09-29T18:13:52.813Z
01.10.2026;04:00;El Salvador;Primera Division;Alianza FC San Salvador;CD Platense Municipal Zacatecoluca;id1002708873075306;bet365;Full Time Result;0.0;2;6.25;6.25;2026-09-29T18:13:52.813Z
01.10.2026;04:00;El Salvador;Primera Division;Alianza FC San Salvador;CD Platense Municipal Zacatecoluca;id1002708873075306;bet365;Over Under Full Time;2.5;Over;1.87;1.87;2026-09-29T18:36:00.922Z
01.10.2026;04:00;El Salvador;Primera Division;Alianza FC San Salvador;CD Platense Municipal Zacatecoluca;id1002708873075306;bet365;Over Under Full Time;2.5;Under;1.87;1.87;2026-09-29T18:36:00.922Z
01.10.2026;04:00;El Salvador;Primera Division;Alianza FC San Salvador;CD Platense Municipal Zacatecoluca;id1002708873075306;bet365;Double Chance Full Time;0.0;1X;1.068;1.068;2026-09-29T18:13:52.813Z
01.10.2026;04:00;El Salvador;Primera Division;Alianza FC San Salvador;CD Platense Municipal Zacatecoluca;id1002708873075306;bet365;Double Chance Full Time;0.0;12;1.15;1.15;2026-09-29T18:13:52.813Z
01.10.2026;04:00;El Salvador;Primera Division;Alianza FC San Salvador;CD Platense Municipal Zacatecoluca;id1002708873075306;bet365;Double Chance Full Time;0.0;2X;2.6;2.6;2026-09-29T18:13:52.813Z
01.10.2026;04:00;El Salvador;Primera Division;Alianza FC San Salvador;CD Platense Municipal Zacatecoluca;id1002708873075306;bet365;First Half Result;0.0;1;1.92;1.92;2026-09-29T18:13:52.813Z
01.10.2026;04:00;El Salvador;Primera Division;Alianza FC San Salvador;CD Platense Municipal Zacatecoluca;id1002708873075306;bet365;First Half Result;0.0;X;2.3;2.3;2026-09-29T18:13:52.813Z
01.10.2026;04:00;El Salvador;Primera Division;Alianza FC San Salvador;CD Platense Municipal Zacatecoluca;id1002708873075306;bet365;First Half Result;0.0;2;6.5;6.5;2026-09-29T18:13:52.813Z
01.10.2026;04:00;El Salvador;Primera Division;Alianza FC San Salvador;CD Platense Municipal Zacatecoluca;id1002708873075306;pinnacle;Full Time Result;0.0;1;1.689;1.649;2026-09-29T19:32:30.327Z
01.10.2026;04:00;El Salvador;Primera Division;Alianza FC San Salvador;CD Platense Municipal Zacatecoluca;id1002708873075306;pinnacle;Full Time Result;0.0;X;3.39;3.56;2026-09-29T19:32:30.327Z
01.10.2026;04:00;El Salvador;Primera Division;Alianza FC San Salvador;CD Platense Municipal Zacatecoluca;id1002708873075306;pinnacle;Full Time Result;0.0;2;4.44;4.73;2026-09-29T19:32:30.327Z
01.10.2026;04:00;El Salvador;Primera Division;Alianza FC San Salvador;CD Platense Municipal Zacatecoluca;id1002708873075306;pinnacle;Over Under Full Time;2.5;Over;1.943;1.877;2026-09-29T19:32:30.327Z
01.10.2026;04:00;El Salvador;Primera Division;Alianza FC San Salvador;CD Platense Municipal Zacatecoluca;id1002708873075306;pinnacle;Over Under Full Time;2.5;Under;1.806;1.892;2026-09-29T19:32:30.327Z
01.10.2026;04:00;El Salvador;Primera Division;Alianza FC San Salvador;CD Platense Municipal Zacatecoluca;id1002708873075306;pinnacle;Double Chance Full Time;0.0;12;1.285;1.266;2026-09-29T19:34:00.831Z
01.10.2026;04:00;El Salvador;Primera Division;Alianza FC San Salvador;CD Platense Municipal Zacatecoluca;id1002708873075306;pinnacle;Double Chance Full Time;0.0;2X;2.04;2.16;2026-09-29T19:34:00.831Z
01.10.2026;04:00;El Salvador;Primera Division;Alianza FC San Salvador;CD Platense Municipal Zacatecoluca;id1002708873075306;pinnacle;Over Under Team 1 First Half;0.5;Over;1.709;1.684;2026-09-29T19:32:30.636Z
01.10.2026;04:00;El Salvador;Primera Division;Alianza FC San Salvador;CD Platense Municipal Zacatecoluca;id1002708873075306;pinnacle;Over Under Team 1 First Half;0.5;Under;1.98;2.08;2026-09-29T19:32:30.636Z
01.10.2026;04:00;El Salvador;Primera Division;Alianza FC San Salvador;CD Platense Municipal Zacatecoluca;id1002708873075306;pinnacle;Over Under Team 2 First Half;0.5;Over;2.76;2.8;2026-09-29T19:30:09.536Z
01.10.2026;04:00;El Salvador;Primera Division;Alianza FC San Salvador;CD Platense Municipal Zacatecoluca;id1002708873075306;pinnacle;Over Under Team 2 First Half;0.5;Under;1.411;1.403;2026-09-29T19:30:09.536Z
01.10.2026;04:00;El Salvador;Primera Division;Alianza FC San Salvador;CD Platense Municipal Zacatecoluca;id1002708873075306;pinnacle;Over Under Team 1;1.5;Over;1.826;1.763;2026-09-29T19:32:30.636Z
01.10.2026;04:00;El Salvador;Primera Division;Alianza FC San Salvador;CD Platense Municipal Zacatecoluca;id1002708873075306;pinnacle;Over Under Team 1;1.5;Under;1.884;1.99;2026-09-29T19:32:30.636Z
01.10.2026;04:00;El Salvador;Primera Division;Alianza FC San Salvador;CD Platense Municipal Zacatecoluca;id1002708873075306;pinnacle;Over Under Team 2;0.5;Over;1.568;1.584;2026-09-29T19:32:30.636Z
01.10.2026;04:00;El Salvador;Primera Division;Alianza FC San Salvador;CD Platense Municipal Zacatecoluca;id1002708873075306;pinnacle;Over Under Team 2;0.5;Under;2.23;2.3;2026-09-29T19:32:30.636Z
01.10.2026;04:00;El Salvador;Primera Division;Alianza FC San Salvador;CD Platense Municipal Zacatecoluca;id1002708873075306;pinnacle;Over Under First Half;0.5;Over;1.361;1.353;2026-09-29T19:32:30.636Z
01.10.2026;04:00;El Salvador;Primera Division;Alianza FC San Salvador;CD Platense Municipal Zacatecoluca;id1002708873075306;pinnacle;Over Under First Half;0.5;Under;2.74;2.9;2026-09-29T19:32:30.636Z
01.10.2026;04:00;El Salvador;Primera Division;Alianza FC San Salvador;CD Platense Municipal Zacatecoluca;id1002708873075306;pinnacle;Over Under First Half;1.5;Over;2.72;2.68;2026-09-29T19:32:30.636Z
01.10.2026;04:00;El Salvador;Primera Division;Alianza FC San Salvador;CD Platense Municipal Zacatecoluca;id1002708873075306;pinnacle;Over Under First Half;1.5;Under;1.364;1.408;2026-09-29T19:32:30.636Z
01.10.2026;04:00;El Salvador;Primera Division;Alianza FC San Salvador;CD Platense Municipal Zacatecoluca;id1002708873075306;pinnacle;Both Teams To Score;0.0;Yes;1.847;1.847;2026-09-29T19:34:00.831Z
01.10.2026;04:00;El Salvador;Primera Division;Alianza FC San Salvador;CD Platense Municipal Zacatecoluca;id1002708873075306;pinnacle;Both Teams To Score;0.0;No;1.892;1.877;2026-09-29T19:34:00.831Z
01.10.2026;04:00;El Salvador;Primera Division;Alianza FC San Salvador;CD Platense Municipal Zacatecoluca;id1002708873075306;pinnacle;Asian Handicap First Half;-0.75;1;2.7;2.65;2026-09-29T19:32:30.636Z
01.10.2026;04:00;El Salvador;Primera Division;Alianza FC San Salvador;CD Platense Municipal Zacatecoluca;id1002708873075306;pinnacle;Asian Handicap First Half;-0.75;2;1.37;1.416;2026-09-29T19:32:30.636Z
01.10.2026;04:00;El Salvador;Primera Division;Alianza FC San Salvador;CD Platense Municipal Zacatecoluca;id1002708873075306;pinnacle;Asian Handicap;-1.5;1;2.83;2.73;2026-09-29T19:32:30.327Z
01.10.2026;04:00;El Salvador;Primera Division;Alianza FC San Salvador;CD Platense Municipal Zacatecoluca;id1002708873075306;pinnacle;Asian Handicap;-1.5;2;1.361;1.403;2026-09-29T19:32:30.327Z
01.10.2026;04:00;El Salvador;Primera Division;Alianza FC San Salvador;CD Platense Municipal Zacatecoluca;id1002708873075306;pinnacle;Asian Handicap First Half;-0.5;1;2.16;2.13;2026-09-29T19:32:30.636Z
01.10.2026;04:00;El Salvador;Primera Division;Alianza FC San Salvador;CD Platense Municipal Zacatecoluca;id1002708873075306;pinnacle;Asian Handicap First Half;-0.5;2;1.591;1.653;2026-09-29T19:32:30.636Z
01.10.2026;04:00;El Salvador;Primera Division;Alianza FC San Salvador;CD Platense Municipal Zacatecoluca;id1002708873075306;pinnacle;Asian Handicap First Half;-0.25;1;1.757;1.74;2026-09-29T19:32:30.636Z
01.10.2026;04:00;El Salvador;Primera Division;Alianza FC San Salvador;CD Platense Municipal Zacatecoluca;id1002708873075306;pinnacle;Asian Handicap First Half;-0.25;2;1.943;2.04;2026-09-29T19:32:30.636Z
01.10.2026;04:00;El Salvador;Primera Division;Alianza FC San Salvador;CD Platense Municipal Zacatecoluca;id1002708873075306;pinnacle;Asian Handicap First Half;0.0;1;1.314;1.308;2026-09-29T19:32:30.636Z
01.10.2026;04:00;El Salvador;Primera Division;Alianza FC San Salvador;CD Platense Municipal Zacatecoluca;id1002708873075306;pinnacle;Asian Handicap First Half;0.0;2;3.01;3.22;2026-09-29T19:32:30.636Z
01.10.2026;04:00;El Salvador;Primera Division;Alianza FC San Salvador;CD Platense Municipal Zacatecoluca;id1002708873075306;pinnacle;Asian Handicap First Half;0.25;1;1.192;1.194;2026-09-29T19:32:30.636Z
01.10.2026;04:00;El Salvador;Primera Division;Alianza FC San Salvador;CD Platense Municipal Zacatecoluca;id1002708873075306;pinnacle;Asian Handicap First Half;0.25;2;3.81;4.059;2026-09-29T19:32:30.636Z
01.10.2026;04:00;El Salvador;Primera Division;Alianza FC San Salvador;CD Platense Municipal Zacatecoluca;id1002708873075306;pinnacle;Asian Handicap;-1.25;1;2.52;2.43;2026-09-29T19:32:30.327Z
01.10.2026;04:00;El Salvador;Primera Division;Alianza FC San Salvador;CD Platense Municipal Zacatecoluca;id1002708873075306;pinnacle;Asian Handicap;-1.25;2;1.446;1.502;2026-09-29T19:32:30.327Z
01.10.2026;04:00;El Salvador;Primera Division;Alianza FC San Salvador;CD Platense Municipal Zacatecoluca;id1002708873075306;pinnacle;Asian Handicap;-1.0;1;2.23;2.13;2026-09-29T19:32:30.327Z
01.10.2026;04:00;El Salvador;Primera Division;Alianza FC San Salvador;CD Platense Municipal Zacatecoluca;id1002708873075306;pinnacle;Asian Handicap;-1.0;2;1.591;1.666;2026-09-29T19:32:30.327Z
01.10.2026;04:00;El Salvador;Primera Division;Alianza FC San Salvador;CD Platense Municipal Zacatecoluca;id1002708873075306;pinnacle;Asian Handicap;-0.75;1;1.892;1.84;2026-09-29T19:32:30.327Z
01.10.2026;04:00;El Salvador;Primera Division;Alianza FC San Salvador;CD Platense Municipal Zacatecoluca;id1002708873075306;pinnacle;Asian Handicap;-0.75;2;1.847;1.934;2026-09-29T19:32:30.327Z
01.10.2026;04:00;El Salvador;Primera Division;Alianza FC San Salvador;CD Platense Municipal Zacatecoluca;id1002708873075306;pinnacle;Asian Handicap;-0.5;1;1.68;1.645;2026-09-29T19:32:30.327Z
01.10.2026;04:00;El Salvador;Primera Division;Alianza FC San Salvador;CD Platense Municipal Zacatecoluca;id1002708873075306;pinnacle;Asian Handicap;-0.5;2;2.07;2.17;2026-09-29T19:32:30.327Z
01.10.2026;04:00;El Salvador;Primera Division;Alianza FC San Salvador;CD Platense Municipal Zacatecoluca;id1002708873075306;pinnacle;Asian Handicap;-0.25;1;1.467;1.44;2026-09-29T19:32:30.327Z
01.10.2026;04:00;El Salvador;Primera Division;Alianza FC San Salvador;CD Platense Municipal Zacatecoluca;id1002708873075306;pinnacle;Asian Handicap;-0.25;2;2.47;2.6;2026-09-29T19:32:30.327Z
01.10.2026;04:00;El Salvador;Primera Division;Alianza FC San Salvador;CD Platense Municipal Zacatecoluca;id1002708873075306;pinnacle;Asian Handicap;0.0;1;1.262;1.246;2026-09-29T19:32:30.327Z
01.10.2026;04:00;El Salvador;Primera Division;Alianza FC San Salvador;CD Platense Municipal Zacatecoluca;id1002708873075306;pinnacle;Asian Handicap;0.0;2;3.37;3.61;2026-09-29T19:32:30.327Z
01.10.2026;04:00;El Salvador;Primera Division;Alianza FC San Salvador;CD Platense Municipal Zacatecoluca;id1002708873075306;pinnacle;Asian Handicap;0.25;1;1.255;1.245;2026-09-29T14:35:31.395Z
01.10.2026;04:00;El Salvador;Primera Division;Alianza FC San Salvador;CD Platense Municipal Zacatecoluca;id1002708873075306;pinnacle;Asian Handicap;0.25;2;3.59;3.67;2026-09-29T14:35:31.395Z
01.10.2026;04:00;Colombia;Liga DIMAYOR;Atletico Nacional;CD Junior FC;id1002707072334978;bet365;Full Time Result;0.0;1;1.46;1.49;2026-09-29T17:21:42.873Z
01.10.2026;04:00;Colombia;Liga DIMAYOR;Atletico Nacional;CD Junior FC;id1002707072334978;bet365;Full Time Result;0.0;X;4.0;4.2;2026-09-29T17:21:42.873Z
01.10.2026;04:00;Colombia;Liga DIMAYOR;Atletico Nacional;CD Junior FC;id1002707072334978;bet365;Full Time Result;0.0;2;6.0;5.75;2026-09-29T17:21:42.873Z
01.10.2026;04:00;Colombia;Liga DIMAYOR;Atletico Nacional;CD Junior FC;id1002707072334978;bet365;Over Under Full Time;2.5;Over;1.63;1.63;2026-09-29T17:21:42.873Z
01.10.2026;04:00;Colombia;Liga DIMAYOR;Atletico Nacional;CD Junior FC;id1002707072334978;bet365;Over Under Full Time;2.5;Under;2.15;2.15;2026-09-29T17:21:42.873Z
01.10.2026;04:00;Colombia;Liga DIMAYOR;Atletico Nacional;CD Junior FC;id1002707072334978;bet365;Over Under Full Time;3.5;Over;2.62;2.62;2026-09-29T17:21:42.873Z
01.10.2026;04:00;Colombia;Liga DIMAYOR;Atletico Nacional;CD Junior FC;id1002707072334978;bet365;Over Under Full Time;3.5;Under;1.41;1.41;2026-09-29T17:21:42.873Z
01.10.2026;04:00;Colombia;Liga DIMAYOR;Atletico Nacional;CD Junior FC;id1002707072334978;bet365;Over Under Full Time;4.5;Over;5.0;5.0;2026-09-29T17:21:42.873Z
01.10.2026;04:00;Colombia;Liga DIMAYOR;Atletico Nacional;CD Junior FC;id1002707072334978;bet365;Over Under Full Time;4.5;Under;1.13;1.13;2026-09-29T17:21:42.873Z
01.10.2026;04:00;Colombia;Liga DIMAYOR;Atletico Nacional;CD Junior FC;id1002707072334978;bet365;Double Chance Full Time;0.0;1X;1.1;1.11;2026-09-29T17:21:42.873Z
01.10.2026;04:00;Colombia;Liga DIMAYOR;Atletico Nacional;CD Junior FC;id1002707072334978;bet365;Double Chance Full Time;0.0;12;1.19;1.19;2026-09-29T17:21:42.873Z
01.10.2026;04:00;Colombia;Liga DIMAYOR;Atletico Nacional;CD Junior FC;id1002707072334978;bet365;Double Chance Full Time;0.0;2X;2.5;2.37;2026-09-29T17:21:42.873Z
01.10.2026;04:00;Colombia;Liga DIMAYOR;Atletico Nacional;CD Junior FC;id1002707072334978;bet365;First Half Result;0.0;1;1.97;1.97;2026-09-29T17:21:42.873Z
01.10.2026;04:00;Colombia;Liga DIMAYOR;Atletico Nacional;CD Junior FC;id1002707072334978;bet365;First Half Result;0.0;X;2.5;2.5;2026-09-29T17:21:42.873Z
01.10.2026;04:00;Colombia;Liga DIMAYOR;Atletico Nacional;CD Junior FC;id1002707072334978;bet365;First Half Result;0.0;2;6.0;5.5;2026-09-29T17:21:42.873Z
01.10.2026;04:00;Colombia;Liga DIMAYOR;Atletico Nacional;CD Junior FC;id1002707072334978;bet365;Second Half Result;0.0;1;1.77;1.8;2026-09-29T17:21:42.873Z
01.10.2026;04:00;Colombia;Liga DIMAYOR;Atletico Nacional;CD Junior FC;id1002707072334978;bet365;Second Half Result;0.0;X;2.75;2.75;2026-09-29T17:21:42.873Z
01.10.2026;04:00;Colombia;Liga DIMAYOR;Atletico Nacional;CD Junior FC;id1002707072334978;bet365;Second Half Result;0.0;2;5.0;5.0;2026-09-29T17:21:42.873Z
01.10.2026;04:00;Colombia;Liga DIMAYOR;Atletico Nacional;CD Junior FC;id1002707072334978;bet365;Over Under Team 1 First Half;0.5;Over;1.54;1.54;2026-09-29T17:21:42.873Z
01.10.2026;04:00;Colombia;Liga DIMAYOR;Atletico Nacional;CD Junior FC;id1002707072334978;bet365;Over Under Team 1 First Half;0.5;Under;2.3;2.25;2026-09-29T17:21:42.873Z
01.10.2026;04:00;Colombia;Liga DIMAYOR;Atletico Nacional;CD Junior FC;id1002707072334978;bet365;Over Under Team 1 First Half;1.5;Over;3.75;4.0;2026-09-29T17:21:42.873Z
01.10.2026;04:00;Colombia;Liga DIMAYOR;Atletico Nacional;CD Junior FC;id1002707072334978;bet365;Over Under Team 1 First Half;1.5;Under;1.22;1.22;2026-09-29T17:21:42.873Z
01.10.2026;04:00;Colombia;Liga DIMAYOR;Atletico Nacional;CD Junior FC;id1002707072334978;bet365;Over Under Team 1 First Half;2.5;Over;12.0;12.0;2026-09-29T17:21:42.873Z
01.10.2026;04:00;Colombia;Liga DIMAYOR;Atletico Nacional;CD Junior FC;id1002707072334978;bet365;Over Under Team 1 First Half;2.5;Under;1.032;1.032;2026-09-29T17:21:42.873Z
01.10.2026;04:00;Colombia;Liga DIMAYOR;Atletico Nacional;CD Junior FC;id1002707072334978;bet365;Over Under Team 1 First Half;3.5;Over;29.0;29.0;2026-09-29T17:21:42.873Z
01.10.2026;04:00;Colombia;Liga DIMAYOR;Atletico Nacional;CD Junior FC;id1002707072334978;bet365;Over Under Team 1 First Half;3.5;Under;1.008;1.008;2026-09-28T01:51:10.427Z
01.10.2026;04:00;Colombia;Liga DIMAYOR;Atletico Nacional;CD Junior FC;id1002707072334978;bet365;Over Under Team 1 First Half;4.5;Over;51.0;51.0;2026-09-28T01:51:10.427Z
01.10.2026;04:00;Colombia;Liga DIMAYOR;Atletico Nacional;CD Junior FC;id1002707072334978;bet365;Over Under Team 2 First Half;0.5;Over;2.75;2.62;2026-09-29T17:21:42.873Z
01.10.2026;04:00;Colombia;Liga DIMAYOR;Atletico Nacional;CD Junior FC;id1002707072334978;bet365;Over Under Team 2 First Half;0.5;Under;1.37;1.41;2026-09-29T17:21:42.873Z
01.10.2026;04:00;Colombia;Liga DIMAYOR;Atletico Nacional;CD Junior FC;id1002707072334978;bet365;Over Under Team 2 First Half;1.5;Over;15.0;13.0;2026-09-29T17:21:42.873Z
01.10.2026;04:00;Colombia;Liga DIMAYOR;Atletico Nacional;CD Junior FC;id1002707072334978;bet365;Over Under Team 2 First Half;1.5;Under;1.032;1.032;2026-09-29T17:21:42.873Z
01.10.2026;04:00;Colombia;Liga DIMAYOR;Atletico Nacional;CD Junior FC;id1002707072334978;bet365;Over Under Team 2 First Half;2.5;Over;41.0;41.0;2026-09-29T17:21:42.873Z
01.10.2026;04:00;Colombia;Liga DIMAYOR;Atletico Nacional;CD Junior FC;id1002707072334978;bet365;Over Under Team 1 Second Half;0.5;Over;1.33;1.37;2026-09-29T17:21:42.873Z
01.10.2026;04:00;Colombia;Liga DIMAYOR;Atletico Nacional;CD Junior FC;id1002707072334978;bet365;Over Under Team 1 Second Half;0.5;Under;2.87;2.75;2026-09-29T17:21:42.873Z
01.10.2026;04:00;Colombia;Liga DIMAYOR;Atletico Nacional;CD Junior FC;id1002707072334978;bet365;Over Under Team 1 Second Half;1.5;Over;2.87;3.0;2026-09-29T17:21:42.873Z
01.10.2026;04:00;Colombia;Liga DIMAYOR;Atletico Nacional;CD Junior FC;id1002707072334978;bet365;Over Under Team 1 Second Half;1.5;Under;1.37;1.37;2026-09-29T17:21:42.873Z
01.10.2026;04:00;Colombia;Liga DIMAYOR;Atletico Nacional;CD Junior FC;id1002707072334978;bet365;Over Under Team 1 Second Half;2.5;Over;7.5;8.0;2026-09-29T17:21:42.873Z
01.10.2026;04:00;Colombia;Liga DIMAYOR;Atletico Nacional;CD Junior FC;id1002707072334978;bet365;Over Under Team 1 Second Half;2.5;Under;1.061;1.061;2026-09-29T17:21:42.873Z
01.10.2026;04:00;Colombia;Liga DIMAYOR;Atletico Nacional;CD Junior FC;id1002707072334978;bet365;Over Under Team 1;0.5;Over;1.08;1.091;2026-09-29T17:21:42.873Z
01.10.2026;04:00;Colombia;Liga DIMAYOR;Atletico Nacional;CD Junior FC;id1002707072334978;bet365;Over Under Team 1;0.5;Under;7.0;6.5;2026-09-29T17:21:42.873Z
01.10.2026;04:00;Colombia;Liga DIMAYOR;Atletico Nacional;CD Junior FC;id1002707072334978;bet365;Over Under Team 1 Second Half;3.5;Over;21.0;21.0;2026-09-29T17:21:42.873Z
01.10.2026;04:00;Colombia;Liga DIMAYOR;Atletico Nacional;CD Junior FC;id1002707072334978;bet365;Over Under Team 1 Second Half;3.5;Under;1.016;1.016;2026-09-29T17:21:42.873Z
01.10.2026;04:00;Colombia;Liga DIMAYOR;Atletico Nacional;CD Junior FC;id1002707072334978;bet365;Over Under Team 1 Second Half;4.5;Over;41.0;41.0;2026-09-29T17:21:42.873Z
01.10.2026;04:00;Colombia;Liga DIMAYOR;Atletico Nacional;CD Junior FC;id1002707072334978;bet365;Over Under Team 2 Second Half;0.5;Over;2.25;2.2;2026-09-29T17:21:42.873Z
01.10.2026;04:00;Colombia;Liga DIMAYOR;Atletico Nacional;CD Junior FC;id1002707072334978;bet365;Over Under Team 2 Second Half;0.5;Under;1.54;1.58;2026-09-29T17:21:42.873Z
01.10.2026;04:00;Colombia;Liga DIMAYOR;Atletico Nacional;CD Junior FC;id1002707072334978;bet365;Over Under Team 2 Second Half;1.5;Over;9.5;9.0;2026-09-29T17:21:42.873Z
01.10.2026;04:00;Colombia;Liga DIMAYOR;Atletico Nacional;CD Junior FC;id1002707072334978;bet365;Over Under Team 2 Second Half;1.5;Under;1.052;1.061;2026-09-29T17:21:42.873Z
01.10.2026;04:00;Colombia;Liga DIMAYOR;Atletico Nacional;CD Junior FC;id1002707072334978;bet365;Over Under Team 2 Second Half;2.5;Over;29.0;29.0;2026-09-29T17:21:42.873Z
01.10.2026;04:00;Colombia;Liga DIMAYOR;Atletico Nacional;CD Junior FC;id1002707072334978;bet365;Over Under Team 2 Second Half;2.5;Under;1.008;1.008;2026-09-29T17:21:42.873Z
01.10.2026;04:00;Colombia;Liga DIMAYOR;Atletico Nacional;CD Junior FC;id1002707072334978;bet365;Over Under Team 2 Second Half;3.5;Over;67.0;67.0;2026-09-29T17:21:42.873Z
01.10.2026;04:00;Colombia;Liga DIMAYOR;Atletico Nacional;CD Junior FC;id1002707072334978;bet365;Over Under Team 1;1.5;Over;1.5;1.5;2026-09-29T17:21:42.873Z
01.10.2026;04:00;Colombia;Liga DIMAYOR;Atletico Nacional;CD Junior FC;id1002707072334978;bet365;Over Under Team 1;1.5;Under;2.37;2.37;2026-09-29T17:21:42.873Z
01.10.2026;04:00;Colombia;Liga DIMAYOR;Atletico Nacional;CD Junior FC;id1002707072334978;bet365;Over Under Team 1;2.5;Over;2.62;2.62;2026-09-29T17:21:42.873Z
01.10.2026;04:00;Colombia;Liga DIMAYOR;Atletico Nacional;CD Junior FC;id1002707072334978;bet365;Over Under Team 1;2.5;Under;1.41;1.41;2026-09-29T17:21:42.873Z
01.10.2026;04:00;Colombia;Liga DIMAYOR;Atletico Nacional;CD Junior FC;id1002707072334978;bet365;Over Under Team 1;3.5;Over;5.5;5.5;2026-09-29T17:21:42.873Z
01.10.2026;04:00;Colombia;Liga DIMAYOR;Atletico Nacional;CD Junior FC;id1002707072334978;bet365;Over Under Team 1;3.5;Under;1.11;1.11;2026-09-29T17:21:42.873Z
01.10.2026;04:00;Colombia;Liga DIMAYOR;Atletico Nacional;CD Junior FC;id1002707072334978;bet365;Over Under Team 1;4.5;Over;13.0;13.0;2026-09-29T17:21:42.873Z
01.10.2026;04:00;Colombia;Liga DIMAYOR;Atletico Nacional;CD Junior FC;id1002707072334978;bet365;Over Under Team 1;4.5;Under;1.032;1.032;2026-09-29T17:21:42.873Z
01.10.2026;04:00;Colombia;Liga DIMAYOR;Atletico Nacional;CD Junior FC;id1002707072334978;bet365;Over Under Team 2;0.5;Over;1.54;1.5;2026-09-29T17:21:42.873Z
01.10.2026;04:00;Colombia;Liga DIMAYOR;Atletico Nacional;CD Junior FC;id1002707072334978;bet365;Over Under Team 2;0.5;Under;2.25;2.37;2026-09-29T17:21:42.873Z
01.10.2026;04:00;Colombia;Liga DIMAYOR;Atletico Nacional;CD Junior FC;id1002707072334978;bet365;Over Under Team 2;1.5;Over;3.75;3.75;2026-09-29T17:21:42.873Z
01.10.2026;04:00;Colombia;Liga DIMAYOR;Atletico Nacional;CD Junior FC;id1002707072334978;bet365;Over Under Team 2;1.5;Under;1.22;1.22;2026-09-29T17:21:42.873Z
01.10.2026;04:00;Colombia;Liga DIMAYOR;Atletico Nacional;CD Junior FC;id1002707072334978;bet365;Over Under Team 2;2.5;Over;13.0;11.0;2026-09-29T17:21:42.873Z
01.10.2026;04:00;Colombia;Liga DIMAYOR;Atletico Nacional;CD Junior FC;id1002707072334978;bet365;Over Under Team 2;2.5;Under;1.032;1.04;2026-09-29T17:21:42.873Z
01.10.2026;04:00;Colombia;Liga DIMAYOR;Atletico Nacional;CD Junior FC;id1002707072334978;bet365;Over Under Team 2;3.5;Over;34.0;34.0;2026-09-29T17:21:42.873Z
01.10.2026;04:00;Colombia;Liga DIMAYOR;Atletico Nacional;CD Junior FC;id1002707072334978;bet365;Over Under First Half;0.5;Over;1.27;1.27;2026-09-29T17:21:42.873Z
01.10.2026;04:00;Colombia;Liga DIMAYOR;Atletico Nacional;CD Junior FC;id1002707072334978;bet365;Over Under First Half;0.5;Under;3.4;3.4;2026-09-29T17:21:42.873Z
01.10.2026;04:00;Colombia;Liga DIMAYOR;Atletico Nacional;CD Junior FC;id1002707072334978;bet365;Over Under First Half;1.5;Over;2.37;2.37;2026-09-29T17:21:42.873Z
01.10.2026;04:00;Colombia;Liga DIMAYOR;Atletico Nacional;CD Junior FC;id1002707072334978;bet365;Over Under First Half;1.5;Under;1.5;1.5;2026-09-29T17:21:42.873Z
01.10.2026;04:00;Colombia;Liga DIMAYOR;Atletico Nacional;CD Junior FC;id1002707072334978;bet365;Over Under First Half;2.5;Over;6.0;6.0;2026-09-29T17:21:42.873Z
01.10.2026;04:00;Colombia;Liga DIMAYOR;Atletico Nacional;CD Junior FC;id1002707072334978;bet365;Over Under First Half;2.5;Under;1.1;1.1;2026-09-29T17:21:42.873Z
01.10.2026;04:00;Colombia;Liga DIMAYOR;Atletico Nacional;CD Junior FC;id1002707072334978;bet365;Over Under First Half;3.5;Over;17.0;17.0;2026-09-29T17:21:42.873Z
01.10.2026;04:00;Colombia;Liga DIMAYOR;Atletico Nacional;CD Junior FC;id1002707072334978;bet365;Over Under First Half;3.5;Under;1.02;1.02;2026-09-29T17:21:42.873Z
01.10.2026;04:00;Colombia;Liga DIMAYOR;Atletico Nacional;CD Junior FC;id1002707072334978;bet365;Over Under First Half;4.5;Over;41.0;41.0;2026-09-29T17:21:42.873Z
01.10.2026;04:00;Colombia;Liga DIMAYOR;Atletico Nacional;CD Junior FC;id1002707072334978;bet365;Over Under Second Half;0.5;Over;1.15;1.15;2026-09-29T17:21:42.873Z
01.10.2026;04:00;Colombia;Liga DIMAYOR;Atletico Nacional;CD Junior FC;id1002707072334978;bet365;Over Under Second Half;0.5;Under;4.5;4.5;2026-09-29T17:21:42.873Z
01.10.2026;04:00;Colombia;Liga DIMAYOR;Atletico Nacional;CD Junior FC;id1002707072334978;bet365;Over Under Second Half;1.5;Over;1.8;1.8;2026-09-29T17:21:42.873Z
01.10.2026;04:00;Colombia;Liga DIMAYOR;Atletico Nacional;CD Junior FC;id1002707072334978;bet365;Over Under Second Half;1.5;Under;1.8;1.8;2026-09-29T17:21:42.873Z
01.10.2026;04:00;Colombia;Liga DIMAYOR;Atletico Nacional;CD Junior FC;id1002707072334978;bet365;Over Under Second Half;2.5;Over;3.75;3.75;2026-09-29T17:21:42.873Z
01.10.2026;04:00;Colombia;Liga DIMAYOR;Atletico Nacional;CD Junior FC;id1002707072334978;bet365;Over Under Second Half;2.5;Under;1.22;1.22;2026-09-29T17:21:42.873Z
01.10.2026;04:00;Colombia;Liga DIMAYOR;Atletico Nacional;CD Junior FC;id1002707072334978;bet365;Over Under Second Half;3.5;Over;10.0;10.0;2026-09-29T17:21:42.873Z
01.10.2026;04:00;Colombia;Liga DIMAYOR;Atletico Nacional;CD Junior FC;id1002707072334978;bet365;Over Under Second Half;3.5;Under;1.052;1.052;2026-09-29T17:21:42.873Z
01.10.2026;04:00;Colombia;Liga DIMAYOR;Atletico Nacional;CD Junior FC;id1002707072334978;bet365;Over Under Second Half;4.5;Over;23.0;23.0;2026-09-29T17:21:42.873Z
01.10.2026;04:00;Colombia;Liga DIMAYOR;Atletico Nacional;CD Junior FC;id1002707072334978;bet365;Over Under Second Half;4.5;Under;1.01;1.01;2026-09-29T17:21:42.873Z
01.10.2026;04:00;Colombia;Liga DIMAYOR;Atletico Nacional;CD Junior FC;id1002707072334978;bet365;Both Teams To Score;0.0;Yes;1.77;1.69;2026-09-29T17:21:42.873Z
01.10.2026;04:00;Colombia;Liga DIMAYOR;Atletico Nacional;CD Junior FC;id1002707072334978;bet365;Both Teams To Score;0.0;No;1.87;1.97;2026-09-29T17:21:42.873Z
01.10.2026;04:00;Colombia;Liga DIMAYOR;Atletico Nacional;CD Junior FC;id1002707072334978;bet365;Over Under Full Time;0.5;Over;1.032;1.025;2026-09-29T17:21:42.873Z
01.10.2026;04:00;Colombia;Liga DIMAYOR;Atletico Nacional;CD Junior FC;id1002707072334978;bet365;Over Under Full Time;0.5;Under;13.0;15.0;2026-09-29T17:21:42.873Z
01.10.2026;04:00;Colombia;Liga DIMAYOR;Atletico Nacional;CD Junior FC;id1002707072334978;bet365;Over Under Full Time;1.5;Over;1.17;1.17;2026-09-29T17:21:42.873Z
01.10.2026;04:00;Colombia;Liga DIMAYOR;Atletico Nacional;CD Junior FC;id1002707072334978;bet365;Over Under Full Time;1.5;Under;4.33;4.33;2026-09-29T17:21:42.873Z
01.10.2026;04:00;Colombia;Liga DIMAYOR;Atletico Nacional;CD Junior FC;id1002707072334978;pinnacle;Full Time Result;0.0;1;1.483;1.555;2026-09-29T13:03:41.615Z
01.10.2026;04:00;Colombia;Liga DIMAYOR;Atletico Nacional;CD Junior FC;id1002707072334978;pinnacle;Full Time Result;0.0;X;4.2;3.62;2026-09-29T13:03:41.615Z
01.10.2026;04:00;Colombia;Liga DIMAYOR;Atletico Nacional;CD Junior FC;id1002707072334978;pinnacle;Full Time Result;0.0;2;5.94;6.7;2026-09-29T13:03:41.615Z
01.10.2026;04:00;Colombia;Liga DIMAYOR;Atletico Nacional;CD Junior FC;id1002707072334978;pinnacle;Over Under Full Time;2.5;Over;1.662;1.689;2026-09-29T13:03:41.615Z
01.10.2026;04:00;Colombia;Liga DIMAYOR;Atletico Nacional;CD Junior FC;id1002707072334978;pinnacle;Over Under Full Time;2.5;Under;2.16;2.17;2026-09-29T13:03:41.615Z
01.10.2026;04:00;Colombia;Liga DIMAYOR;Atletico Nacional;CD Junior FC;id1002707072334978;pinnacle;Over Under Full Time;3.5;Over;2.61;2.59;2026-09-29T13:03:41.615Z
01.10.2026;04:00;Colombia;Liga DIMAYOR;Atletico Nacional;CD Junior FC;id1002707072334978;pinnacle;Over Under Full Time;3.5;Under;1.45;1.485;2026-09-29T13:03:41.615Z
01.10.2026;04:00;Colombia;Liga DIMAYOR;Atletico Nacional;CD Junior FC;id1002707072334978;pinnacle;Over Under Full Time;4.5;Over;4.71;4.85;2026-09-29T13:03:41.615Z
01.10.2026;04:00;Colombia;Liga DIMAYOR;Atletico Nacional;CD Junior FC;id1002707072334978;pinnacle;Over Under Full Time;4.5;Under;1.163;1.173;2026-09-29T13:03:41.615Z
01.10.2026;04:00;Colombia;Liga DIMAYOR;Atletico Nacional;CD Junior FC;id1002707072334978;pinnacle;Over Under Team 1;1.5;Over;1.526;1.549;2026-09-29T13:03:41.615Z
01.10.2026;04:00;Colombia;Liga DIMAYOR;Atletico Nacional;CD Junior FC;id1002707072334978;pinnacle;Over Under Team 1;1.5;Under;2.41;2.43;2026-09-29T13:03:41.615Z
01.10.2026;04:00;Colombia;Liga DIMAYOR;Atletico Nacional;CD Junior FC;id1002707072334978;pinnacle;Over Under Team 1;2.5;Over;2.7;2.73;2026-09-29T13:03:41.615Z
01.10.2026;04:00;Colombia;Liga DIMAYOR;Atletico Nacional;CD Junior FC;id1002707072334978;pinnacle;Over Under Team 1;2.5;Under;1.404;1.42;2026-09-29T13:03:41.615Z
01.10.2026;04:00;Colombia;Liga DIMAYOR;Atletico Nacional;CD Junior FC;id1002707072334978;pinnacle;Over Under Team 2;0.5;Over;1.613;1.568;2026-09-29T13:03:41.615Z
01.10.2026;04:00;Colombia;Liga DIMAYOR;Atletico Nacional;CD Junior FC;id1002707072334978;pinnacle;Over Under Team 2;0.5;Under;2.34;2.36;2026-09-29T13:03:41.615Z
01.10.2026;04:00;Colombia;Liga DIMAYOR;Atletico Nacional;CD Junior FC;id1002707072334978;pinnacle;Over Under Team 2;1.5;Over;4.01;3.88;2026-09-29T13:03:41.615Z
01.10.2026;04:00;Colombia;Liga DIMAYOR;Atletico Nacional;CD Junior FC;id1002707072334978;pinnacle;Over Under Team 2;1.5;Under;1.234;1.227;2026-09-29T13:03:41.615Z
01.10.2026;04:00;Colombia;Liga DIMAYOR;Atletico Nacional;CD Junior FC;id1002707072334978;pinnacle;Both Teams To Score;0.0;Yes;1.74;1.751;2026-09-29T13:08:49.896Z
01.10.2026;04:00;Colombia;Liga DIMAYOR;Atletico Nacional;CD Junior FC;id1002707072334978;pinnacle;Both Teams To Score;0.0;No;2.05;2.06;2026-09-29T13:08:49.896Z
01.10.2026;04:00;Colombia;Liga DIMAYOR;Atletico Nacional;CD Junior FC;id1002707072334978;pinnacle;Asian Handicap;-2.0;1;3.61;3.72;2026-09-29T13:03:41.615Z
01.10.2026;04:00;Colombia;Liga DIMAYOR;Atletico Nacional;CD Junior FC;id1002707072334978;pinnacle;Asian Handicap;-2.0;2;1.265;1.274;2026-09-29T13:03:41.615Z
01.10.2026;04:00;Colombia;Liga DIMAYOR;Atletico Nacional;CD Junior FC;id1002707072334978;pinnacle;Asian Handicap;-1.75;1;2.78;2.87;2026-09-29T13:03:41.615Z
01.10.2026;04:00;Colombia;Liga DIMAYOR;Atletico Nacional;CD Junior FC;id1002707072334978;pinnacle;Asian Handicap;-1.75;2;1.411;1.416;2026-09-29T13:03:41.615Z
01.10.2026;04:00;Colombia;Liga DIMAYOR;Atletico Nacional;CD Junior FC;id1002707072334978;pinnacle;Asian Handicap;-1.5;1;2.35;2.43;2026-09-29T13:03:41.615Z
01.10.2026;04:00;Colombia;Liga DIMAYOR;Atletico Nacional;CD Junior FC;id1002707072334978;pinnacle;Asian Handicap;-1.5;2;1.564;1.568;2026-09-29T13:03:41.615Z
01.10.2026;04:00;Colombia;Liga DIMAYOR;Atletico Nacional;CD Junior FC;id1002707072334978;pinnacle;Asian Handicap First Half;-0.5;1;1.97;1.917;2026-09-29T13:03:41.931Z
01.10.2026;04:00;Colombia;Liga DIMAYOR;Atletico Nacional;CD Junior FC;id1002707072334978;pinnacle;Asian Handicap First Half;-0.5;2;1.862;1.8;2026-09-29T13:03:41.931Z
01.10.2026;04:00;Colombia;Liga DIMAYOR;Atletico Nacional;CD Junior FC;id1002707072334978;pinnacle;Asian Handicap;-1.25;1;2.08;2.17;2026-09-29T13:03:41.615Z
01.10.2026;04:00;Colombia;Liga DIMAYOR;Atletico Nacional;CD Junior FC;id1002707072334978;pinnacle;Asian Handicap;-1.25;2;1.719;1.704;2026-09-29T13:03:41.615Z
01.10.2026;04:00;Colombia;Liga DIMAYOR;Atletico Nacional;CD Junior FC;id1002707072334978;pinnacle;Asian Handicap;-1.0;1;1.806;1.909;2026-09-29T13:03:41.615Z
01.10.2026;04:00;Colombia;Liga DIMAYOR;Atletico Nacional;CD Junior FC;id1002707072334978;pinnacle;Asian Handicap;-1.0;2;1.99;1.925;2026-09-29T13:03:41.615Z
01.10.2026;04:00;Colombia;Liga DIMAYOR;Atletico Nacional;CD Junior FC;id1002707072334978;pinnacle;Asian Handicap;-0.75;1;1.602;1.694;2026-09-29T13:03:41.615Z
01.10.2026;04:00;Colombia;Liga DIMAYOR;Atletico Nacional;CD Junior FC;id1002707072334978;pinnacle;Asian Handicap;-0.75;2;2.28;2.19;2026-09-29T13:03:41.615Z
01.10.2026;04:00;Colombia;Liga DIMAYOR;Atletico Nacional;CD Junior FC;id1002707072334978;pinnacle;Asian Handicap;-0.5;1;1.48;1.558;2026-09-29T13:03:41.615Z
01.10.2026;04:00;Colombia;Liga DIMAYOR;Atletico Nacional;CD Junior FC;id1002707072334978;pinnacle;Asian Handicap;-0.5;2;2.58;2.45;2026-09-29T13:03:41.615Z
01.10.2026;04:00;Colombia;Liga DIMAYOR;Atletico Nacional;CD Junior FC;id1002707072334978;pinnacle;Asian Handicap;-0.25;1;1.32;1.357;2026-09-29T13:03:41.615Z
01.10.2026;04:00;Colombia;Liga DIMAYOR;Atletico Nacional;CD Junior FC;id1002707072334978;pinnacle;Asian Handicap;-0.25;2;3.22;3.15;2026-09-29T13:03:41.615Z
01.10.2026;04:00;Colombia;Liga DIMAYOR;Atletico Nacional;CD Junior FC;id1002707072334978;pinnacle;Asian Handicap;0.0;1;1.172;1.168;2026-09-29T13:03:41.615Z
01.10.2026;04:00;Colombia;Liga DIMAYOR;Atletico Nacional;CD Junior FC;id1002707072334978;pinnacle;Asian Handicap;0.0;2;4.73;5.12;2026-09-29T13:03:41.615Z
01.10.2026;04:00;Colombia;Liga DIMAYOR;Atletico Nacional;CD Junior FC;id1002707072334978;pinnacle;Asian Handicap;0.25;1;1.139;1.139;2026-09-27T01:28:11.397Z
01.10.2026;04:00;Colombia;Liga DIMAYOR;Atletico Nacional;CD Junior FC;id1002707072334978;pinnacle;Asian Handicap;0.25;2;5.42;5.42;2026-09-27T01:28:11.397Z
01.10.2026;04:00;Colombia;Liga DIMAYOR;Atletico Nacional;CD Junior FC;id1002707072334978;pinnacle;Over Under Full Time;1.5;Over;1.203;1.202;2026-09-29T13:03:41.615Z
01.10.2026;04:00;Colombia;Liga DIMAYOR;Atletico Nacional;CD Junior FC;id1002707072334978;pinnacle;Over Under Full Time;1.5;Under;4.14;4.39;2026-09-29T13:03:41.615Z
01.10.2026;04:00;Guatemala;Primera Division;Nueva Santa Rosa Cdf;CD Mictlan;id1004800074508504;bet365;Full Time Result;0.0;1;1.8;1.8;2026-09-29T18:13:57.843Z
01.10.2026;04:00;Guatemala;Primera Division;Nueva Santa Rosa Cdf;CD Mictlan;id1004800074508504;bet365;Full Time Result;0.0;X;3.5;3.5;2026-09-29T18:13:57.843Z
01.10.2026;04:00;Guatemala;Primera Division;Nueva Santa Rosa Cdf;CD Mictlan;id1004800074508504;bet365;Full Time Result;0.0;2;3.6;3.6;2026-09-29T18:13:57.843Z
01.10.2026;04:00;Guatemala;Primera Division;Nueva Santa Rosa Cdf;CD Mictlan;id1004800074508504;bet365;Over Under Full Time;2.5;Over;1.82;1.82;2026-09-29T19:00:31.750Z
01.10.2026;04:00;Guatemala;Primera Division;Nueva Santa Rosa Cdf;CD Mictlan;id1004800074508504;bet365;Over Under Full Time;2.5;Under;1.92;1.92;2026-09-29T19:00:31.750Z
01.10.2026;04:00;Guatemala;Primera Division;Nueva Santa Rosa Cdf;CD Mictlan;id1004800074508504;bet365;Double Chance Full Time;0.0;1X;1.19;1.19;2026-09-29T18:13:57.843Z
01.10.2026;04:00;Guatemala;Primera Division;Nueva Santa Rosa Cdf;CD Mictlan;id1004800074508504;bet365;Double Chance Full Time;0.0;12;1.19;1.19;2026-09-29T18:13:57.843Z
01.10.2026;04:00;Guatemala;Primera Division;Nueva Santa Rosa Cdf;CD Mictlan;id1004800074508504;bet365;Double Chance Full Time;0.0;2X;1.77;1.77;2026-09-29T18:13:57.843Z
01.10.2026;04:00;Guatemala;Primera Division;Nueva Santa Rosa Cdf;CD Mictlan;id1004800074508504;bet365;First Half Result;0.0;1;2.4;2.4;2026-09-29T18:13:57.843Z
01.10.2026;04:00;Guatemala;Primera Division;Nueva Santa Rosa Cdf;CD Mictlan;id1004800074508504;bet365;First Half Result;0.0;X;2.25;2.25;2026-09-29T18:13:57.843Z
01.10.2026;04:00;Guatemala;Primera Division;Nueva Santa Rosa Cdf;CD Mictlan;id1004800074508504;bet365;First Half Result;0.0;2;4.0;4.0;2026-09-29T18:13:57.843Z
01.10.2026;04:30;Guatemala;Primera Division;Csd Amatitlan;FC Santa Lucia Cotzumalguapa;id1004800074508416;bet365;Full Time Result;0.0;1;2.3;2.3;2026-09-29T18:21:10.308Z
01.10.2026;04:30;Guatemala;Primera Division;Csd Amatitlan;FC Santa Lucia Cotzumalguapa;id1004800074508416;bet365;Full Time Result;0.0;X;3.1;3.1;2026-09-29T18:21:10.308Z
01.10.2026;04:30;Guatemala;Primera Division;Csd Amatitlan;FC Santa Lucia Cotzumalguapa;id1004800074508416;bet365;Full Time Result;0.0;2;2.8;2.8;2026-09-29T18:21:10.308Z
01.10.2026;04:30;Guatemala;Primera Division;Csd Amatitlan;FC Santa Lucia Cotzumalguapa;id1004800074508416;bet365;Over Under Full Time;2.5;Over;2.3;2.3;2026-09-29T18:21:10.308Z
01.10.2026;04:30;Guatemala;Primera Division;Csd Amatitlan;FC Santa Lucia Cotzumalguapa;id1004800074508416;bet365;Over Under Full Time;2.5;Under;1.57;1.57;2026-09-29T18:21:10.308Z
01.10.2026;04:30;Guatemala;Primera Division;Csd Amatitlan;FC Santa Lucia Cotzumalguapa;id1004800074508416;bet365;Double Chance Full Time;0.0;1X;1.3;1.3;2026-09-29T18:21:10.308Z
01.10.2026;04:30;Guatemala;Primera Division;Csd Amatitlan;FC Santa Lucia Cotzumalguapa;id1004800074508416;bet365;Double Chance Full Time;0.0;12;1.25;1.25;2026-09-29T18:21:10.308Z
01.10.2026;04:30;Guatemala;Primera Division;Csd Amatitlan;FC Santa Lucia Cotzumalguapa;id1004800074508416;bet365;Double Chance Full Time;0.0;2X;1.47;1.47;2026-09-29T18:21:10.308Z
01.10.2026;04:30;Guatemala;Primera Division;Csd Amatitlan;FC Santa Lucia Cotzumalguapa;id1004800074508416;bet365;First Half Result;0.0;1;3.0;3.0;2026-09-29T18:21:10.308Z
01.10.2026;04:30;Guatemala;Primera Division;Csd Amatitlan;FC Santa Lucia Cotzumalguapa;id1004800074508416;bet365;First Half Result;0.0;X;1.97;1.97;2026-09-29T18:21:10.308Z
01.10.2026;04:30;Guatemala;Primera Division;Csd Amatitlan;FC Santa Lucia Cotzumalguapa;id1004800074508416;bet365;First Half Result;0.0;2;3.6;3.6;2026-09-29T18:21:10.308Z
29.09.2026;23:30;El Salvador;Liga de Ascenso;AD Izalco;Csd Vendaval;id1003917375126884;bet365;Full Time Result;0.0;1;1.37;1.37;2026-09-29T18:21:07.171Z
29.09.2026;23:30;El Salvador;Liga de Ascenso;AD Izalco;Csd Vendaval;id1003917375126884;bet365;Full Time Result;0.0;X;4.2;4.2;2026-09-29T18:21:07.171Z
29.09.2026;23:30;El Salvador;Liga de Ascenso;AD Izalco;Csd Vendaval;id1003917375126884;bet365;Full Time Result;0.0;2;6.5;6.5;2026-09-29T18:21:07.171Z
29.09.2026;23:30;El Salvador;Liga de Ascenso;AD Izalco;Csd Vendaval;id1003917375126884;bet365;Over Under Full Time;2.5;Over;1.62;1.62;2026-09-29T18:21:07.171Z
29.09.2026;23:30;El Salvador;Liga de Ascenso;AD Izalco;Csd Vendaval;id1003917375126884;bet365;Over Under Full Time;2.5;Under;2.2;2.2;2026-09-29T18:21:07.171Z
29.09.2026;23:30;El Salvador;Liga de Ascenso;AD Izalco;Csd Vendaval;id1003917375126884;bet365;Double Chance Full Time;0.0;1X;1.061;1.061;2026-09-29T18:21:07.171Z
29.09.2026;23:30;El Salvador;Liga de Ascenso;AD Izalco;Csd Vendaval;id1003917375126884;bet365;Double Chance Full Time;0.0;12;1.13;1.13;2026-09-29T18:21:07.171Z
29.09.2026;23:30;El Salvador;Liga de Ascenso;AD Izalco;Csd Vendaval;id1003917375126884;bet365;Double Chance Full Time;0.0;2X;2.6;2.6;2026-09-29T18:21:07.171Z
29.09.2026;23:30;El Salvador;Liga de Ascenso;AD Izalco;Csd Vendaval;id1003917375126884;bet365;First Half Result;0.0;1;1.87;1.87;2026-09-29T18:21:07.171Z
29.09.2026;23:30;El Salvador;Liga de Ascenso;AD Izalco;Csd Vendaval;id1003917375126884;bet365;First Half Result;0.0;X;2.4;2.4;2026-09-29T18:21:07.171Z
29.09.2026;23:30;El Salvador;Liga de Ascenso;AD Izalco;Csd Vendaval;id1003917375126884;bet365;First Half Result;0.0;2;6.0;6.0;2026-09-29T18:21:07.171Z
29.09.2026;23:30;Colombia;Liga DIMAYOR;Deportivo Pereira FC SA;Independiente Santa Fe;id1002707074497748;bet365;Full Time Result;0.0;1;4.2;3.9;2026-09-29T19:05:22.200Z
29.09.2026;23:30;Colombia;Liga DIMAYOR;Deportivo Pereira FC SA;Independiente Santa Fe;id1002707074497748;bet365;Full Time Result;0.0;X;3.2;3.7;2026-09-29T19:05:22.200Z
29.09.2026;23:30;Colombia;Liga DIMAYOR;Deportivo Pereira FC SA;Independiente Santa Fe;id1002707074497748;bet365;Full Time Result;0.0;2;1.86;1.81;2026-09-29T19:05:22.200Z
29.09.2026;23:30;Colombia;Liga DIMAYOR;Deportivo Pereira FC SA;Independiente Santa Fe;id1002707074497748;bet365;Over Under Full Time;2.5;Over;2.1;1.67;2026-09-29T19:05:22.200Z
29.09.2026;23:30;Colombia;Liga DIMAYOR;Deportivo Pereira FC SA;Independiente Santa Fe;id1002707074497748;bet365;Over Under Full Time;2.5;Under;1.67;2.1;2026-09-29T19:05:22.200Z
29.09.2026;23:30;Colombia;Liga DIMAYOR;Deportivo Pereira FC SA;Independiente Santa Fe;id1002707074497748;bet365;Over Under Full Time;3.5;Over;3.75;2.62;2026-09-29T19:05:22.200Z
29.09.2026;23:30;Colombia;Liga DIMAYOR;Deportivo Pereira FC SA;Independiente Santa Fe;id1002707074497748;bet365;Over Under Full Time;3.5;Under;1.22;1.41;2026-09-29T19:05:22.200Z
29.09.2026;23:30;Colombia;Liga DIMAYOR;Deportivo Pereira FC SA;Independiente Santa Fe;id1002707074497748;bet365;Over Under Full Time;4.5;Over;8.0;5.0;2026-09-29T18:05:23.322Z
29.09.2026;23:30;Colombia;Liga DIMAYOR;Deportivo Pereira FC SA;Independiente Santa Fe;id1002707074497748;bet365;Over Under Full Time;4.5;Under;1.068;1.13;2026-09-29T18:05:23.322Z
29.09.2026;23:30;Colombia;Liga DIMAYOR;Deportivo Pereira FC SA;Independiente Santa Fe;id1002707074497748;bet365;Double Chance Full Time;0.0;1X;1.87;1.87;2026-09-29T19:38:58.729Z
29.09.2026;23:30;Colombia;Liga DIMAYOR;Deportivo Pereira FC SA;Independiente Santa Fe;id1002707074497748;bet365;Double Chance Full Time;0.0;12;1.33;1.25;2026-09-29T17:25:18.647Z
29.09.2026;23:30;Colombia;Liga DIMAYOR;Deportivo Pereira FC SA;Independiente Santa Fe;id1002707074497748;bet365;Double Chance Full Time;0.0;2X;1.19;1.19;2026-09-29T19:05:22.200Z
29.09.2026;23:30;Colombia;Liga DIMAYOR;Deportivo Pereira FC SA;Independiente Santa Fe;id1002707074497748;bet365;First Half Result;0.0;1;4.75;4.33;2026-09-29T18:28:21.236Z
29.09.2026;23:30;Colombia;Liga DIMAYOR;Deportivo Pereira FC SA;Independiente Santa Fe;id1002707074497748;bet365;First Half Result;0.0;X;2.1;2.3;2026-09-29T19:38:58.729Z
29.09.2026;23:30;Colombia;Liga DIMAYOR;Deportivo Pereira FC SA;Independiente Santa Fe;id1002707074497748;bet365;First Half Result;0.0;2;2.6;2.4;2026-09-29T19:38:58.729Z
29.09.2026;23:30;Colombia;Liga DIMAYOR;Deportivo Pereira FC SA;Independiente Santa Fe;id1002707074497748;bet365;Second Half Result;0.0;1;4.0;3.75;2026-09-29T18:28:21.236Z
29.09.2026;23:30;Colombia;Liga DIMAYOR;Deportivo Pereira FC SA;Independiente Santa Fe;id1002707074497748;bet365;Second Half Result;0.0;X;2.37;2.5;2026-09-29T19:38:58.729Z
29.09.2026;23:30;Colombia;Liga DIMAYOR;Deportivo Pereira FC SA;Independiente Santa Fe;id1002707074497748;bet365;Second Half Result;0.0;2;2.25;2.2;2026-09-29T19:38:58.729Z
29.09.2026;23:30;Colombia;Liga DIMAYOR;Deportivo Pereira FC SA;Independiente Santa Fe;id1002707074497748;bet365;Over Under Team 1 First Half;0.5;Over;2.62;2.5;2026-09-29T19:38:58.729Z
29.09.2026;23:30;Colombia;Liga DIMAYOR;Deportivo Pereira FC SA;Independiente Santa Fe;id1002707074497748;bet365;Over Under Team 1 First Half;0.5;Under;1.41;1.47;2026-09-29T19:38:58.729Z
29.09.2026;23:30;Colombia;Liga DIMAYOR;Deportivo Pereira FC SA;Independiente Santa Fe;id1002707074497748;bet365;Over Under Team 1 First Half;1.5;Over;13.0;11.0;2026-09-29T19:38:58.729Z
29.09.2026;23:30;Colombia;Liga DIMAYOR;Deportivo Pereira FC SA;Independiente Santa Fe;id1002707074497748;bet365;Over Under Team 1 First Half;1.5;Under;1.032;1.04;2026-09-29T19:38:58.729Z
29.09.2026;23:30;Colombia;Liga DIMAYOR;Deportivo Pereira FC SA;Independiente Santa Fe;id1002707074497748;bet365;Over Under Team 1 First Half;2.5;Over;41.0;34.0;2026-09-29T17:25:18.647Z
29.09.2026;23:30;Colombia;Liga DIMAYOR;Deportivo Pereira FC SA;Independiente Santa Fe;id1002707074497748;bet365;Over Under Team 1 First Half;2.5;Under;1.008;1.008;2026-09-29T17:25:18.647Z
29.09.2026;23:30;Colombia;Liga DIMAYOR;Deportivo Pereira FC SA;Independiente Santa Fe;id1002707074497748;bet365;Over Under Team 1 First Half;3.5;Over;67.0;67.0;2026-09-29T17:25:18.647Z
29.09.2026;23:30;Colombia;Liga DIMAYOR;Deportivo Pereira FC SA;Independiente Santa Fe;id1002707074497748;bet365;Over Under Team 2 First Half;0.5;Over;1.87;1.69;2026-09-29T17:25:18.647Z
29.09.2026;23:30;Colombia;Liga DIMAYOR;Deportivo Pereira FC SA;Independiente Santa Fe;id1002707074497748;bet365;Over Under Team 2 First Half;0.5;Under;1.77;1.97;2026-09-29T19:38:58.729Z
29.09.2026;23:30;Colombia;Liga DIMAYOR;Deportivo Pereira FC SA;Independiente Santa Fe;id1002707074497748;bet365;Over Under Team 2 First Half;1.5;Over;6.0;5.0;2026-09-29T19:38:58.729Z
29.09.2026;23:30;Colombia;Liga DIMAYOR;Deportivo Pereira FC SA;Independiente Santa Fe;id1002707074497748;bet365;Over Under Team 2 First Half;1.5;Under;1.091;1.13;2026-09-29T19:38:58.729Z
29.09.2026;23:30;Colombia;Liga DIMAYOR;Deportivo Pereira FC SA;Independiente Santa Fe;id1002707074497748;bet365;Over Under Team 2 First Half;2.5;Over;21.0;17.0;2026-09-29T17:25:18.647Z
29.09.2026;23:30;Colombia;Liga DIMAYOR;Deportivo Pereira FC SA;Independiente Santa Fe;id1002707074497748;bet365;Over Under Team 2 First Half;2.5;Under;1.016;1.02;2026-09-29T19:38:58.729Z
29.09.2026;23:30;Colombia;Liga DIMAYOR;Deportivo Pereira FC SA;Independiente Santa Fe;id1002707074497748;bet365;Over Under Team 2 First Half;3.5;Over;41.0;41.0;2026-09-29T17:25:18.647Z
29.09.2026;23:30;Colombia;Liga DIMAYOR;Deportivo Pereira FC SA;Independiente Santa Fe;id1002707074497748;bet365;Over Under Team 1 Second Half;0.5;Over;2.2;1.97;2026-09-29T19:38:58.729Z
29.09.2026;23:30;Colombia;Liga DIMAYOR;Deportivo Pereira FC SA;Independiente Santa Fe;id1002707074497748;bet365;Over Under Team 1 Second Half;0.5;Under;1.58;1.69;2026-09-29T19:05:22.200Z
29.09.2026;23:30;Colombia;Liga DIMAYOR;Deportivo Pereira FC SA;Independiente Santa Fe;id1002707074497748;bet365;Over Under Team 1 Second Half;1.5;Over;8.5;7.0;2026-09-29T19:38:58.729Z
29.09.2026;23:30;Colombia;Liga DIMAYOR;Deportivo Pereira FC SA;Independiente Santa Fe;id1002707074497748;bet365;Over Under Team 1 Second Half;1.5;Under;1.061;1.075;2026-09-29T19:38:58.729Z
29.09.2026;23:30;Colombia;Liga DIMAYOR;Deportivo Pereira FC SA;Independiente Santa Fe;id1002707074497748;bet365;Over Under Team 1 Second Half;2.5;Over;29.0;26.0;2026-09-29T19:38:58.729Z
29.09.2026;23:30;Colombia;Liga DIMAYOR;Deportivo Pereira FC SA;Independiente Santa Fe;id1002707074497748;bet365;Over Under Team 1 Second Half;2.5;Under;1.008;1.012;2026-09-29T19:05:22.200Z
29.09.2026;23:30;Colombia;Liga DIMAYOR;Deportivo Pereira FC SA;Independiente Santa Fe;id1002707074497748;bet365;Over Under Team 1;0.5;Over;1.5;1.41;2026-09-29T19:38:58.729Z
29.09.2026;23:30;Colombia;Liga DIMAYOR;Deportivo Pereira FC SA;Independiente Santa Fe;id1002707074497748;bet365;Over Under Team 1;0.5;Under;2.37;2.62;2026-09-29T19:38:58.729Z
29.09.2026;23:30;Colombia;Liga DIMAYOR;Deportivo Pereira FC SA;Independiente Santa Fe;id1002707074497748;bet365;Over Under Team 1 Second Half;3.5;Over;51.0;51.0;2026-09-29T19:05:22.200Z
29.09.2026;23:30;Colombia;Liga DIMAYOR;Deportivo Pereira FC SA;Independiente Santa Fe;id1002707074497748;bet365;Over Under Team 2 Second Half;0.5;Over;1.58;1.5;2026-09-29T19:38:58.729Z
29.09.2026;23:30;Colombia;Liga DIMAYOR;Deportivo Pereira FC SA;Independiente Santa Fe;id1002707074497748;bet365;Over Under Team 2 Second Half;0.5;Under;2.2;2.37;2026-09-29T19:38:58.729Z
29.09.2026;23:30;Colombia;Liga DIMAYOR;Deportivo Pereira FC SA;Independiente Santa Fe;id1002707074497748;bet365;Over Under Team 2 Second Half;1.5;Over;4.33;3.75;2026-09-29T19:38:58.729Z
29.09.2026;23:30;Colombia;Liga DIMAYOR;Deportivo Pereira FC SA;Independiente Santa Fe;id1002707074497748;bet365;Over Under Team 2 Second Half;1.5;Under;1.17;1.25;2026-09-29T19:38:58.729Z
29.09.2026;23:30;Colombia;Liga DIMAYOR;Deportivo Pereira FC SA;Independiente Santa Fe;id1002707074497748;bet365;Over Under Team 2 Second Half;2.5;Over;15.0;11.0;2026-09-29T19:38:58.729Z
29.09.2026;23:30;Colombia;Liga DIMAYOR;Deportivo Pereira FC SA;Independiente Santa Fe;id1002707074497748;bet365;Over Under Team 2 Second Half;2.5;Under;1.03;1.037;2026-09-29T19:38:58.729Z
29.09.2026;23:30;Colombia;Liga DIMAYOR;Deportivo Pereira FC SA;Independiente Santa Fe;id1002707074497748;bet365;Over Under Team 2 Second Half;3.5;Over;34.0;26.0;2026-09-29T17:25:18.647Z
29.09.2026;23:30;Colombia;Liga DIMAYOR;Deportivo Pereira FC SA;Independiente Santa Fe;id1002707074497748;bet365;Over Under Team 2 Second Half;3.5;Under;1.008;1.008;2026-09-29T19:38:58.729Z
29.09.2026;23:30;Colombia;Liga DIMAYOR;Deportivo Pereira FC SA;Independiente Santa Fe;id1002707074497748;bet365;Over Under Team 2 Second Half;4.5;Over;51.0;51.0;2026-09-29T17:25:18.647Z
29.09.2026;23:30;Colombia;Liga DIMAYOR;Deportivo Pereira FC SA;Independiente Santa Fe;id1002707074497748;bet365;Over Under Team 1;1.5;Over;3.75;3.25;2026-09-29T19:38:58.729Z
29.09.2026;23:30;Colombia;Liga DIMAYOR;Deportivo Pereira FC SA;Independiente Santa Fe;id1002707074497748;bet365;Over Under Team 1;1.5;Under;1.22;1.3;2026-09-29T19:38:58.729Z
29.09.2026;23:30;Colombia;Liga DIMAYOR;Deportivo Pereira FC SA;Independiente Santa Fe;id1002707074497748;bet365;Over Under Team 1;2.5;Over;11.0;9.0;2026-09-29T19:38:58.729Z
29.09.2026;23:30;Colombia;Liga DIMAYOR;Deportivo Pereira FC SA;Independiente Santa Fe;id1002707074497748;bet365;Over Under Team 1;2.5;Under;1.04;1.061;2026-09-29T19:38:58.729Z
29.09.2026;23:30;Colombia;Liga DIMAYOR;Deportivo Pereira FC SA;Independiente Santa Fe;id1002707074497748;bet365;Over Under Team 1;3.5;Over;34.0;26.0;2026-09-29T19:38:58.729Z
29.09.2026;23:30;Colombia;Liga DIMAYOR;Deportivo Pereira FC SA;Independiente Santa Fe;id1002707074497748;bet365;Over Under Team 1;3.5;Under;1.008;1.008;2026-09-29T19:38:58.729Z
29.09.2026;23:30;Colombia;Liga DIMAYOR;Deportivo Pereira FC SA;Independiente Santa Fe;id1002707074497748;bet365;Over Under Team 1;4.5;Over;41.0;41.0;2026-09-29T19:05:22.200Z
29.09.2026;23:30;Colombia;Liga DIMAYOR;Deportivo Pereira FC SA;Independiente Santa Fe;id1002707074497748;bet365;Over Under Team 2;0.5;Over;1.19;1.13;2026-09-29T19:38:58.729Z
29.09.2026;23:30;Colombia;Liga DIMAYOR;Deportivo Pereira FC SA;Independiente Santa Fe;id1002707074497748;bet365;Over Under Team 2;0.5;Under;4.0;5.0;2026-09-29T19:38:58.729Z
29.09.2026;23:30;Colombia;Liga DIMAYOR;Deportivo Pereira FC SA;Independiente Santa Fe;id1002707074497748;bet365;Over Under Team 2;1.5;Over;1.97;1.77;2026-09-29T19:38:58.729Z
29.09.2026;23:30;Colombia;Liga DIMAYOR;Deportivo Pereira FC SA;Independiente Santa Fe;id1002707074497748;bet365;Over Under Team 2;1.5;Under;1.69;1.87;2026-09-29T19:38:58.729Z
29.09.2026;23:30;Colombia;Liga DIMAYOR;Deportivo Pereira FC SA;Independiente Santa Fe;id1002707074497748;bet365;Over Under Team 2;2.5;Over;4.33;3.75;2026-09-29T19:38:58.729Z
29.09.2026;23:30;Colombia;Liga DIMAYOR;Deportivo Pereira FC SA;Independiente Santa Fe;id1002707074497748;bet365;Over Under Team 2;2.5;Under;1.17;1.22;2026-09-29T19:38:58.729Z
29.09.2026;23:30;Colombia;Liga DIMAYOR;Deportivo Pereira FC SA;Independiente Santa Fe;id1002707074497748;bet365;Over Under Team 2;3.5;Over;11.0;9.0;2026-09-29T19:38:58.729Z
29.09.2026;23:30;Colombia;Liga DIMAYOR;Deportivo Pereira FC SA;Independiente Santa Fe;id1002707074497748;bet365;Over Under Team 2;3.5;Under;1.04;1.061;2026-09-29T19:38:58.729Z
29.09.2026;23:30;Colombia;Liga DIMAYOR;Deportivo Pereira FC SA;Independiente Santa Fe;id1002707074497748;bet365;Over Under Team 2;4.5;Over;29.0;21.0;2026-09-29T19:38:58.729Z
29.09.2026;23:30;Colombia;Liga DIMAYOR;Deportivo Pereira FC SA;Independiente Santa Fe;id1002707074497748;bet365;Over Under Team 2;4.5;Under;1.008;1.012;2026-09-29T19:38:58.729Z
29.09.2026;23:30;Colombia;Liga DIMAYOR;Deportivo Pereira FC SA;Independiente Santa Fe;id1002707074497748;bet365;Over Under First Half;0.5;Over;1.41;1.3;2026-09-29T19:38:58.729Z
29.09.2026;23:30;Colombia;Liga DIMAYOR;Deportivo Pereira FC SA;Independiente Santa Fe;id1002707074497748;bet365;Over Under First Half;0.5;Under;2.62;3.25;2026-09-29T19:38:58.729Z
29.09.2026;23:30;Colombia;Liga DIMAYOR;Deportivo Pereira FC SA;Independiente Santa Fe;id1002707074497748;bet365;Over Under First Half;1.5;Over;3.0;2.62;2026-09-29T19:38:58.729Z
29.09.2026;23:30;Colombia;Liga DIMAYOR;Deportivo Pereira FC SA;Independiente Santa Fe;id1002707074497748;bet365;Over Under First Half;1.5;Under;1.33;1.41;2026-09-29T19:38:58.729Z
29.09.2026;23:30;Colombia;Liga DIMAYOR;Deportivo Pereira FC SA;Independiente Santa Fe;id1002707074497748;bet365;Over Under First Half;2.5;Over;9.0;6.5;2026-09-29T19:38:58.729Z
29.09.2026;23:30;Colombia;Liga DIMAYOR;Deportivo Pereira FC SA;Independiente Santa Fe;id1002707074497748;bet365;Over Under First Half;2.5;Under;1.061;1.091;2026-09-29T19:38:58.729Z
29.09.2026;23:30;Colombia;Liga DIMAYOR;Deportivo Pereira FC SA;Independiente Santa Fe;id1002707074497748;bet365;Over Under First Half;3.5;Over;23.0;19.0;2026-09-29T19:38:58.729Z
29.09.2026;23:30;Colombia;Liga DIMAYOR;Deportivo Pereira FC SA;Independiente Santa Fe;id1002707074497748;bet365;Over Under First Half;3.5;Under;1.01;1.016;2026-09-29T19:38:58.729Z
29.09.2026;23:30;Colombia;Liga DIMAYOR;Deportivo Pereira FC SA;Independiente Santa Fe;id1002707074497748;bet365;Over Under First Half;4.5;Over;41.0;51.0;2026-09-29T19:38:58.729Z
29.09.2026;23:30;Colombia;Liga DIMAYOR;Deportivo Pereira FC SA;Independiente Santa Fe;id1002707074497748;bet365;Over Under Second Half;0.5;Over;1.25;1.19;2026-09-29T19:38:58.729Z
29.09.2026;23:30;Colombia;Liga DIMAYOR;Deportivo Pereira FC SA;Independiente Santa Fe;id1002707074497748;bet365;Over Under Second Half;0.5;Under;3.5;4.0;2026-09-29T19:38:58.729Z
29.09.2026;23:30;Colombia;Liga DIMAYOR;Deportivo Pereira FC SA;Independiente Santa Fe;id1002707074497748;bet365;Over Under Second Half;1.5;Over;2.25;1.97;2026-09-29T19:38:58.729Z
29.09.2026;23:30;Colombia;Liga DIMAYOR;Deportivo Pereira FC SA;Independiente Santa Fe;id1002707074497748;bet365;Over Under Second Half;1.5;Under;1.54;1.69;2026-09-29T19:38:58.729Z
29.09.2026;23:30;Colombia;Liga DIMAYOR;Deportivo Pereira FC SA;Independiente Santa Fe;id1002707074497748;bet365;Over Under Second Half;2.5;Over;5.5;4.33;2026-09-29T19:38:58.729Z
29.09.2026;23:30;Colombia;Liga DIMAYOR;Deportivo Pereira FC SA;Independiente Santa Fe;id1002707074497748;bet365;Over Under Second Half;2.5;Under;1.11;1.17;2026-09-29T19:38:58.729Z
29.09.2026;23:30;Colombia;Liga DIMAYOR;Deportivo Pereira FC SA;Independiente Santa Fe;id1002707074497748;bet365;Over Under Second Half;3.5;Over;15.0;11.0;2026-09-29T19:38:58.729Z
29.09.2026;23:30;Colombia;Liga DIMAYOR;Deportivo Pereira FC SA;Independiente Santa Fe;id1002707074497748;bet365;Over Under Second Half;3.5;Under;1.025;1.04;2026-09-29T19:38:58.729Z
29.09.2026;23:30;Colombia;Liga DIMAYOR;Deportivo Pereira FC SA;Independiente Santa Fe;id1002707074497748;bet365;Over Under Second Half;4.5;Over;34.0;26.0;2026-09-29T19:38:58.729Z
29.09.2026;23:30;Colombia;Liga DIMAYOR;Deportivo Pereira FC SA;Independiente Santa Fe;id1002707074497748;bet365;Over Under Second Half;4.5;Under;1.008;1.008;2026-09-29T19:38:58.729Z
29.09.2026;23:30;Colombia;Liga DIMAYOR;Deportivo Pereira FC SA;Independiente Santa Fe;id1002707074497748;bet365;Both Teams To Score;0.0;Yes;1.87;1.58;2026-09-29T19:05:22.200Z
29.09.2026;23:30;Colombia;Liga DIMAYOR;Deportivo Pereira FC SA;Independiente Santa Fe;id1002707074497748;bet365;Both Teams To Score;0.0;No;1.77;2.2;2026-09-29T19:05:22.200Z
29.09.2026;23:30;Colombia;Liga DIMAYOR;Deportivo Pereira FC SA;Independiente Santa Fe;id1002707074497748;bet365;Over Under Full Time;0.5;Over;1.061;1.032;2026-09-29T17:25:18.647Z
29.09.2026;23:30;Colombia;Liga DIMAYOR;Deportivo Pereira FC SA;Independiente Santa Fe;id1002707074497748;bet365;Over Under Full Time;0.5;Under;8.5;13.0;2026-09-29T18:05:23.322Z
29.09.2026;23:30;Colombia;Liga DIMAYOR;Deportivo Pereira FC SA;Independiente Santa Fe;id1002707074497748;bet365;Over Under Full Time;1.5;Over;1.3;1.17;2026-09-29T19:05:22.200Z
29.09.2026;23:30;Colombia;Liga DIMAYOR;Deportivo Pereira FC SA;Independiente Santa Fe;id1002707074497748;bet365;Over Under Full Time;1.5;Under;3.25;4.33;2026-09-29T19:05:22.200Z
29.09.2026;23:30;Colombia;Liga DIMAYOR;Deportivo Pereira FC SA;Independiente Santa Fe;id1002707074497748;pinnacle;Full Time Result;0.0;1;4.99;4.19;2026-09-29T19:36:24.064Z
29.09.2026;23:30;Colombia;Liga DIMAYOR;Deportivo Pereira FC SA;Independiente Santa Fe;id1002707074497748;pinnacle;Full Time Result;0.0;X;3.56;3.68;2026-09-29T19:36:24.064Z
29.09.2026;23:30;Colombia;Liga DIMAYOR;Deportivo Pereira FC SA;Independiente Santa Fe;id1002707074497748;pinnacle;Full Time Result;0.0;2;1.763;1.862;2026-09-29T19:36:24.064Z
29.09.2026;23:30;Colombia;Liga DIMAYOR;Deportivo Pereira FC SA;Independiente Santa Fe;id1002707074497748;pinnacle;Over Under Full Time;2.5;Over;2.07;1.854;2026-09-29T19:36:24.064Z
29.09.2026;23:30;Colombia;Liga DIMAYOR;Deportivo Pereira FC SA;Independiente Santa Fe;id1002707074497748;pinnacle;Over Under Full Time;2.5;Under;1.719;2.0;2026-09-29T19:36:24.064Z
29.09.2026;23:30;Colombia;Liga DIMAYOR;Deportivo Pereira FC SA;Independiente Santa Fe;id1002707074497748;pinnacle;Over Under Full Time;3.5;Over;3.59;3.11;2026-09-29T19:36:24.064Z
29.09.2026;23:30;Colombia;Liga DIMAYOR;Deportivo Pereira FC SA;Independiente Santa Fe;id1002707074497748;pinnacle;Over Under Full Time;3.5;Under;1.258;1.373;2026-09-29T19:36:24.064Z
29.09.2026;23:30;Colombia;Liga DIMAYOR;Deportivo Pereira FC SA;Independiente Santa Fe;id1002707074497748;pinnacle;Over Under Full Time;4.5;Over;7.24;6.17;2026-09-29T19:36:24.064Z
29.09.2026;23:30;Colombia;Liga DIMAYOR;Deportivo Pereira FC SA;Independiente Santa Fe;id1002707074497748;pinnacle;Over Under Full Time;4.5;Under;1.101;1.128;2026-09-29T19:36:24.064Z
29.09.2026;23:30;Colombia;Liga DIMAYOR;Deportivo Pereira FC SA;Independiente Santa Fe;id1002707074497748;pinnacle;Over Under Team 1;0.5;Over;1.649;1.456;2026-09-29T19:36:24.064Z
29.09.2026;23:30;Colombia;Liga DIMAYOR;Deportivo Pereira FC SA;Independiente Santa Fe;id1002707074497748;pinnacle;Over Under Team 1;0.5;Under;2.27;2.77;2026-09-29T19:36:24.064Z
29.09.2026;23:30;Colombia;Liga DIMAYOR;Deportivo Pereira FC SA;Independiente Santa Fe;id1002707074497748;pinnacle;Over Under Team 1;1.5;Over;4.28;3.24;2026-09-29T19:36:24.064Z
29.09.2026;23:30;Colombia;Liga DIMAYOR;Deportivo Pereira FC SA;Independiente Santa Fe;id1002707074497748;pinnacle;Over Under Team 1;1.5;Under;1.211;1.33;2026-09-29T19:36:24.064Z
29.09.2026;23:30;Colombia;Liga DIMAYOR;Deportivo Pereira FC SA;Independiente Santa Fe;id1002707074497748;pinnacle;Over Under Team 2;0.5;Over;1.21;1.201;2026-09-29T14:25:54.647Z
29.09.2026;23:30;Colombia;Liga DIMAYOR;Deportivo Pereira FC SA;Independiente Santa Fe;id1002707074497748;pinnacle;Over Under Team 2;0.5;Under;4.22;4.42;2026-09-29T14:25:54.647Z
29.09.2026;23:30;Colombia;Liga DIMAYOR;Deportivo Pereira FC SA;Independiente Santa Fe;id1002707074497748;pinnacle;Over Under Team 2;1.5;Over;1.97;1.892;2026-09-29T19:36:24.064Z
29.09.2026;23:30;Colombia;Liga DIMAYOR;Deportivo Pereira FC SA;Independiente Santa Fe;id1002707074497748;pinnacle;Over Under Team 2;1.5;Under;1.847;1.925;2026-09-29T19:36:24.064Z
29.09.2026;23:30;Colombia;Liga DIMAYOR;Deportivo Pereira FC SA;Independiente Santa Fe;id1002707074497748;pinnacle;Over Under Team 2;2.5;Over;4.1;3.81;2026-09-29T19:36:24.064Z
29.09.2026;23:30;Colombia;Liga DIMAYOR;Deportivo Pereira FC SA;Independiente Santa Fe;id1002707074497748;pinnacle;Over Under Team 2;2.5;Under;1.226;1.253;2026-09-29T19:36:24.064Z
29.09.2026;23:30;Colombia;Liga DIMAYOR;Deportivo Pereira FC SA;Independiente Santa Fe;id1002707074497748;pinnacle;Both Teams To Score;0.0;Yes;1.98;1.787;2026-09-29T19:35:40.285Z
29.09.2026;23:30;Colombia;Liga DIMAYOR;Deportivo Pereira FC SA;Independiente Santa Fe;id1002707074497748;pinnacle;Both Teams To Score;0.0;No;1.769;2.05;2026-09-29T19:35:40.285Z
29.09.2026;23:30;Colombia;Liga DIMAYOR;Deportivo Pereira FC SA;Independiente Santa Fe;id1002707074497748;pinnacle;Asian Handicap First Half;0.25;1;1.892;1.884;2026-09-29T19:35:39.315Z
29.09.2026;23:30;Colombia;Liga DIMAYOR;Deportivo Pereira FC SA;Independiente Santa Fe;id1002707074497748;pinnacle;Asian Handicap First Half;0.25;2;1.775;1.854;2026-09-29T19:35:39.315Z
29.09.2026;23:30;Colombia;Liga DIMAYOR;Deportivo Pereira FC SA;Independiente Santa Fe;id1002707074497748;pinnacle;Asian Handicap;-0.5;1;4.59;4.14;2026-09-29T19:36:24.064Z
29.09.2026;23:30;Colombia;Liga DIMAYOR;Deportivo Pereira FC SA;Independiente Santa Fe;id1002707074497748;pinnacle;Asian Handicap;-0.5;2;1.193;1.245;2026-09-29T19:36:24.064Z
29.09.2026;23:30;Colombia;Liga DIMAYOR;Deportivo Pereira FC SA;Independiente Santa Fe;id1002707074497748;pinnacle;Asian Handicap;-0.25;1;4.16;3.64;2026-09-29T19:36:24.064Z
29.09.2026;23:30;Colombia;Liga DIMAYOR;Deportivo Pereira FC SA;Independiente Santa Fe;id1002707074497748;pinnacle;Asian Handicap;-0.25;2;1.211;1.298;2026-09-29T19:36:24.064Z
29.09.2026;23:30;Colombia;Liga DIMAYOR;Deportivo Pereira FC SA;Independiente Santa Fe;id1002707074497748;pinnacle;Asian Handicap;0.0;1;3.57;3.14;2026-09-29T19:36:24.064Z
29.09.2026;23:30;Colombia;Liga DIMAYOR;Deportivo Pereira FC SA;Independiente Santa Fe;id1002707074497748;pinnacle;Asian Handicap;0.0;2;1.271;1.384;2026-09-29T19:36:24.064Z
29.09.2026;23:30;Colombia;Liga DIMAYOR;Deportivo Pereira FC SA;Independiente Santa Fe;id1002707074497748;pinnacle;Asian Handicap;0.25;1;2.53;2.36;2026-09-29T19:36:24.064Z
29.09.2026;23:30;Colombia;Liga DIMAYOR;Deportivo Pereira FC SA;Independiente Santa Fe;id1002707074497748;pinnacle;Asian Handicap;0.25;2;1.497;1.625;2026-09-29T19:36:24.064Z
29.09.2026;23:30;Colombia;Liga DIMAYOR;Deportivo Pereira FC SA;Independiente Santa Fe;id1002707074497748;pinnacle;Asian Handicap;0.5;1;2.07;2.0;2026-09-29T19:36:24.064Z
29.09.2026;23:30;Colombia;Liga DIMAYOR;Deportivo Pereira FC SA;Independiente Santa Fe;id1002707074497748;pinnacle;Asian Handicap;0.5;2;1.729;1.869;2026-09-29T19:36:24.064Z
29.09.2026;23:30;Colombia;Liga DIMAYOR;Deportivo Pereira FC SA;Independiente Santa Fe;id1002707074497748;pinnacle;Asian Handicap;0.75;1;1.819;1.757;2026-09-29T19:36:24.064Z
29.09.2026;23:30;Colombia;Liga DIMAYOR;Deportivo Pereira FC SA;Independiente Santa Fe;id1002707074497748;pinnacle;Asian Handicap;0.75;2;1.97;2.13;2026-09-29T19:36:24.064Z
29.09.2026;23:30;Colombia;Liga DIMAYOR;Deportivo Pereira FC SA;Independiente Santa Fe;id1002707074497748;pinnacle;Over Under Full Time;1.5;Over;1.333;1.274;2026-09-29T19:36:24.064Z
29.09.2026;23:30;Colombia;Liga DIMAYOR;Deportivo Pereira FC SA;Independiente Santa Fe;id1002707074497748;pinnacle;Over Under Full Time;1.5;Under;3.09;3.76;2026-09-29T19:36:24.064Z
29.09.2026;23:30;Colombia;Liga DIMAYOR;Deportivo Pereira FC SA;Independiente Santa Fe;id1002707074497748;pinnacle;Asian Handicap;1.0;1;1.558;1.523;2026-09-29T19:36:24.064Z
29.09.2026;23:30;Colombia;Liga DIMAYOR;Deportivo Pereira FC SA;Independiente Santa Fe;id1002707074497748;pinnacle;Asian Handicap;1.0;2;2.38;2.6;2026-09-29T19:36:24.064Z
29.09.2026;23:30;Colombia;Liga DIMAYOR;Deportivo Pereira FC SA;Independiente Santa Fe;id1002707074497748;pinnacle;Asian Handicap;1.25;1;1.427;1.409;2026-09-29T19:36:24.064Z
29.09.2026;23:30;Colombia;Liga DIMAYOR;Deportivo Pereira FC SA;Independiente Santa Fe;id1002707074497748;pinnacle;Asian Handicap;1.25;2;2.76;2.97;2026-09-29T19:36:24.064Z
29.09.2026;23:30;Colombia;Liga DIMAYOR;Deportivo Pereira FC SA;Independiente Santa Fe;id1002707074497748;pinnacle;Asian Handicap;1.5;1;1.34;1.338;2026-09-29T19:36:24.064Z
29.09.2026;23:30;Colombia;Liga DIMAYOR;Deportivo Pereira FC SA;Independiente Santa Fe;id1002707074497748;pinnacle;Asian Handicap;1.5;2;3.11;3.35;2026-09-29T19:36:24.064Z
29.09.2026;23:30;Colombia;Liga DIMAYOR;Deportivo Pereira FC SA;Independiente Santa Fe;id1002707074497748;pinnacle;Asian Handicap;1.75;1;1.233;1.242;2026-09-27T00:30:44.569Z
29.09.2026;23:30;Colombia;Liga DIMAYOR;Deportivo Pereira FC SA;Independiente Santa Fe;id1002707074497748;pinnacle;Asian Handicap;1.75;2;3.92;3.95;2026-09-27T00:30:44.569Z
29.09.2026;23:30;Colombia;Liga DIMAYOR;Deportivo Pereira FC SA;Independiente Santa Fe;id1002707074497748;sbobet;Full Time Result;0.0;1;3.61;3.56;2026-09-29T19:38:02.798Z
29.09.2026;23:30;Colombia;Liga DIMAYOR;Deportivo Pereira FC SA;Independiente Santa Fe;id1002707074497748;sbobet;Full Time Result;0.0;X;3.06;3.31;2026-09-29T19:38:02.798Z
29.09.2026;23:30;Colombia;Liga DIMAYOR;Deportivo Pereira FC SA;Independiente Santa Fe;id1002707074497748;sbobet;Full Time Result;0.0;2;1.86;1.85;2026-09-29T19:21:45.192Z
29.09.2026;23:30;Colombia;Liga DIMAYOR;Deportivo Pereira FC SA;Independiente Santa Fe;id1002707074497748;sbobet;Over Under Full Time;2.5;Over;2.12;1.765;2026-09-29T16:33:54.588Z
29.09.2026;23:30;Colombia;Liga DIMAYOR;Deportivo Pereira FC SA;Independiente Santa Fe;id1002707074497748;sbobet;Over Under Full Time;2.5;Under;1.695;2.04;2026-09-29T16:33:54.588Z
29.09.2026;23:30;Colombia;Liga DIMAYOR;Deportivo Pereira FC SA;Independiente Santa Fe;id1002707074497748;sbobet;Double Chance Full Time;0.0;1X;1.93;1.94;2026-09-29T19:21:45.192Z
29.09.2026;23:30;Colombia;Liga DIMAYOR;Deportivo Pereira FC SA;Independiente Santa Fe;id1002707074497748;sbobet;Double Chance Full Time;0.0;12;1.22;1.2;2026-09-29T19:38:02.798Z
29.09.2026;23:30;Colombia;Liga DIMAYOR;Deportivo Pereira FC SA;Independiente Santa Fe;id1002707074497748;sbobet;Double Chance Full Time;0.0;2X;1.15;1.17;2026-09-29T19:21:45.192Z
29.09.2026;23:30;Colombia;Liga DIMAYOR;Deportivo Pereira FC SA;Independiente Santa Fe;id1002707074497748;sbobet;First Half Result;0.0;1;4.34;3.67;2026-09-29T16:31:09.291Z
29.09.2026;23:30;Colombia;Liga DIMAYOR;Deportivo Pereira FC SA;Independiente Santa Fe;id1002707074497748;sbobet;First Half Result;0.0;X;2.04;2.28;2026-09-29T16:31:09.291Z
29.09.2026;23:30;Colombia;Liga DIMAYOR;Deportivo Pereira FC SA;Independiente Santa Fe;id1002707074497748;sbobet;First Half Result;0.0;2;2.38;2.43;2026-09-29T16:31:09.291Z
29.09.2026;23:30;Colombia;Liga DIMAYOR;Deportivo Pereira FC SA;Independiente Santa Fe;id1002707074497748;sbobet;Asian Handicap First Half;0.25;1;1.825;1.775;2026-09-29T11:41:31.324Z
29.09.2026;23:30;Colombia;Liga DIMAYOR;Deportivo Pereira FC SA;Independiente Santa Fe;id1002707074497748;sbobet;Asian Handicap First Half;0.25;2;1.985;2.05;2026-09-29T11:41:31.324Z
29.09.2026;23:30;Colombia;Liga DIMAYOR;Deportivo Pereira FC SA;Independiente Santa Fe;id1002707074497748;sbobet;Asian Handicap;0.25;1;2.16;2.24;2026-09-29T19:08:50.608Z
29.09.2026;23:30;Colombia;Liga DIMAYOR;Deportivo Pereira FC SA;Independiente Santa Fe;id1002707074497748;sbobet;Asian Handicap;0.25;2;1.685;1.635;2026-09-29T19:08:50.608Z
29.09.2026;23:30;Colombia;Liga DIMAYOR;Deportivo Pereira FC SA;Independiente Santa Fe;id1002707074497748;sbobet;Asian Handicap;0.5;1;1.955;1.965;2026-09-29T19:21:45.192Z
29.09.2026;23:30;Colombia;Liga DIMAYOR;Deportivo Pereira FC SA;Independiente Santa Fe;id1002707074497748;sbobet;Asian Handicap;0.5;2;1.855;1.865;2026-09-29T19:21:45.192Z
29.09.2026;23:30;Colombia;Liga DIMAYOR;Deportivo Pereira FC SA;Independiente Santa Fe;id1002707074497748;sbobet;Asian Handicap;0.75;1;1.715;1.695;2026-09-29T10:48:53.087Z
29.09.2026;23:30;Colombia;Liga DIMAYOR;Deportivo Pereira FC SA;Independiente Santa Fe;id1002707074497748;sbobet;Asian Handicap;0.75;2;2.12;2.15;2026-09-29T10:48:53.087Z
30.09.2026;00:00;El Salvador;Primera Division;Atletico Balboa;CD. Cacahuatique;id1002708873075302;bet365;Full Time Result;0.0;1;1.92;2.15;2026-09-29T17:21:31.751Z
30.09.2026;00:00;El Salvador;Primera Division;Atletico Balboa;CD. Cacahuatique;id1002708873075302;bet365;Full Time Result;0.0;X;3.25;3.1;2026-09-29T17:21:31.751Z
30.09.2026;00:00;El Salvador;Primera Division;Atletico Balboa;CD. Cacahuatique;id1002708873075302;bet365;Full Time Result;0.0;2;3.4;3.1;2026-09-29T17:21:31.751Z
30.09.2026;00:00;El Salvador;Primera Division;Atletico Balboa;CD. Cacahuatique;id1002708873075302;bet365;Over Under Full Time;2.5;Over;2.02;2.15;2026-09-29T18:09:28.036Z
30.09.2026;00:00;El Salvador;Primera Division;Atletico Balboa;CD. Cacahuatique;id1002708873075302;bet365;Over Under Full Time;2.5;Under;1.72;1.63;2026-09-29T18:09:28.036Z
30.09.2026;00:00;El Salvador;Primera Division;Atletico Balboa;CD. Cacahuatique;id1002708873075302;bet365;Double Chance Full Time;0.0;1X;1.22;1.25;2026-09-29T17:21:31.751Z
30.09.2026;00:00;El Salvador;Primera Division;Atletico Balboa;CD. Cacahuatique;id1002708873075302;bet365;Double Chance Full Time;0.0;12;1.22;1.25;2026-09-29T17:21:31.751Z
30.09.2026;00:00;El Salvador;Primera Division;Atletico Balboa;CD. Cacahuatique;id1002708873075302;bet365;Double Chance Full Time;0.0;2X;1.67;1.54;2026-09-29T17:21:31.751Z
30.09.2026;00:00;El Salvador;Primera Division;Atletico Balboa;CD. Cacahuatique;id1002708873075302;bet365;First Half Result;0.0;1;2.6;2.87;2026-09-29T17:21:31.751Z
30.09.2026;00:00;El Salvador;Primera Division;Atletico Balboa;CD. Cacahuatique;id1002708873075302;bet365;First Half Result;0.0;X;2.1;2.02;2026-09-29T17:21:31.751Z
30.09.2026;00:00;El Salvador;Primera Division;Atletico Balboa;CD. Cacahuatique;id1002708873075302;bet365;First Half Result;0.0;2;4.0;3.6;2026-09-29T17:21:31.751Z
30.09.2026;00:00;El Salvador;Primera Division;Atletico Balboa;CD. Cacahuatique;id1002708873075302;pinnacle;Full Time Result;0.0;1;2.2;2.24;2026-09-29T19:03:26.915Z
30.09.2026;00:00;El Salvador;Primera Division;Atletico Balboa;CD. Cacahuatique;id1002708873075302;pinnacle;Full Time Result;0.0;X;2.93;3.11;2026-09-29T19:03:26.915Z
30.09.2026;00:00;El Salvador;Primera Division;Atletico Balboa;CD. Cacahuatique;id1002708873075302;pinnacle;Full Time Result;0.0;2;3.04;3.23;2026-09-29T19:03:26.915Z
30.09.2026;00:00;El Salvador;Primera Division;Atletico Balboa;CD. Cacahuatique;id1002708873075302;pinnacle;Over Under Full Time;2.5;Over;2.05;2.15;2026-09-29T19:03:26.915Z
30.09.2026;00:00;El Salvador;Primera Division;Atletico Balboa;CD. Cacahuatique;id1002708873075302;pinnacle;Over Under Full Time;2.5;Under;1.666;1.694;2026-09-29T19:03:26.915Z
30.09.2026;00:00;El Salvador;Primera Division;Atletico Balboa;CD. Cacahuatique;id1002708873075302;pinnacle;Double Chance Full Time;0.0;12;1.363;1.359;2026-09-29T19:08:32.491Z
30.09.2026;00:00;El Salvador;Primera Division;Atletico Balboa;CD. Cacahuatique;id1002708873075302;pinnacle;Double Chance Full Time;0.0;2X;1.558;1.641;2026-09-29T19:08:32.491Z
30.09.2026;00:00;El Salvador;Primera Division;Atletico Balboa;CD. Cacahuatique;id1002708873075302;pinnacle;Over Under Team 1 First Half;0.5;Over;2.0;2.05;2026-09-29T19:03:27.248Z
30.09.2026;00:00;El Salvador;Primera Division;Atletico Balboa;CD. Cacahuatique;id1002708873075302;pinnacle;Over Under Team 1 First Half;0.5;Under;1.714;1.74;2026-09-29T19:03:27.248Z
30.09.2026;00:00;El Salvador;Primera Division;Atletico Balboa;CD. Cacahuatique;id1002708873075302;pinnacle;Over Under Team 2 First Half;0.5;Over;2.34;2.44;2026-09-29T19:03:27.248Z
30.09.2026;00:00;El Salvador;Primera Division;Atletico Balboa;CD. Cacahuatique;id1002708873075302;pinnacle;Over Under Team 2 First Half;0.5;Under;1.507;1.515;2026-09-29T19:03:27.248Z
30.09.2026;00:00;El Salvador;Primera Division;Atletico Balboa;CD. Cacahuatique;id1002708873075302;pinnacle;Over Under Team 1;1.5;Over;2.3;2.48;2026-09-29T19:03:26.915Z
30.09.2026;00:00;El Salvador;Primera Division;Atletico Balboa;CD. Cacahuatique;id1002708873075302;pinnacle;Over Under Team 1;1.5;Under;1.534;1.531;2026-09-29T19:03:26.915Z
30.09.2026;00:00;El Salvador;Primera Division;Atletico Balboa;CD. Cacahuatique;id1002708873075302;pinnacle;Over Under Team 2;0.5;Over;1.403;1.434;2026-09-29T19:03:26.915Z
30.09.2026;00:00;El Salvador;Primera Division;Atletico Balboa;CD. Cacahuatique;id1002708873075302;pinnacle;Over Under Team 2;0.5;Under;2.73;2.71;2026-09-29T19:03:26.915Z
30.09.2026;00:00;El Salvador;Primera Division;Atletico Balboa;CD. Cacahuatique;id1002708873075302;pinnacle;Over Under First Half;0.5;Over;1.406;1.436;2026-09-29T19:03:27.248Z
30.09.2026;00:00;El Salvador;Primera Division;Atletico Balboa;CD. Cacahuatique;id1002708873075302;pinnacle;Over Under First Half;0.5;Under;2.63;2.67;2026-09-29T19:03:27.248Z
30.09.2026;00:00;El Salvador;Primera Division;Atletico Balboa;CD. Cacahuatique;id1002708873075302;pinnacle;Over Under First Half;1.5;Over;2.92;3.07;2026-09-29T19:03:27.248Z
30.09.2026;00:00;El Salvador;Primera Division;Atletico Balboa;CD. Cacahuatique;id1002708873075302;pinnacle;Over Under First Half;1.5;Under;1.333;1.343;2026-09-29T19:03:27.248Z
30.09.2026;00:00;El Salvador;Primera Division;Atletico Balboa;CD. Cacahuatique;id1002708873075302;pinnacle;Both Teams To Score;0.0;Yes;1.884;1.847;2026-09-29T19:08:32.491Z
30.09.2026;00:00;El Salvador;Primera Division;Atletico Balboa;CD. Cacahuatique;id1002708873075302;pinnacle;Both Teams To Score;0.0;No;1.854;1.925;2026-09-29T19:08:32.491Z
30.09.2026;00:00;El Salvador;Primera Division;Atletico Balboa;CD. Cacahuatique;id1002708873075302;pinnacle;Asian Handicap First Half;-0.75;1;3.62;3.69;2026-09-28T18:53:04.944Z
30.09.2026;00:00;El Salvador;Primera Division;Atletico Balboa;CD. Cacahuatique;id1002708873075302;pinnacle;Asian Handicap First Half;-0.75;2;1.244;1.235;2026-09-28T18:53:04.944Z
30.09.2026;00:00;El Salvador;Primera Division;Atletico Balboa;CD. Cacahuatique;id1002708873075302;pinnacle;Asian Handicap First Half;-0.5;1;2.72;2.8;2026-09-29T19:03:27.248Z
30.09.2026;00:00;El Salvador;Primera Division;Atletico Balboa;CD. Cacahuatique;id1002708873075302;pinnacle;Asian Handicap First Half;-0.5;2;1.38;1.403;2026-09-29T19:03:27.248Z
30.09.2026;00:00;El Salvador;Primera Division;Atletico Balboa;CD. Cacahuatique;id1002708873075302;pinnacle;Asian Handicap First Half;-0.25;1;2.2;2.25;2026-09-29T19:03:27.248Z
30.09.2026;00:00;El Salvador;Primera Division;Atletico Balboa;CD. Cacahuatique;id1002708873075302;pinnacle;Asian Handicap First Half;-0.25;2;1.591;1.625;2026-09-29T19:03:27.248Z
30.09.2026;00:00;El Salvador;Primera Division;Atletico Balboa;CD. Cacahuatique;id1002708873075302;pinnacle;Asian Handicap First Half;0.0;1;1.632;1.645;2026-09-29T19:03:27.248Z
30.09.2026;00:00;El Salvador;Primera Division;Atletico Balboa;CD. Cacahuatique;id1002708873075302;pinnacle;Asian Handicap First Half;0.0;2;2.17;2.25;2026-09-29T19:03:27.248Z
30.09.2026;00:00;El Salvador;Primera Division;Atletico Balboa;CD. Cacahuatique;id1002708873075302;pinnacle;Asian Handicap First Half;0.25;1;1.354;1.364;2026-09-29T19:03:27.248Z
30.09.2026;00:00;El Salvador;Primera Division;Atletico Balboa;CD. Cacahuatique;id1002708873075302;pinnacle;Asian Handicap First Half;0.25;2;2.9;3.04;2026-09-29T19:03:27.248Z
30.09.2026;00:00;El Salvador;Primera Division;Atletico Balboa;CD. Cacahuatique;id1002708873075302;pinnacle;Asian Handicap First Half;0.5;1;1.235;1.245;2026-09-29T19:03:27.248Z
30.09.2026;00:00;El Salvador;Primera Division;Atletico Balboa;CD. Cacahuatique;id1002708873075302;pinnacle;Asian Handicap First Half;0.5;2;3.53;3.73;2026-09-29T19:03:27.248Z
30.09.2026;00:00;El Salvador;Primera Division;Atletico Balboa;CD. Cacahuatique;id1002708873075302;pinnacle;Asian Handicap;-1.0;1;3.4;3.52;2026-09-29T19:03:26.915Z
30.09.2026;00:00;El Salvador;Primera Division;Atletico Balboa;CD. Cacahuatique;id1002708873075302;pinnacle;Asian Handicap;-1.0;2;1.258;1.277;2026-09-29T19:03:26.915Z
30.09.2026;00:00;El Salvador;Primera Division;Atletico Balboa;CD. Cacahuatique;id1002708873075302;pinnacle;Asian Handicap;-0.75;1;2.6;2.64;2026-09-29T19:03:26.915Z
30.09.2026;00:00;El Salvador;Primera Division;Atletico Balboa;CD. Cacahuatique;id1002708873075302;pinnacle;Asian Handicap;-0.75;2;1.423;1.456;2026-09-29T19:03:26.915Z
30.09.2026;00:00;El Salvador;Primera Division;Atletico Balboa;CD. Cacahuatique;id1002708873075302;pinnacle;Asian Handicap;-0.5;1;2.21;2.23;2026-09-29T19:03:26.915Z
30.09.2026;00:00;El Salvador;Primera Division;Atletico Balboa;CD. Cacahuatique;id1002708873075302;pinnacle;Asian Handicap;-0.5;2;1.598;1.645;2026-09-29T19:03:26.915Z
30.09.2026;00:00;El Salvador;Primera Division;Atletico Balboa;CD. Cacahuatique;id1002708873075302;pinnacle;Asian Handicap;-0.25;1;1.917;1.934;2026-09-29T19:03:26.915Z
30.09.2026;00:00;El Salvador;Primera Division;Atletico Balboa;CD. Cacahuatique;id1002708873075302;pinnacle;Asian Handicap;-0.25;2;1.826;1.884;2026-09-29T19:03:26.915Z
30.09.2026;00:00;El Salvador;Primera Division;Atletico Balboa;CD. Cacahuatique;id1002708873075302;pinnacle;Asian Handicap;0.0;1;1.588;1.598;2026-09-29T19:03:26.915Z
30.09.2026;00:00;El Salvador;Primera Division;Atletico Balboa;CD. Cacahuatique;id1002708873075302;pinnacle;Asian Handicap;0.0;2;2.23;2.32;2026-09-29T19:03:26.915Z
30.09.2026;00:00;El Salvador;Primera Division;Atletico Balboa;CD. Cacahuatique;id1002708873075302;pinnacle;Asian Handicap;0.25;1;1.416;1.427;2026-09-29T19:03:26.915Z
30.09.2026;00:00;El Salvador;Primera Division;Atletico Balboa;CD. Cacahuatique;id1002708873075302;pinnacle;Asian Handicap;0.25;2;2.62;2.74;2026-09-29T19:03:26.915Z
30.09.2026;00:00;El Salvador;Primera Division;Atletico Balboa;CD. Cacahuatique;id1002708873075302;pinnacle;Asian Handicap;0.5;1;1.321;1.333;2026-09-29T19:03:26.915Z
30.09.2026;00:00;El Salvador;Primera Division;Atletico Balboa;CD. Cacahuatique;id1002708873075302;pinnacle;Asian Handicap;0.5;2;3.02;3.16;2026-09-29T19:03:26.915Z
30.09.2026;00:00;El Salvador;Primera Division;Atletico Balboa;CD. Cacahuatique;id1002708873075302;pinnacle;Asian Handicap;0.75;1;1.259;1.24;2026-09-28T16:41:57.523Z
30.09.2026;00:00;El Salvador;Primera Division;Atletico Balboa;CD. Cacahuatique;id1002708873075302;pinnacle;Asian Handicap;0.75;2;3.39;3.54;2026-09-28T16:41:57.523Z
30.09.2026;00:00;El Salvador;Primera Division;Atletico Balboa;CD. Cacahuatique;id1002708873075302;pinnacle;Over Under Full Time;1.5;Over;1.315;1.348;2026-09-29T19:03:26.915Z
30.09.2026;00:00;El Salvador;Primera Division;Atletico Balboa;CD. Cacahuatique;id1002708873075302;pinnacle;Over Under Full Time;1.5;Under;2.97;3.08;2026-09-29T19:03:26.915Z
30.09.2026;00:00;El Salvador;Liga de Ascenso;CD Once Lobos Chalchuapa;AD Forfut;id1003917375126886;bet365;Full Time Result;0.0;1;2.2;1.97;2026-09-29T19:15:46.895Z
30.09.2026;00:00;El Salvador;Liga de Ascenso;CD Once Lobos Chalchuapa;AD Forfut;id1003917375126886;bet365;Full Time Result;0.0;X;3.5;3.6;2026-09-29T19:15:46.895Z
30.09.2026;00:00;El Salvador;Liga de Ascenso;CD Once Lobos Chalchuapa;AD Forfut;id1003917375126886;bet365;Full Time Result;0.0;2;2.7;3.0;2026-09-29T19:15:46.895Z
30.09.2026;00:00;El Salvador;Liga de Ascenso;CD Once Lobos Chalchuapa;AD Forfut;id1003917375126886;bet365;Over Under Full Time;2.5;Over;1.62;1.62;2026-09-29T18:13:55.527Z
30.09.2026;00:00;El Salvador;Liga de Ascenso;CD Once Lobos Chalchuapa;AD Forfut;id1003917375126886;bet365;Over Under Full Time;2.5;Under;2.2;2.2;2026-09-29T18:13:55.527Z
30.09.2026;00:00;El Salvador;Liga de Ascenso;CD Once Lobos Chalchuapa;AD Forfut;id1003917375126886;bet365;Double Chance Full Time;0.0;1X;1.27;1.27;2026-09-29T18:13:55.527Z
30.09.2026;00:00;El Salvador;Liga de Ascenso;CD Once Lobos Chalchuapa;AD Forfut;id1003917375126886;bet365;Double Chance Full Time;0.0;12;1.19;1.19;2026-09-29T18:13:55.527Z
30.09.2026;00:00;El Salvador;Liga de Ascenso;CD Once Lobos Chalchuapa;AD Forfut;id1003917375126886;bet365;Double Chance Full Time;0.0;2X;1.63;1.63;2026-09-29T18:13:55.527Z
30.09.2026;00:00;El Salvador;Liga de Ascenso;CD Once Lobos Chalchuapa;AD Forfut;id1003917375126886;bet365;First Half Result;0.0;1;2.5;2.5;2026-09-29T18:13:55.527Z
30.09.2026;00:00;El Salvador;Liga de Ascenso;CD Once Lobos Chalchuapa;AD Forfut;id1003917375126886;bet365;First Half Result;0.0;X;2.37;2.37;2026-09-29T18:13:55.527Z
30.09.2026;00:00;El Salvador;Liga de Ascenso;CD Once Lobos Chalchuapa;AD Forfut;id1003917375126886;bet365;First Half Result;0.0;2;3.4;3.4;2026-09-29T18:13:55.527Z
30.09.2026;00:00;El Salvador;Liga de Ascenso;CD Once Lobos Chalchuapa;AD Forfut;id1003917375126886;pinnacle;Over Under Full Time;2.5;Over;1.617;1.613;2026-09-29T19:03:21.202Z
30.09.2026;00:00;El Salvador;Liga de Ascenso;CD Once Lobos Chalchuapa;AD Forfut;id1003917375126886;pinnacle;Over Under Full Time;2.5;Under;2.14;2.18;2026-09-29T19:03:21.202Z
30.09.2026;00:00;El Salvador;Liga de Ascenso;CD Once Lobos Chalchuapa;AD Forfut;id1003917375126886;pinnacle;Over Under Full Time;3.5;Over;2.47;2.46;2026-09-29T19:03:21.202Z
30.09.2026;00:00;El Salvador;Liga de Ascenso;CD Once Lobos Chalchuapa;AD Forfut;id1003917375126886;pinnacle;Over Under Full Time;3.5;Under;1.45;1.469;2026-09-29T19:03:21.202Z
30.09.2026;00:00;El Salvador;Liga de Ascenso;CD Once Lobos Chalchuapa;AD Forfut;id1003917375126886;pinnacle;Over Under Team 1;1.5;Over;1.97;1.813;2026-09-29T19:03:21.202Z
30.09.2026;00:00;El Salvador;Liga de Ascenso;CD Once Lobos Chalchuapa;AD Forfut;id1003917375126886;pinnacle;Over Under Team 1;1.5;Under;1.724;1.892;2026-09-29T19:03:21.202Z
30.09.2026;00:00;El Salvador;Liga de Ascenso;CD Once Lobos Chalchuapa;AD Forfut;id1003917375126886;pinnacle;Over Under Team 2;1.5;Over;2.16;2.41;2026-09-29T19:03:21.202Z
30.09.2026;00:00;El Salvador;Liga de Ascenso;CD Once Lobos Chalchuapa;AD Forfut;id1003917375126886;pinnacle;Over Under Team 2;1.5;Under;1.584;1.49;2026-09-29T19:03:21.202Z
30.09.2026;00:00;El Salvador;Liga de Ascenso;CD Once Lobos Chalchuapa;AD Forfut;id1003917375126886;pinnacle;Over Under First Half;1.5;Over;2.3;2.33;2026-09-29T19:03:21.202Z
30.09.2026;00:00;El Salvador;Liga de Ascenso;CD Once Lobos Chalchuapa;AD Forfut;id1003917375126886;pinnacle;Over Under First Half;1.5;Under;1.502;1.531;2026-09-29T19:03:21.202Z
30.09.2026;00:00;El Salvador;Liga de Ascenso;CD Once Lobos Chalchuapa;AD Forfut;id1003917375126886;pinnacle;Asian Handicap First Half;-0.75;1;3.15;3.09;2026-09-29T19:03:21.202Z
30.09.2026;00:00;El Salvador;Liga de Ascenso;CD Once Lobos Chalchuapa;AD Forfut;id1003917375126886;pinnacle;Asian Handicap First Half;-0.75;2;1.275;1.301;2026-09-29T19:03:21.202Z
30.09.2026;00:00;El Salvador;Liga de Ascenso;CD Once Lobos Chalchuapa;AD Forfut;id1003917375126886;pinnacle;Asian Handicap First Half;-0.5;1;2.67;2.44;2026-09-29T19:03:21.202Z
30.09.2026;00:00;El Salvador;Liga de Ascenso;CD Once Lobos Chalchuapa;AD Forfut;id1003917375126886;pinnacle;Asian Handicap First Half;-0.5;2;1.378;1.487;2026-09-29T19:03:21.202Z
30.09.2026;00:00;El Salvador;Liga de Ascenso;CD Once Lobos Chalchuapa;AD Forfut;id1003917375126886;pinnacle;Asian Handicap First Half;-0.25;1;2.22;2.02;2026-09-29T19:03:21.202Z
30.09.2026;00:00;El Salvador;Liga de Ascenso;CD Once Lobos Chalchuapa;AD Forfut;id1003917375126886;pinnacle;Asian Handicap First Half;-0.25;2;1.561;1.729;2026-09-29T19:03:21.202Z
30.09.2026;00:00;El Salvador;Liga de Ascenso;CD Once Lobos Chalchuapa;AD Forfut;id1003917375126886;pinnacle;Asian Handicap First Half;0.0;1;1.729;1.549;2026-09-29T19:03:21.202Z
30.09.2026;00:00;El Salvador;Liga de Ascenso;CD Once Lobos Chalchuapa;AD Forfut;id1003917375126886;pinnacle;Asian Handicap First Half;0.0;2;1.98;2.29;2026-09-29T19:03:21.202Z
30.09.2026;00:00;El Salvador;Liga de Ascenso;CD Once Lobos Chalchuapa;AD Forfut;id1003917375126886;pinnacle;Asian Handicap First Half;0.25;1;1.436;1.34;2026-09-29T19:03:21.202Z
30.09.2026;00:00;El Salvador;Liga de Ascenso;CD Once Lobos Chalchuapa;AD Forfut;id1003917375126886;pinnacle;Asian Handicap First Half;0.25;2;2.53;2.89;2026-09-29T19:03:21.202Z
30.09.2026;00:00;El Salvador;Liga de Ascenso;CD Once Lobos Chalchuapa;AD Forfut;id1003917375126886;pinnacle;Asian Handicap First Half;0.5;1;1.299;1.268;2026-09-29T17:08:30.790Z
30.09.2026;00:00;El Salvador;Liga de Ascenso;CD Once Lobos Chalchuapa;AD Forfut;id1003917375126886;pinnacle;Asian Handicap First Half;0.5;2;3.02;3.2;2026-09-29T17:08:30.790Z
30.09.2026;00:00;El Salvador;Liga de Ascenso;CD Once Lobos Chalchuapa;AD Forfut;id1003917375126886;pinnacle;Asian Handicap;-1.25;1;3.0;3.0;2026-09-29T17:09:28.453Z
30.09.2026;00:00;El Salvador;Liga de Ascenso;CD Once Lobos Chalchuapa;AD Forfut;id1003917375126886;pinnacle;Asian Handicap;-1.25;2;1.31;1.31;2026-09-29T17:09:28.453Z
30.09.2026;00:00;El Salvador;Liga de Ascenso;CD Once Lobos Chalchuapa;AD Forfut;id1003917375126886;pinnacle;Asian Handicap;-1.0;1;3.35;2.79;2026-09-29T19:03:21.202Z
30.09.2026;00:00;El Salvador;Liga de Ascenso;CD Once Lobos Chalchuapa;AD Forfut;id1003917375126886;pinnacle;Asian Handicap;-1.0;2;1.251;1.37;2026-09-29T19:03:21.202Z
30.09.2026;00:00;El Salvador;Liga de Ascenso;CD Once Lobos Chalchuapa;AD Forfut;id1003917375126886;pinnacle;Asian Handicap;-0.75;1;2.63;2.27;2026-09-29T19:03:21.202Z
30.09.2026;00:00;El Salvador;Liga de Ascenso;CD Once Lobos Chalchuapa;AD Forfut;id1003917375126886;pinnacle;Asian Handicap;-0.75;2;1.396;1.546;2026-09-29T19:03:21.202Z
30.09.2026;00:00;El Salvador;Liga de Ascenso;CD Once Lobos Chalchuapa;AD Forfut;id1003917375126886;pinnacle;Asian Handicap;-0.5;1;2.27;2.0;2026-09-29T19:03:21.202Z
30.09.2026;00:00;El Salvador;Liga de Ascenso;CD Once Lobos Chalchuapa;AD Forfut;id1003917375126886;pinnacle;Asian Handicap;-0.5;2;1.549;1.729;2026-09-29T19:03:21.202Z
30.09.2026;00:00;El Salvador;Liga de Ascenso;CD Once Lobos Chalchuapa;AD Forfut;id1003917375126886;pinnacle;Asian Handicap;-0.25;1;1.98;1.769;2026-09-29T19:03:21.202Z
30.09.2026;00:00;El Salvador;Liga de Ascenso;CD Once Lobos Chalchuapa;AD Forfut;id1003917375126886;pinnacle;Asian Handicap;-0.25;2;1.769;1.99;2026-09-29T19:03:21.202Z
30.09.2026;00:00;El Salvador;Liga de Ascenso;CD Once Lobos Chalchuapa;AD Forfut;id1003917375126886;pinnacle;Asian Handicap;0.0;1;1.704;1.505;2026-09-29T19:03:21.202Z
30.09.2026;00:00;El Salvador;Liga de Ascenso;CD Once Lobos Chalchuapa;AD Forfut;id1003917375126886;pinnacle;Asian Handicap;0.0;2;2.0;2.42;2026-09-29T19:03:21.202Z
30.09.2026;00:00;El Salvador;Liga de Ascenso;CD Once Lobos Chalchuapa;AD Forfut;id1003917375126886;pinnacle;Asian Handicap;0.25;1;1.512;1.377;2026-09-29T19:03:21.202Z
30.09.2026;00:00;El Salvador;Liga de Ascenso;CD Once Lobos Chalchuapa;AD Forfut;id1003917375126886;pinnacle;Asian Handicap;0.25;2;2.31;2.76;2026-09-29T19:03:21.202Z
30.09.2026;00:00;El Salvador;Liga de Ascenso;CD Once Lobos Chalchuapa;AD Forfut;id1003917375126886;pinnacle;Asian Handicap;0.5;1;1.401;1.303;2026-09-29T19:03:21.202Z
30.09.2026;00:00;El Salvador;Liga de Ascenso;CD Once Lobos Chalchuapa;AD Forfut;id1003917375126886;pinnacle;Asian Handicap;0.5;2;2.62;3.12;2026-09-29T19:03:21.202Z
30.09.2026;00:00;Chile;Copa Chile;Puerto Montt;Colo-Colo;id1000122175071914;bet365;Full Time Result;0.0;1;6.0;5.5;2026-09-29T19:03:50.340Z
30.09.2026;00:00;Chile;Copa Chile;Puerto Montt;Colo-Colo;id1000122175071914;bet365;Full Time Result;0.0;X;4.33;4.1;2026-09-29T19:03:50.340Z
30.09.2026;00:00;Chile;Copa Chile;Puerto Montt;Colo-Colo;id1000122175071914;bet365;Full Time Result;0.0;2;1.37;1.42;2026-09-29T19:03:50.340Z
30.09.2026;00:00;Chile;Copa Chile;Puerto Montt;Colo-Colo;id1000122175071914;bet365;Over Under Full Time;2.5;Over;1.67;1.77;2026-09-29T19:03:50.340Z
30.09.2026;00:00;Chile;Copa Chile;Puerto Montt;Colo-Colo;id1000122175071914;bet365;Over Under Full Time;2.5;Under;2.1;1.97;2026-09-29T19:03:50.340Z
30.09.2026;00:00;Chile;Copa Chile;Puerto Montt;Colo-Colo;id1000122175071914;bet365;Over Under Full Time;3.5;Over;2.75;3.0;2026-09-29T19:03:50.340Z
30.09.2026;00:00;Chile;Copa Chile;Puerto Montt;Colo-Colo;id1000122175071914;bet365;Over Under Full Time;3.5;Under;1.37;1.33;2026-09-29T19:03:50.340Z
30.09.2026;00:00;Chile;Copa Chile;Puerto Montt;Colo-Colo;id1000122175071914;bet365;Over Under Full Time;4.5;Over;5.0;6.0;2026-09-29T19:03:50.340Z
30.09.2026;00:00;Chile;Copa Chile;Puerto Montt;Colo-Colo;id1000122175071914;bet365;Over Under Full Time;4.5;Under;1.13;1.1;2026-09-29T19:03:50.340Z
30.09.2026;00:00;Chile;Copa Chile;Puerto Montt;Colo-Colo;id1000122175071914;bet365;Double Chance Full Time;0.0;1X;2.62;2.5;2026-09-29T19:12:43.194Z
30.09.2026;00:00;Chile;Copa Chile;Puerto Montt;Colo-Colo;id1000122175071914;bet365;Double Chance Full Time;0.0;12;1.15;1.17;2026-09-29T17:22:51.917Z
30.09.2026;00:00;Chile;Copa Chile;Puerto Montt;Colo-Colo;id1000122175071914;bet365;Double Chance Full Time;0.0;2X;1.1;1.11;2026-09-29T18:52:48.677Z
30.09.2026;00:00;Chile;Copa Chile;Puerto Montt;Colo-Colo;id1000122175071914;bet365;First Half Result;0.0;1;6.5;6.5;2026-09-29T19:12:43.194Z
30.09.2026;00:00;Chile;Copa Chile;Puerto Montt;Colo-Colo;id1000122175071914;bet365;First Half Result;0.0;X;2.5;2.37;2026-09-29T17:22:51.917Z
30.09.2026;00:00;Chile;Copa Chile;Puerto Montt;Colo-Colo;id1000122175071914;bet365;First Half Result;0.0;2;1.87;1.97;2026-09-29T19:12:43.194Z
30.09.2026;00:00;Chile;Copa Chile;Puerto Montt;Colo-Colo;id1000122175071914;bet365;Second Half Result;0.0;1;5.5;5.5;2026-09-29T19:12:43.194Z
30.09.2026;00:00;Chile;Copa Chile;Puerto Montt;Colo-Colo;id1000122175071914;bet365;Second Half Result;0.0;X;2.75;2.62;2026-09-29T17:22:51.917Z
30.09.2026;00:00;Chile;Copa Chile;Puerto Montt;Colo-Colo;id1000122175071914;bet365;Second Half Result;0.0;2;1.69;1.8;2026-09-29T18:52:48.677Z
30.09.2026;00:00;Chile;Copa Chile;Puerto Montt;Colo-Colo;id1000122175071914;bet365;Over Under Team 1 First Half;0.5;Over;3.0;3.0;2026-09-29T18:52:48.677Z
30.09.2026;00:00;Chile;Copa Chile;Puerto Montt;Colo-Colo;id1000122175071914;bet365;Over Under Team 1 First Half;0.5;Under;1.33;1.33;2026-09-29T18:52:48.677Z
30.09.2026;00:00;Chile;Copa Chile;Puerto Montt;Colo-Colo;id1000122175071914;bet365;Over Under Team 1 First Half;1.5;Over;17.0;17.0;2026-09-29T19:12:43.194Z
30.09.2026;00:00;Chile;Copa Chile;Puerto Montt;Colo-Colo;id1000122175071914;bet365;Over Under Team 1 First Half;1.5;Under;1.025;1.025;2026-09-29T19:12:43.194Z
30.09.2026;00:00;Chile;Copa Chile;Puerto Montt;Colo-Colo;id1000122175071914;bet365;Over Under Team 1 First Half;2.5;Over;51.0;41.0;2026-09-29T18:52:48.677Z
30.09.2026;00:00;Chile;Copa Chile;Puerto Montt;Colo-Colo;id1000122175071914;bet365;Over Under Team 2 First Half;0.5;Over;1.5;1.58;2026-09-29T17:22:51.917Z
30.09.2026;00:00;Chile;Copa Chile;Puerto Montt;Colo-Colo;id1000122175071914;bet365;Over Under Team 2 First Half;0.5;Under;2.37;2.2;2026-09-29T17:22:51.917Z
30.09.2026;00:00;Chile;Copa Chile;Puerto Montt;Colo-Colo;id1000122175071914;bet365;Over Under Team 2 First Half;1.5;Over;3.75;4.0;2026-09-29T19:12:43.194Z
30.09.2026;00:00;Chile;Copa Chile;Puerto Montt;Colo-Colo;id1000122175071914;bet365;Over Under Team 2 First Half;1.5;Under;1.22;1.19;2026-09-29T17:22:51.917Z
30.09.2026;00:00;Chile;Copa Chile;Puerto Montt;Colo-Colo;id1000122175071914;bet365;Over Under Team 2 First Half;2.5;Over;12.0;13.0;2026-09-29T17:22:51.917Z
30.09.2026;00:00;Chile;Copa Chile;Puerto Montt;Colo-Colo;id1000122175071914;bet365;Over Under Team 2 First Half;2.5;Under;1.037;1.03;2026-09-29T18:52:48.677Z
30.09.2026;00:00;Chile;Copa Chile;Puerto Montt;Colo-Colo;id1000122175071914;bet365;Over Under Team 2 First Half;3.5;Over;29.0;29.0;2026-09-29T19:12:43.194Z
30.09.2026;00:00;Chile;Copa Chile;Puerto Montt;Colo-Colo;id1000122175071914;bet365;Over Under Team 2 First Half;3.5;Under;1.008;1.008;2026-09-29T15:21:21.727Z
30.09.2026;00:00;Chile;Copa Chile;Puerto Montt;Colo-Colo;id1000122175071914;bet365;Over Under Team 2 First Half;4.5;Over;51.0;51.0;2026-09-29T15:21:21.727Z
30.09.2026;00:00;Chile;Copa Chile;Puerto Montt;Colo-Colo;id1000122175071914;bet365;Over Under Team 1 Second Half;0.5;Over;2.5;2.5;2026-09-29T19:12:43.194Z
30.09.2026;00:00;Chile;Copa Chile;Puerto Montt;Colo-Colo;id1000122175071914;bet365;Over Under Team 1 Second Half;0.5;Under;1.47;1.47;2026-09-29T17:22:51.917Z
30.09.2026;00:00;Chile;Copa Chile;Puerto Montt;Colo-Colo;id1000122175071914;bet365;Over Under Team 1 Second Half;1.5;Over;11.0;11.0;2026-09-29T19:12:43.194Z
30.09.2026;00:00;Chile;Copa Chile;Puerto Montt;Colo-Colo;id1000122175071914;bet365;Over Under Team 1 Second Half;1.5;Under;1.04;1.04;2026-09-29T19:12:43.194Z
30.09.2026;00:00;Chile;Copa Chile;Puerto Montt;Colo-Colo;id1000122175071914;bet365;Over Under Team 1 Second Half;2.5;Over;34.0;34.0;2026-09-29T17:22:51.917Z
30.09.2026;00:00;Chile;Copa Chile;Puerto Montt;Colo-Colo;id1000122175071914;bet365;Over Under Team 1;0.5;Over;1.63;1.63;2026-09-29T19:12:43.194Z
30.09.2026;00:00;Chile;Copa Chile;Puerto Montt;Colo-Colo;id1000122175071914;bet365;Over Under Team 1;0.5;Under;2.1;2.1;2026-09-29T19:12:43.194Z
30.09.2026;00:00;Chile;Copa Chile;Puerto Montt;Colo-Colo;id1000122175071914;bet365;Over Under Team 2 Second Half;0.5;Over;1.33;1.41;2026-09-29T17:22:51.917Z
30.09.2026;00:00;Chile;Copa Chile;Puerto Montt;Colo-Colo;id1000122175071914;bet365;Over Under Team 2 Second Half;0.5;Under;2.87;2.62;2026-09-29T17:22:51.917Z
30.09.2026;00:00;Chile;Copa Chile;Puerto Montt;Colo-Colo;id1000122175071914;bet365;Over Under Team 2 Second Half;1.5;Over;2.87;3.1;2026-09-29T19:12:43.194Z
30.09.2026;00:00;Chile;Copa Chile;Puerto Montt;Colo-Colo;id1000122175071914;bet365;Over Under Team 2 Second Half;1.5;Under;1.37;1.3;2026-09-29T18:52:48.677Z
30.09.2026;00:00;Chile;Copa Chile;Puerto Montt;Colo-Colo;id1000122175071914;bet365;Over Under Team 2 Second Half;2.5;Over;8.0;9.0;2026-09-29T18:52:48.677Z
30.09.2026;00:00;Chile;Copa Chile;Puerto Montt;Colo-Colo;id1000122175071914;bet365;Over Under Team 2 Second Half;2.5;Under;1.061;1.052;2026-09-29T19:12:43.194Z
30.09.2026;00:00;Chile;Copa Chile;Puerto Montt;Colo-Colo;id1000122175071914;bet365;Over Under Team 2 Second Half;3.5;Over;21.0;23.0;2026-09-29T18:52:48.677Z
30.09.2026;00:00;Chile;Copa Chile;Puerto Montt;Colo-Colo;id1000122175071914;bet365;Over Under Team 2 Second Half;3.5;Under;1.016;1.012;2026-09-29T17:22:51.917Z
30.09.2026;00:00;Chile;Copa Chile;Puerto Montt;Colo-Colo;id1000122175071914;bet365;Over Under Team 2 Second Half;4.5;Over;41.0;41.0;2026-09-29T17:22:51.917Z
30.09.2026;00:00;Chile;Copa Chile;Puerto Montt;Colo-Colo;id1000122175071914;bet365;Over Under Team 1;1.5;Over;4.33;4.33;2026-09-29T19:12:43.194Z
30.09.2026;00:00;Chile;Copa Chile;Puerto Montt;Colo-Colo;id1000122175071914;bet365;Over Under Team 1;1.5;Under;1.17;1.17;2026-09-29T19:12:43.194Z
30.09.2026;00:00;Chile;Copa Chile;Puerto Montt;Colo-Colo;id1000122175071914;bet365;Over Under Team 1;2.5;Over;15.0;15.0;2026-09-29T19:12:43.194Z
30.09.2026;00:00;Chile;Copa Chile;Puerto Montt;Colo-Colo;id1000122175071914;bet365;Over Under Team 1;2.5;Under;1.025;1.025;2026-09-29T19:12:43.194Z
30.09.2026;00:00;Chile;Copa Chile;Puerto Montt;Colo-Colo;id1000122175071914;bet365;Over Under Team 1;3.5;Over;41.0;41.0;2026-09-29T18:52:48.677Z
30.09.2026;00:00;Chile;Copa Chile;Puerto Montt;Colo-Colo;id1000122175071914;bet365;Over Under Team 2;0.5;Over;1.08;1.1;2026-09-29T17:22:51.917Z
30.09.2026;00:00;Chile;Copa Chile;Puerto Montt;Colo-Colo;id1000122175071914;bet365;Over Under Team 2;0.5;Under;7.0;6.0;2026-09-29T17:22:51.917Z
30.09.2026;00:00;Chile;Copa Chile;Puerto Montt;Colo-Colo;id1000122175071914;bet365;Over Under Team 2;1.5;Over;1.5;1.58;2026-09-29T19:12:43.194Z
30.09.2026;00:00;Chile;Copa Chile;Puerto Montt;Colo-Colo;id1000122175071914;bet365;Over Under Team 2;1.5;Under;2.37;2.2;2026-09-29T19:12:43.194Z
30.09.2026;00:00;Chile;Copa Chile;Puerto Montt;Colo-Colo;id1000122175071914;bet365;Over Under Team 2;2.5;Over;2.62;3.0;2026-09-29T18:52:48.677Z
30.09.2026;00:00;Chile;Copa Chile;Puerto Montt;Colo-Colo;id1000122175071914;bet365;Over Under Team 2;2.5;Under;1.41;1.33;2026-09-29T18:52:48.677Z
30.09.2026;00:00;Chile;Copa Chile;Puerto Montt;Colo-Colo;id1000122175071914;bet365;Over Under Team 2;3.5;Over;5.5;6.5;2026-09-29T18:52:48.677Z
30.09.2026;00:00;Chile;Copa Chile;Puerto Montt;Colo-Colo;id1000122175071914;bet365;Over Under Team 2;3.5;Under;1.11;1.091;2026-09-29T18:52:48.677Z
30.09.2026;00:00;Chile;Copa Chile;Puerto Montt;Colo-Colo;id1000122175071914;bet365;Over Under Team 2;4.5;Over;13.0;15.0;2026-09-29T19:12:43.194Z
30.09.2026;00:00;Chile;Copa Chile;Puerto Montt;Colo-Colo;id1000122175071914;bet365;Over Under Team 2;4.5;Under;1.032;1.025;2026-09-29T19:12:43.194Z
30.09.2026;00:00;Chile;Copa Chile;Puerto Montt;Colo-Colo;id1000122175071914;bet365;Over Under First Half;0.5;Over;1.27;1.3;2026-09-29T17:22:51.917Z
30.09.2026;00:00;Chile;Copa Chile;Puerto Montt;Colo-Colo;id1000122175071914;bet365;Over Under First Half;0.5;Under;3.4;3.25;2026-09-29T17:22:51.917Z
30.09.2026;00:00;Chile;Copa Chile;Puerto Montt;Colo-Colo;id1000122175071914;bet365;Over Under First Half;1.5;Over;2.5;2.62;2026-09-29T17:22:51.917Z
30.09.2026;00:00;Chile;Copa Chile;Puerto Montt;Colo-Colo;id1000122175071914;bet365;Over Under First Half;1.5;Under;1.47;1.41;2026-09-29T17:22:51.917Z
30.09.2026;00:00;Chile;Copa Chile;Puerto Montt;Colo-Colo;id1000122175071914;bet365;Over Under First Half;2.5;Over;6.0;6.5;2026-09-29T17:22:51.917Z
30.09.2026;00:00;Chile;Copa Chile;Puerto Montt;Colo-Colo;id1000122175071914;bet365;Over Under First Half;2.5;Under;1.1;1.091;2026-09-29T17:22:51.917Z
30.09.2026;00:00;Chile;Copa Chile;Puerto Montt;Colo-Colo;id1000122175071914;bet365;Over Under First Half;3.5;Over;17.0;19.0;2026-09-29T17:22:51.917Z
30.09.2026;00:00;Chile;Copa Chile;Puerto Montt;Colo-Colo;id1000122175071914;bet365;Over Under First Half;3.5;Under;1.02;1.016;2026-09-29T17:22:51.917Z
30.09.2026;00:00;Chile;Copa Chile;Puerto Montt;Colo-Colo;id1000122175071914;bet365;Over Under First Half;4.5;Over;41.0;51.0;2026-09-29T17:22:51.917Z
30.09.2026;00:00;Chile;Copa Chile;Puerto Montt;Colo-Colo;id1000122175071914;bet365;Over Under Second Half;0.5;Over;1.17;1.19;2026-09-29T17:22:51.917Z
30.09.2026;00:00;Chile;Copa Chile;Puerto Montt;Colo-Colo;id1000122175071914;bet365;Over Under Second Half;0.5;Under;4.33;4.0;2026-09-29T17:22:51.917Z
30.09.2026;00:00;Chile;Copa Chile;Puerto Montt;Colo-Colo;id1000122175071914;bet365;Over Under Second Half;1.5;Over;1.87;1.97;2026-09-29T17:22:51.917Z
30.09.2026;00:00;Chile;Copa Chile;Puerto Montt;Colo-Colo;id1000122175071914;bet365;Over Under Second Half;1.5;Under;1.77;1.69;2026-09-29T17:22:51.917Z
30.09.2026;00:00;Chile;Copa Chile;Puerto Montt;Colo-Colo;id1000122175071914;bet365;Over Under Second Half;2.5;Over;4.0;4.33;2026-09-29T17:22:51.917Z
30.09.2026;00:00;Chile;Copa Chile;Puerto Montt;Colo-Colo;id1000122175071914;bet365;Over Under Second Half;2.5;Under;1.19;1.17;2026-09-29T17:22:51.917Z
30.09.2026;00:00;Chile;Copa Chile;Puerto Montt;Colo-Colo;id1000122175071914;bet365;Over Under Second Half;3.5;Over;10.0;11.0;2026-09-29T17:22:51.917Z
30.09.2026;00:00;Chile;Copa Chile;Puerto Montt;Colo-Colo;id1000122175071914;bet365;Over Under Second Half;3.5;Under;1.052;1.04;2026-09-29T17:22:51.917Z
30.09.2026;00:00;Chile;Copa Chile;Puerto Montt;Colo-Colo;id1000122175071914;bet365;Over Under Second Half;4.5;Over;26.0;26.0;2026-09-29T17:22:51.917Z
30.09.2026;00:00;Chile;Copa Chile;Puerto Montt;Colo-Colo;id1000122175071914;bet365;Over Under Second Half;4.5;Under;1.008;1.008;2026-09-29T17:22:51.917Z
30.09.2026;00:00;Chile;Copa Chile;Puerto Montt;Colo-Colo;id1000122175071914;bet365;Both Teams To Score;0.0;Yes;1.87;1.97;2026-09-29T19:03:50.340Z
30.09.2026;00:00;Chile;Copa Chile;Puerto Montt;Colo-Colo;id1000122175071914;bet365;Both Teams To Score;0.0;No;1.77;1.69;2026-09-29T19:03:50.340Z
30.09.2026;00:00;Chile;Copa Chile;Puerto Montt;Colo-Colo;id1000122175071914;bet365;Over Under Full Time;0.5;Over;1.032;1.032;2026-09-29T17:22:51.917Z
30.09.2026;00:00;Chile;Copa Chile;Puerto Montt;Colo-Colo;id1000122175071914;bet365;Over Under Full Time;0.5;Under;13.0;12.0;2026-09-29T19:03:50.340Z
30.09.2026;00:00;Chile;Copa Chile;Puerto Montt;Colo-Colo;id1000122175071914;bet365;Over Under Full Time;1.5;Over;1.19;1.22;2026-09-29T19:03:50.340Z
30.09.2026;00:00;Chile;Copa Chile;Puerto Montt;Colo-Colo;id1000122175071914;bet365;Over Under Full Time;1.5;Under;4.0;3.75;2026-09-29T19:03:50.340Z
30.09.2026;00:00;Chile;Copa Chile;Puerto Montt;Colo-Colo;id1000122175071914;pinnacle;Full Time Result;0.0;1;6.69;5.98;2026-09-29T19:03:25.644Z
30.09.2026;00:00;Chile;Copa Chile;Puerto Montt;Colo-Colo;id1000122175071914;pinnacle;Full Time Result;0.0;X;4.38;4.11;2026-09-29T19:03:25.644Z
30.09.2026;00:00;Chile;Copa Chile;Puerto Montt;Colo-Colo;id1000122175071914;pinnacle;Full Time Result;0.0;2;1.361;1.497;2026-09-29T19:03:25.644Z
30.09.2026;00:00;Chile;Copa Chile;Puerto Montt;Colo-Colo;id1000122175071914;pinnacle;Over Under Full Time;2.5;Over;1.714;1.819;2026-09-29T19:03:25.644Z
30.09.2026;00:00;Chile;Copa Chile;Puerto Montt;Colo-Colo;id1000122175071914;pinnacle;Over Under Full Time;2.5;Under;2.02;2.009;2026-09-29T19:03:25.644Z
30.09.2026;00:00;Chile;Copa Chile;Puerto Montt;Colo-Colo;id1000122175071914;pinnacle;Over Under Full Time;3.5;Over;2.75;2.89;2026-09-29T17:01:36.981Z
30.09.2026;00:00;Chile;Copa Chile;Puerto Montt;Colo-Colo;id1000122175071914;pinnacle;Over Under Full Time;3.5;Under;1.38;1.371;2026-09-29T17:01:36.981Z
30.09.2026;00:00;Chile;Copa Chile;Puerto Montt;Colo-Colo;id1000122175071914;pinnacle;Double Chance Full Time;0.0;12;1.223;1.228;2026-09-29T19:08:32.491Z
30.09.2026;00:00;Chile;Copa Chile;Puerto Montt;Colo-Colo;id1000122175071914;pinnacle;Double Chance Full Time;0.0;2X;1.125;1.127;2026-09-29T19:08:32.491Z
30.09.2026;00:00;Chile;Copa Chile;Puerto Montt;Colo-Colo;id1000122175071914;pinnacle;Over Under Team 2 First Half;0.5;Over;1.505;1.606;2026-09-29T19:03:25.956Z
30.09.2026;00:00;Chile;Copa Chile;Puerto Montt;Colo-Colo;id1000122175071914;pinnacle;Over Under Team 2 First Half;0.5;Under;2.35;2.17;2026-09-29T19:03:25.956Z
30.09.2026;00:00;Chile;Copa Chile;Puerto Montt;Colo-Colo;id1000122175071914;pinnacle;Over Under Team 1;0.5;Over;1.787;1.704;2026-09-29T19:03:25.644Z
30.09.2026;00:00;Chile;Copa Chile;Puerto Montt;Colo-Colo;id1000122175071914;pinnacle;Over Under Team 1;0.5;Under;1.892;2.13;2026-09-29T19:03:25.644Z
30.09.2026;00:00;Chile;Copa Chile;Puerto Montt;Colo-Colo;id1000122175071914;pinnacle;Over Under Team 2;1.5;Over;1.485;1.625;2026-09-29T19:03:25.644Z
30.09.2026;00:00;Chile;Copa Chile;Puerto Montt;Colo-Colo;id1000122175071914;pinnacle;Over Under Team 2;1.5;Under;2.42;2.22;2026-09-29T19:03:25.644Z
30.09.2026;00:00;Chile;Copa Chile;Puerto Montt;Colo-Colo;id1000122175071914;pinnacle;Over Under Team 2;2.5;Over;2.45;2.45;2026-09-28T15:45:31.586Z
30.09.2026;00:00;Chile;Copa Chile;Puerto Montt;Colo-Colo;id1000122175071914;pinnacle;Over Under Team 2;2.5;Under;1.49;1.49;2026-09-28T15:45:31.586Z
30.09.2026;00:00;Chile;Copa Chile;Puerto Montt;Colo-Colo;id1000122175071914;pinnacle;Over Under First Half;0.5;Over;1.304;1.347;2026-09-29T19:03:25.956Z
30.09.2026;00:00;Chile;Copa Chile;Puerto Montt;Colo-Colo;id1000122175071914;pinnacle;Over Under First Half;0.5;Under;2.99;3.05;2026-09-29T19:03:25.956Z
30.09.2026;00:00;Chile;Copa Chile;Puerto Montt;Colo-Colo;id1000122175071914;pinnacle;Over Under First Half;1.5;Over;2.46;2.65;2026-09-29T19:03:25.956Z
30.09.2026;00:00;Chile;Copa Chile;Puerto Montt;Colo-Colo;id1000122175071914;pinnacle;Over Under First Half;1.5;Under;1.442;1.444;2026-09-29T19:03:25.956Z
30.09.2026;00:00;Chile;Copa Chile;Puerto Montt;Colo-Colo;id1000122175071914;pinnacle;Both Teams To Score;0.0;Yes;1.909;1.943;2026-09-29T19:08:32.491Z
30.09.2026;00:00;Chile;Copa Chile;Puerto Montt;Colo-Colo;id1000122175071914;pinnacle;Both Teams To Score;0.0;No;1.833;1.833;2026-09-29T19:08:32.491Z
30.09.2026;00:00;Chile;Copa Chile;Puerto Montt;Colo-Colo;id1000122175071914;pinnacle;Asian Handicap First Half;0.0;1;4.38;3.89;2026-09-29T19:03:25.644Z
30.09.2026;00:00;Chile;Copa Chile;Puerto Montt;Colo-Colo;id1000122175071914;pinnacle;Asian Handicap First Half;0.0;2;1.146;1.228;2026-09-29T19:03:25.644Z
30.09.2026;00:00;Chile;Copa Chile;Puerto Montt;Colo-Colo;id1000122175071914;pinnacle;Asian Handicap First Half;0.25;1;2.45;2.28;2026-09-29T19:03:25.644Z
30.09.2026;00:00;Chile;Copa Chile;Puerto Montt;Colo-Colo;id1000122175071914;pinnacle;Asian Handicap First Half;0.25;2;1.465;1.609;2026-09-29T19:03:25.644Z
30.09.2026;00:00;Chile;Copa Chile;Puerto Montt;Colo-Colo;id1000122175071914;pinnacle;Asian Handicap First Half;0.5;1;1.917;1.819;2026-09-29T19:03:25.644Z
30.09.2026;00:00;Chile;Copa Chile;Puerto Montt;Colo-Colo;id1000122175071914;pinnacle;Asian Handicap First Half;0.5;2;1.787;1.99;2026-09-29T19:03:25.644Z
30.09.2026;00:00;Chile;Copa Chile;Puerto Montt;Colo-Colo;id1000122175071914;pinnacle;Asian Handicap First Half;0.75;1;1.621;1.54;2026-09-29T19:03:25.644Z
30.09.2026;00:00;Chile;Copa Chile;Puerto Montt;Colo-Colo;id1000122175071914;pinnacle;Asian Handicap First Half;0.75;2;2.11;2.43;2026-09-29T19:03:25.644Z
30.09.2026;00:00;Chile;Copa Chile;Puerto Montt;Colo-Colo;id1000122175071914;pinnacle;Asian Handicap First Half;1.0;1;1.325;1.267;2026-09-29T19:03:25.644Z
30.09.2026;00:00;Chile;Copa Chile;Puerto Montt;Colo-Colo;id1000122175071914;pinnacle;Asian Handicap First Half;1.0;2;2.89;3.55;2026-09-29T19:03:25.644Z
30.09.2026;00:00;Chile;Copa Chile;Puerto Montt;Colo-Colo;id1000122175071914;pinnacle;Asian Handicap;0.25;1;2.99;3.19;2026-09-29T19:03:25.644Z
30.09.2026;00:00;Chile;Copa Chile;Puerto Montt;Colo-Colo;id1000122175071914;pinnacle;Asian Handicap;0.25;2;1.326;1.328;2026-09-29T19:03:25.644Z
30.09.2026;00:00;Chile;Copa Chile;Puerto Montt;Colo-Colo;id1000122175071914;pinnacle;Asian Handicap;0.5;1;2.88;2.56;2026-09-29T19:03:25.644Z
30.09.2026;00:00;Chile;Copa Chile;Puerto Montt;Colo-Colo;id1000122175071914;pinnacle;Asian Handicap;0.5;2;1.349;1.483;2026-09-29T19:03:25.644Z
30.09.2026;00:00;Chile;Copa Chile;Puerto Montt;Colo-Colo;id1000122175071914;pinnacle;Asian Handicap;0.75;1;2.57;2.27;2026-09-29T19:03:25.644Z
30.09.2026;00:00;Chile;Copa Chile;Puerto Montt;Colo-Colo;id1000122175071914;pinnacle;Asian Handicap;0.75;2;1.432;1.625;2026-09-29T19:03:25.644Z
30.09.2026;00:00;Chile;Copa Chile;Puerto Montt;Colo-Colo;id1000122175071914;pinnacle;Asian Handicap;1.0;1;2.26;1.961;2026-09-29T19:03:25.644Z
30.09.2026;00:00;Chile;Copa Chile;Puerto Montt;Colo-Colo;id1000122175071914;pinnacle;Asian Handicap;1.0;2;1.571;1.862;2026-09-29T19:03:25.644Z
30.09.2026;00:00;Chile;Copa Chile;Puerto Montt;Colo-Colo;id1000122175071914;pinnacle;Asian Handicap;1.25;1;1.917;1.684;2026-09-29T19:03:25.644Z
30.09.2026;00:00;Chile;Copa Chile;Puerto Montt;Colo-Colo;id1000122175071914;pinnacle;Asian Handicap;1.25;2;1.826;2.16;2026-09-29T19:03:25.644Z
30.09.2026;00:00;Chile;Copa Chile;Puerto Montt;Colo-Colo;id1000122175071914;pinnacle;Asian Handicap;1.5;1;1.694;1.526;2026-09-29T19:03:25.644Z
30.09.2026;00:00;Chile;Copa Chile;Puerto Montt;Colo-Colo;id1000122175071914;pinnacle;Asian Handicap;1.5;2;2.05;2.44;2026-09-29T19:03:25.644Z
30.09.2026;00:00;Chile;Copa Chile;Puerto Montt;Colo-Colo;id1000122175071914;pinnacle;Asian Handicap;1.75;1;1.515;1.386;2026-09-29T19:03:25.644Z
30.09.2026;00:00;Chile;Copa Chile;Puerto Montt;Colo-Colo;id1000122175071914;pinnacle;Asian Handicap;1.75;2;2.34;2.9;2026-09-29T19:03:25.644Z
30.09.2026;00:00;Chile;Copa Chile;Puerto Montt;Colo-Colo;id1000122175071914;pinnacle;Asian Handicap;2.0;1;1.343;1.277;2026-09-29T17:01:36.981Z
30.09.2026;00:00;Chile;Copa Chile;Puerto Montt;Colo-Colo;id1000122175071914;pinnacle;Asian Handicap;2.0;2;2.91;3.42;2026-09-29T17:01:36.981Z
30.09.2026;00:00;Chile;Copa Chile;Puerto Montt;Colo-Colo;id1000122175071914;sbobet;Full Time Result;0.0;1;5.5;5.8;2026-09-29T15:28:58.735Z
30.09.2026;00:00;Chile;Copa Chile;Puerto Montt;Colo-Colo;id1000122175071914;sbobet;Full Time Result;0.0;X;3.82;3.9;2026-09-29T15:28:58.735Z
30.09.2026;00:00;Chile;Copa Chile;Puerto Montt;Colo-Colo;id1000122175071914;sbobet;Full Time Result;0.0;2;1.47;1.44;2026-09-29T15:28:58.735Z
30.09.2026;00:00;Chile;Copa Chile;Puerto Montt;Colo-Colo;id1000122175071914;sbobet;Over Under Full Time;2.5;Over;1.815;1.815;2026-09-29T11:11:09.325Z
30.09.2026;00:00;Chile;Copa Chile;Puerto Montt;Colo-Colo;id1000122175071914;sbobet;Over Under Full Time;2.5;Under;1.995;1.995;2026-09-29T11:11:09.325Z
30.09.2026;00:00;Chile;Copa Chile;Puerto Montt;Colo-Colo;id1000122175071914;sbobet;Double Chance Full Time;0.0;1X;2.33;2.41;2026-09-29T15:28:58.735Z
30.09.2026;00:00;Chile;Copa Chile;Puerto Montt;Colo-Colo;id1000122175071914;sbobet;Double Chance Full Time;0.0;12;1.18;1.17;2026-09-29T14:09:07.957Z
30.09.2026;00:00;Chile;Copa Chile;Puerto Montt;Colo-Colo;id1000122175071914;sbobet;Double Chance Full Time;0.0;2X;1.079;1.069;2026-09-29T15:28:58.735Z
30.09.2026;00:00;Chile;Copa Chile;Puerto Montt;Colo-Colo;id1000122175071914;sbobet;First Half Result;0.0;1;5.1;5.1;2026-09-29T11:11:09.325Z
30.09.2026;00:00;Chile;Copa Chile;Puerto Montt;Colo-Colo;id1000122175071914;sbobet;First Half Result;0.0;X;2.22;2.22;2026-09-29T11:11:09.325Z
30.09.2026;00:00;Chile;Copa Chile;Puerto Montt;Colo-Colo;id1000122175071914;sbobet;First Half Result;0.0;2;2.09;2.09;2026-09-29T11:11:09.325Z
30.09.2026;00:00;Chile;Copa Chile;Puerto Montt;Colo-Colo;id1000122175071914;sbobet;Asian Handicap First Half;0.5;1;1.745;1.745;2026-09-29T11:11:09.325Z
30.09.2026;00:00;Chile;Copa Chile;Puerto Montt;Colo-Colo;id1000122175071914;sbobet;Asian Handicap First Half;0.5;2;2.09;2.09;2026-09-29T11:11:09.325Z
30.09.2026;00:00;Chile;Copa Chile;Puerto Montt;Colo-Colo;id1000122175071914;sbobet;Asian Handicap;1.0;1;1.945;2.009;2026-09-29T15:28:58.735Z
30.09.2026;00:00;Chile;Copa Chile;Puerto Montt;Colo-Colo;id1000122175071914;sbobet;Asian Handicap;1.0;2;1.885;1.815;2026-09-29T15:28:58.735Z
30.09.2026;00:00;Chile;Copa Chile;Puerto Montt;Colo-Colo;id1000122175071914;sbobet;Asian Handicap;1.25;1;1.695;1.795;2026-09-29T15:28:58.735Z
30.09.2026;00:00;Chile;Copa Chile;Puerto Montt;Colo-Colo;id1000122175071914;sbobet;Asian Handicap;1.25;2;2.15;2.029;2026-09-29T15:28:58.735Z
30.09.2026;01:00;Bolivia;Copa Bolivia;Real Potosi;Academia del Balompie Boliviano;id1003903373550400;bet365;Full Time Result;0.0;1;1.3;1.19;2026-09-29T19:04:44.578Z
30.09.2026;01:00;Bolivia;Copa Bolivia;Real Potosi;Academia del Balompie Boliviano;id1003903373550400;bet365;Full Time Result;0.0;X;4.75;5.25;2026-09-29T19:04:44.578Z
30.09.2026;01:00;Bolivia;Copa Bolivia;Real Potosi;Academia del Balompie Boliviano;id1003903373550400;bet365;Full Time Result;0.0;2;6.5;9.0;2026-09-29T19:04:44.578Z
30.09.2026;01:00;Bolivia;Copa Bolivia;Real Potosi;Academia del Balompie Boliviano;id1003903373550400;bet365;Over Under Full Time;2.5;Over;1.22;1.25;2026-09-29T19:04:44.578Z
30.09.2026;01:00;Bolivia;Copa Bolivia;Real Potosi;Academia del Balompie Boliviano;id1003903373550400;bet365;Over Under Full Time;2.5;Under;4.0;3.6;2026-09-29T19:04:44.578Z
30.09.2026;01:00;Bolivia;Copa Bolivia;Real Potosi;Academia del Balompie Boliviano;id1003903373550400;bet365;Over Under Full Time;3.5;Over;1.58;1.87;2026-09-29T17:23:20.146Z
30.09.2026;01:00;Bolivia;Copa Bolivia;Real Potosi;Academia del Balompie Boliviano;id1003903373550400;bet365;Over Under Full Time;3.5;Under;2.2;1.77;2026-09-29T17:23:20.146Z
30.09.2026;01:00;Bolivia;Copa Bolivia;Real Potosi;Academia del Balompie Boliviano;id1003903373550400;bet365;Over Under Full Time;4.5;Over;2.37;3.25;2026-09-29T17:23:20.146Z
30.09.2026;01:00;Bolivia;Copa Bolivia;Real Potosi;Academia del Balompie Boliviano;id1003903373550400;bet365;Over Under Full Time;4.5;Under;1.5;1.3;2026-09-29T17:23:20.146Z
30.09.2026;01:00;Bolivia;Copa Bolivia;Real Potosi;Academia del Balompie Boliviano;id1003903373550400;bet365;Double Chance Full Time;0.0;1X;1.08;1.052;2026-09-29T19:04:44.578Z
30.09.2026;01:00;Bolivia;Copa Bolivia;Real Potosi;Academia del Balompie Boliviano;id1003903373550400;bet365;Double Chance Full Time;0.0;12;1.13;1.11;2026-09-29T17:23:20.146Z
30.09.2026;01:00;Bolivia;Copa Bolivia;Real Potosi;Academia del Balompie Boliviano;id1003903373550400;bet365;Double Chance Full Time;0.0;2X;3.0;3.75;2026-09-29T17:23:20.146Z
30.09.2026;01:00;Bolivia;Copa Bolivia;Real Potosi;Academia del Balompie Boliviano;id1003903373550400;bet365;First Half Result;0.0;1;1.69;1.58;2026-09-29T17:23:20.146Z
30.09.2026;01:00;Bolivia;Copa Bolivia;Real Potosi;Academia del Balompie Boliviano;id1003903373550400;bet365;First Half Result;0.0;X;3.1;3.1;2026-09-29T18:56:52.948Z
30.09.2026;01:00;Bolivia;Copa Bolivia;Real Potosi;Academia del Balompie Boliviano;id1003903373550400;bet365;First Half Result;0.0;2;6.0;7.5;2026-09-29T18:56:52.948Z
30.09.2026;01:00;Bolivia;Copa Bolivia;Real Potosi;Academia del Balompie Boliviano;id1003903373550400;bet365;Second Half Result;0.0;1;1.54;1.54;2026-09-29T15:53:01.265Z
30.09.2026;01:00;Bolivia;Copa Bolivia;Real Potosi;Academia del Balompie Boliviano;id1003903373550400;bet365;Second Half Result;0.0;X;3.4;3.2;2026-09-29T15:53:01.265Z
30.09.2026;01:00;Bolivia;Copa Bolivia;Real Potosi;Academia del Balompie Boliviano;id1003903373550400;bet365;Second Half Result;0.0;2;5.5;6.0;2026-09-29T15:53:01.265Z
30.09.2026;01:00;Bolivia;Copa Bolivia;Real Potosi;Academia del Balompie Boliviano;id1003903373550400;bet365;Over Under Team 1 First Half;0.5;Over;1.3;1.3;2026-09-29T16:01:31.667Z
30.09.2026;01:00;Bolivia;Copa Bolivia;Real Potosi;Academia del Balompie Boliviano;id1003903373550400;bet365;Over Under Team 1 First Half;0.5;Under;3.25;3.0;2026-09-29T15:53:01.265Z
30.09.2026;01:00;Bolivia;Copa Bolivia;Real Potosi;Academia del Balompie Boliviano;id1003903373550400;bet365;Over Under Team 1 First Half;1.5;Over;2.5;2.75;2026-09-29T15:53:01.265Z
30.09.2026;01:00;Bolivia;Copa Bolivia;Real Potosi;Academia del Balompie Boliviano;id1003903373550400;bet365;Over Under Team 1 First Half;1.5;Under;1.47;1.47;2026-09-29T16:01:31.667Z
30.09.2026;01:00;Bolivia;Copa Bolivia;Real Potosi;Academia del Balompie Boliviano;id1003903373550400;bet365;Over Under Team 1 First Half;2.5;Over;6.5;6.5;2026-09-29T16:01:31.667Z
30.09.2026;01:00;Bolivia;Copa Bolivia;Real Potosi;Academia del Balompie Boliviano;id1003903373550400;bet365;Over Under Team 1 First Half;2.5;Under;1.091;1.08;2026-09-29T16:01:31.667Z
30.09.2026;01:00;Bolivia;Copa Bolivia;Real Potosi;Academia del Balompie Boliviano;id1003903373550400;bet365;Over Under Team 1 First Half;3.5;Over;17.0;17.0;2026-09-29T16:01:31.667Z
30.09.2026;01:00;Bolivia;Copa Bolivia;Real Potosi;Academia del Balompie Boliviano;id1003903373550400;bet365;Over Under Team 1 First Half;3.5;Under;1.02;1.02;2026-09-29T16:01:31.667Z
30.09.2026;01:00;Bolivia;Copa Bolivia;Real Potosi;Academia del Balompie Boliviano;id1003903373550400;bet365;Over Under Team 1 First Half;4.5;Over;34.0;34.0;2026-09-29T16:01:31.667Z
30.09.2026;01:00;Bolivia;Copa Bolivia;Real Potosi;Academia del Balompie Boliviano;id1003903373550400;bet365;Over Under Team 2 First Half;0.5;Over;2.2;2.62;2026-09-29T15:53:01.265Z
30.09.2026;01:00;Bolivia;Copa Bolivia;Real Potosi;Academia del Balompie Boliviano;id1003903373550400;bet365;Over Under Team 2 First Half;0.5;Under;1.58;1.41;2026-09-29T15:53:01.265Z
30.09.2026;01:00;Bolivia;Copa Bolivia;Real Potosi;Academia del Balompie Boliviano;id1003903373550400;bet365;Over Under Team 2 First Half;1.5;Over;9.0;12.0;2026-09-29T15:53:01.265Z
30.09.2026;01:00;Bolivia;Copa Bolivia;Real Potosi;Academia del Balompie Boliviano;id1003903373550400;bet365;Over Under Team 2 First Half;1.5;Under;1.061;1.04;2026-09-29T16:01:31.667Z
30.09.2026;01:00;Bolivia;Copa Bolivia;Real Potosi;Academia del Balompie Boliviano;id1003903373550400;bet365;Over Under Team 2 First Half;2.5;Over;29.0;41.0;2026-09-29T15:53:01.265Z
30.09.2026;01:00;Bolivia;Copa Bolivia;Real Potosi;Academia del Balompie Boliviano;id1003903373550400;bet365;Over Under Team 2 First Half;2.5;Under;1.008;1.008;2026-09-29T07:09:29.868Z
30.09.2026;01:00;Bolivia;Copa Bolivia;Real Potosi;Academia del Balompie Boliviano;id1003903373550400;bet365;Over Under Team 2 First Half;3.5;Over;67.0;67.0;2026-09-29T07:09:29.868Z
30.09.2026;01:00;Bolivia;Copa Bolivia;Real Potosi;Academia del Balompie Boliviano;id1003903373550400;bet365;Over Under Team 1 Second Half;0.5;Over;1.17;1.19;2026-09-29T16:01:31.667Z
30.09.2026;01:00;Bolivia;Copa Bolivia;Real Potosi;Academia del Balompie Boliviano;id1003903373550400;bet365;Over Under Team 1 Second Half;0.5;Under;4.33;3.75;2026-09-29T15:53:01.265Z
30.09.2026;01:00;Bolivia;Copa Bolivia;Real Potosi;Academia del Balompie Boliviano;id1003903373550400;bet365;Over Under Team 1 Second Half;1.5;Over;1.97;2.2;2026-09-29T15:53:01.265Z
30.09.2026;01:00;Bolivia;Copa Bolivia;Real Potosi;Academia del Balompie Boliviano;id1003903373550400;bet365;Over Under Team 1 Second Half;1.5;Under;1.77;1.69;2026-09-29T16:01:31.667Z
30.09.2026;01:00;Bolivia;Copa Bolivia;Real Potosi;Academia del Balompie Boliviano;id1003903373550400;bet365;Over Under Team 1 Second Half;2.5;Over;4.33;4.5;2026-09-29T16:01:31.667Z
30.09.2026;01:00;Bolivia;Copa Bolivia;Real Potosi;Academia del Balompie Boliviano;id1003903373550400;bet365;Over Under Team 1 Second Half;2.5;Under;1.19;1.17;2026-09-29T16:01:31.667Z
30.09.2026;01:00;Bolivia;Copa Bolivia;Real Potosi;Academia del Balompie Boliviano;id1003903373550400;bet365;Over Under Team 1;0.5;Over;1.025;1.032;2026-09-29T16:01:31.667Z
30.09.2026;01:00;Bolivia;Copa Bolivia;Real Potosi;Academia del Balompie Boliviano;id1003903373550400;bet365;Over Under Team 1;0.5;Under;15.0;13.0;2026-09-29T16:01:31.667Z
30.09.2026;01:00;Bolivia;Copa Bolivia;Real Potosi;Academia del Balompie Boliviano;id1003903373550400;bet365;Over Under Team 1 Second Half;3.5;Over;10.0;11.0;2026-09-29T16:01:31.667Z
30.09.2026;01:00;Bolivia;Copa Bolivia;Real Potosi;Academia del Balompie Boliviano;id1003903373550400;bet365;Over Under Team 1 Second Half;3.5;Under;1.04;1.037;2026-09-29T16:01:31.667Z
30.09.2026;01:00;Bolivia;Copa Bolivia;Real Potosi;Academia del Balompie Boliviano;id1003903373550400;bet365;Over Under Team 1 Second Half;4.5;Over;21.0;23.0;2026-09-29T16:01:31.667Z
30.09.2026;01:00;Bolivia;Copa Bolivia;Real Potosi;Academia del Balompie Boliviano;id1003903373550400;bet365;Over Under Team 1 Second Half;4.5;Under;1.012;1.01;2026-09-29T16:01:31.667Z
30.09.2026;01:00;Bolivia;Copa Bolivia;Real Potosi;Academia del Balompie Boliviano;id1003903373550400;bet365;Over Under Team 2 Second Half;0.5;Over;1.87;2.2;2026-09-29T15:53:01.265Z
30.09.2026;01:00;Bolivia;Copa Bolivia;Real Potosi;Academia del Balompie Boliviano;id1003903373550400;bet365;Over Under Team 2 Second Half;0.5;Under;1.8;1.58;2026-09-29T15:53:01.265Z
30.09.2026;01:00;Bolivia;Copa Bolivia;Real Potosi;Academia del Balompie Boliviano;id1003903373550400;bet365;Over Under Team 2 Second Half;1.5;Over;6.0;8.0;2026-09-29T15:53:01.265Z
30.09.2026;01:00;Bolivia;Copa Bolivia;Real Potosi;Academia del Balompie Boliviano;id1003903373550400;bet365;Over Under Team 2 Second Half;1.5;Under;1.091;1.061;2026-09-29T15:53:01.265Z
30.09.2026;01:00;Bolivia;Copa Bolivia;Real Potosi;Academia del Balompie Boliviano;id1003903373550400;bet365;Over Under Team 2 Second Half;2.5;Over;21.0;29.0;2026-09-29T15:53:01.265Z
30.09.2026;01:00;Bolivia;Copa Bolivia;Real Potosi;Academia del Balompie Boliviano;id1003903373550400;bet365;Over Under Team 2 Second Half;2.5;Under;1.016;1.01;2026-09-29T15:53:01.265Z
30.09.2026;01:00;Bolivia;Copa Bolivia;Real Potosi;Academia del Balompie Boliviano;id1003903373550400;bet365;Over Under Team 2 Second Half;3.5;Over;41.0;51.0;2026-09-29T15:53:01.265Z
30.09.2026;01:00;Bolivia;Copa Bolivia;Real Potosi;Academia del Balompie Boliviano;id1003903373550400;bet365;Over Under Team 1;1.5;Over;1.19;1.22;2026-09-29T16:01:31.667Z
30.09.2026;01:00;Bolivia;Copa Bolivia;Real Potosi;Academia del Balompie Boliviano;id1003903373550400;bet365;Over Under Team 1;1.5;Under;4.0;3.75;2026-09-29T16:01:31.667Z
30.09.2026;01:00;Bolivia;Copa Bolivia;Real Potosi;Academia del Balompie Boliviano;id1003903373550400;bet365;Over Under Team 1;2.5;Over;1.69;1.77;2026-09-29T16:01:31.667Z
30.09.2026;01:00;Bolivia;Copa Bolivia;Real Potosi;Academia del Balompie Boliviano;id1003903373550400;bet365;Over Under Team 1;2.5;Under;1.97;1.8;2026-09-29T15:53:01.265Z
30.09.2026;01:00;Bolivia;Copa Bolivia;Real Potosi;Academia del Balompie Boliviano;id1003903373550400;bet365;Over Under Team 1;3.5;Over;2.75;3.4;2026-09-29T15:53:01.265Z
30.09.2026;01:00;Bolivia;Copa Bolivia;Real Potosi;Academia del Balompie Boliviano;id1003903373550400;bet365;Over Under Team 1;3.5;Under;1.37;1.33;2026-09-29T16:01:31.667Z
30.09.2026;01:00;Bolivia;Copa Bolivia;Real Potosi;Academia del Balompie Boliviano;id1003903373550400;bet365;Over Under Team 1;4.5;Over;5.5;5.5;2026-09-29T16:01:31.667Z
30.09.2026;01:00;Bolivia;Copa Bolivia;Real Potosi;Academia del Balompie Boliviano;id1003903373550400;bet365;Over Under Team 1;4.5;Under;1.11;1.11;2026-09-29T16:01:31.667Z
30.09.2026;01:00;Bolivia;Copa Bolivia;Real Potosi;Academia del Balompie Boliviano;id1003903373550400;bet365;Over Under Team 2;0.5;Over;1.33;1.47;2026-09-29T15:53:01.265Z
30.09.2026;01:00;Bolivia;Copa Bolivia;Real Potosi;Academia del Balompie Boliviano;id1003903373550400;bet365;Over Under Team 2;0.5;Under;3.0;2.5;2026-09-29T15:53:01.265Z
30.09.2026;01:00;Bolivia;Copa Bolivia;Real Potosi;Academia del Balompie Boliviano;id1003903373550400;bet365;Over Under Team 2;1.5;Over;2.62;3.5;2026-09-29T15:53:01.265Z
30.09.2026;01:00;Bolivia;Copa Bolivia;Real Potosi;Academia del Balompie Boliviano;id1003903373550400;bet365;Over Under Team 2;1.5;Under;1.41;1.25;2026-09-29T15:53:01.265Z
30.09.2026;01:00;Bolivia;Copa Bolivia;Real Potosi;Academia del Balompie Boliviano;id1003903373550400;bet365;Over Under Team 2;2.5;Over;7.0;11.0;2026-09-29T15:53:01.265Z
30.09.2026;01:00;Bolivia;Copa Bolivia;Real Potosi;Academia del Balompie Boliviano;id1003903373550400;bet365;Over Under Team 2;2.5;Under;1.08;1.04;2026-09-29T15:53:01.265Z
30.09.2026;01:00;Bolivia;Copa Bolivia;Real Potosi;Academia del Balompie Boliviano;id1003903373550400;bet365;Over Under Team 2;3.5;Over;21.0;29.0;2026-09-29T15:53:01.265Z
30.09.2026;01:00;Bolivia;Copa Bolivia;Real Potosi;Academia del Balompie Boliviano;id1003903373550400;bet365;Over Under Team 2;3.5;Under;1.012;1.008;2026-09-29T12:39:22.201Z
30.09.2026;01:00;Bolivia;Copa Bolivia;Real Potosi;Academia del Balompie Boliviano;id1003903373550400;bet365;Over Under Team 2;4.5;Over;51.0;51.0;2026-09-29T12:39:22.201Z
30.09.2026;01:00;Bolivia;Copa Bolivia;Real Potosi;Academia del Balompie Boliviano;id1003903373550400;bet365;Over Under First Half;0.5;Over;1.11;1.15;2026-09-29T16:01:31.667Z
30.09.2026;01:00;Bolivia;Copa Bolivia;Real Potosi;Academia del Balompie Boliviano;id1003903373550400;bet365;Over Under First Half;0.5;Under;5.5;4.5;2026-09-29T16:01:31.667Z
30.09.2026;01:00;Bolivia;Copa Bolivia;Real Potosi;Academia del Balompie Boliviano;id1003903373550400;bet365;Over Under First Half;1.5;Over;1.69;1.8;2026-09-29T16:01:31.667Z
30.09.2026;01:00;Bolivia;Copa Bolivia;Real Potosi;Academia del Balompie Boliviano;id1003903373550400;bet365;Over Under First Half;1.5;Under;1.97;1.77;2026-09-29T15:53:01.265Z
30.09.2026;01:00;Bolivia;Copa Bolivia;Real Potosi;Academia del Balompie Boliviano;id1003903373550400;bet365;Over Under First Half;2.5;Over;3.4;4.0;2026-09-29T15:53:01.265Z
30.09.2026;01:00;Bolivia;Copa Bolivia;Real Potosi;Academia del Balompie Boliviano;id1003903373550400;bet365;Over Under First Half;2.5;Under;1.27;1.22;2026-09-29T16:01:31.667Z
30.09.2026;01:00;Bolivia;Copa Bolivia;Real Potosi;Academia del Balompie Boliviano;id1003903373550400;bet365;Over Under First Half;3.5;Over;8.0;9.0;2026-09-29T16:01:31.667Z
30.09.2026;01:00;Bolivia;Copa Bolivia;Real Potosi;Academia del Balompie Boliviano;id1003903373550400;bet365;Over Under First Half;3.5;Under;1.068;1.061;2026-09-29T16:01:31.667Z
30.09.2026;01:00;Bolivia;Copa Bolivia;Real Potosi;Academia del Balompie Boliviano;id1003903373550400;bet365;Over Under First Half;4.5;Over;19.0;21.0;2026-09-29T16:01:31.667Z
30.09.2026;01:00;Bolivia;Copa Bolivia;Real Potosi;Academia del Balompie Boliviano;id1003903373550400;bet365;Over Under First Half;4.5;Under;1.016;1.012;2026-09-29T16:01:31.667Z
30.09.2026;01:00;Bolivia;Copa Bolivia;Real Potosi;Academia del Balompie Boliviano;id1003903373550400;bet365;Over Under Second Half;0.5;Over;1.068;1.08;2026-09-29T16:01:31.667Z
30.09.2026;01:00;Bolivia;Copa Bolivia;Real Potosi;Academia del Balompie Boliviano;id1003903373550400;bet365;Over Under Second Half;0.5;Under;8.0;7.0;2026-09-29T16:01:31.667Z
30.09.2026;01:00;Bolivia;Copa Bolivia;Real Potosi;Academia del Balompie Boliviano;id1003903373550400;bet365;Over Under Second Half;1.5;Over;1.41;1.47;2026-09-29T16:01:31.667Z
30.09.2026;01:00;Bolivia;Copa Bolivia;Real Potosi;Academia del Balompie Boliviano;id1003903373550400;bet365;Over Under Second Half;1.5;Under;2.62;2.25;2026-09-29T15:53:01.265Z
30.09.2026;01:00;Bolivia;Copa Bolivia;Real Potosi;Academia del Balompie Boliviano;id1003903373550400;bet365;Over Under Second Half;2.5;Over;2.37;2.75;2026-09-29T15:53:01.265Z
30.09.2026;01:00;Bolivia;Copa Bolivia;Real Potosi;Academia del Balompie Boliviano;id1003903373550400;bet365;Over Under Second Half;2.5;Under;1.5;1.41;2026-09-29T16:01:31.667Z
30.09.2026;01:00;Bolivia;Copa Bolivia;Real Potosi;Academia del Balompie Boliviano;id1003903373550400;bet365;Over Under Second Half;3.5;Over;4.5;5.5;2026-09-29T16:01:31.667Z
30.09.2026;01:00;Bolivia;Copa Bolivia;Real Potosi;Academia del Balompie Boliviano;id1003903373550400;bet365;Over Under Second Half;3.5;Under;1.15;1.11;2026-09-29T16:01:31.667Z
30.09.2026;01:00;Bolivia;Copa Bolivia;Real Potosi;Academia del Balompie Boliviano;id1003903373550400;bet365;Over Under Second Half;4.5;Over;10.0;13.0;2026-09-29T16:01:31.667Z
30.09.2026;01:00;Bolivia;Copa Bolivia;Real Potosi;Academia del Balompie Boliviano;id1003903373550400;bet365;Over Under Second Half;4.5;Under;1.052;1.032;2026-09-29T16:01:31.667Z
30.09.2026;01:00;Bolivia;Copa Bolivia;Real Potosi;Academia del Balompie Boliviano;id1003903373550400;bet365;Both Teams To Score;0.0;Yes;1.41;1.58;2026-09-29T17:23:20.146Z
30.09.2026;01:00;Bolivia;Copa Bolivia;Real Potosi;Academia del Balompie Boliviano;id1003903373550400;bet365;Both Teams To Score;0.0;No;2.62;2.2;2026-09-29T17:23:20.146Z
30.09.2026;01:00;Bolivia;Copa Bolivia;Real Potosi;Academia del Balompie Boliviano;id1003903373550400;bet365;Over Under Full Time;0.5;Over;1.004;1.012;2026-09-29T17:23:20.146Z
30.09.2026;01:00;Bolivia;Copa Bolivia;Real Potosi;Academia del Balompie Boliviano;id1003903373550400;bet365;Over Under Full Time;0.5;Under;34.0;21.0;2026-09-29T17:23:20.146Z
30.09.2026;01:00;Bolivia;Copa Bolivia;Real Potosi;Academia del Balompie Boliviano;id1003903373550400;bet365;Over Under Full Time;1.5;Over;1.052;1.091;2026-09-29T17:23:20.146Z
30.09.2026;01:00;Bolivia;Copa Bolivia;Real Potosi;Academia del Balompie Boliviano;id1003903373550400;bet365;Over Under Full Time;1.5;Under;10.0;6.5;2026-09-29T17:23:20.146Z
30.09.2026;01:00;Bolivia;Copa Bolivia;Real Potosi;Academia del Balompie Boliviano;id1003903373550400;pinnacle;Full Time Result;0.0;1;1.312;1.273;2026-09-29T18:02:43.488Z
30.09.2026;01:00;Bolivia;Copa Bolivia;Real Potosi;Academia del Balompie Boliviano;id1003903373550400;pinnacle;Full Time Result;0.0;X;4.96;4.71;2026-09-29T18:02:43.488Z
30.09.2026;01:00;Bolivia;Copa Bolivia;Real Potosi;Academia del Balompie Boliviano;id1003903373550400;pinnacle;Full Time Result;0.0;2;6.12;6.37;2026-09-29T18:02:43.488Z
30.09.2026;01:00;Bolivia;Copa Bolivia;Real Potosi;Academia del Balompie Boliviano;id1003903373550400;pinnacle;Over Under Full Time;2.5;Over;1.386;1.364;2026-09-29T18:02:43.488Z
30.09.2026;01:00;Bolivia;Copa Bolivia;Real Potosi;Academia del Balompie Boliviano;id1003903373550400;pinnacle;Over Under Full Time;2.5;Under;2.67;2.63;2026-09-29T18:02:43.488Z
30.09.2026;01:00;Bolivia;Copa Bolivia;Real Potosi;Academia del Balompie Boliviano;id1003903373550400;pinnacle;Over Under Full Time;3.5;Over;1.862;2.0;2026-09-29T18:02:43.488Z
30.09.2026;01:00;Bolivia;Copa Bolivia;Real Potosi;Academia del Balompie Boliviano;id1003903373550400;pinnacle;Over Under Full Time;3.5;Under;1.847;1.657;2026-09-29T18:02:43.488Z
30.09.2026;01:00;Bolivia;Copa Bolivia;Real Potosi;Academia del Balompie Boliviano;id1003903373550400;pinnacle;Over Under Team 1 First Half;0.5;Over;1.46;1.403;2026-09-29T10:01:33.347Z
30.09.2026;01:00;Bolivia;Copa Bolivia;Real Potosi;Academia del Balompie Boliviano;id1003903373550400;pinnacle;Over Under Team 1 First Half;0.5;Under;2.46;2.64;2026-09-29T10:01:33.347Z
30.09.2026;01:00;Bolivia;Copa Bolivia;Real Potosi;Academia del Balompie Boliviano;id1003903373550400;pinnacle;Over Under Team 1 First Half;1.5;Over;2.63;2.41;2026-09-29T19:16:35.851Z
30.09.2026;01:00;Bolivia;Copa Bolivia;Real Potosi;Academia del Balompie Boliviano;id1003903373550400;pinnacle;Over Under Team 1 First Half;1.5;Under;1.404;1.446;2026-09-29T19:16:35.851Z
30.09.2026;01:00;Bolivia;Copa Bolivia;Real Potosi;Academia del Balompie Boliviano;id1003903373550400;pinnacle;Over Under Team 2 First Half;0.5;Over;2.55;2.52;2026-09-29T13:34:01.586Z
30.09.2026;01:00;Bolivia;Copa Bolivia;Real Potosi;Academia del Balompie Boliviano;id1003903373550400;pinnacle;Over Under Team 2 First Half;0.5;Under;1.414;1.404;2026-09-29T13:34:01.586Z
30.09.2026;01:00;Bolivia;Copa Bolivia;Real Potosi;Academia del Balompie Boliviano;id1003903373550400;pinnacle;Over Under Team 1;2.5;Over;1.877;1.9;2026-09-29T18:02:43.488Z
30.09.2026;01:00;Bolivia;Copa Bolivia;Real Potosi;Academia del Balompie Boliviano;id1003903373550400;pinnacle;Over Under Team 1;2.5;Under;1.806;1.729;2026-09-29T18:02:43.488Z
30.09.2026;01:00;Bolivia;Copa Bolivia;Real Potosi;Academia del Balompie Boliviano;id1003903373550400;pinnacle;Over Under Team 2;0.5;Over;1.456;1.546;2026-09-29T18:02:43.488Z
30.09.2026;01:00;Bolivia;Copa Bolivia;Real Potosi;Academia del Balompie Boliviano;id1003903373550400;pinnacle;Over Under Team 2;0.5;Under;2.45;2.19;2026-09-29T18:02:43.488Z
30.09.2026;01:00;Bolivia;Copa Bolivia;Real Potosi;Academia del Balompie Boliviano;id1003903373550400;pinnacle;Over Under Team 2;1.5;Over;2.6;2.67;2026-09-29T10:01:29.859Z
30.09.2026;01:00;Bolivia;Copa Bolivia;Real Potosi;Academia del Balompie Boliviano;id1003903373550400;pinnacle;Over Under Team 2;1.5;Under;1.421;1.403;2026-09-29T10:01:29.859Z
30.09.2026;01:00;Bolivia;Copa Bolivia;Real Potosi;Academia del Balompie Boliviano;id1003903373550400;pinnacle;Over Under First Half;1.5;Over;1.917;1.833;2026-09-29T19:16:35.851Z
30.09.2026;01:00;Bolivia;Copa Bolivia;Real Potosi;Academia del Balompie Boliviano;id1003903373550400;pinnacle;Over Under First Half;1.5;Under;1.781;1.806;2026-09-29T19:16:35.851Z
30.09.2026;01:00;Bolivia;Copa Bolivia;Real Potosi;Academia del Balompie Boliviano;id1003903373550400;pinnacle;Asian Handicap;-2.0;1;2.35;2.21;2026-09-29T18:02:43.488Z
30.09.2026;01:00;Bolivia;Copa Bolivia;Real Potosi;Academia del Balompie Boliviano;id1003903373550400;pinnacle;Asian Handicap;-2.0;2;1.492;1.518;2026-09-29T18:02:43.488Z
30.09.2026;01:00;Bolivia;Copa Bolivia;Real Potosi;Academia del Balompie Boliviano;id1003903373550400;pinnacle;Asian Handicap;-1.75;1;2.029;1.934;2026-09-29T18:02:43.488Z
30.09.2026;01:00;Bolivia;Copa Bolivia;Real Potosi;Academia del Balompie Boliviano;id1003903373550400;pinnacle;Asian Handicap;-1.75;2;1.68;1.709;2026-09-29T18:02:43.488Z
30.09.2026;01:00;Bolivia;Copa Bolivia;Real Potosi;Academia del Balompie Boliviano;id1003903373550400;pinnacle;Asian Handicap First Half;-1.25;1;2.86;2.53;2026-09-29T19:16:35.851Z
30.09.2026;01:00;Bolivia;Copa Bolivia;Real Potosi;Academia del Balompie Boliviano;id1003903373550400;pinnacle;Asian Handicap First Half;-1.25;2;1.331;1.386;2026-09-29T19:16:35.851Z
30.09.2026;01:00;Bolivia;Copa Bolivia;Real Potosi;Academia del Balompie Boliviano;id1003903373550400;pinnacle;Asian Handicap First Half;-1.0;1;2.43;2.14;2026-09-29T19:16:35.851Z
30.09.2026;01:00;Bolivia;Copa Bolivia;Real Potosi;Academia del Balompie Boliviano;id1003903373550400;pinnacle;Asian Handicap First Half;-1.0;2;1.469;1.561;2026-09-29T19:16:35.851Z
30.09.2026;01:00;Bolivia;Copa Bolivia;Real Potosi;Academia del Balompie Boliviano;id1003903373550400;pinnacle;Asian Handicap First Half;-0.75;1;1.917;1.751;2026-09-29T19:16:35.851Z
30.09.2026;01:00;Bolivia;Copa Bolivia;Real Potosi;Academia del Balompie Boliviano;id1003903373550400;pinnacle;Asian Handicap First Half;-0.75;2;1.787;1.892;2026-09-29T19:16:35.851Z
30.09.2026;01:00;Bolivia;Copa Bolivia;Real Potosi;Academia del Balompie Boliviano;id1003903373550400;pinnacle;Asian Handicap;-1.5;1;1.833;1.757;2026-09-29T18:02:43.488Z
30.09.2026;01:00;Bolivia;Copa Bolivia;Real Potosi;Academia del Balompie Boliviano;id1003903373550400;pinnacle;Asian Handicap;-1.5;2;1.877;1.9;2026-09-29T18:02:43.488Z
30.09.2026;01:00;Bolivia;Copa Bolivia;Real Potosi;Academia del Balompie Boliviano;id1003903373550400;pinnacle;Asian Handicap First Half;-0.5;1;1.649;1.537;2026-09-29T19:16:35.851Z
30.09.2026;01:00;Bolivia;Copa Bolivia;Real Potosi;Academia del Balompie Boliviano;id1003903373550400;pinnacle;Asian Handicap First Half;-0.5;2;2.06;2.19;2026-09-29T19:16:35.851Z
30.09.2026;01:00;Bolivia;Copa Bolivia;Real Potosi;Academia del Balompie Boliviano;id1003903373550400;pinnacle;Asian Handicap First Half;-0.25;1;1.401;1.32;2026-09-29T19:16:35.851Z
30.09.2026;01:00;Bolivia;Copa Bolivia;Real Potosi;Academia del Balompie Boliviano;id1003903373550400;pinnacle;Asian Handicap First Half;-0.25;2;2.59;2.78;2026-09-29T19:16:35.851Z
30.09.2026;01:00;Bolivia;Copa Bolivia;Real Potosi;Academia del Balompie Boliviano;id1003903373550400;pinnacle;Asian Handicap First Half;0.0;1;1.294;1.162;2026-09-29T15:36:22.857Z
30.09.2026;01:00;Bolivia;Copa Bolivia;Real Potosi;Academia del Balompie Boliviano;id1003903373550400;pinnacle;Asian Handicap First Half;0.0;2;3.04;3.88;2026-09-29T15:36:22.857Z
30.09.2026;01:00;Bolivia;Copa Bolivia;Real Potosi;Academia del Balompie Boliviano;id1003903373550400;pinnacle;Asian Handicap;-1.25;1;1.641;1.574;2026-09-29T18:02:43.488Z
30.09.2026;01:00;Bolivia;Copa Bolivia;Real Potosi;Academia del Balompie Boliviano;id1003903373550400;pinnacle;Asian Handicap;-1.25;2;2.1;2.14;2026-09-29T18:02:43.488Z
30.09.2026;01:00;Bolivia;Copa Bolivia;Real Potosi;Academia del Balompie Boliviano;id1003903373550400;pinnacle;Asian Handicap;-1.0;1;1.446;1.39;2026-09-29T18:02:43.488Z
30.09.2026;01:00;Bolivia;Copa Bolivia;Real Potosi;Academia del Balompie Boliviano;id1003903373550400;pinnacle;Asian Handicap;-1.0;2;2.47;2.54;2026-09-29T18:02:43.488Z
30.09.2026;01:00;Bolivia;Copa Bolivia;Real Potosi;Academia del Balompie Boliviano;id1003903373550400;pinnacle;Asian Handicap;-0.75;1;1.361;1.316;2026-09-29T18:02:43.488Z
30.09.2026;01:00;Bolivia;Copa Bolivia;Real Potosi;Academia del Balompie Boliviano;id1003903373550400;pinnacle;Asian Handicap;-0.75;2;2.76;2.83;2026-09-29T18:02:43.488Z
30.09.2026;01:00;Bolivia;Copa Bolivia;Real Potosi;Academia del Balompie Boliviano;id1003903373550400;pinnacle;Asian Handicap;-0.5;1;1.507;1.31;2026-09-29T15:36:22.547Z
30.09.2026;01:00;Bolivia;Copa Bolivia;Real Potosi;Academia del Balompie Boliviano;id1003903373550400;pinnacle;Asian Handicap;-0.5;2;2.32;2.85;2026-09-29T15:36:22.547Z
30.09.2026;01:00;Bolivia;Copa Bolivia;Real Potosi;Academia del Balompie Boliviano;id1003903373550400;pinnacle;Asian Handicap;-0.25;1;1.367;1.319;2026-09-29T10:01:30.482Z
30.09.2026;01:00;Bolivia;Copa Bolivia;Real Potosi;Academia del Balompie Boliviano;id1003903373550400;pinnacle;Asian Handicap;-0.25;2;2.74;2.95;2026-09-29T10:01:30.482Z
30.09.2026;01:30;Brazil;Brasileiro Serie B;Botafogo FC SP;AA Ponte Preta SP;id1000039068823306;bet365;Full Time Result;0.0;1;1.19;1.22;2026-09-29T17:23:16.629Z
30.09.2026;01:30;Brazil;Brasileiro Serie B;Botafogo FC SP;AA Ponte Preta SP;id1000039068823306;bet365;Full Time Result;0.0;X;6.0;6.5;2026-09-29T17:23:16.629Z
30.09.2026;01:30;Brazil;Brasileiro Serie B;Botafogo FC SP;AA Ponte Preta SP;id1000039068823306;bet365;Full Time Result;0.0;2;9.0;9.0;2026-09-29T19:05:51.609Z
30.09.2026;01:30;Brazil;Brasileiro Serie B;Botafogo FC SP;AA Ponte Preta SP;id1000039068823306;bet365;Over Under Full Time;2.5;Over;1.54;1.69;2026-09-29T19:05:51.609Z
30.09.2026;01:30;Brazil;Brasileiro Serie B;Botafogo FC SP;AA Ponte Preta SP;id1000039068823306;bet365;Over Under Full Time;2.5;Under;2.35;2.04;2026-09-29T19:05:51.609Z
30.09.2026;01:30;Brazil;Brasileiro Serie B;Botafogo FC SP;AA Ponte Preta SP;id1000039068823306;bet365;Over Under Full Time;3.5;Over;2.5;2.75;2026-09-29T19:05:51.609Z
30.09.2026;01:30;Brazil;Brasileiro Serie B;Botafogo FC SP;AA Ponte Preta SP;id1000039068823306;bet365;Over Under Full Time;3.5;Under;1.47;1.37;2026-09-29T19:05:51.609Z
30.09.2026;01:30;Brazil;Brasileiro Serie B;Botafogo FC SP;AA Ponte Preta SP;id1000039068823306;bet365;Over Under Full Time;4.5;Over;4.33;5.5;2026-09-29T17:23:16.629Z
30.09.2026;01:30;Brazil;Brasileiro Serie B;Botafogo FC SP;AA Ponte Preta SP;id1000039068823306;bet365;Over Under Full Time;4.5;Under;1.17;1.11;2026-09-29T17:23:16.629Z
30.09.2026;01:30;Brazil;Brasileiro Serie B;Botafogo FC SP;AA Ponte Preta SP;id1000039068823306;bet365;Double Chance Full Time;0.0;1X;1.052;1.052;2026-09-29T18:05:07.004Z
30.09.2026;01:30;Brazil;Brasileiro Serie B;Botafogo FC SP;AA Ponte Preta SP;id1000039068823306;bet365;Double Chance Full Time;0.0;12;1.091;1.08;2026-09-29T18:05:07.004Z
30.09.2026;01:30;Brazil;Brasileiro Serie B;Botafogo FC SP;AA Ponte Preta SP;id1000039068823306;bet365;Double Chance Full Time;0.0;2X;3.75;4.0;2026-09-29T18:05:07.004Z
30.09.2026;01:30;Brazil;Brasileiro Serie B;Botafogo FC SP;AA Ponte Preta SP;id1000039068823306;bet365;First Half Result;0.0;1;1.58;1.58;2026-09-29T18:05:07.004Z
30.09.2026;01:30;Brazil;Brasileiro Serie B;Botafogo FC SP;AA Ponte Preta SP;id1000039068823306;bet365;First Half Result;0.0;X;2.75;2.62;2026-09-29T18:05:07.004Z
30.09.2026;01:30;Brazil;Brasileiro Serie B;Botafogo FC SP;AA Ponte Preta SP;id1000039068823306;bet365;First Half Result;0.0;2;10.0;12.0;2026-09-29T18:08:21.384Z
30.09.2026;01:30;Brazil;Brasileiro Serie B;Botafogo FC SP;AA Ponte Preta SP;id1000039068823306;bet365;Second Half Result;0.0;1;1.47;1.47;2026-09-29T18:05:07.004Z
30.09.2026;01:30;Brazil;Brasileiro Serie B;Botafogo FC SP;AA Ponte Preta SP;id1000039068823306;bet365;Second Half Result;0.0;X;3.1;3.0;2026-09-29T17:23:16.629Z
30.09.2026;01:30;Brazil;Brasileiro Serie B;Botafogo FC SP;AA Ponte Preta SP;id1000039068823306;bet365;Second Half Result;0.0;2;8.0;9.0;2026-09-29T18:05:07.004Z
30.09.2026;01:30;Brazil;Brasileiro Serie B;Botafogo FC SP;AA Ponte Preta SP;id1000039068823306;bet365;Over Under Team 1 First Half;0.5;Over;1.37;1.41;2026-09-29T17:23:16.629Z
30.09.2026;01:30;Brazil;Brasileiro Serie B;Botafogo FC SP;AA Ponte Preta SP;id1000039068823306;bet365;Over Under Team 1 First Half;0.5;Under;2.75;2.62;2026-09-29T17:23:16.629Z
30.09.2026;01:30;Brazil;Brasileiro Serie B;Botafogo FC SP;AA Ponte Preta SP;id1000039068823306;bet365;Over Under Team 1 First Half;1.5;Over;3.0;3.2;2026-09-29T18:05:07.004Z
30.09.2026;01:30;Brazil;Brasileiro Serie B;Botafogo FC SP;AA Ponte Preta SP;id1000039068823306;bet365;Over Under Team 1 First Half;1.5;Under;1.33;1.3;2026-09-29T17:23:16.629Z
30.09.2026;01:30;Brazil;Brasileiro Serie B;Botafogo FC SP;AA Ponte Preta SP;id1000039068823306;bet365;Over Under Team 1 First Half;2.5;Over;8.5;9.0;2026-09-29T18:05:07.004Z
30.09.2026;01:30;Brazil;Brasileiro Serie B;Botafogo FC SP;AA Ponte Preta SP;id1000039068823306;bet365;Over Under Team 1 First Half;2.5;Under;1.052;1.052;2026-09-29T18:05:07.004Z
30.09.2026;01:30;Brazil;Brasileiro Serie B;Botafogo FC SP;AA Ponte Preta SP;id1000039068823306;bet365;Over Under Team 1 First Half;3.5;Over;21.0;23.0;2026-09-29T17:23:16.629Z
30.09.2026;01:30;Brazil;Brasileiro Serie B;Botafogo FC SP;AA Ponte Preta SP;id1000039068823306;bet365;Over Under Team 1 First Half;3.5;Under;1.012;1.012;2026-09-29T18:05:07.004Z
30.09.2026;01:30;Brazil;Brasileiro Serie B;Botafogo FC SP;AA Ponte Preta SP;id1000039068823306;bet365;Over Under Team 1 First Half;4.5;Over;41.0;41.0;2026-09-29T17:23:16.629Z
30.09.2026;01:30;Brazil;Brasileiro Serie B;Botafogo FC SP;AA Ponte Preta SP;id1000039068823306;bet365;Over Under Team 2 First Half;0.5;Over;3.75;4.33;2026-09-29T17:23:16.629Z
30.09.2026;01:30;Brazil;Brasileiro Serie B;Botafogo FC SP;AA Ponte Preta SP;id1000039068823306;bet365;Over Under Team 2 First Half;0.5;Under;1.22;1.17;2026-09-29T17:23:16.629Z
30.09.2026;01:30;Brazil;Brasileiro Serie B;Botafogo FC SP;AA Ponte Preta SP;id1000039068823306;bet365;Over Under Team 2 First Half;1.5;Over;26.0;34.0;2026-09-29T18:05:07.004Z
30.09.2026;01:30;Brazil;Brasileiro Serie B;Botafogo FC SP;AA Ponte Preta SP;id1000039068823306;bet365;Over Under Team 2 First Half;1.5;Under;1.016;1.01;2026-09-29T18:05:07.004Z
30.09.2026;01:30;Brazil;Brasileiro Serie B;Botafogo FC SP;AA Ponte Preta SP;id1000039068823306;bet365;Over Under Team 2 First Half;2.5;Over;67.0;81.0;2026-09-29T17:23:16.629Z
30.09.2026;01:30;Brazil;Brasileiro Serie B;Botafogo FC SP;AA Ponte Preta SP;id1000039068823306;bet365;Over Under Team 1 Second Half;0.5;Over;1.25;1.27;2026-09-29T18:05:07.004Z
30.09.2026;01:30;Brazil;Brasileiro Serie B;Botafogo FC SP;AA Ponte Preta SP;id1000039068823306;bet365;Over Under Team 1 Second Half;0.5;Under;3.5;3.4;2026-09-29T18:05:07.004Z
30.09.2026;01:30;Brazil;Brasileiro Serie B;Botafogo FC SP;AA Ponte Preta SP;id1000039068823306;bet365;Over Under Team 1 Second Half;1.5;Over;2.37;2.5;2026-09-29T18:05:07.004Z
30.09.2026;01:30;Brazil;Brasileiro Serie B;Botafogo FC SP;AA Ponte Preta SP;id1000039068823306;bet365;Over Under Team 1 Second Half;1.5;Under;1.54;1.47;2026-09-29T17:23:16.629Z
30.09.2026;01:30;Brazil;Brasileiro Serie B;Botafogo FC SP;AA Ponte Preta SP;id1000039068823306;bet365;Over Under Team 1 Second Half;2.5;Over;5.5;6.0;2026-09-29T18:05:07.004Z
30.09.2026;01:30;Brazil;Brasileiro Serie B;Botafogo FC SP;AA Ponte Preta SP;id1000039068823306;bet365;Over Under Team 1 Second Half;2.5;Under;1.1;1.091;2026-09-29T17:23:16.629Z
30.09.2026;01:30;Brazil;Brasileiro Serie B;Botafogo FC SP;AA Ponte Preta SP;id1000039068823306;bet365;Over Under Team 1;0.5;Over;1.052;1.061;2026-09-29T18:05:07.004Z
30.09.2026;01:30;Brazil;Brasileiro Serie B;Botafogo FC SP;AA Ponte Preta SP;id1000039068823306;bet365;Over Under Team 1;0.5;Under;10.0;9.0;2026-09-29T18:05:07.004Z
30.09.2026;01:30;Brazil;Brasileiro Serie B;Botafogo FC SP;AA Ponte Preta SP;id1000039068823306;bet365;Over Under Team 1 Second Half;3.5;Over;15.0;17.0;2026-09-29T17:23:16.629Z
30.09.2026;01:30;Brazil;Brasileiro Serie B;Botafogo FC SP;AA Ponte Preta SP;id1000039068823306;bet365;Over Under Team 1 Second Half;3.5;Under;1.025;1.02;2026-09-29T17:23:16.629Z
30.09.2026;01:30;Brazil;Brasileiro Serie B;Botafogo FC SP;AA Ponte Preta SP;id1000039068823306;bet365;Over Under Team 1 Second Half;4.5;Over;29.0;34.0;2026-09-29T17:23:16.629Z
30.09.2026;01:30;Brazil;Brasileiro Serie B;Botafogo FC SP;AA Ponte Preta SP;id1000039068823306;bet365;Over Under Team 2 Second Half;0.5;Over;3.0;3.5;2026-09-29T18:05:07.004Z
30.09.2026;01:30;Brazil;Brasileiro Serie B;Botafogo FC SP;AA Ponte Preta SP;id1000039068823306;bet365;Over Under Team 2 Second Half;0.5;Under;1.33;1.25;2026-09-29T18:05:07.004Z
30.09.2026;01:30;Brazil;Brasileiro Serie B;Botafogo FC SP;AA Ponte Preta SP;id1000039068823306;bet365;Over Under Team 2 Second Half;1.5;Over;17.0;21.0;2026-09-29T17:23:16.629Z
30.09.2026;01:30;Brazil;Brasileiro Serie B;Botafogo FC SP;AA Ponte Preta SP;id1000039068823306;bet365;Over Under Team 2 Second Half;1.5;Under;1.025;1.02;2026-09-29T17:23:16.629Z
30.09.2026;01:30;Brazil;Brasileiro Serie B;Botafogo FC SP;AA Ponte Preta SP;id1000039068823306;bet365;Over Under Team 2 Second Half;2.5;Over;41.0;51.0;2026-09-29T17:23:16.629Z
30.09.2026;01:30;Brazil;Brasileiro Serie B;Botafogo FC SP;AA Ponte Preta SP;id1000039068823306;bet365;Over Under Team 1;1.5;Over;1.3;1.37;2026-09-29T17:23:16.629Z
30.09.2026;01:30;Brazil;Brasileiro Serie B;Botafogo FC SP;AA Ponte Preta SP;id1000039068823306;bet365;Over Under Team 1;1.5;Under;3.25;2.75;2026-09-29T17:23:16.629Z
30.09.2026;01:30;Brazil;Brasileiro Serie B;Botafogo FC SP;AA Ponte Preta SP;id1000039068823306;bet365;Over Under Team 1;2.5;Over;2.1;2.2;2026-09-29T18:05:07.004Z
30.09.2026;01:30;Brazil;Brasileiro Serie B;Botafogo FC SP;AA Ponte Preta SP;id1000039068823306;bet365;Over Under Team 1;2.5;Under;1.63;1.58;2026-09-29T18:05:07.004Z
30.09.2026;01:30;Brazil;Brasileiro Serie B;Botafogo FC SP;AA Ponte Preta SP;id1000039068823306;bet365;Over Under Team 1;3.5;Over;3.75;4.0;2026-09-29T18:05:07.004Z
30.09.2026;01:30;Brazil;Brasileiro Serie B;Botafogo FC SP;AA Ponte Preta SP;id1000039068823306;bet365;Over Under Team 1;3.5;Under;1.22;1.19;2026-09-29T18:05:07.004Z
30.09.2026;01:30;Brazil;Brasileiro Serie B;Botafogo FC SP;AA Ponte Preta SP;id1000039068823306;bet365;Over Under Team 1;4.5;Over;8.0;9.0;2026-09-29T18:05:07.004Z
30.09.2026;01:30;Brazil;Brasileiro Serie B;Botafogo FC SP;AA Ponte Preta SP;id1000039068823306;bet365;Over Under Team 1;4.5;Under;1.068;1.061;2026-09-29T18:05:07.004Z
30.09.2026;01:30;Brazil;Brasileiro Serie B;Botafogo FC SP;AA Ponte Preta SP;id1000039068823306;bet365;Over Under Team 2;0.5;Over;1.97;2.25;2026-09-29T18:05:07.004Z
30.09.2026;01:30;Brazil;Brasileiro Serie B;Botafogo FC SP;AA Ponte Preta SP;id1000039068823306;bet365;Over Under Team 2;0.5;Under;1.69;1.54;2026-09-29T18:05:07.004Z
30.09.2026;01:30;Brazil;Brasileiro Serie B;Botafogo FC SP;AA Ponte Preta SP;id1000039068823306;bet365;Over Under Team 2;1.5;Over;6.5;8.0;2026-09-29T17:23:16.629Z
30.09.2026;01:30;Brazil;Brasileiro Serie B;Botafogo FC SP;AA Ponte Preta SP;id1000039068823306;bet365;Over Under Team 2;1.5;Under;1.091;1.068;2026-09-29T17:23:16.629Z
30.09.2026;01:30;Brazil;Brasileiro Serie B;Botafogo FC SP;AA Ponte Preta SP;id1000039068823306;bet365;Over Under Team 2;2.5;Over;23.0;29.0;2026-09-29T18:05:07.004Z
30.09.2026;01:30;Brazil;Brasileiro Serie B;Botafogo FC SP;AA Ponte Preta SP;id1000039068823306;bet365;Over Under Team 2;2.5;Under;1.008;1.008;2026-09-29T17:23:16.629Z
30.09.2026;01:30;Brazil;Brasileiro Serie B;Botafogo FC SP;AA Ponte Preta SP;id1000039068823306;bet365;Over Under Team 2;3.5;Over;51.0;51.0;2026-09-29T17:23:16.629Z
30.09.2026;01:30;Brazil;Brasileiro Serie B;Botafogo FC SP;AA Ponte Preta SP;id1000039068823306;bet365;Over Under First Half;0.5;Over;1.25;1.27;2026-09-29T18:05:07.004Z
30.09.2026;01:30;Brazil;Brasileiro Serie B;Botafogo FC SP;AA Ponte Preta SP;id1000039068823306;bet365;Over Under First Half;0.5;Under;3.5;3.4;2026-09-29T18:05:07.004Z
30.09.2026;01:30;Brazil;Brasileiro Serie B;Botafogo FC SP;AA Ponte Preta SP;id1000039068823306;bet365;Over Under First Half;1.5;Over;2.25;2.5;2026-09-29T17:23:16.629Z
30.09.2026;01:30;Brazil;Brasileiro Serie B;Botafogo FC SP;AA Ponte Preta SP;id1000039068823306;bet365;Over Under First Half;1.5;Under;1.54;1.47;2026-09-29T17:23:16.629Z
30.09.2026;01:30;Brazil;Brasileiro Serie B;Botafogo FC SP;AA Ponte Preta SP;id1000039068823306;bet365;Over Under First Half;2.5;Over;5.5;6.0;2026-09-29T17:23:16.629Z
30.09.2026;01:30;Brazil;Brasileiro Serie B;Botafogo FC SP;AA Ponte Preta SP;id1000039068823306;bet365;Over Under First Half;2.5;Under;1.11;1.1;2026-09-29T17:23:16.629Z
30.09.2026;01:30;Brazil;Brasileiro Serie B;Botafogo FC SP;AA Ponte Preta SP;id1000039068823306;bet365;Over Under First Half;3.5;Over;15.0;17.0;2026-09-29T17:23:16.629Z
30.09.2026;01:30;Brazil;Brasileiro Serie B;Botafogo FC SP;AA Ponte Preta SP;id1000039068823306;bet365;Over Under First Half;3.5;Under;1.025;1.02;2026-09-29T17:23:16.629Z
30.09.2026;01:30;Brazil;Brasileiro Serie B;Botafogo FC SP;AA Ponte Preta SP;id1000039068823306;bet365;Over Under First Half;4.5;Over;34.0;41.0;2026-09-29T18:05:07.004Z
30.09.2026;01:30;Brazil;Brasileiro Serie B;Botafogo FC SP;AA Ponte Preta SP;id1000039068823306;bet365;Over Under Second Half;0.5;Over;1.13;1.17;2026-09-29T17:23:16.629Z
30.09.2026;01:30;Brazil;Brasileiro Serie B;Botafogo FC SP;AA Ponte Preta SP;id1000039068823306;bet365;Over Under Second Half;0.5;Under;5.0;4.33;2026-09-29T17:23:16.629Z
30.09.2026;01:30;Brazil;Brasileiro Serie B;Botafogo FC SP;AA Ponte Preta SP;id1000039068823306;bet365;Over Under Second Half;1.5;Over;1.8;1.87;2026-09-29T18:08:21.384Z
30.09.2026;01:30;Brazil;Brasileiro Serie B;Botafogo FC SP;AA Ponte Preta SP;id1000039068823306;bet365;Over Under Second Half;1.5;Under;1.8;1.77;2026-09-29T18:08:21.384Z
30.09.2026;01:30;Brazil;Brasileiro Serie B;Botafogo FC SP;AA Ponte Preta SP;id1000039068823306;bet365;Over Under Second Half;2.5;Over;3.75;4.0;2026-09-29T17:23:16.629Z
30.09.2026;01:30;Brazil;Brasileiro Serie B;Botafogo FC SP;AA Ponte Preta SP;id1000039068823306;bet365;Over Under Second Half;2.5;Under;1.22;1.19;2026-09-29T17:23:16.629Z
30.09.2026;01:30;Brazil;Brasileiro Serie B;Botafogo FC SP;AA Ponte Preta SP;id1000039068823306;bet365;Over Under Second Half;3.5;Over;9.0;11.0;2026-09-29T17:23:16.629Z
30.09.2026;01:30;Brazil;Brasileiro Serie B;Botafogo FC SP;AA Ponte Preta SP;id1000039068823306;bet365;Over Under Second Half;3.5;Under;1.061;1.04;2026-09-29T17:23:16.629Z
30.09.2026;01:30;Brazil;Brasileiro Serie B;Botafogo FC SP;AA Ponte Preta SP;id1000039068823306;bet365;Over Under Second Half;4.5;Over;21.0;26.0;2026-09-29T17:23:16.629Z
30.09.2026;01:30;Brazil;Brasileiro Serie B;Botafogo FC SP;AA Ponte Preta SP;id1000039068823306;bet365;Over Under Second Half;4.5;Under;1.012;1.008;2026-09-29T17:23:16.629Z
30.09.2026;01:30;Brazil;Brasileiro Serie B;Botafogo FC SP;AA Ponte Preta SP;id1000039068823306;bet365;Both Teams To Score;0.0;Yes;2.2;2.5;2026-09-29T17:23:16.629Z
30.09.2026;01:30;Brazil;Brasileiro Serie B;Botafogo FC SP;AA Ponte Preta SP;id1000039068823306;bet365;Both Teams To Score;0.0;No;1.58;1.47;2026-09-29T17:23:16.629Z
30.09.2026;01:30;Brazil;Brasileiro Serie B;Botafogo FC SP;AA Ponte Preta SP;id1000039068823306;bet365;Over Under Full Time;0.5;Over;1.02;1.032;2026-09-29T17:23:16.629Z
30.09.2026;01:30;Brazil;Brasileiro Serie B;Botafogo FC SP;AA Ponte Preta SP;id1000039068823306;bet365;Over Under Full Time;0.5;Under;17.0;13.0;2026-09-29T17:23:16.629Z
30.09.2026;01:30;Brazil;Brasileiro Serie B;Botafogo FC SP;AA Ponte Preta SP;id1000039068823306;bet365;Over Under Full Time;1.5;Over;1.15;1.19;2026-09-29T19:05:51.609Z
30.09.2026;01:30;Brazil;Brasileiro Serie B;Botafogo FC SP;AA Ponte Preta SP;id1000039068823306;bet365;Over Under Full Time;1.5;Under;4.5;4.0;2026-09-29T19:05:51.609Z
30.09.2026;01:30;Brazil;Brasileiro Serie B;Botafogo FC SP;AA Ponte Preta SP;id1000039068823306;pinnacle;Full Time Result;0.0;1;1.204;1.245;2026-09-29T19:30:28.708Z
30.09.2026;01:30;Brazil;Brasileiro Serie B;Botafogo FC SP;AA Ponte Preta SP;id1000039068823306;pinnacle;Full Time Result;0.0;X;5.76;5.83;2026-09-29T19:30:28.708Z
30.09.2026;01:30;Brazil;Brasileiro Serie B;Botafogo FC SP;AA Ponte Preta SP;id1000039068823306;pinnacle;Full Time Result;0.0;2;13.13;14.52;2026-09-29T19:30:28.708Z
30.09.2026;01:30;Brazil;Brasileiro Serie B;Botafogo FC SP;AA Ponte Preta SP;id1000039068823306;pinnacle;Over Under Full Time;2.5;Over;1.602;1.724;2026-09-29T19:30:28.708Z
30.09.2026;01:30;Brazil;Brasileiro Serie B;Botafogo FC SP;AA Ponte Preta SP;id1000039068823306;pinnacle;Over Under Full Time;2.5;Under;2.25;2.18;2026-09-29T19:30:28.708Z
30.09.2026;01:30;Brazil;Brasileiro Serie B;Botafogo FC SP;AA Ponte Preta SP;id1000039068823306;pinnacle;Over Under Full Time;3.5;Over;2.52;2.82;2026-09-29T19:30:28.708Z
30.09.2026;01:30;Brazil;Brasileiro Serie B;Botafogo FC SP;AA Ponte Preta SP;id1000039068823306;pinnacle;Over Under Full Time;3.5;Under;1.49;1.448;2026-09-29T19:30:28.708Z
30.09.2026;01:30;Brazil;Brasileiro Serie B;Botafogo FC SP;AA Ponte Preta SP;id1000039068823306;pinnacle;European Handicap;1.0;1;1.066;1.044;2026-09-29T18:04:21.084Z
30.09.2026;01:30;Brazil;Brasileiro Serie B;Botafogo FC SP;AA Ponte Preta SP;id1000039068823306;pinnacle;European Handicap;1.0;X;12.73;16.91;2026-09-29T18:04:21.084Z
30.09.2026;01:30;Brazil;Brasileiro Serie B;Botafogo FC SP;AA Ponte Preta SP;id1000039068823306;pinnacle;European Handicap;1.0;2;26.9;49.55;2026-09-29T18:04:21.084Z
30.09.2026;01:30;Brazil;Brasileiro Serie B;Botafogo FC SP;AA Ponte Preta SP;id1000039068823306;pinnacle;Over Under Full Time;4.5;Over;4.55;5.38;2026-09-29T19:30:28.708Z
30.09.2026;01:30;Brazil;Brasileiro Serie B;Botafogo FC SP;AA Ponte Preta SP;id1000039068823306;pinnacle;Over Under Full Time;4.5;Under;1.172;1.164;2026-09-29T19:30:28.708Z
30.09.2026;01:30;Brazil;Brasileiro Serie B;Botafogo FC SP;AA Ponte Preta SP;id1000039068823306;pinnacle;European Handicap;-1.0;1;1.719;1.735;2026-09-29T19:30:29.607Z
30.09.2026;01:30;Brazil;Brasileiro Serie B;Botafogo FC SP;AA Ponte Preta SP;id1000039068823306;pinnacle;European Handicap;-1.0;X;4.11;4.08;2026-09-29T19:30:29.607Z
30.09.2026;01:30;Brazil;Brasileiro Serie B;Botafogo FC SP;AA Ponte Preta SP;id1000039068823306;pinnacle;European Handicap;-1.0;2;4.14;4.28;2026-09-29T19:30:29.607Z
30.09.2026;01:30;Brazil;Brasileiro Serie B;Botafogo FC SP;AA Ponte Preta SP;id1000039068823306;pinnacle;European Handicap;-2.0;1;2.84;2.94;2026-09-29T19:30:29.607Z
30.09.2026;01:30;Brazil;Brasileiro Serie B;Botafogo FC SP;AA Ponte Preta SP;id1000039068823306;pinnacle;European Handicap;-2.0;X;4.03;4.12;2026-09-29T19:30:29.607Z
30.09.2026;01:30;Brazil;Brasileiro Serie B;Botafogo FC SP;AA Ponte Preta SP;id1000039068823306;pinnacle;European Handicap;-2.0;2;2.17;2.14;2026-09-29T19:30:29.607Z
30.09.2026;01:30;Brazil;Brasileiro Serie B;Botafogo FC SP;AA Ponte Preta SP;id1000039068823306;pinnacle;Double Chance Full Time;0.0;1X;1.055;1.045;2026-09-29T19:30:29.607Z
30.09.2026;01:30;Brazil;Brasileiro Serie B;Botafogo FC SP;AA Ponte Preta SP;id1000039068823306;pinnacle;Double Chance Full Time;0.0;12;1.147;1.156;2026-09-29T19:30:29.607Z
30.09.2026;01:30;Brazil;Brasileiro Serie B;Botafogo FC SP;AA Ponte Preta SP;id1000039068823306;pinnacle;Double Chance Full Time;0.0;2X;4.019;4.28;2026-09-29T19:30:29.607Z
30.09.2026;01:30;Brazil;Brasileiro Serie B;Botafogo FC SP;AA Ponte Preta SP;id1000039068823306;pinnacle;Double Chance First Half;0.0;1X;1.069;1.059;2026-09-29T18:04:21.084Z
30.09.2026;01:30;Brazil;Brasileiro Serie B;Botafogo FC SP;AA Ponte Preta SP;id1000039068823306;pinnacle;Double Chance First Half;0.0;12;1.403;1.446;2026-09-29T18:04:21.084Z
30.09.2026;01:30;Brazil;Brasileiro Serie B;Botafogo FC SP;AA Ponte Preta SP;id1000039068823306;pinnacle;Double Chance First Half;0.0;2X;2.26;2.27;2026-09-29T18:04:21.084Z
30.09.2026;01:30;Brazil;Brasileiro Serie B;Botafogo FC SP;AA Ponte Preta SP;id1000039068823306;pinnacle;First Half Result;0.0;1;1.564;1.657;2026-09-29T19:30:28.708Z
30.09.2026;01:30;Brazil;Brasileiro Serie B;Botafogo FC SP;AA Ponte Preta SP;id1000039068823306;pinnacle;First Half Result;0.0;X;2.83;2.8;2026-09-29T19:30:28.708Z
30.09.2026;01:30;Brazil;Brasileiro Serie B;Botafogo FC SP;AA Ponte Preta SP;id1000039068823306;pinnacle;First Half Result;0.0;2;10.63;11.09;2026-09-29T19:30:28.708Z
30.09.2026;01:30;Brazil;Brasileiro Serie B;Botafogo FC SP;AA Ponte Preta SP;id1000039068823306;pinnacle;Over Under Team 1 First Half;0.5;Over;1.375;1.436;2026-09-29T19:30:28.708Z
30.09.2026;01:30;Brazil;Brasileiro Serie B;Botafogo FC SP;AA Ponte Preta SP;id1000039068823306;pinnacle;Over Under Team 1 First Half;0.5;Under;2.85;2.81;2026-09-29T19:30:28.708Z
30.09.2026;01:30;Brazil;Brasileiro Serie B;Botafogo FC SP;AA Ponte Preta SP;id1000039068823306;pinnacle;Over Under Team 2 First Half;0.5;Over;4.24;4.44;2026-09-29T19:30:28.708Z
30.09.2026;01:30;Brazil;Brasileiro Serie B;Botafogo FC SP;AA Ponte Preta SP;id1000039068823306;pinnacle;Over Under Team 2 First Half;0.5;Under;1.202;1.211;2026-09-29T19:30:28.708Z
30.09.2026;01:30;Brazil;Brasileiro Serie B;Botafogo FC SP;AA Ponte Preta SP;id1000039068823306;pinnacle;Over Under Team 1;1.5;Over;1.3;1.373;2026-09-29T19:30:28.708Z
30.09.2026;01:30;Brazil;Brasileiro Serie B;Botafogo FC SP;AA Ponte Preta SP;id1000039068823306;pinnacle;Over Under Team 1;1.5;Under;3.2;3.05;2026-09-29T19:30:28.708Z
30.09.2026;01:30;Brazil;Brasileiro Serie B;Botafogo FC SP;AA Ponte Preta SP;id1000039068823306;pinnacle;Over Under Team 1;2.5;Over;2.06;2.27;2026-09-29T19:30:28.708Z
30.09.2026;01:30;Brazil;Brasileiro Serie B;Botafogo FC SP;AA Ponte Preta SP;id1000039068823306;pinnacle;Over Under Team 1;2.5;Under;1.709;1.657;2026-09-29T19:30:28.708Z
30.09.2026;01:30;Brazil;Brasileiro Serie B;Botafogo FC SP;AA Ponte Preta SP;id1000039068823306;pinnacle;Over Under Team 1;3.5;Over;3.79;4.34;2026-09-29T19:30:28.708Z
30.09.2026;01:30;Brazil;Brasileiro Serie B;Botafogo FC SP;AA Ponte Preta SP;id1000039068823306;pinnacle;Over Under Team 1;3.5;Under;1.224;1.212;2026-09-29T19:30:28.708Z
30.09.2026;01:30;Brazil;Brasileiro Serie B;Botafogo FC SP;AA Ponte Preta SP;id1000039068823306;pinnacle;Over Under Team 2;0.5;Over;2.22;2.28;2026-09-29T19:30:28.708Z
30.09.2026;01:30;Brazil;Brasileiro Serie B;Botafogo FC SP;AA Ponte Preta SP;id1000039068823306;pinnacle;Over Under Team 2;0.5;Under;1.609;1.649;2026-09-29T19:30:28.708Z
30.09.2026;01:30;Brazil;Brasileiro Serie B;Botafogo FC SP;AA Ponte Preta SP;id1000039068823306;pinnacle;Over Under First Half;0.5;Over;1.326;1.304;2026-09-29T03:43:46.310Z
30.09.2026;01:30;Brazil;Brasileiro Serie B;Botafogo FC SP;AA Ponte Preta SP;id1000039068823306;pinnacle;Over Under First Half;0.5;Under;3.23;3.37;2026-09-29T03:43:46.310Z
30.09.2026;01:30;Brazil;Brasileiro Serie B;Botafogo FC SP;AA Ponte Preta SP;id1000039068823306;pinnacle;Over Under First Half;1.5;Over;2.39;2.5;2026-09-29T19:30:28.708Z
30.09.2026;01:30;Brazil;Brasileiro Serie B;Botafogo FC SP;AA Ponte Preta SP;id1000039068823306;pinnacle;Over Under First Half;1.5;Under;1.512;1.531;2026-09-29T19:30:28.708Z
30.09.2026;01:30;Brazil;Brasileiro Serie B;Botafogo FC SP;AA Ponte Preta SP;id1000039068823306;pinnacle;Both Teams To Score First Half;0.0;Yes;6.31;6.4;2026-09-29T18:30:16.509Z
30.09.2026;01:30;Brazil;Brasileiro Serie B;Botafogo FC SP;AA Ponte Preta SP;id1000039068823306;pinnacle;Both Teams To Score First Half;0.0;No;1.116;1.123;2026-09-29T18:30:16.509Z
30.09.2026;01:30;Brazil;Brasileiro Serie B;Botafogo FC SP;AA Ponte Preta SP;id1000039068823306;pinnacle;Both Teams To Score;0.0;Yes;2.41;2.46;2026-09-29T19:30:29.607Z
30.09.2026;01:30;Brazil;Brasileiro Serie B;Botafogo FC SP;AA Ponte Preta SP;id1000039068823306;pinnacle;Both Teams To Score;0.0;No;1.568;1.568;2026-09-29T19:30:29.607Z
30.09.2026;01:30;Brazil;Brasileiro Serie B;Botafogo FC SP;AA Ponte Preta SP;id1000039068823306;pinnacle;Asian Handicap;-2.0;1;2.08;2.3;2026-09-29T19:30:28.708Z
30.09.2026;01:30;Brazil;Brasileiro Serie B;Botafogo FC SP;AA Ponte Preta SP;id1000039068823306;pinnacle;Asian Handicap;-2.0;2;1.719;1.666;2026-09-29T19:30:28.708Z
30.09.2026;01:30;Brazil;Brasileiro Serie B;Botafogo FC SP;AA Ponte Preta SP;id1000039068823306;pinnacle;Asian Handicap;-1.75;1;1.813;1.961;2026-09-29T19:30:28.708Z
30.09.2026;01:30;Brazil;Brasileiro Serie B;Botafogo FC SP;AA Ponte Preta SP;id1000039068823306;pinnacle;Asian Handicap;-1.75;2;1.98;1.925;2026-09-29T19:30:28.708Z
30.09.2026;01:30;Brazil;Brasileiro Serie B;Botafogo FC SP;AA Ponte Preta SP;id1000039068823306;pinnacle;Asian Handicap First Half;-1.25;1;2.9;3.17;2026-09-29T19:30:28.708Z
30.09.2026;01:30;Brazil;Brasileiro Serie B;Botafogo FC SP;AA Ponte Preta SP;id1000039068823306;pinnacle;Asian Handicap First Half;-1.25;2;1.375;1.37;2026-09-29T19:30:28.708Z
30.09.2026;01:30;Brazil;Brasileiro Serie B;Botafogo FC SP;AA Ponte Preta SP;id1000039068823306;pinnacle;Asian Handicap First Half;-1.0;1;2.34;2.56;2026-09-29T19:30:28.708Z
30.09.2026;01:30;Brazil;Brasileiro Serie B;Botafogo FC SP;AA Ponte Preta SP;id1000039068823306;pinnacle;Asian Handicap First Half;-1.0;2;1.555;1.531;2026-09-29T19:30:28.708Z
30.09.2026;01:30;Brazil;Brasileiro Serie B;Botafogo FC SP;AA Ponte Preta SP;id1000039068823306;pinnacle;Asian Handicap First Half;-0.75;1;1.806;1.934;2026-09-29T19:30:28.708Z
30.09.2026;01:30;Brazil;Brasileiro Serie B;Botafogo FC SP;AA Ponte Preta SP;id1000039068823306;pinnacle;Asian Handicap First Half;-0.75;2;1.952;1.917;2026-09-29T19:30:28.708Z
30.09.2026;01:30;Brazil;Brasileiro Serie B;Botafogo FC SP;AA Ponte Preta SP;id1000039068823306;pinnacle;Asian Handicap;-1.5;1;1.636;1.751;2026-09-29T19:30:28.708Z
30.09.2026;01:30;Brazil;Brasileiro Serie B;Botafogo FC SP;AA Ponte Preta SP;id1000039068823306;pinnacle;Asian Handicap;-1.5;2;2.22;2.16;2026-09-29T19:30:28.708Z
30.09.2026;01:30;Brazil;Brasileiro Serie B;Botafogo FC SP;AA Ponte Preta SP;id1000039068823306;pinnacle;Asian Handicap First Half;-0.5;1;1.558;1.653;2026-09-29T19:30:28.708Z
30.09.2026;01:30;Brazil;Brasileiro Serie B;Botafogo FC SP;AA Ponte Preta SP;id1000039068823306;pinnacle;Asian Handicap First Half;-0.5;2;2.34;2.28;2026-09-29T19:30:28.708Z
30.09.2026;01:30;Brazil;Brasileiro Serie B;Botafogo FC SP;AA Ponte Preta SP;id1000039068823306;pinnacle;Asian Handicap First Half;-0.25;1;1.308;1.371;2026-09-29T19:30:28.708Z
30.09.2026;01:30;Brazil;Brasileiro Serie B;Botafogo FC SP;AA Ponte Preta SP;id1000039068823306;pinnacle;Asian Handicap First Half;-0.25;2;3.25;3.16;2026-09-29T19:30:28.708Z
30.09.2026;01:30;Brazil;Brasileiro Serie B;Botafogo FC SP;AA Ponte Preta SP;id1000039068823306;pinnacle;Asian Handicap;-1.25;1;1.46;1.549;2026-09-29T19:30:28.708Z
30.09.2026;01:30;Brazil;Brasileiro Serie B;Botafogo FC SP;AA Ponte Preta SP;id1000039068823306;pinnacle;Asian Handicap;-1.25;2;2.64;2.56;2026-09-29T19:30:28.708Z
30.09.2026;01:30;Brazil;Brasileiro Serie B;Botafogo FC SP;AA Ponte Preta SP;id1000039068823306;pinnacle;Asian Handicap;-1.0;1;1.285;1.347;2026-09-29T19:30:28.708Z
30.09.2026;01:30;Brazil;Brasileiro Serie B;Botafogo FC SP;AA Ponte Preta SP;id1000039068823306;pinnacle;Asian Handicap;-1.0;2;3.46;3.35;2026-09-29T19:30:28.708Z
30.09.2026;01:30;Brazil;Brasileiro Serie B;Botafogo FC SP;AA Ponte Preta SP;id1000039068823306;pinnacle;Asian Handicap;-0.75;1;1.235;1.283;2026-09-29T19:30:28.708Z
30.09.2026;01:30;Brazil;Brasileiro Serie B;Botafogo FC SP;AA Ponte Preta SP;id1000039068823306;pinnacle;Asian Handicap;-0.75;2;3.9;3.83;2026-09-29T19:30:28.708Z
30.09.2026;01:30;Brazil;Brasileiro Serie B;Botafogo FC SP;AA Ponte Preta SP;id1000039068823306;pinnacle;Asian Handicap;-0.5;1;1.271;1.263;2026-09-29T13:35:30.491Z
30.09.2026;01:30;Brazil;Brasileiro Serie B;Botafogo FC SP;AA Ponte Preta SP;id1000039068823306;pinnacle;Asian Handicap;-0.5;2;3.88;4.019;2026-09-29T13:35:30.491Z
30.09.2026;01:30;Brazil;Brasileiro Serie B;Botafogo FC SP;AA Ponte Preta SP;id1000039068823306;pinnacle;Over Under Full Time;1.5;Over;1.187;1.233;2026-09-29T19:30:28.708Z
30.09.2026;01:30;Brazil;Brasileiro Serie B;Botafogo FC SP;AA Ponte Preta SP;id1000039068823306;pinnacle;Over Under Full Time;1.5;Under;4.34;4.26;2026-09-29T19:30:28.708Z
30.09.2026;01:30;Brazil;Brasileiro Serie B;Botafogo FC SP;AA Ponte Preta SP;id1000039068823306;sbobet;Full Time Result;0.0;1;1.23;1.21;2026-09-29T18:37:04.214Z
30.09.2026;01:30;Brazil;Brasileiro Serie B;Botafogo FC SP;AA Ponte Preta SP;id1000039068823306;sbobet;Full Time Result;0.0;X;5.3;5.5;2026-09-29T18:07:01.571Z
30.09.2026;01:30;Brazil;Brasileiro Serie B;Botafogo FC SP;AA Ponte Preta SP;id1000039068823306;sbobet;Full Time Result;0.0;2;9.4;10.5;2026-09-29T18:04:00.152Z
30.09.2026;01:30;Brazil;Brasileiro Serie B;Botafogo FC SP;AA Ponte Preta SP;id1000039068823306;sbobet;Over Under Full Time;2.5;Over;1.775;1.755;2026-09-29T18:04:00.152Z
30.09.2026;01:30;Brazil;Brasileiro Serie B;Botafogo FC SP;AA Ponte Preta SP;id1000039068823306;sbobet;Over Under Full Time;2.5;Under;2.1;2.12;2026-09-29T18:04:00.152Z
30.09.2026;01:30;Brazil;Brasileiro Serie B;Botafogo FC SP;AA Ponte Preta SP;id1000039068823306;sbobet;Double Chance Full Time;0.0;1X;1.012;1.014;2026-09-29T12:30:54.158Z
30.09.2026;01:30;Brazil;Brasileiro Serie B;Botafogo FC SP;AA Ponte Preta SP;id1000039068823306;sbobet;Double Chance Full Time;0.0;12;1.1;1.1;2026-09-29T11:20:56.488Z
30.09.2026;01:30;Brazil;Brasileiro Serie B;Botafogo FC SP;AA Ponte Preta SP;id1000039068823306;sbobet;Double Chance Full Time;0.0;2X;3.28;3.26;2026-09-29T12:30:54.158Z
30.09.2026;01:30;Brazil;Brasileiro Serie B;Botafogo FC SP;AA Ponte Preta SP;id1000039068823306;sbobet;First Half Result;0.0;1;1.63;1.62;2026-09-29T18:04:00.152Z
30.09.2026;01:30;Brazil;Brasileiro Serie B;Botafogo FC SP;AA Ponte Preta SP;id1000039068823306;sbobet;First Half Result;0.0;X;2.57;2.57;2026-09-29T18:04:00.152Z
30.09.2026;01:30;Brazil;Brasileiro Serie B;Botafogo FC SP;AA Ponte Preta SP;id1000039068823306;sbobet;First Half Result;0.0;2;8.4;8.4;2026-09-29T18:04:00.152Z
30.09.2026;01:30;Brazil;Brasileiro Serie B;Botafogo FC SP;AA Ponte Preta SP;id1000039068823306;sbobet;Asian Handicap;-1.75;1;2.0;1.945;2026-09-29T18:37:04.214Z
30.09.2026;01:30;Brazil;Brasileiro Serie B;Botafogo FC SP;AA Ponte Preta SP;id1000039068823306;sbobet;Asian Handicap;-1.75;2;1.885;1.945;2026-09-29T18:37:04.214Z
30.09.2026;01:30;Brazil;Brasileiro Serie B;Botafogo FC SP;AA Ponte Preta SP;id1000039068823306;sbobet;Asian Handicap First Half;-0.75;1;1.985;1.975;2026-09-29T18:04:00.152Z
30.09.2026;01:30;Brazil;Brasileiro Serie B;Botafogo FC SP;AA Ponte Preta SP;id1000039068823306;sbobet;Asian Handicap First Half;-0.75;2;1.885;1.895;2026-09-29T18:04:00.152Z
30.09.2026;01:30;Brazil;Brasileiro Serie B;Botafogo FC SP;AA Ponte Preta SP;id1000039068823306;sbobet;Asian Handicap;-1.5;1;1.835;1.755;2026-09-29T18:04:00.152Z
30.09.2026;01:30;Brazil;Brasileiro Serie B;Botafogo FC SP;AA Ponte Preta SP;id1000039068823306;sbobet;Asian Handicap;-1.5;2;2.05;2.15;2026-09-29T18:04:00.152Z
30.09.2026;02:00;Colombia;Torneo DIMAYOR;Union Magdalena;Real Cartagena FC;id1000123872636242;bet365;Full Time Result;0.0;1;2.25;2.2;2026-09-29T19:11:40.460Z
30.09.2026;02:00;Colombia;Torneo DIMAYOR;Union Magdalena;Real Cartagena FC;id1000123872636242;bet365;Full Time Result;0.0;X;3.1;3.2;2026-09-29T17:21:52.190Z
30.09.2026;02:00;Colombia;Torneo DIMAYOR;Union Magdalena;Real Cartagena FC;id1000123872636242;bet365;Full Time Result;0.0;2;3.0;3.2;2026-09-29T19:11:40.460Z
30.09.2026;02:00;Colombia;Torneo DIMAYOR;Union Magdalena;Real Cartagena FC;id1000123872636242;bet365;Over Under Full Time;2.5;Over;2.15;2.1;2026-09-29T17:21:52.190Z
30.09.2026;02:00;Colombia;Torneo DIMAYOR;Union Magdalena;Real Cartagena FC;id1000123872636242;bet365;Over Under Full Time;2.5;Under;1.63;1.67;2026-09-29T17:21:52.190Z
30.09.2026;02:00;Colombia;Torneo DIMAYOR;Union Magdalena;Real Cartagena FC;id1000123872636242;bet365;Double Chance Full Time;0.0;1X;1.33;1.33;2026-09-29T17:21:52.190Z
30.09.2026;02:00;Colombia;Torneo DIMAYOR;Union Magdalena;Real Cartagena FC;id1000123872636242;bet365;Double Chance Full Time;0.0;12;1.33;1.33;2026-09-29T17:21:52.190Z
30.09.2026;02:00;Colombia;Torneo DIMAYOR;Union Magdalena;Real Cartagena FC;id1000123872636242;bet365;Double Chance Full Time;0.0;2X;1.54;1.54;2026-09-29T17:21:52.190Z
30.09.2026;02:00;Colombia;Torneo DIMAYOR;Union Magdalena;Real Cartagena FC;id1000123872636242;bet365;First Half Result;0.0;1;3.0;2.87;2026-09-29T17:21:52.190Z
30.09.2026;02:00;Colombia;Torneo DIMAYOR;Union Magdalena;Real Cartagena FC;id1000123872636242;bet365;First Half Result;0.0;X;2.02;2.1;2026-09-29T17:21:52.190Z
30.09.2026;02:00;Colombia;Torneo DIMAYOR;Union Magdalena;Real Cartagena FC;id1000123872636242;bet365;First Half Result;0.0;2;3.5;3.6;2026-09-29T17:21:52.190Z
30.09.2026;02:00;Colombia;Torneo DIMAYOR;Union Magdalena;Real Cartagena FC;id1000123872636242;pinnacle;Full Time Result;0.0;1;2.26;2.31;2026-09-29T19:35:07.189Z
30.09.2026;02:00;Colombia;Torneo DIMAYOR;Union Magdalena;Real Cartagena FC;id1000123872636242;pinnacle;Full Time Result;0.0;X;2.95;3.15;2026-09-29T19:35:07.189Z
30.09.2026;02:00;Colombia;Torneo DIMAYOR;Union Magdalena;Real Cartagena FC;id1000123872636242;pinnacle;Full Time Result;0.0;2;3.02;3.06;2026-09-29T19:35:07.189Z
30.09.2026;02:00;Colombia;Torneo DIMAYOR;Union Magdalena;Real Cartagena FC;id1000123872636242;pinnacle;Over Under Full Time;2.5;Over;2.19;2.09;2026-09-29T19:35:07.189Z
30.09.2026;02:00;Colombia;Torneo DIMAYOR;Union Magdalena;Real Cartagena FC;id1000123872636242;pinnacle;Over Under Full Time;2.5;Under;1.595;1.714;2026-09-29T19:35:07.189Z
30.09.2026;02:00;Colombia;Torneo DIMAYOR;Union Magdalena;Real Cartagena FC;id1000123872636242;pinnacle;Double Chance Full Time;0.0;12;1.366;1.352;2026-09-29T19:35:08.808Z
30.09.2026;02:00;Colombia;Torneo DIMAYOR;Union Magdalena;Real Cartagena FC;id1000123872636242;pinnacle;Double Chance Full Time;0.0;2X;1.595;1.606;2026-09-29T19:35:08.808Z
30.09.2026;02:00;Colombia;Torneo DIMAYOR;Union Magdalena;Real Cartagena FC;id1000123872636242;pinnacle;Over Under Team 1;1.5;Over;2.46;2.39;2026-09-29T19:35:07.189Z
30.09.2026;02:00;Colombia;Torneo DIMAYOR;Union Magdalena;Real Cartagena FC;id1000123872636242;pinnacle;Over Under Team 1;1.5;Under;1.48;1.555;2026-09-29T19:35:07.189Z
30.09.2026;02:00;Colombia;Torneo DIMAYOR;Union Magdalena;Real Cartagena FC;id1000123872636242;pinnacle;Over Under Team 2;0.5;Over;1.425;1.401;2026-09-29T19:35:07.189Z
30.09.2026;02:00;Colombia;Torneo DIMAYOR;Union Magdalena;Real Cartagena FC;id1000123872636242;pinnacle;Over Under Team 2;0.5;Under;2.62;2.88;2026-09-29T19:35:07.189Z
30.09.2026;02:00;Colombia;Torneo DIMAYOR;Union Magdalena;Real Cartagena FC;id1000123872636242;pinnacle;Both Teams To Score;0.0;Yes;1.877;1.819;2026-09-29T10:01:07.860Z
30.09.2026;02:00;Colombia;Torneo DIMAYOR;Union Magdalena;Real Cartagena FC;id1000123872636242;pinnacle;Both Teams To Score;0.0;No;1.892;1.952;2026-09-29T10:01:07.860Z
30.09.2026;02:00;Colombia;Torneo DIMAYOR;Union Magdalena;Real Cartagena FC;id1000123872636242;pinnacle;Asian Handicap First Half;0.0;1;1.628;1.653;2026-09-29T19:35:07.189Z
30.09.2026;02:00;Colombia;Torneo DIMAYOR;Union Magdalena;Real Cartagena FC;id1000123872636242;pinnacle;Asian Handicap First Half;0.0;2;2.1;2.11;2026-09-29T19:35:07.189Z
30.09.2026;02:00;Colombia;Torneo DIMAYOR;Union Magdalena;Real Cartagena FC;id1000123872636242;pinnacle;Asian Handicap;-1.0;1;3.56;3.62;2026-09-29T19:35:07.189Z
30.09.2026;02:00;Colombia;Torneo DIMAYOR;Union Magdalena;Real Cartagena FC;id1000123872636242;pinnacle;Asian Handicap;-1.0;2;1.238;1.265;2026-09-29T19:35:07.189Z
30.09.2026;02:00;Colombia;Torneo DIMAYOR;Union Magdalena;Real Cartagena FC;id1000123872636242;pinnacle;Asian Handicap;-0.75;1;2.67;2.72;2026-09-29T19:35:07.189Z
30.09.2026;02:00;Colombia;Torneo DIMAYOR;Union Magdalena;Real Cartagena FC;id1000123872636242;pinnacle;Asian Handicap;-0.75;2;1.403;1.432;2026-09-29T19:35:07.189Z
30.09.2026;02:00;Colombia;Torneo DIMAYOR;Union Magdalena;Real Cartagena FC;id1000123872636242;pinnacle;Asian Handicap;-0.5;1;2.25;2.3;2026-09-29T19:35:07.189Z
30.09.2026;02:00;Colombia;Torneo DIMAYOR;Union Magdalena;Real Cartagena FC;id1000123872636242;pinnacle;Asian Handicap;-0.5;2;1.578;1.609;2026-09-29T19:35:07.189Z
30.09.2026;02:00;Colombia;Torneo DIMAYOR;Union Magdalena;Real Cartagena FC;id1000123872636242;pinnacle;Asian Handicap;-0.25;1;1.952;2.0;2026-09-29T19:35:07.189Z
30.09.2026;02:00;Colombia;Torneo DIMAYOR;Union Magdalena;Real Cartagena FC;id1000123872636242;pinnacle;Asian Handicap;-0.25;2;1.793;1.826;2026-09-29T19:35:07.189Z
30.09.2026;02:00;Colombia;Torneo DIMAYOR;Union Magdalena;Real Cartagena FC;id1000123872636242;pinnacle;Asian Handicap;0.0;1;1.617;1.657;2026-09-29T19:35:07.189Z
30.09.2026;02:00;Colombia;Torneo DIMAYOR;Union Magdalena;Real Cartagena FC;id1000123872636242;pinnacle;Asian Handicap;0.0;2;2.18;2.21;2026-09-29T19:35:07.189Z
30.09.2026;02:00;Colombia;Torneo DIMAYOR;Union Magdalena;Real Cartagena FC;id1000123872636242;pinnacle;Asian Handicap;0.25;1;1.432;1.469;2026-09-29T19:35:07.189Z
30.09.2026;02:00;Colombia;Torneo DIMAYOR;Union Magdalena;Real Cartagena FC;id1000123872636242;pinnacle;Asian Handicap;0.25;2;2.57;2.6;2026-09-29T19:35:07.189Z
30.09.2026;02:00;Colombia;Torneo DIMAYOR;Union Magdalena;Real Cartagena FC;id1000123872636242;pinnacle;Asian Handicap;0.5;1;1.333;1.366;2026-09-29T19:35:07.189Z
30.09.2026;02:00;Colombia;Torneo DIMAYOR;Union Magdalena;Real Cartagena FC;id1000123872636242;pinnacle;Asian Handicap;0.5;2;2.96;3.0;2026-09-29T19:35:07.189Z
30.09.2026;02:00;Colombia;Torneo DIMAYOR;Union Magdalena;Real Cartagena FC;id1000123872636242;pinnacle;Over Under Full Time;1.5;Over;1.361;1.327;2026-09-29T19:35:07.189Z
30.09.2026;02:00;Colombia;Torneo DIMAYOR;Union Magdalena;Real Cartagena FC;id1000123872636242;pinnacle;Over Under Full Time;1.5;Under;2.8;3.15;2026-09-29T19:35:07.189Z
30.09.2026;02:00;Colombia;Torneo DIMAYOR;Union Magdalena;Real Cartagena FC;id1000123872636242;sbobet;Full Time Result;0.0;1;2.21;2.17;2026-09-29T14:52:49.754Z
30.09.2026;02:00;Colombia;Torneo DIMAYOR;Union Magdalena;Real Cartagena FC;id1000123872636242;sbobet;Full Time Result;0.0;X;3.05;3.05;2026-09-29T16:48:52.912Z
30.09.2026;02:00;Colombia;Torneo DIMAYOR;Union Magdalena;Real Cartagena FC;id1000123872636242;sbobet;Full Time Result;0.0;2;2.92;3.0;2026-09-29T16:48:52.912Z
30.09.2026;02:00;Colombia;Torneo DIMAYOR;Union Magdalena;Real Cartagena FC;id1000123872636242;sbobet;Double Chance Full Time;0.0;1X;1.3;1.29;2026-09-29T14:52:49.754Z
30.09.2026;02:00;Colombia;Torneo DIMAYOR;Union Magdalena;Real Cartagena FC;id1000123872636242;sbobet;Double Chance Full Time;0.0;12;1.28;1.28;2026-09-29T05:20:54.760Z
30.09.2026;02:00;Colombia;Torneo DIMAYOR;Union Magdalena;Real Cartagena FC;id1000123872636242;sbobet;Double Chance Full Time;0.0;2X;1.52;1.54;2026-09-29T14:52:49.754Z
30.09.2026;02:00;Colombia;Torneo DIMAYOR;Union Magdalena;Real Cartagena FC;id1000123872636242;sbobet;First Half Result;0.0;1;2.85;2.9;2026-09-29T16:48:52.912Z
30.09.2026;02:00;Colombia;Torneo DIMAYOR;Union Magdalena;Real Cartagena FC;id1000123872636242;sbobet;First Half Result;0.0;X;2.06;2.02;2026-09-29T16:48:52.912Z
30.09.2026;02:00;Colombia;Torneo DIMAYOR;Union Magdalena;Real Cartagena FC;id1000123872636242;sbobet;First Half Result;0.0;2;3.5;3.56;2026-09-29T16:48:52.912Z
30.09.2026;02:00;Colombia;Torneo DIMAYOR;Union Magdalena;Real Cartagena FC;id1000123872636242;sbobet;Asian Handicap First Half;0.0;1;1.705;1.705;2026-09-29T05:20:54.760Z
30.09.2026;02:00;Colombia;Torneo DIMAYOR;Union Magdalena;Real Cartagena FC;id1000123872636242;sbobet;Asian Handicap First Half;0.0;2;2.14;2.14;2026-09-29T05:20:54.760Z
30.09.2026;02:00;Colombia;Torneo DIMAYOR;Union Magdalena;Real Cartagena FC;id1000123872636242;sbobet;Asian Handicap;-0.25;1;1.985;1.945;2026-09-29T14:52:49.754Z
30.09.2026;02:00;Colombia;Torneo DIMAYOR;Union Magdalena;Real Cartagena FC;id1000123872636242;sbobet;Asian Handicap;-0.25;2;1.845;1.885;2026-09-29T14:52:49.754Z
30.09.2026;03:00;Bolivia;Copa Bolivia;Club Aurora;San Antonio Bulo Bulo;id1003903373550402;bet365;Full Time Result;0.0;1;2.1;2.1;2026-09-29T19:02:49.466Z
30.09.2026;03:00;Bolivia;Copa Bolivia;Club Aurora;San Antonio Bulo Bulo;id1003903373550402;bet365;Full Time Result;0.0;X;3.5;3.5;2026-09-29T18:54:06.431Z
30.09.2026;03:00;Bolivia;Copa Bolivia;Club Aurora;San Antonio Bulo Bulo;id1003903373550402;bet365;Full Time Result;0.0;2;2.9;2.9;2026-09-29T19:02:49.466Z
30.09.2026;03:00;Bolivia;Copa Bolivia;Club Aurora;San Antonio Bulo Bulo;id1003903373550402;bet365;Over Under Full Time;2.5;Over;1.41;1.44;2026-09-29T19:02:49.466Z
30.09.2026;03:00;Bolivia;Copa Bolivia;Club Aurora;San Antonio Bulo Bulo;id1003903373550402;bet365;Over Under Full Time;2.5;Under;2.7;2.6;2026-09-29T19:02:49.466Z
30.09.2026;03:00;Bolivia;Copa Bolivia;Club Aurora;San Antonio Bulo Bulo;id1003903373550402;bet365;Over Under Full Time;3.5;Over;1.97;2.1;2026-09-29T19:02:49.466Z
30.09.2026;03:00;Bolivia;Copa Bolivia;Club Aurora;San Antonio Bulo Bulo;id1003903373550402;bet365;Over Under Full Time;3.5;Under;1.69;1.63;2026-09-29T19:02:49.466Z
30.09.2026;03:00;Bolivia;Copa Bolivia;Club Aurora;San Antonio Bulo Bulo;id1003903373550402;bet365;Over Under Full Time;4.5;Over;3.4;3.5;2026-09-29T19:02:49.466Z
30.09.2026;03:00;Bolivia;Copa Bolivia;Club Aurora;San Antonio Bulo Bulo;id1003903373550402;bet365;Over Under Full Time;4.5;Under;1.27;1.25;2026-09-29T19:02:49.466Z
30.09.2026;03:00;Bolivia;Copa Bolivia;Club Aurora;San Antonio Bulo Bulo;id1003903373550402;bet365;Double Chance Full Time;0.0;1X;1.33;1.19;2026-09-29T18:02:57.617Z
30.09.2026;03:00;Bolivia;Copa Bolivia;Club Aurora;San Antonio Bulo Bulo;id1003903373550402;bet365;Double Chance Full Time;0.0;12;1.22;1.22;2026-09-29T17:22:54.396Z
30.09.2026;03:00;Bolivia;Copa Bolivia;Club Aurora;San Antonio Bulo Bulo;id1003903373550402;bet365;Double Chance Full Time;0.0;2X;1.58;1.87;2026-09-29T18:02:57.617Z
30.09.2026;03:00;Bolivia;Copa Bolivia;Club Aurora;San Antonio Bulo Bulo;id1003903373550402;bet365;First Half Result;0.0;1;2.6;2.3;2026-09-29T18:02:57.617Z
30.09.2026;03:00;Bolivia;Copa Bolivia;Club Aurora;San Antonio Bulo Bulo;id1003903373550402;bet365;First Half Result;0.0;X;2.6;2.6;2026-09-29T17:46:23.175Z
30.09.2026;03:00;Bolivia;Copa Bolivia;Club Aurora;San Antonio Bulo Bulo;id1003903373550402;bet365;First Half Result;0.0;2;3.25;4.0;2026-09-29T18:02:57.617Z
30.09.2026;03:00;Bolivia;Copa Bolivia;Club Aurora;San Antonio Bulo Bulo;id1003903373550402;bet365;Second Half Result;0.0;1;2.4;2.1;2026-09-29T17:46:23.175Z
30.09.2026;03:00;Bolivia;Copa Bolivia;Club Aurora;San Antonio Bulo Bulo;id1003903373550402;bet365;Second Half Result;0.0;X;2.75;2.87;2026-09-29T17:46:23.175Z
30.09.2026;03:00;Bolivia;Copa Bolivia;Club Aurora;San Antonio Bulo Bulo;id1003903373550402;bet365;Second Half Result;0.0;2;2.87;3.6;2026-09-29T18:02:57.617Z
30.09.2026;03:00;Bolivia;Copa Bolivia;Club Aurora;San Antonio Bulo Bulo;id1003903373550402;bet365;Over Under Team 1 First Half;0.5;Over;1.63;1.54;2026-09-29T18:02:57.617Z
30.09.2026;03:00;Bolivia;Copa Bolivia;Club Aurora;San Antonio Bulo Bulo;id1003903373550402;bet365;Over Under Team 1 First Half;0.5;Under;2.1;2.25;2026-09-29T18:02:57.617Z
30.09.2026;03:00;Bolivia;Copa Bolivia;Club Aurora;San Antonio Bulo Bulo;id1003903373550402;bet365;Over Under Team 1 First Half;1.5;Over;4.5;4.0;2026-09-29T17:46:23.175Z
30.09.2026;03:00;Bolivia;Copa Bolivia;Club Aurora;San Antonio Bulo Bulo;id1003903373550402;bet365;Over Under Team 1 First Half;1.5;Under;1.17;1.19;2026-09-29T17:22:54.396Z
30.09.2026;03:00;Bolivia;Copa Bolivia;Club Aurora;San Antonio Bulo Bulo;id1003903373550402;bet365;Over Under Team 1 First Half;2.5;Over;15.0;13.0;2026-09-29T17:22:54.396Z
30.09.2026;03:00;Bolivia;Copa Bolivia;Club Aurora;San Antonio Bulo Bulo;id1003903373550402;bet365;Over Under Team 1 First Half;2.5;Under;1.025;1.032;2026-09-29T18:02:57.617Z
30.09.2026;03:00;Bolivia;Copa Bolivia;Club Aurora;San Antonio Bulo Bulo;id1003903373550402;bet365;Over Under Team 1 First Half;3.5;Over;34.0;29.0;2026-09-29T17:46:23.175Z
30.09.2026;03:00;Bolivia;Copa Bolivia;Club Aurora;San Antonio Bulo Bulo;id1003903373550402;bet365;Over Under Team 2 First Half;0.5;Over;1.8;2.02;2026-09-29T18:02:57.617Z
30.09.2026;03:00;Bolivia;Copa Bolivia;Club Aurora;San Antonio Bulo Bulo;id1003903373550402;bet365;Over Under Team 2 First Half;0.5;Under;1.8;1.69;2026-09-29T17:22:54.396Z
30.09.2026;03:00;Bolivia;Copa Bolivia;Club Aurora;San Antonio Bulo Bulo;id1003903373550402;bet365;Over Under Team 2 First Half;1.5;Over;6.0;7.5;2026-09-29T18:02:57.617Z
30.09.2026;03:00;Bolivia;Copa Bolivia;Club Aurora;San Antonio Bulo Bulo;id1003903373550402;bet365;Over Under Team 2 First Half;1.5;Under;1.1;1.068;2026-09-29T18:02:57.617Z
30.09.2026;03:00;Bolivia;Copa Bolivia;Club Aurora;San Antonio Bulo Bulo;id1003903373550402;bet365;Over Under Team 2 First Half;2.5;Over;21.0;26.0;2026-09-29T17:46:23.175Z
30.09.2026;03:00;Bolivia;Copa Bolivia;Club Aurora;San Antonio Bulo Bulo;id1003903373550402;bet365;Over Under Team 2 First Half;2.5;Under;1.016;1.012;2026-09-29T17:22:54.396Z
30.09.2026;03:00;Bolivia;Copa Bolivia;Club Aurora;San Antonio Bulo Bulo;id1003903373550402;bet365;Over Under Team 2 First Half;3.5;Over;41.0;51.0;2026-09-29T17:22:54.396Z
30.09.2026;03:00;Bolivia;Copa Bolivia;Club Aurora;San Antonio Bulo Bulo;id1003903373550402;bet365;Over Under Team 1 Second Half;0.5;Over;1.41;1.37;2026-09-29T17:46:23.175Z
30.09.2026;03:00;Bolivia;Copa Bolivia;Club Aurora;San Antonio Bulo Bulo;id1003903373550402;bet365;Over Under Team 1 Second Half;0.5;Under;2.62;2.75;2026-09-29T17:46:23.175Z
30.09.2026;03:00;Bolivia;Copa Bolivia;Club Aurora;San Antonio Bulo Bulo;id1003903373550402;bet365;Over Under Team 1 Second Half;1.5;Over;3.25;3.0;2026-09-29T17:46:23.175Z
30.09.2026;03:00;Bolivia;Copa Bolivia;Club Aurora;San Antonio Bulo Bulo;id1003903373550402;bet365;Over Under Team 1 Second Half;1.5;Under;1.3;1.37;2026-09-29T18:02:57.617Z
30.09.2026;03:00;Bolivia;Copa Bolivia;Club Aurora;San Antonio Bulo Bulo;id1003903373550402;bet365;Over Under Team 1 Second Half;2.5;Over;9.5;8.0;2026-09-29T18:02:57.617Z
30.09.2026;03:00;Bolivia;Copa Bolivia;Club Aurora;San Antonio Bulo Bulo;id1003903373550402;bet365;Over Under Team 1 Second Half;2.5;Under;1.045;1.061;2026-09-29T18:02:57.617Z
30.09.2026;03:00;Bolivia;Copa Bolivia;Club Aurora;San Antonio Bulo Bulo;id1003903373550402;bet365;Over Under Team 1;0.5;Over;1.1;1.091;2026-09-29T17:22:54.396Z
30.09.2026;03:00;Bolivia;Copa Bolivia;Club Aurora;San Antonio Bulo Bulo;id1003903373550402;bet365;Over Under Team 1;0.5;Under;6.0;6.5;2026-09-29T17:22:54.396Z
30.09.2026;03:00;Bolivia;Copa Bolivia;Club Aurora;San Antonio Bulo Bulo;id1003903373550402;bet365;Over Under Team 1 Second Half;3.5;Over;23.0;21.0;2026-09-29T17:22:54.396Z
30.09.2026;03:00;Bolivia;Copa Bolivia;Club Aurora;San Antonio Bulo Bulo;id1003903373550402;bet365;Over Under Team 1 Second Half;3.5;Under;1.01;1.012;2026-09-29T17:22:54.396Z
30.09.2026;03:00;Bolivia;Copa Bolivia;Club Aurora;San Antonio Bulo Bulo;id1003903373550402;bet365;Over Under Team 1 Second Half;4.5;Over;41.0;41.0;2026-09-29T17:22:54.396Z
30.09.2026;03:00;Bolivia;Copa Bolivia;Club Aurora;San Antonio Bulo Bulo;id1003903373550402;bet365;Over Under Team 2 Second Half;0.5;Over;1.54;1.69;2026-09-29T17:46:23.175Z
30.09.2026;03:00;Bolivia;Copa Bolivia;Club Aurora;San Antonio Bulo Bulo;id1003903373550402;bet365;Over Under Team 2 Second Half;0.5;Under;2.25;1.97;2026-09-29T17:46:23.175Z
30.09.2026;03:00;Bolivia;Copa Bolivia;Club Aurora;San Antonio Bulo Bulo;id1003903373550402;bet365;Over Under Team 2 Second Half;1.5;Over;4.0;5.0;2026-09-29T18:02:57.617Z
30.09.2026;03:00;Bolivia;Copa Bolivia;Club Aurora;San Antonio Bulo Bulo;id1003903373550402;bet365;Over Under Team 2 Second Half;1.5;Under;1.22;1.13;2026-09-29T17:46:23.175Z
30.09.2026;03:00;Bolivia;Copa Bolivia;Club Aurora;San Antonio Bulo Bulo;id1003903373550402;bet365;Over Under Team 2 Second Half;2.5;Over;12.0;17.0;2026-09-29T17:46:23.175Z
30.09.2026;03:00;Bolivia;Copa Bolivia;Club Aurora;San Antonio Bulo Bulo;id1003903373550402;bet365;Over Under Team 2 Second Half;2.5;Under;1.032;1.02;2026-09-29T18:02:57.617Z
30.09.2026;03:00;Bolivia;Copa Bolivia;Club Aurora;San Antonio Bulo Bulo;id1003903373550402;bet365;Over Under Team 2 Second Half;3.5;Over;29.0;41.0;2026-09-29T17:46:23.175Z
30.09.2026;03:00;Bolivia;Copa Bolivia;Club Aurora;San Antonio Bulo Bulo;id1003903373550402;bet365;Over Under Team 1;1.5;Over;1.63;1.54;2026-09-29T17:46:23.175Z
30.09.2026;03:00;Bolivia;Copa Bolivia;Club Aurora;San Antonio Bulo Bulo;id1003903373550402;bet365;Over Under Team 1;1.5;Under;2.1;2.25;2026-09-29T17:46:23.175Z
30.09.2026;03:00;Bolivia;Copa Bolivia;Club Aurora;San Antonio Bulo Bulo;id1003903373550402;bet365;Over Under Team 1;2.5;Over;3.25;2.75;2026-09-29T17:46:23.175Z
30.09.2026;03:00;Bolivia;Copa Bolivia;Club Aurora;San Antonio Bulo Bulo;id1003903373550402;bet365;Over Under Team 1;2.5;Under;1.3;1.37;2026-09-29T17:46:23.175Z
30.09.2026;03:00;Bolivia;Copa Bolivia;Club Aurora;San Antonio Bulo Bulo;id1003903373550402;bet365;Over Under Team 1;3.5;Over;7.0;6.0;2026-09-29T17:46:23.175Z
30.09.2026;03:00;Bolivia;Copa Bolivia;Club Aurora;San Antonio Bulo Bulo;id1003903373550402;bet365;Over Under Team 1;3.5;Under;1.08;1.1;2026-09-29T17:46:23.175Z
30.09.2026;03:00;Bolivia;Copa Bolivia;Club Aurora;San Antonio Bulo Bulo;id1003903373550402;bet365;Over Under Team 1;4.5;Over;17.0;13.0;2026-09-29T18:02:57.617Z
30.09.2026;03:00;Bolivia;Copa Bolivia;Club Aurora;San Antonio Bulo Bulo;id1003903373550402;bet365;Over Under Team 1;4.5;Under;1.02;1.032;2026-09-29T18:02:57.617Z
30.09.2026;03:00;Bolivia;Copa Bolivia;Club Aurora;San Antonio Bulo Bulo;id1003903373550402;bet365;Over Under Team 2;0.5;Over;1.17;1.25;2026-09-29T17:46:23.175Z
30.09.2026;03:00;Bolivia;Copa Bolivia;Club Aurora;San Antonio Bulo Bulo;id1003903373550402;bet365;Over Under Team 2;0.5;Under;4.33;3.5;2026-09-29T17:46:23.175Z
30.09.2026;03:00;Bolivia;Copa Bolivia;Club Aurora;San Antonio Bulo Bulo;id1003903373550402;bet365;Over Under Team 2;1.5;Over;1.97;2.37;2026-09-29T18:02:57.617Z
30.09.2026;03:00;Bolivia;Copa Bolivia;Club Aurora;San Antonio Bulo Bulo;id1003903373550402;bet365;Over Under Team 2;1.5;Under;1.69;1.5;2026-09-29T18:02:57.617Z
30.09.2026;03:00;Bolivia;Copa Bolivia;Club Aurora;San Antonio Bulo Bulo;id1003903373550402;bet365;Over Under Team 2;2.5;Over;4.33;5.5;2026-09-29T17:46:23.175Z
30.09.2026;03:00;Bolivia;Copa Bolivia;Club Aurora;San Antonio Bulo Bulo;id1003903373550402;bet365;Over Under Team 2;2.5;Under;1.17;1.11;2026-09-29T17:46:23.175Z
30.09.2026;03:00;Bolivia;Copa Bolivia;Club Aurora;San Antonio Bulo Bulo;id1003903373550402;bet365;Over Under Team 2;3.5;Over;11.0;15.0;2026-09-29T17:22:54.396Z
30.09.2026;03:00;Bolivia;Copa Bolivia;Club Aurora;San Antonio Bulo Bulo;id1003903373550402;bet365;Over Under Team 2;3.5;Under;1.04;1.025;2026-09-29T17:22:54.396Z
30.09.2026;03:00;Bolivia;Copa Bolivia;Club Aurora;San Antonio Bulo Bulo;id1003903373550402;bet365;Over Under Team 2;4.5;Over;26.0;41.0;2026-09-29T18:02:57.617Z
30.09.2026;03:00;Bolivia;Copa Bolivia;Club Aurora;San Antonio Bulo Bulo;id1003903373550402;bet365;Over Under Team 2;4.5;Under;1.008;1.008;2026-09-29T17:02:55.811Z
30.09.2026;03:00;Bolivia;Copa Bolivia;Club Aurora;San Antonio Bulo Bulo;id1003903373550402;bet365;Over Under First Half;0.5;Over;1.19;1.19;2026-09-29T17:22:54.396Z
30.09.2026;03:00;Bolivia;Copa Bolivia;Club Aurora;San Antonio Bulo Bulo;id1003903373550402;bet365;Over Under First Half;0.5;Under;4.0;4.0;2026-09-29T17:22:54.396Z
30.09.2026;03:00;Bolivia;Copa Bolivia;Club Aurora;San Antonio Bulo Bulo;id1003903373550402;bet365;Over Under First Half;1.5;Over;1.97;2.1;2026-09-29T17:22:54.396Z
30.09.2026;03:00;Bolivia;Copa Bolivia;Club Aurora;San Antonio Bulo Bulo;id1003903373550402;bet365;Over Under First Half;1.5;Under;1.69;1.63;2026-09-29T17:22:54.396Z
30.09.2026;03:00;Bolivia;Copa Bolivia;Club Aurora;San Antonio Bulo Bulo;id1003903373550402;bet365;Over Under First Half;2.5;Over;4.33;4.5;2026-09-29T17:22:54.396Z
30.09.2026;03:00;Bolivia;Copa Bolivia;Club Aurora;San Antonio Bulo Bulo;id1003903373550402;bet365;Over Under First Half;2.5;Under;1.17;1.15;2026-09-29T17:22:54.396Z
30.09.2026;03:00;Bolivia;Copa Bolivia;Club Aurora;San Antonio Bulo Bulo;id1003903373550402;bet365;Over Under First Half;3.5;Over;11.0;13.0;2026-09-29T17:22:54.396Z
30.09.2026;03:00;Bolivia;Copa Bolivia;Club Aurora;San Antonio Bulo Bulo;id1003903373550402;bet365;Over Under First Half;3.5;Under;1.04;1.032;2026-09-29T17:22:54.396Z
30.09.2026;03:00;Bolivia;Copa Bolivia;Club Aurora;San Antonio Bulo Bulo;id1003903373550402;bet365;Over Under First Half;4.5;Over;29.0;29.0;2026-09-29T17:22:54.396Z
30.09.2026;03:00;Bolivia;Copa Bolivia;Club Aurora;San Antonio Bulo Bulo;id1003903373550402;bet365;Over Under Second Half;0.5;Over;1.1;1.11;2026-09-29T17:22:54.396Z
30.09.2026;03:00;Bolivia;Copa Bolivia;Club Aurora;San Antonio Bulo Bulo;id1003903373550402;bet365;Over Under Second Half;0.5;Under;6.0;5.5;2026-09-29T17:22:54.396Z
30.09.2026;03:00;Bolivia;Copa Bolivia;Club Aurora;San Antonio Bulo Bulo;id1003903373550402;bet365;Over Under Second Half;1.5;Over;1.58;1.63;2026-09-29T17:22:54.396Z
30.09.2026;03:00;Bolivia;Copa Bolivia;Club Aurora;San Antonio Bulo Bulo;id1003903373550402;bet365;Over Under Second Half;1.5;Under;2.2;2.1;2026-09-29T17:22:54.396Z
30.09.2026;03:00;Bolivia;Copa Bolivia;Club Aurora;San Antonio Bulo Bulo;id1003903373550402;bet365;Over Under Second Half;2.5;Over;3.0;3.25;2026-09-29T18:02:57.617Z
30.09.2026;03:00;Bolivia;Copa Bolivia;Club Aurora;San Antonio Bulo Bulo;id1003903373550402;bet365;Over Under Second Half;2.5;Under;1.33;1.3;2026-09-29T18:02:57.617Z
30.09.2026;03:00;Bolivia;Copa Bolivia;Club Aurora;San Antonio Bulo Bulo;id1003903373550402;bet365;Over Under Second Half;3.5;Over;6.5;7.0;2026-09-29T17:46:23.175Z
30.09.2026;03:00;Bolivia;Copa Bolivia;Club Aurora;San Antonio Bulo Bulo;id1003903373550402;bet365;Over Under Second Half;3.5;Under;1.091;1.08;2026-09-29T17:46:23.175Z
30.09.2026;03:00;Bolivia;Copa Bolivia;Club Aurora;San Antonio Bulo Bulo;id1003903373550402;bet365;Over Under Second Half;4.5;Over;15.0;17.0;2026-09-29T17:22:54.396Z
30.09.2026;03:00;Bolivia;Copa Bolivia;Club Aurora;San Antonio Bulo Bulo;id1003903373550402;bet365;Over Under Second Half;4.5;Under;1.025;1.02;2026-09-29T17:22:54.396Z
30.09.2026;03:00;Bolivia;Copa Bolivia;Club Aurora;San Antonio Bulo Bulo;id1003903373550402;bet365;Both Teams To Score;0.0;Yes;1.37;1.37;2026-09-29T19:02:49.466Z
30.09.2026;03:00;Bolivia;Copa Bolivia;Club Aurora;San Antonio Bulo Bulo;id1003903373550402;bet365;Both Teams To Score;0.0;No;2.75;2.75;2026-09-29T19:02:49.466Z
30.09.2026;03:00;Bolivia;Copa Bolivia;Club Aurora;San Antonio Bulo Bulo;id1003903373550402;bet365;Over Under Full Time;0.5;Over;1.012;1.016;2026-09-29T18:54:06.431Z
30.09.2026;03:00;Bolivia;Copa Bolivia;Club Aurora;San Antonio Bulo Bulo;id1003903373550402;bet365;Over Under Full Time;0.5;Under;21.0;19.0;2026-09-29T18:54:06.431Z
30.09.2026;03:00;Bolivia;Copa Bolivia;Club Aurora;San Antonio Bulo Bulo;id1003903373550402;bet365;Over Under Full Time;1.5;Over;1.1;1.1;2026-09-29T19:02:49.466Z
30.09.2026;03:00;Bolivia;Copa Bolivia;Club Aurora;San Antonio Bulo Bulo;id1003903373550402;bet365;Over Under Full Time;1.5;Under;6.0;6.0;2026-09-29T19:02:49.466Z
30.09.2026;03:00;Bolivia;Copa Bolivia;Club Aurora;San Antonio Bulo Bulo;id1003903373550402;pinnacle;Full Time Result;0.0;1;2.07;1.751;2026-09-29T19:40:45.653Z
30.09.2026;03:00;Bolivia;Copa Bolivia;Club Aurora;San Antonio Bulo Bulo;id1003903373550402;pinnacle;Full Time Result;0.0;X;3.47;3.64;2026-09-29T19:40:45.653Z
30.09.2026;03:00;Bolivia;Copa Bolivia;Club Aurora;San Antonio Bulo Bulo;id1003903373550402;pinnacle;Full Time Result;0.0;2;2.82;3.56;2026-09-29T19:40:45.653Z
30.09.2026;03:00;Bolivia;Copa Bolivia;Club Aurora;San Antonio Bulo Bulo;id1003903373550402;pinnacle;Over Under Full Time;2.5;Over;1.414;1.45;2026-09-29T19:40:45.653Z
30.09.2026;03:00;Bolivia;Copa Bolivia;Club Aurora;San Antonio Bulo Bulo;id1003903373550402;pinnacle;Over Under Full Time;2.5;Under;2.57;2.46;2026-09-29T19:40:45.653Z
30.09.2026;03:00;Bolivia;Copa Bolivia;Club Aurora;San Antonio Bulo Bulo;id1003903373550402;pinnacle;Over Under Full Time;3.5;Over;2.04;2.14;2026-09-29T19:40:45.653Z
30.09.2026;03:00;Bolivia;Copa Bolivia;Club Aurora;San Antonio Bulo Bulo;id1003903373550402;pinnacle;Over Under Full Time;3.5;Under;1.675;1.613;2026-09-29T19:40:45.653Z
30.09.2026;03:00;Bolivia;Copa Bolivia;Club Aurora;San Antonio Bulo Bulo;id1003903373550402;pinnacle;Over Under Team 1 First Half;0.5;Over;1.621;1.574;2026-09-29T19:40:45.653Z
30.09.2026;03:00;Bolivia;Copa Bolivia;Club Aurora;San Antonio Bulo Bulo;id1003903373550402;pinnacle;Over Under Team 1 First Half;0.5;Under;2.08;2.2;2026-09-29T19:40:45.653Z
30.09.2026;03:00;Bolivia;Copa Bolivia;Club Aurora;San Antonio Bulo Bulo;id1003903373550402;pinnacle;Over Under Team 2 First Half;0.5;Over;1.84;2.06;2026-09-29T19:40:45.653Z
30.09.2026;03:00;Bolivia;Copa Bolivia;Club Aurora;San Antonio Bulo Bulo;id1003903373550402;pinnacle;Over Under Team 2 First Half;0.5;Under;1.8;1.653;2026-09-29T19:40:45.653Z
30.09.2026;03:00;Bolivia;Copa Bolivia;Club Aurora;San Antonio Bulo Bulo;id1003903373550402;pinnacle;Over Under Team 1;1.5;Over;1.666;1.568;2026-09-29T19:40:45.653Z
30.09.2026;03:00;Bolivia;Copa Bolivia;Club Aurora;San Antonio Bulo Bulo;id1003903373550402;pinnacle;Over Under Team 1;1.5;Under;2.02;2.23;2026-09-29T19:40:45.653Z
30.09.2026;03:00;Bolivia;Copa Bolivia;Club Aurora;San Antonio Bulo Bulo;id1003903373550402;pinnacle;Over Under Team 2;1.5;Over;1.98;2.39;2026-09-29T19:40:45.653Z
30.09.2026;03:00;Bolivia;Copa Bolivia;Club Aurora;San Antonio Bulo Bulo;id1003903373550402;pinnacle;Over Under Team 2;1.5;Under;1.694;1.497;2026-09-29T19:40:45.653Z
30.09.2026;03:00;Bolivia;Copa Bolivia;Club Aurora;San Antonio Bulo Bulo;id1003903373550402;pinnacle;Over Under First Half;1.5;Over;2.02;2.11;2026-09-29T19:40:45.653Z
30.09.2026;03:00;Bolivia;Copa Bolivia;Club Aurora;San Antonio Bulo Bulo;id1003903373550402;pinnacle;Over Under First Half;1.5;Under;1.657;1.625;2026-09-29T19:40:45.653Z
30.09.2026;03:00;Bolivia;Copa Bolivia;Club Aurora;San Antonio Bulo Bulo;id1003903373550402;pinnacle;Asian Handicap First Half;-0.75;1;3.04;2.72;2026-09-29T19:40:45.653Z
30.09.2026;03:00;Bolivia;Copa Bolivia;Club Aurora;San Antonio Bulo Bulo;id1003903373550402;pinnacle;Asian Handicap First Half;-0.75;2;1.281;1.364;2026-09-29T19:40:45.653Z
30.09.2026;03:00;Bolivia;Copa Bolivia;Club Aurora;San Antonio Bulo Bulo;id1003903373550402;pinnacle;Asian Handicap;-1.5;1;2.8;2.8;2026-09-29T19:40:45.653Z
30.09.2026;03:00;Bolivia;Copa Bolivia;Club Aurora;San Antonio Bulo Bulo;id1003903373550402;pinnacle;Asian Handicap;-1.5;2;1.352;1.352;2026-09-29T19:40:45.653Z
30.09.2026;03:00;Bolivia;Copa Bolivia;Club Aurora;San Antonio Bulo Bulo;id1003903373550402;pinnacle;Asian Handicap First Half;-0.5;1;2.43;2.21;2026-09-29T19:40:45.653Z
30.09.2026;03:00;Bolivia;Copa Bolivia;Club Aurora;San Antonio Bulo Bulo;id1003903373550402;pinnacle;Asian Handicap First Half;-0.5;2;1.454;1.568;2026-09-29T19:40:45.653Z
30.09.2026;03:00;Bolivia;Copa Bolivia;Club Aurora;San Antonio Bulo Bulo;id1003903373550402;pinnacle;Asian Handicap First Half;-0.25;1;2.05;1.854;2026-09-29T19:40:45.653Z
30.09.2026;03:00;Bolivia;Copa Bolivia;Club Aurora;San Antonio Bulo Bulo;id1003903373550402;pinnacle;Asian Handicap First Half;-0.25;2;1.662;1.84;2026-09-29T19:40:45.653Z
30.09.2026;03:00;Bolivia;Copa Bolivia;Club Aurora;San Antonio Bulo Bulo;id1003903373550402;pinnacle;Asian Handicap First Half;0.0;1;1.613;1.454;2026-09-29T19:40:45.653Z
30.09.2026;03:00;Bolivia;Copa Bolivia;Club Aurora;San Antonio Bulo Bulo;id1003903373550402;pinnacle;Asian Handicap First Half;0.0;2;2.09;2.48;2026-09-29T19:40:45.653Z
30.09.2026;03:00;Bolivia;Copa Bolivia;Club Aurora;San Antonio Bulo Bulo;id1003903373550402;pinnacle;Asian Handicap First Half;0.25;1;1.389;1.295;2026-09-29T19:40:45.653Z
30.09.2026;03:00;Bolivia;Copa Bolivia;Club Aurora;San Antonio Bulo Bulo;id1003903373550402;pinnacle;Asian Handicap First Half;0.25;2;2.58;3.04;2026-09-29T19:40:45.653Z
30.09.2026;03:00;Bolivia;Copa Bolivia;Club Aurora;San Antonio Bulo Bulo;id1003903373550402;pinnacle;Asian Handicap;-1.25;1;2.88;2.53;2026-09-29T19:40:45.653Z
30.09.2026;03:00;Bolivia;Copa Bolivia;Club Aurora;San Antonio Bulo Bulo;id1003903373550402;pinnacle;Asian Handicap;-1.25;2;1.334;1.427;2026-09-29T19:40:45.653Z
30.09.2026;03:00;Bolivia;Copa Bolivia;Club Aurora;San Antonio Bulo Bulo;id1003903373550402;pinnacle;Asian Handicap;-1.0;1;2.85;2.28;2026-09-29T19:40:45.653Z
30.09.2026;03:00;Bolivia;Copa Bolivia;Club Aurora;San Antonio Bulo Bulo;id1003903373550402;pinnacle;Asian Handicap;-1.0;2;1.341;1.543;2026-09-29T19:40:45.653Z
30.09.2026;03:00;Bolivia;Copa Bolivia;Club Aurora;San Antonio Bulo Bulo;id1003903373550402;pinnacle;Asian Handicap;-0.75;1;2.34;1.961;2026-09-29T19:40:45.653Z
30.09.2026;03:00;Bolivia;Copa Bolivia;Club Aurora;San Antonio Bulo Bulo;id1003903373550402;pinnacle;Asian Handicap;-0.75;2;1.497;1.757;2026-09-29T19:40:45.653Z
30.09.2026;03:00;Bolivia;Copa Bolivia;Club Aurora;San Antonio Bulo Bulo;id1003903373550402;pinnacle;Asian Handicap;-0.5;1;2.06;1.746;2026-09-29T19:40:45.653Z
30.09.2026;03:00;Bolivia;Copa Bolivia;Club Aurora;San Antonio Bulo Bulo;id1003903373550402;pinnacle;Asian Handicap;-0.5;2;1.662;1.943;2026-09-29T19:40:45.653Z
30.09.2026;03:00;Bolivia;Copa Bolivia;Club Aurora;San Antonio Bulo Bulo;id1003903373550402;pinnacle;Asian Handicap;-0.25;1;1.847;1.546;2026-09-29T19:40:45.653Z
30.09.2026;03:00;Bolivia;Copa Bolivia;Club Aurora;San Antonio Bulo Bulo;id1003903373550402;pinnacle;Asian Handicap;-0.25;2;1.862;2.23;2026-09-29T19:40:45.653Z
30.09.2026;03:00;Bolivia;Copa Bolivia;Club Aurora;San Antonio Bulo Bulo;id1003903373550402;pinnacle;Asian Handicap;0.0;1;1.591;1.355;2026-09-29T19:40:45.653Z
30.09.2026;03:00;Bolivia;Copa Bolivia;Club Aurora;San Antonio Bulo Bulo;id1003903373550402;pinnacle;Asian Handicap;0.0;2;2.18;2.79;2026-09-29T19:40:45.653Z
30.09.2026;03:00;Bolivia;Copa Bolivia;Club Aurora;San Antonio Bulo Bulo;id1003903373550402;pinnacle;Asian Handicap;0.25;1;1.448;1.29;2026-09-29T18:03:31.949Z
30.09.2026;03:00;Bolivia;Copa Bolivia;Club Aurora;San Antonio Bulo Bulo;id1003903373550402;pinnacle;Asian Handicap;0.25;2;2.47;3.12;2026-09-29T18:03:31.949Z
30.09.2026;03:00;Bolivia;Copa Bolivia;Club Aurora;San Antonio Bulo Bulo;id1003903373550402;pinnacle;Asian Handicap;0.5;1;1.361;1.364;2026-09-29T17:17:20.611Z
30.09.2026;03:00;Bolivia;Copa Bolivia;Club Aurora;San Antonio Bulo Bulo;id1003903373550402;pinnacle;Asian Handicap;0.5;2;2.77;2.75;2026-09-29T17:17:20.611Z
30.09.2026;04:05;Colombia;Liga DIMAYOR;Independiente Medellin;Millonarios FC;id1002707074458710;bet365;Full Time Result;0.0;1;2.25;2.2;2026-09-29T19:33:40.427Z
30.09.2026;04:05;Colombia;Liga DIMAYOR;Independiente Medellin;Millonarios FC;id1002707074458710;bet365;Full Time Result;0.0;X;3.2;3.3;2026-09-29T17:23:52.584Z
30.09.2026;04:05;Colombia;Liga DIMAYOR;Independiente Medellin;Millonarios FC;id1002707074458710;bet365;Full Time Result;0.0;2;3.0;3.2;2026-09-29T19:33:40.427Z
30.09.2026;04:05;Colombia;Liga DIMAYOR;Independiente Medellin;Millonarios FC;id1002707074458710;bet365;Over Under Full Time;2.5;Over;1.92;1.92;2026-09-29T17:23:52.584Z
30.09.2026;04:05;Colombia;Liga DIMAYOR;Independiente Medellin;Millonarios FC;id1002707074458710;bet365;Over Under Full Time;2.5;Under;1.82;1.82;2026-09-29T17:23:52.584Z
30.09.2026;04:05;Colombia;Liga DIMAYOR;Independiente Medellin;Millonarios FC;id1002707074458710;bet365;Over Under Full Time;3.5;Over;3.25;3.25;2026-09-29T17:23:52.584Z
30.09.2026;04:05;Colombia;Liga DIMAYOR;Independiente Medellin;Millonarios FC;id1002707074458710;bet365;Over Under Full Time;3.5;Under;1.3;1.3;2026-09-29T17:23:52.584Z
30.09.2026;04:05;Colombia;Liga DIMAYOR;Independiente Medellin;Millonarios FC;id1002707074458710;bet365;Over Under Full Time;4.5;Over;6.5;6.5;2026-09-29T17:23:52.584Z
30.09.2026;04:05;Colombia;Liga DIMAYOR;Independiente Medellin;Millonarios FC;id1002707074458710;bet365;Over Under Full Time;4.5;Under;1.091;1.091;2026-09-29T17:23:52.584Z
30.09.2026;04:05;Colombia;Liga DIMAYOR;Independiente Medellin;Millonarios FC;id1002707074458710;bet365;Double Chance Full Time;0.0;1X;1.33;1.3;2026-09-29T18:45:53.226Z
30.09.2026;04:05;Colombia;Liga DIMAYOR;Independiente Medellin;Millonarios FC;id1002707074458710;bet365;Double Chance Full Time;0.0;12;1.33;1.3;2026-09-29T17:23:52.584Z
30.09.2026;04:05;Colombia;Liga DIMAYOR;Independiente Medellin;Millonarios FC;id1002707074458710;bet365;Double Chance Full Time;0.0;2X;1.54;1.63;2026-09-29T18:45:53.226Z
30.09.2026;04:05;Colombia;Liga DIMAYOR;Independiente Medellin;Millonarios FC;id1002707074458710;bet365;First Half Result;0.0;1;3.0;2.87;2026-09-29T17:23:52.584Z
30.09.2026;04:05;Colombia;Liga DIMAYOR;Independiente Medellin;Millonarios FC;id1002707074458710;bet365;First Half Result;0.0;X;2.2;2.2;2026-09-29T17:23:52.584Z
30.09.2026;04:05;Colombia;Liga DIMAYOR;Independiente Medellin;Millonarios FC;id1002707074458710;bet365;First Half Result;0.0;2;3.5;3.75;2026-09-29T18:45:53.226Z
30.09.2026;04:05;Colombia;Liga DIMAYOR;Independiente Medellin;Millonarios FC;id1002707074458710;bet365;Second Half Result;0.0;1;2.62;2.6;2026-09-29T17:23:52.584Z
30.09.2026;04:05;Colombia;Liga DIMAYOR;Independiente Medellin;Millonarios FC;id1002707074458710;bet365;Second Half Result;0.0;X;2.4;2.4;2026-09-29T17:23:52.584Z
30.09.2026;04:05;Colombia;Liga DIMAYOR;Independiente Medellin;Millonarios FC;id1002707074458710;bet365;Second Half Result;0.0;2;3.1;3.2;2026-09-29T18:45:53.226Z
30.09.2026;04:05;Colombia;Liga DIMAYOR;Independiente Medellin;Millonarios FC;id1002707074458710;bet365;Over Under Team 1 First Half;0.5;Over;1.97;1.92;2026-09-29T18:45:53.226Z
30.09.2026;04:05;Colombia;Liga DIMAYOR;Independiente Medellin;Millonarios FC;id1002707074458710;bet365;Over Under Team 1 First Half;0.5;Under;1.69;1.77;2026-09-29T18:45:53.226Z
30.09.2026;04:05;Colombia;Liga DIMAYOR;Independiente Medellin;Millonarios FC;id1002707074458710;bet365;Over Under Team 1 First Half;1.5;Over;7.0;6.5;2026-09-29T18:45:53.226Z
30.09.2026;04:05;Colombia;Liga DIMAYOR;Independiente Medellin;Millonarios FC;id1002707074458710;bet365;Over Under Team 1 First Half;1.5;Under;1.075;1.08;2026-09-29T18:45:53.226Z
30.09.2026;04:05;Colombia;Liga DIMAYOR;Independiente Medellin;Millonarios FC;id1002707074458710;bet365;Over Under Team 1 First Half;2.5;Over;23.0;23.0;2026-09-29T17:23:52.584Z
30.09.2026;04:05;Colombia;Liga DIMAYOR;Independiente Medellin;Millonarios FC;id1002707074458710;bet365;Over Under Team 1 First Half;2.5;Under;1.012;1.012;2026-09-29T17:23:52.584Z
30.09.2026;04:05;Colombia;Liga DIMAYOR;Independiente Medellin;Millonarios FC;id1002707074458710;bet365;Over Under Team 1 First Half;3.5;Over;51.0;51.0;2026-09-29T17:23:52.584Z
30.09.2026;04:05;Colombia;Liga DIMAYOR;Independiente Medellin;Millonarios FC;id1002707074458710;bet365;Over Under Team 2 First Half;0.5;Over;2.2;2.25;2026-09-29T17:23:52.584Z
30.09.2026;04:05;Colombia;Liga DIMAYOR;Independiente Medellin;Millonarios FC;id1002707074458710;bet365;Over Under Team 2 First Half;0.5;Under;1.58;1.54;2026-09-29T17:23:52.584Z
30.09.2026;04:05;Colombia;Liga DIMAYOR;Independiente Medellin;Millonarios FC;id1002707074458710;bet365;Over Under Team 2 First Half;1.5;Over;8.5;9.0;2026-09-29T17:23:52.584Z
30.09.2026;04:05;Colombia;Liga DIMAYOR;Independiente Medellin;Millonarios FC;id1002707074458710;bet365;Over Under Team 2 First Half;1.5;Under;1.061;1.052;2026-09-29T18:45:53.226Z
30.09.2026;04:05;Colombia;Liga DIMAYOR;Independiente Medellin;Millonarios FC;id1002707074458710;bet365;Over Under Team 2 First Half;2.5;Over;29.0;34.0;2026-09-29T18:45:53.226Z
30.09.2026;04:05;Colombia;Liga DIMAYOR;Independiente Medellin;Millonarios FC;id1002707074458710;bet365;Over Under Team 2 First Half;2.5;Under;1.008;1.008;2026-09-29T17:23:52.584Z
30.09.2026;04:05;Colombia;Liga DIMAYOR;Independiente Medellin;Millonarios FC;id1002707074458710;bet365;Over Under Team 2 First Half;3.5;Over;67.0;67.0;2026-09-29T17:23:52.584Z
30.09.2026;04:05;Colombia;Liga DIMAYOR;Independiente Medellin;Millonarios FC;id1002707074458710;bet365;Over Under Team 1 Second Half;0.5;Over;1.63;1.63;2026-09-29T18:45:53.226Z
30.09.2026;04:05;Colombia;Liga DIMAYOR;Independiente Medellin;Millonarios FC;id1002707074458710;bet365;Over Under Team 1 Second Half;0.5;Under;2.02;2.1;2026-09-29T18:45:53.226Z
30.09.2026;04:05;Colombia;Liga DIMAYOR;Independiente Medellin;Millonarios FC;id1002707074458710;bet365;Over Under Team 1 Second Half;1.5;Over;4.75;4.5;2026-09-29T18:45:53.226Z
30.09.2026;04:05;Colombia;Liga DIMAYOR;Independiente Medellin;Millonarios FC;id1002707074458710;bet365;Over Under Team 1 Second Half;1.5;Under;1.15;1.15;2026-09-29T17:23:52.584Z
30.09.2026;04:05;Colombia;Liga DIMAYOR;Independiente Medellin;Millonarios FC;id1002707074458710;bet365;Over Under Team 1 Second Half;2.5;Over;15.0;15.0;2026-09-29T18:45:53.226Z
30.09.2026;04:05;Colombia;Liga DIMAYOR;Independiente Medellin;Millonarios FC;id1002707074458710;bet365;Over Under Team 1 Second Half;2.5;Under;1.025;1.025;2026-09-29T17:23:52.584Z
30.09.2026;04:05;Colombia;Liga DIMAYOR;Independiente Medellin;Millonarios FC;id1002707074458710;bet365;Over Under Team 1;0.5;Over;1.22;1.19;2026-09-29T18:45:53.226Z
30.09.2026;04:05;Colombia;Liga DIMAYOR;Independiente Medellin;Millonarios FC;id1002707074458710;bet365;Over Under Team 1;0.5;Under;3.75;4.0;2026-09-29T18:45:53.226Z
30.09.2026;04:05;Colombia;Liga DIMAYOR;Independiente Medellin;Millonarios FC;id1002707074458710;bet365;Over Under Team 1 Second Half;3.5;Over;34.0;34.0;2026-09-29T17:23:52.584Z
30.09.2026;04:05;Colombia;Liga DIMAYOR;Independiente Medellin;Millonarios FC;id1002707074458710;bet365;Over Under Team 2 Second Half;0.5;Over;1.8;1.8;2026-09-29T17:23:52.584Z
30.09.2026;04:05;Colombia;Liga DIMAYOR;Independiente Medellin;Millonarios FC;id1002707074458710;bet365;Over Under Team 2 Second Half;0.5;Under;1.87;1.8;2026-09-29T17:23:52.584Z
30.09.2026;04:05;Colombia;Liga DIMAYOR;Independiente Medellin;Millonarios FC;id1002707074458710;bet365;Over Under Team 2 Second Half;1.5;Over;5.5;6.0;2026-09-29T17:23:52.584Z
30.09.2026;04:05;Colombia;Liga DIMAYOR;Independiente Medellin;Millonarios FC;id1002707074458710;bet365;Over Under Team 2 Second Half;1.5;Under;1.11;1.1;2026-09-29T17:23:52.584Z
30.09.2026;04:05;Colombia;Liga DIMAYOR;Independiente Medellin;Millonarios FC;id1002707074458710;bet365;Over Under Team 2 Second Half;2.5;Over;19.0;21.0;2026-09-29T17:23:52.584Z
30.09.2026;04:05;Colombia;Liga DIMAYOR;Independiente Medellin;Millonarios FC;id1002707074458710;bet365;Over Under Team 2 Second Half;2.5;Under;1.02;1.016;2026-09-29T17:23:52.584Z
30.09.2026;04:05;Colombia;Liga DIMAYOR;Independiente Medellin;Millonarios FC;id1002707074458710;bet365;Over Under Team 2 Second Half;3.5;Over;41.0;41.0;2026-09-29T17:23:52.584Z
30.09.2026;04:05;Colombia;Liga DIMAYOR;Independiente Medellin;Millonarios FC;id1002707074458710;bet365;Over Under Team 1;1.5;Over;2.2;2.1;2026-09-29T18:45:53.226Z
30.09.2026;04:05;Colombia;Liga DIMAYOR;Independiente Medellin;Millonarios FC;id1002707074458710;bet365;Over Under Team 1;1.5;Under;1.58;1.63;2026-09-29T18:45:53.226Z
30.09.2026;04:05;Colombia;Liga DIMAYOR;Independiente Medellin;Millonarios FC;id1002707074458710;bet365;Over Under Team 1;2.5;Over;5.0;5.0;2026-09-29T17:23:52.584Z
30.09.2026;04:05;Colombia;Liga DIMAYOR;Independiente Medellin;Millonarios FC;id1002707074458710;bet365;Over Under Team 1;2.5;Under;1.13;1.13;2026-09-29T17:23:52.584Z
30.09.2026;04:05;Colombia;Liga DIMAYOR;Independiente Medellin;Millonarios FC;id1002707074458710;bet365;Over Under Team 1;3.5;Over;13.0;13.0;2026-09-29T17:23:52.584Z
30.09.2026;04:05;Colombia;Liga DIMAYOR;Independiente Medellin;Millonarios FC;id1002707074458710;bet365;Over Under Team 1;3.5;Under;1.032;1.032;2026-09-29T17:23:52.584Z
30.09.2026;04:05;Colombia;Liga DIMAYOR;Independiente Medellin;Millonarios FC;id1002707074458710;bet365;Over Under Team 1;4.5;Over;34.0;29.0;2026-09-29T18:45:53.226Z
30.09.2026;04:05;Colombia;Liga DIMAYOR;Independiente Medellin;Millonarios FC;id1002707074458710;bet365;Over Under Team 2;0.5;Over;1.3;1.33;2026-09-29T17:23:52.584Z
30.09.2026;04:05;Colombia;Liga DIMAYOR;Independiente Medellin;Millonarios FC;id1002707074458710;bet365;Over Under Team 2;0.5;Under;3.25;3.0;2026-09-29T17:23:52.584Z
30.09.2026;04:05;Colombia;Liga DIMAYOR;Independiente Medellin;Millonarios FC;id1002707074458710;bet365;Over Under Team 2;1.5;Over;2.62;2.75;2026-09-29T17:23:52.584Z
30.09.2026;04:05;Colombia;Liga DIMAYOR;Independiente Medellin;Millonarios FC;id1002707074458710;bet365;Over Under Team 2;1.5;Under;1.41;1.37;2026-09-29T17:23:52.584Z
30.09.2026;04:05;Colombia;Liga DIMAYOR;Independiente Medellin;Millonarios FC;id1002707074458710;bet365;Over Under Team 2;2.5;Over;6.5;7.0;2026-09-29T17:23:52.584Z
30.09.2026;04:05;Colombia;Liga DIMAYOR;Independiente Medellin;Millonarios FC;id1002707074458710;bet365;Over Under Team 2;2.5;Under;1.091;1.08;2026-09-29T17:23:52.584Z
30.09.2026;04:05;Colombia;Liga DIMAYOR;Independiente Medellin;Millonarios FC;id1002707074458710;bet365;Over Under Team 2;3.5;Over;19.0;21.0;2026-09-29T17:23:52.584Z
30.09.2026;04:05;Colombia;Liga DIMAYOR;Independiente Medellin;Millonarios FC;id1002707074458710;bet365;Over Under Team 2;3.5;Under;1.016;1.012;2026-09-29T17:23:52.584Z
30.09.2026;04:05;Colombia;Liga DIMAYOR;Independiente Medellin;Millonarios FC;id1002707074458710;bet365;Over Under Team 2;4.5;Over;51.0;51.0;2026-09-29T17:23:52.584Z
30.09.2026;04:05;Colombia;Liga DIMAYOR;Independiente Medellin;Millonarios FC;id1002707074458710;bet365;Over Under First Half;0.5;Over;1.33;1.37;2026-09-29T17:23:52.584Z
30.09.2026;04:05;Colombia;Liga DIMAYOR;Independiente Medellin;Millonarios FC;id1002707074458710;bet365;Over Under First Half;0.5;Under;3.0;2.75;2026-09-29T17:23:52.584Z
30.09.2026;04:05;Colombia;Liga DIMAYOR;Independiente Medellin;Millonarios FC;id1002707074458710;bet365;Over Under First Half;1.5;Over;2.75;2.75;2026-09-29T17:23:52.584Z
30.09.2026;04:05;Colombia;Liga DIMAYOR;Independiente Medellin;Millonarios FC;id1002707074458710;bet365;Over Under First Half;1.5;Under;1.37;1.37;2026-09-29T17:23:52.584Z
30.09.2026;04:05;Colombia;Liga DIMAYOR;Independiente Medellin;Millonarios FC;id1002707074458710;bet365;Over Under First Half;2.5;Over;7.0;8.0;2026-09-29T17:23:52.584Z
30.09.2026;04:05;Colombia;Liga DIMAYOR;Independiente Medellin;Millonarios FC;id1002707074458710;bet365;Over Under First Half;2.5;Under;1.08;1.068;2026-09-29T17:23:52.584Z
30.09.2026;04:05;Colombia;Liga DIMAYOR;Independiente Medellin;Millonarios FC;id1002707074458710;bet365;Over Under First Half;3.5;Over;21.0;21.0;2026-09-29T17:23:52.584Z
30.09.2026;04:05;Colombia;Liga DIMAYOR;Independiente Medellin;Millonarios FC;id1002707074458710;bet365;Over Under First Half;3.5;Under;1.012;1.012;2026-09-29T17:23:52.584Z
30.09.2026;04:05;Colombia;Liga DIMAYOR;Independiente Medellin;Millonarios FC;id1002707074458710;bet365;Over Under First Half;4.5;Over;51.0;51.0;2026-09-29T17:23:52.584Z
30.09.2026;04:05;Colombia;Liga DIMAYOR;Independiente Medellin;Millonarios FC;id1002707074458710;bet365;Over Under Second Half;0.5;Over;1.19;1.19;2026-09-29T18:45:53.226Z
30.09.2026;04:05;Colombia;Liga DIMAYOR;Independiente Medellin;Millonarios FC;id1002707074458710;bet365;Over Under Second Half;0.5;Under;4.0;4.0;2026-09-29T18:45:53.226Z
30.09.2026;04:05;Colombia;Liga DIMAYOR;Independiente Medellin;Millonarios FC;id1002707074458710;bet365;Over Under Second Half;1.5;Over;1.97;2.1;2026-09-29T17:23:52.584Z
30.09.2026;04:05;Colombia;Liga DIMAYOR;Independiente Medellin;Millonarios FC;id1002707074458710;bet365;Over Under Second Half;1.5;Under;1.69;1.63;2026-09-29T17:23:52.584Z
30.09.2026;04:05;Colombia;Liga DIMAYOR;Independiente Medellin;Millonarios FC;id1002707074458710;bet365;Over Under Second Half;2.5;Over;4.5;4.5;2026-09-29T17:23:52.584Z
30.09.2026;04:05;Colombia;Liga DIMAYOR;Independiente Medellin;Millonarios FC;id1002707074458710;bet365;Over Under Second Half;2.5;Under;1.15;1.15;2026-09-29T17:23:52.584Z
30.09.2026;04:05;Colombia;Liga DIMAYOR;Independiente Medellin;Millonarios FC;id1002707074458710;bet365;Over Under Second Half;3.5;Over;11.0;11.0;2026-09-29T18:45:53.226Z
30.09.2026;04:05;Colombia;Liga DIMAYOR;Independiente Medellin;Millonarios FC;id1002707074458710;bet365;Over Under Second Half;3.5;Under;1.04;1.04;2026-09-29T18:45:53.226Z
30.09.2026;04:05;Colombia;Liga DIMAYOR;Independiente Medellin;Millonarios FC;id1002707074458710;bet365;Over Under Second Half;4.5;Over;29.0;29.0;2026-09-29T17:23:52.584Z
30.09.2026;04:05;Colombia;Liga DIMAYOR;Independiente Medellin;Millonarios FC;id1002707074458710;bet365;Both Teams To Score;0.0;Yes;1.69;1.69;2026-09-29T17:23:52.584Z
30.09.2026;04:05;Colombia;Liga DIMAYOR;Independiente Medellin;Millonarios FC;id1002707074458710;bet365;Both Teams To Score;0.0;No;1.97;1.97;2026-09-29T17:23:52.584Z
30.09.2026;04:05;Colombia;Liga DIMAYOR;Independiente Medellin;Millonarios FC;id1002707074458710;bet365;Over Under Full Time;0.5;Over;1.052;1.04;2026-09-29T19:33:40.427Z
30.09.2026;04:05;Colombia;Liga DIMAYOR;Independiente Medellin;Millonarios FC;id1002707074458710;bet365;Over Under Full Time;0.5;Under;10.0;11.0;2026-09-29T19:33:40.427Z
30.09.2026;04:05;Colombia;Liga DIMAYOR;Independiente Medellin;Millonarios FC;id1002707074458710;bet365;Over Under Full Time;1.5;Over;1.25;1.25;2026-09-29T17:23:52.584Z
30.09.2026;04:05;Colombia;Liga DIMAYOR;Independiente Medellin;Millonarios FC;id1002707074458710;bet365;Over Under Full Time;1.5;Under;3.5;3.5;2026-09-29T17:23:52.584Z
30.09.2026;04:05;Colombia;Liga DIMAYOR;Independiente Medellin;Millonarios FC;id1002707074458710;pinnacle;Full Time Result;0.0;1;2.3;2.25;2026-09-29T18:42:18.309Z
30.09.2026;04:05;Colombia;Liga DIMAYOR;Independiente Medellin;Millonarios FC;id1002707074458710;pinnacle;Full Time Result;0.0;X;3.18;3.3;2026-09-29T18:42:18.309Z
30.09.2026;04:05;Colombia;Liga DIMAYOR;Independiente Medellin;Millonarios FC;id1002707074458710;pinnacle;Full Time Result;0.0;2;3.11;3.36;2026-09-29T18:42:18.309Z
30.09.2026;04:05;Colombia;Liga DIMAYOR;Independiente Medellin;Millonarios FC;id1002707074458710;pinnacle;Over Under Full Time;2.5;Over;1.98;2.009;2026-09-29T18:42:18.309Z
30.09.2026;04:05;Colombia;Liga DIMAYOR;Independiente Medellin;Millonarios FC;id1002707074458710;pinnacle;Over Under Full Time;2.5;Under;1.869;1.847;2026-09-29T18:42:18.309Z
30.09.2026;04:05;Colombia;Liga DIMAYOR;Independiente Medellin;Millonarios FC;id1002707074458710;pinnacle;Over Under Full Time;3.5;Over;3.24;3.37;2026-09-29T18:42:18.309Z
30.09.2026;04:05;Colombia;Liga DIMAYOR;Independiente Medellin;Millonarios FC;id1002707074458710;pinnacle;Over Under Full Time;3.5;Under;1.308;1.327;2026-09-29T18:42:18.309Z
30.09.2026;04:05;Colombia;Liga DIMAYOR;Independiente Medellin;Millonarios FC;id1002707074458710;pinnacle;Over Under Full Time;4.5;Over;6.09;6.49;2026-09-29T18:42:18.309Z
30.09.2026;04:05;Colombia;Liga DIMAYOR;Independiente Medellin;Millonarios FC;id1002707074458710;pinnacle;Over Under Full Time;4.5;Under;1.105;1.119;2026-09-29T18:42:18.309Z
30.09.2026;04:05;Colombia;Liga DIMAYOR;Independiente Medellin;Millonarios FC;id1002707074458710;pinnacle;Over Under Team 1;0.5;Over;1.226;1.219;2026-09-29T18:42:18.309Z
30.09.2026;04:05;Colombia;Liga DIMAYOR;Independiente Medellin;Millonarios FC;id1002707074458710;pinnacle;Over Under Team 1;0.5;Under;3.77;4.18;2026-09-29T18:42:18.309Z
30.09.2026;04:05;Colombia;Liga DIMAYOR;Independiente Medellin;Millonarios FC;id1002707074458710;pinnacle;Over Under Team 1;1.5;Over;2.25;2.19;2026-09-29T18:42:18.309Z
30.09.2026;04:05;Colombia;Liga DIMAYOR;Independiente Medellin;Millonarios FC;id1002707074458710;pinnacle;Over Under Team 1;1.5;Under;1.598;1.689;2026-09-29T18:42:18.309Z
30.09.2026;04:05;Colombia;Liga DIMAYOR;Independiente Medellin;Millonarios FC;id1002707074458710;pinnacle;Over Under Team 2;0.5;Over;1.349;1.37;2026-09-29T18:42:18.309Z
30.09.2026;04:05;Colombia;Liga DIMAYOR;Independiente Medellin;Millonarios FC;id1002707074458710;pinnacle;Over Under Team 2;0.5;Under;3.12;3.01;2026-09-29T18:42:18.309Z
30.09.2026;04:05;Colombia;Liga DIMAYOR;Independiente Medellin;Millonarios FC;id1002707074458710;pinnacle;Over Under Team 2;1.5;Over;2.85;2.97;2026-09-29T18:42:18.309Z
30.09.2026;04:05;Colombia;Liga DIMAYOR;Independiente Medellin;Millonarios FC;id1002707074458710;pinnacle;Over Under Team 2;1.5;Under;1.434;1.406;2026-09-29T18:42:18.309Z
30.09.2026;04:05;Colombia;Liga DIMAYOR;Independiente Medellin;Millonarios FC;id1002707074458710;pinnacle;Both Teams To Score;0.0;Yes;1.694;1.751;2026-09-29T13:14:27.854Z
30.09.2026;04:05;Colombia;Liga DIMAYOR;Independiente Medellin;Millonarios FC;id1002707074458710;pinnacle;Both Teams To Score;0.0;No;2.13;2.1;2026-09-29T13:14:27.854Z
30.09.2026;04:05;Colombia;Liga DIMAYOR;Independiente Medellin;Millonarios FC;id1002707074458710;pinnacle;Asian Handicap First Half;-0.25;1;2.19;2.19;2026-09-29T18:42:18.309Z
30.09.2026;04:05;Colombia;Liga DIMAYOR;Independiente Medellin;Millonarios FC;id1002707074458710;pinnacle;Asian Handicap First Half;-0.25;2;1.628;1.628;2026-09-29T18:42:18.309Z
30.09.2026;04:05;Colombia;Liga DIMAYOR;Independiente Medellin;Millonarios FC;id1002707074458710;pinnacle;Asian Handicap First Half;0.0;1;1.625;1.628;2026-09-29T18:39:09.319Z
30.09.2026;04:05;Colombia;Liga DIMAYOR;Independiente Medellin;Millonarios FC;id1002707074458710;pinnacle;Asian Handicap First Half;0.0;2;2.1;2.19;2026-09-29T18:39:09.319Z
30.09.2026;04:05;Colombia;Liga DIMAYOR;Independiente Medellin;Millonarios FC;id1002707074458710;pinnacle;Asian Handicap;-1.25;1;4.09;3.98;2026-09-29T18:42:18.309Z
30.09.2026;04:05;Colombia;Liga DIMAYOR;Independiente Medellin;Millonarios FC;id1002707074458710;pinnacle;Asian Handicap;-1.25;2;1.217;1.261;2026-09-29T18:42:18.309Z
30.09.2026;04:05;Colombia;Liga DIMAYOR;Independiente Medellin;Millonarios FC;id1002707074458710;pinnacle;Asian Handicap;-1.0;1;3.65;3.52;2026-09-29T18:42:18.309Z
30.09.2026;04:05;Colombia;Liga DIMAYOR;Independiente Medellin;Millonarios FC;id1002707074458710;pinnacle;Asian Handicap;-1.0;2;1.261;1.314;2026-09-29T18:42:18.309Z
30.09.2026;04:05;Colombia;Liga DIMAYOR;Independiente Medellin;Millonarios FC;id1002707074458710;pinnacle;Asian Handicap;-0.75;1;2.75;2.68;2026-09-29T18:42:18.309Z
30.09.2026;04:05;Colombia;Liga DIMAYOR;Independiente Medellin;Millonarios FC;id1002707074458710;pinnacle;Asian Handicap;-0.75;2;1.427;1.497;2026-09-29T18:42:18.309Z
30.09.2026;04:05;Colombia;Liga DIMAYOR;Independiente Medellin;Millonarios FC;id1002707074458710;pinnacle;Asian Handicap;-0.5;1;2.3;2.25;2026-09-29T18:42:18.309Z
30.09.2026;04:05;Colombia;Liga DIMAYOR;Independiente Medellin;Millonarios FC;id1002707074458710;pinnacle;Asian Handicap;-0.5;2;1.595;1.68;2026-09-29T18:42:18.309Z
30.09.2026;04:05;Colombia;Liga DIMAYOR;Independiente Medellin;Millonarios FC;id1002707074458710;pinnacle;Asian Handicap;-0.25;1;2.02;1.934;2026-09-29T18:42:18.309Z
30.09.2026;04:05;Colombia;Liga DIMAYOR;Independiente Medellin;Millonarios FC;id1002707074458710;pinnacle;Asian Handicap;-0.25;2;1.854;1.934;2026-09-29T18:42:18.309Z
30.09.2026;04:05;Colombia;Liga DIMAYOR;Independiente Medellin;Millonarios FC;id1002707074458710;pinnacle;Asian Handicap;0.0;1;1.632;1.602;2026-09-29T18:42:18.309Z
30.09.2026;04:05;Colombia;Liga DIMAYOR;Independiente Medellin;Millonarios FC;id1002707074458710;pinnacle;Asian Handicap;0.0;2;2.23;2.41;2026-09-29T18:42:18.309Z
30.09.2026;04:05;Colombia;Liga DIMAYOR;Independiente Medellin;Millonarios FC;id1002707074458710;pinnacle;Asian Handicap;0.25;1;1.452;1.44;2026-09-29T18:42:18.309Z
30.09.2026;04:05;Colombia;Liga DIMAYOR;Independiente Medellin;Millonarios FC;id1002707074458710;pinnacle;Asian Handicap;0.25;2;2.67;2.88;2026-09-29T18:42:18.309Z
30.09.2026;04:05;Colombia;Liga DIMAYOR;Independiente Medellin;Millonarios FC;id1002707074458710;pinnacle;Asian Handicap;0.5;1;1.344;1.342;2026-09-29T18:42:18.309Z
30.09.2026;04:05;Colombia;Liga DIMAYOR;Independiente Medellin;Millonarios FC;id1002707074458710;pinnacle;Asian Handicap;0.5;2;3.09;3.33;2026-09-29T18:42:18.309Z
30.09.2026;04:05;Colombia;Liga DIMAYOR;Independiente Medellin;Millonarios FC;id1002707074458710;pinnacle;Asian Handicap;0.75;1;1.234;1.234;2026-09-29T18:42:18.309Z
30.09.2026;04:05;Colombia;Liga DIMAYOR;Independiente Medellin;Millonarios FC;id1002707074458710;pinnacle;Asian Handicap;0.75;2;3.91;4.27;2026-09-29T18:42:18.309Z
30.09.2026;04:05;Colombia;Liga DIMAYOR;Independiente Medellin;Millonarios FC;id1002707074458710;pinnacle;Over Under Full Time;1.5;Over;1.28;1.301;2026-09-29T18:42:18.309Z
30.09.2026;04:05;Colombia;Liga DIMAYOR;Independiente Medellin;Millonarios FC;id1002707074458710;pinnacle;Over Under Full Time;1.5;Under;3.42;3.55;2026-09-29T18:42:18.309Z
30.09.2026;04:05;Colombia;Liga DIMAYOR;Independiente Medellin;Millonarios FC;id1002707074458710;sbobet;Full Time Result;0.0;1;2.19;2.23;2026-09-29T15:40:20.052Z
30.09.2026;04:05;Colombia;Liga DIMAYOR;Independiente Medellin;Millonarios FC;id1002707074458710;sbobet;Full Time Result;0.0;X;3.07;3.1;2026-09-29T15:40:20.052Z
30.09.2026;04:05;Colombia;Liga DIMAYOR;Independiente Medellin;Millonarios FC;id1002707074458710;sbobet;Full Time Result;0.0;2;2.79;2.84;2026-09-29T15:40:20.052Z
30.09.2026;04:05;Colombia;Liga DIMAYOR;Independiente Medellin;Millonarios FC;id1002707074458710;sbobet;Over Under Full Time;2.5;Over;1.915;2.009;2026-09-29T16:25:13.163Z
30.09.2026;04:05;Colombia;Liga DIMAYOR;Independiente Medellin;Millonarios FC;id1002707074458710;sbobet;Over Under Full Time;2.5;Under;1.875;1.795;2026-09-29T16:25:13.163Z
30.09.2026;04:05;Colombia;Liga DIMAYOR;Independiente Medellin;Millonarios FC;id1002707074458710;sbobet;Double Chance Full Time;0.0;1X;1.32;1.32;2026-09-29T14:45:21.349Z
30.09.2026;04:05;Colombia;Liga DIMAYOR;Independiente Medellin;Millonarios FC;id1002707074458710;sbobet;Double Chance Full Time;0.0;12;1.26;1.27;2026-09-29T15:40:20.052Z
30.09.2026;04:05;Colombia;Liga DIMAYOR;Independiente Medellin;Millonarios FC;id1002707074458710;sbobet;Double Chance Full Time;0.0;2X;1.52;1.51;2026-09-29T15:40:20.052Z
30.09.2026;04:05;Colombia;Liga DIMAYOR;Independiente Medellin;Millonarios FC;id1002707074458710;sbobet;First Half Result;0.0;1;2.73;2.77;2026-09-29T11:16:30.550Z
30.09.2026;04:05;Colombia;Liga DIMAYOR;Independiente Medellin;Millonarios FC;id1002707074458710;sbobet;First Half Result;0.0;X;2.08;2.14;2026-09-29T11:16:30.550Z
30.09.2026;04:05;Colombia;Liga DIMAYOR;Independiente Medellin;Millonarios FC;id1002707074458710;sbobet;First Half Result;0.0;2;3.38;3.4;2026-09-29T11:16:30.550Z
30.09.2026;04:05;Colombia;Liga DIMAYOR;Independiente Medellin;Millonarios FC;id1002707074458710;sbobet;Asian Handicap First Half;0.0;1;1.685;1.705;2026-09-29T04:06:46.405Z
30.09.2026;04:05;Colombia;Liga DIMAYOR;Independiente Medellin;Millonarios FC;id1002707074458710;sbobet;Asian Handicap First Half;0.0;2;2.14;2.14;2026-09-28T04:50:57.921Z
30.09.2026;04:05;Colombia;Liga DIMAYOR;Independiente Medellin;Millonarios FC;id1002707074458710;sbobet;Asian Handicap;-0.25;1;1.985;2.0;2026-09-29T08:31:16.867Z
30.09.2026;04:05;Colombia;Liga DIMAYOR;Independiente Medellin;Millonarios FC;id1002707074458710;sbobet;Asian Handicap;-0.25;2;1.825;1.825;2026-09-29T08:31:16.867Z
30.09.2026;04:05;Colombia;Liga DIMAYOR;Independiente Medellin;Millonarios FC;id1002707074458710;sbobet;Asian Handicap;0.0;1;1.655;1.695;2026-09-29T14:45:21.349Z
30.09.2026;04:05;Colombia;Liga DIMAYOR;Independiente Medellin;Millonarios FC;id1002707074458710;sbobet;Asian Handicap;0.0;2;2.21;2.15;2026-09-29T14:45:21.349Z
30.09.2026;11:00;Mongolia;Premier League;Khovd FC;FC Ulaanbaatar;id1002862375104336;bet365;Full Time Result;0.0;1;21.0;10.0;2026-09-29T19:04:05.042Z
30.09.2026;11:00;Mongolia;Premier League;Khovd FC;FC Ulaanbaatar;id1002862375104336;bet365;Full Time Result;0.0;X;15.0;9.0;2026-09-29T19:04:05.042Z
30.09.2026;11:00;Mongolia;Premier League;Khovd FC;FC Ulaanbaatar;id1002862375104336;bet365;Full Time Result;0.0;2;1.045;1.091;2026-09-29T19:04:05.042Z
30.09.2026;11:00;Mongolia;Premier League;Khovd FC;FC Ulaanbaatar;id1002862375104336;bet365;Over Under Full Time;2.5;Over;1.032;1.032;2026-09-29T18:21:05.015Z
30.09.2026;11:00;Mongolia;Premier League;Khovd FC;FC Ulaanbaatar;id1002862375104336;bet365;Over Under Full Time;2.5;Under;9.0;9.0;2026-09-29T18:21:05.015Z
30.09.2026;11:00;Mongolia;Premier League;Khovd FC;FC Ulaanbaatar;id1002862375104336;bet365;Double Chance Full Time;0.0;1X;5.0;6.5;2026-09-29T18:24:51.546Z
30.09.2026;11:00;Mongolia;Premier League;Khovd FC;FC Ulaanbaatar;id1002862375104336;bet365;Double Chance Full Time;0.0;12;1.03;1.025;2026-09-29T18:24:51.546Z
30.09.2026;11:00;Mongolia;Premier League;Khovd FC;FC Ulaanbaatar;id1002862375104336;bet365;Double Chance Full Time;0.0;2X;1.025;1.008;2026-09-29T18:24:51.546Z
30.09.2026;11:00;Mongolia;Premier League;Khovd FC;FC Ulaanbaatar;id1002862375104336;bet365;First Half Result;0.0;1;8.0;8.5;2026-09-29T18:24:51.546Z
30.09.2026;11:00;Mongolia;Premier League;Khovd FC;FC Ulaanbaatar;id1002862375104336;bet365;First Half Result;0.0;X;4.75;4.75;2026-09-29T18:21:05.015Z
30.09.2026;11:00;Mongolia;Premier League;Khovd FC;FC Ulaanbaatar;id1002862375104336;bet365;First Half Result;0.0;2;1.27;1.25;2026-09-29T18:24:51.546Z
30.09.2026;12:00;International;FIFA ASEAN Cup;Timor-Leste;Cambodia;id1005332474557480;bet365;Full Time Result;0.0;1;7.5;6.25;2026-09-29T19:08:21.957Z
30.09.2026;12:00;International;FIFA ASEAN Cup;Timor-Leste;Cambodia;id1005332474557480;bet365;Full Time Result;0.0;X;4.75;4.33;2026-09-29T17:34:32.065Z
30.09.2026;12:00;International;FIFA ASEAN Cup;Timor-Leste;Cambodia;id1005332474557480;bet365;Full Time Result;0.0;2;1.3;1.39;2026-09-29T17:34:32.065Z
30.09.2026;12:00;International;FIFA ASEAN Cup;Timor-Leste;Cambodia;id1005332474557480;bet365;Over Under Full Time;2.5;Over;1.54;1.67;2026-09-29T17:34:32.065Z
30.09.2026;12:00;International;FIFA ASEAN Cup;Timor-Leste;Cambodia;id1005332474557480;bet365;Over Under Full Time;2.5;Under;2.35;2.1;2026-09-29T17:34:32.065Z
30.09.2026;12:00;International;FIFA ASEAN Cup;Timor-Leste;Cambodia;id1005332474557480;bet365;Double Chance Full Time;0.0;1X;2.62;2.75;2026-09-29T17:34:32.065Z
30.09.2026;12:00;International;FIFA ASEAN Cup;Timor-Leste;Cambodia;id1005332474557480;bet365;Double Chance Full Time;0.0;12;1.17;1.17;2026-09-29T17:34:32.065Z
30.09.2026;12:00;International;FIFA ASEAN Cup;Timor-Leste;Cambodia;id1005332474557480;bet365;Double Chance Full Time;0.0;2X;1.091;1.091;2026-09-29T17:34:32.065Z
30.09.2026;12:00;International;FIFA ASEAN Cup;Timor-Leste;Cambodia;id1005332474557480;bet365;First Half Result;0.0;1;6.0;6.0;2026-09-29T17:34:32.065Z
30.09.2026;12:00;International;FIFA ASEAN Cup;Timor-Leste;Cambodia;id1005332474557480;bet365;First Half Result;0.0;X;2.5;2.4;2026-09-29T17:34:32.065Z
30.09.2026;12:00;International;FIFA ASEAN Cup;Timor-Leste;Cambodia;id1005332474557480;bet365;First Half Result;0.0;2;1.87;1.87;2026-09-29T17:34:32.065Z
30.09.2026;12:00;International;FIFA ASEAN Cup;Timor-Leste;Cambodia;id1005332474557480;pinnacle;Full Time Result;0.0;1;7.37;6.16;2026-09-29T14:41:25.592Z
30.09.2026;12:00;International;FIFA ASEAN Cup;Timor-Leste;Cambodia;id1005332474557480;pinnacle;Full Time Result;0.0;X;4.84;4.31;2026-09-29T14:41:25.592Z
30.09.2026;12:00;International;FIFA ASEAN Cup;Timor-Leste;Cambodia;id1005332474557480;pinnacle;Full Time Result;0.0;2;1.276;1.404;2026-09-29T14:41:25.592Z
30.09.2026;12:00;International;FIFA ASEAN Cup;Timor-Leste;Cambodia;id1005332474557480;pinnacle;Over Under Full Time;2.5;Over;1.552;1.675;2026-09-29T14:41:25.592Z
30.09.2026;12:00;International;FIFA ASEAN Cup;Timor-Leste;Cambodia;id1005332474557480;pinnacle;Over Under Full Time;2.5;Under;2.22;2.1;2026-09-29T14:41:25.592Z
30.09.2026;12:00;International;FIFA ASEAN Cup;Timor-Leste;Cambodia;id1005332474557480;pinnacle;Over Under Full Time;3.5;Over;2.39;2.7;2026-09-29T14:41:25.592Z
30.09.2026;12:00;International;FIFA ASEAN Cup;Timor-Leste;Cambodia;id1005332474557480;pinnacle;Over Under Full Time;3.5;Under;1.476;1.404;2026-09-29T14:41:25.592Z
30.09.2026;12:00;International;FIFA ASEAN Cup;Timor-Leste;Cambodia;id1005332474557480;pinnacle;Over Under Team 2 First Half;0.5;Over;1.414;1.5;2026-09-29T10:01:09.553Z
30.09.2026;12:00;International;FIFA ASEAN Cup;Timor-Leste;Cambodia;id1005332474557480;pinnacle;Over Under Team 2 First Half;0.5;Under;2.54;2.35;2026-09-29T10:01:09.553Z
30.09.2026;12:00;International;FIFA ASEAN Cup;Timor-Leste;Cambodia;id1005332474557480;pinnacle;Over Under Team 1;0.5;Over;1.793;1.699;2026-09-29T14:41:25.592Z
30.09.2026;12:00;International;FIFA ASEAN Cup;Timor-Leste;Cambodia;id1005332474557480;pinnacle;Over Under Team 1;0.5;Under;1.877;2.08;2026-09-29T14:41:25.592Z
30.09.2026;12:00;International;FIFA ASEAN Cup;Timor-Leste;Cambodia;id1005332474557480;pinnacle;Over Under Team 2;1.5;Over;1.537;1.518;2026-09-29T14:41:25.592Z
30.09.2026;12:00;International;FIFA ASEAN Cup;Timor-Leste;Cambodia;id1005332474557480;pinnacle;Over Under Team 2;1.5;Under;2.31;2.43;2026-09-29T14:41:25.592Z
30.09.2026;12:00;International;FIFA ASEAN Cup;Timor-Leste;Cambodia;id1005332474557480;pinnacle;Over Under Team 2;2.5;Over;2.17;2.17;2026-09-28T17:15:32.019Z
30.09.2026;12:00;International;FIFA ASEAN Cup;Timor-Leste;Cambodia;id1005332474557480;pinnacle;Over Under Team 2;2.5;Under;1.588;1.588;2026-09-28T17:15:32.019Z
30.09.2026;12:00;International;FIFA ASEAN Cup;Timor-Leste;Cambodia;id1005332474557480;pinnacle;Over Under First Half;0.5;Over;1.302;1.302;2026-09-28T17:15:38.222Z
30.09.2026;12:00;International;FIFA ASEAN Cup;Timor-Leste;Cambodia;id1005332474557480;pinnacle;Over Under First Half;0.5;Under;3.0;3.0;2026-09-28T17:15:38.222Z
30.09.2026;12:00;International;FIFA ASEAN Cup;Timor-Leste;Cambodia;id1005332474557480;pinnacle;Over Under First Half;1.5;Over;2.27;2.45;2026-09-29T10:01:09.553Z
30.09.2026;12:00;International;FIFA ASEAN Cup;Timor-Leste;Cambodia;id1005332474557480;pinnacle;Over Under First Half;1.5;Under;1.52;1.492;2026-09-29T10:01:09.553Z
30.09.2026;12:00;International;FIFA ASEAN Cup;Timor-Leste;Cambodia;id1005332474557480;pinnacle;Asian Handicap First Half;0.0;1;3.73;4.21;2026-09-29T10:01:09.553Z
30.09.2026;12:00;International;FIFA ASEAN Cup;Timor-Leste;Cambodia;id1005332474557480;pinnacle;Asian Handicap First Half;0.0;2;1.2;1.175;2026-09-29T10:01:09.553Z
30.09.2026;12:00;International;FIFA ASEAN Cup;Timor-Leste;Cambodia;id1005332474557480;pinnacle;Asian Handicap First Half;0.25;1;2.62;2.42;2026-09-29T10:01:09.553Z
30.09.2026;12:00;International;FIFA ASEAN Cup;Timor-Leste;Cambodia;id1005332474557480;pinnacle;Asian Handicap First Half;0.25;2;1.377;1.505;2026-09-29T10:01:09.553Z
30.09.2026;12:00;International;FIFA ASEAN Cup;Timor-Leste;Cambodia;id1005332474557480;pinnacle;Asian Handicap First Half;0.5;1;2.029;1.909;2026-09-29T10:01:09.553Z
30.09.2026;12:00;International;FIFA ASEAN Cup;Timor-Leste;Cambodia;id1005332474557480;pinnacle;Asian Handicap First Half;0.5;2;1.649;1.833;2026-09-29T10:01:09.553Z
30.09.2026;12:00;International;FIFA ASEAN Cup;Timor-Leste;Cambodia;id1005332474557480;pinnacle;Asian Handicap First Half;0.75;1;1.746;1.613;2026-09-29T10:01:09.553Z
30.09.2026;12:00;International;FIFA ASEAN Cup;Timor-Leste;Cambodia;id1005332474557480;pinnacle;Asian Handicap First Half;0.75;2;1.934;2.18;2026-09-29T10:01:09.553Z
30.09.2026;12:00;International;FIFA ASEAN Cup;Timor-Leste;Cambodia;id1005332474557480;pinnacle;Asian Handicap First Half;1.0;1;1.421;1.323;2026-09-29T10:01:09.553Z
30.09.2026;12:00;International;FIFA ASEAN Cup;Timor-Leste;Cambodia;id1005332474557480;pinnacle;Asian Handicap First Half;1.0;2;2.52;3.0;2026-09-29T10:01:09.553Z
30.09.2026;12:00;International;FIFA ASEAN Cup;Timor-Leste;Cambodia;id1005332474557480;pinnacle;Asian Handicap First Half;1.25;1;1.292;1.298;2026-09-28T17:15:32.019Z
30.09.2026;12:00;International;FIFA ASEAN Cup;Timor-Leste;Cambodia;id1005332474557480;pinnacle;Asian Handicap First Half;1.25;2;2.98;3.02;2026-09-28T17:15:32.019Z
30.09.2026;12:00;International;FIFA ASEAN Cup;Timor-Leste;Cambodia;id1005332474557480;pinnacle;Asian Handicap;0.25;1;3.18;3.18;2026-09-28T17:15:37.912Z
30.09.2026;12:00;International;FIFA ASEAN Cup;Timor-Leste;Cambodia;id1005332474557480;pinnacle;Asian Handicap;0.25;2;1.278;1.278;2026-09-28T17:15:37.912Z
30.09.2026;12:00;International;FIFA ASEAN Cup;Timor-Leste;Cambodia;id1005332474557480;pinnacle;Asian Handicap;0.5;1;2.58;2.74;2026-09-29T14:41:25.592Z
30.09.2026;12:00;International;FIFA ASEAN Cup;Timor-Leste;Cambodia;id1005332474557480;pinnacle;Asian Handicap;0.5;2;1.413;1.392;2026-09-29T14:41:25.592Z
30.09.2026;12:00;International;FIFA ASEAN Cup;Timor-Leste;Cambodia;id1005332474557480;pinnacle;Asian Handicap;0.75;1;2.93;2.42;2026-09-29T14:41:25.592Z
30.09.2026;12:00;International;FIFA ASEAN Cup;Timor-Leste;Cambodia;id1005332474557480;pinnacle;Asian Handicap;0.75;2;1.323;1.492;2026-09-29T14:41:25.592Z
30.09.2026;12:00;International;FIFA ASEAN Cup;Timor-Leste;Cambodia;id1005332474557480;pinnacle;Asian Handicap;1.0;1;2.59;2.11;2026-09-29T14:41:25.592Z
30.09.2026;12:00;International;FIFA ASEAN Cup;Timor-Leste;Cambodia;id1005332474557480;pinnacle;Asian Handicap;1.0;2;1.408;1.666;2026-09-29T14:41:25.592Z
30.09.2026;12:00;International;FIFA ASEAN Cup;Timor-Leste;Cambodia;id1005332474557480;pinnacle;Asian Handicap;1.25;1;2.13;1.806;2026-09-29T14:41:25.592Z
30.09.2026;12:00;International;FIFA ASEAN Cup;Timor-Leste;Cambodia;id1005332474557480;pinnacle;Asian Handicap;1.25;2;1.621;1.961;2026-09-29T14:41:25.592Z
30.09.2026;12:00;International;FIFA ASEAN Cup;Timor-Leste;Cambodia;id1005332474557480;pinnacle;Asian Handicap;1.5;1;1.877;1.609;2026-09-29T14:41:25.592Z
30.09.2026;12:00;International;FIFA ASEAN Cup;Timor-Leste;Cambodia;id1005332474557480;pinnacle;Asian Handicap;1.5;2;1.833;2.21;2026-09-29T14:41:25.592Z
30.09.2026;12:00;International;FIFA ASEAN Cup;Timor-Leste;Cambodia;id1005332474557480;pinnacle;Asian Handicap;1.75;1;1.675;1.448;2026-09-29T14:41:25.592Z
30.09.2026;12:00;International;FIFA ASEAN Cup;Timor-Leste;Cambodia;id1005332474557480;pinnacle;Asian Handicap;1.75;2;2.05;2.55;2026-09-29T14:41:25.592Z
30.09.2026;12:00;International;FIFA ASEAN Cup;Timor-Leste;Cambodia;id1005332474557480;pinnacle;Asian Handicap;2.0;1;1.469;1.295;2026-09-29T14:41:25.592Z
30.09.2026;12:00;International;FIFA ASEAN Cup;Timor-Leste;Cambodia;id1005332474557480;pinnacle;Asian Handicap;2.0;2;2.41;3.2;2026-09-29T14:41:25.592Z
30.09.2026;12:30;India;Mizoram Premier League;Mls FC Lawtngtlai;Saikhamakawn FC;id1004861974870122;bet365;Full Time Result;0.0;1;2.1;2.1;2026-09-29T18:14:57.919Z
30.09.2026;12:30;India;Mizoram Premier League;Mls FC Lawtngtlai;Saikhamakawn FC;id1004861974870122;bet365;Full Time Result;0.0;X;3.5;3.5;2026-09-29T18:14:57.919Z
30.09.2026;12:30;India;Mizoram Premier League;Mls FC Lawtngtlai;Saikhamakawn FC;id1004861974870122;bet365;Full Time Result;0.0;2;2.8;2.8;2026-09-29T18:14:57.919Z
30.09.2026;12:30;India;Mizoram Premier League;Mls FC Lawtngtlai;Saikhamakawn FC;id1004861974870122;bet365;Over Under Full Time;2.5;Over;1.62;1.62;2026-09-29T18:26:00.800Z
30.09.2026;12:30;India;Mizoram Premier League;Mls FC Lawtngtlai;Saikhamakawn FC;id1004861974870122;bet365;Over Under Full Time;2.5;Under;2.2;2.2;2026-09-29T18:26:00.800Z
30.09.2026;12:30;India;Mizoram Premier League;Mls FC Lawtngtlai;Saikhamakawn FC;id1004861974870122;bet365;Double Chance Full Time;0.0;1X;1.3;1.3;2026-09-29T18:14:57.919Z
30.09.2026;12:30;India;Mizoram Premier League;Mls FC Lawtngtlai;Saikhamakawn FC;id1004861974870122;bet365;Double Chance Full Time;0.0;12;1.19;1.19;2026-09-29T18:14:57.919Z
30.09.2026;12:30;India;Mizoram Premier League;Mls FC Lawtngtlai;Saikhamakawn FC;id1004861974870122;bet365;Double Chance Full Time;0.0;2X;1.57;1.57;2026-09-29T18:14:57.919Z
30.09.2026;12:30;India;Mizoram Premier League;Mls FC Lawtngtlai;Saikhamakawn FC;id1004861974870122;bet365;First Half Result;0.0;1;2.62;2.62;2026-09-29T18:14:57.919Z
30.09.2026;12:30;India;Mizoram Premier League;Mls FC Lawtngtlai;Saikhamakawn FC;id1004861974870122;bet365;First Half Result;0.0;X;2.37;2.37;2026-09-29T18:14:57.919Z
30.09.2026;12:30;India;Mizoram Premier League;Mls FC Lawtngtlai;Saikhamakawn FC;id1004861974870122;bet365;First Half Result;0.0;2;3.25;3.25;2026-09-29T18:14:57.919Z
30.09.2026;15:00;Israel;Liga Alef;Maccabi Neve Shaanan Eldad;MS Tira;id1000197074401588;bet365;Full Time Result;0.0;1;3.2;3.2;2026-09-29T18:12:54.317Z
30.09.2026;15:00;Israel;Liga Alef;Maccabi Neve Shaanan Eldad;MS Tira;id1000197074401588;bet365;Full Time Result;0.0;X;3.3;3.3;2026-09-29T18:12:54.317Z
30.09.2026;15:00;Israel;Liga Alef;Maccabi Neve Shaanan Eldad;MS Tira;id1000197074401588;bet365;Full Time Result;0.0;2;1.97;1.97;2026-09-29T18:12:54.317Z
30.09.2026;15:00;Israel;Liga Alef;Maccabi Neve Shaanan Eldad;MS Tira;id1000197074401588;bet365;Over Under Full Time;2.5;Over;1.92;1.92;2026-09-29T18:40:11.150Z
30.09.2026;15:00;Israel;Liga Alef;Maccabi Neve Shaanan Eldad;MS Tira;id1000197074401588;bet365;Over Under Full Time;2.5;Under;1.82;1.82;2026-09-29T18:40:11.150Z
30.09.2026;15:00;Israel;Liga Alef;Maccabi Neve Shaanan Eldad;MS Tira;id1000197074401588;bet365;Double Chance Full Time;0.0;1X;1.63;1.63;2026-09-29T18:12:54.317Z
30.09.2026;15:00;Israel;Liga Alef;Maccabi Neve Shaanan Eldad;MS Tira;id1000197074401588;bet365;Double Chance Full Time;0.0;12;1.22;1.22;2026-09-29T18:12:54.317Z
30.09.2026;15:00;Israel;Liga Alef;Maccabi Neve Shaanan Eldad;MS Tira;id1000197074401588;bet365;Double Chance Full Time;0.0;2X;1.25;1.25;2026-09-29T18:12:54.317Z
30.09.2026;15:00;Israel;Liga Alef;Maccabi Neve Shaanan Eldad;MS Tira;id1000197074401588;bet365;First Half Result;0.0;1;3.75;3.75;2026-09-29T18:12:54.317Z
30.09.2026;15:00;Israel;Liga Alef;Maccabi Neve Shaanan Eldad;MS Tira;id1000197074401588;bet365;First Half Result;0.0;X;2.2;2.2;2026-09-29T18:12:54.317Z
30.09.2026;15:00;Israel;Liga Alef;Maccabi Neve Shaanan Eldad;MS Tira;id1000197074401588;bet365;First Half Result;0.0;2;2.62;2.62;2026-09-29T18:12:54.317Z
30.09.2026;15:30;Israel;Liga Alef;Hapoel Ironi Arraba;Hapoel Migdal Haemeq;id1000197074401582;bet365;Full Time Result;0.0;1;10.0;10.0;2026-09-29T18:20:56.545Z
30.09.2026;15:30;Israel;Liga Alef;Hapoel Ironi Arraba;Hapoel Migdal Haemeq;id1000197074401582;bet365;Full Time Result;0.0;X;5.25;5.25;2026-09-29T18:20:56.545Z
30.09.2026;15:30;Israel;Liga Alef;Hapoel Ironi Arraba;Hapoel Migdal Haemeq;id1000197074401582;bet365;Full Time Result;0.0;2;1.19;1.19;2026-09-29T18:20:56.545Z
30.09.2026;15:30;Israel;Liga Alef;Hapoel Ironi Arraba;Hapoel Migdal Haemeq;id1000197074401582;bet365;Over Under Full Time;2.5;Over;1.62;1.62;2026-09-29T18:20:56.545Z
30.09.2026;15:30;Israel;Liga Alef;Hapoel Ironi Arraba;Hapoel Migdal Haemeq;id1000197074401582;bet365;Over Under Full Time;2.5;Under;2.2;2.2;2026-09-29T18:20:56.545Z
30.09.2026;15:30;Israel;Liga Alef;Hapoel Ironi Arraba;Hapoel Migdal Haemeq;id1000197074401582;bet365;Double Chance Full Time;0.0;1X;3.6;3.6;2026-09-29T18:20:56.545Z
30.09.2026;15:30;Israel;Liga Alef;Hapoel Ironi Arraba;Hapoel Migdal Haemeq;id1000197074401582;bet365;Double Chance Full Time;0.0;12;1.091;1.091;2026-09-29T18:20:56.545Z
30.09.2026;15:30;Israel;Liga Alef;Hapoel Ironi Arraba;Hapoel Migdal Haemeq;id1000197074401582;bet365;Double Chance Full Time;0.0;2X;1.025;1.025;2026-09-29T18:20:56.545Z
30.09.2026;15:30;Israel;Liga Alef;Hapoel Ironi Arraba;Hapoel Migdal Haemeq;id1000197074401582;bet365;First Half Result;0.0;1;9.5;9.5;2026-09-29T18:20:56.545Z
30.09.2026;15:30;Israel;Liga Alef;Hapoel Ironi Arraba;Hapoel Migdal Haemeq;id1000197074401582;bet365;First Half Result;0.0;X;2.6;2.6;2026-09-29T18:20:56.545Z
30.09.2026;15:30;Israel;Liga Alef;Hapoel Ironi Arraba;Hapoel Migdal Haemeq;id1000197074401582;bet365;First Half Result;0.0;2;1.58;1.58;2026-09-29T18:20:56.545Z
30.09.2026;15:30;Israel;Liga Alef;Shimshon Tel Aviv;Hapoel Nir Ramat Hasharon FC;id1000197074401988;bet365;Full Time Result;0.0;1;2.25;2.25;2026-09-29T18:20:03.794Z
30.09.2026;15:30;Israel;Liga Alef;Shimshon Tel Aviv;Hapoel Nir Ramat Hasharon FC;id1000197074401988;bet365;Full Time Result;0.0;X;3.25;3.25;2026-09-29T18:20:03.794Z
30.09.2026;15:30;Israel;Liga Alef;Shimshon Tel Aviv;Hapoel Nir Ramat Hasharon FC;id1000197074401988;bet365;Full Time Result;0.0;2;2.75;2.75;2026-09-29T18:20:03.794Z
30.09.2026;15:30;Israel;Liga Alef;Shimshon Tel Aviv;Hapoel Nir Ramat Hasharon FC;id1000197074401988;bet365;Over Under Full Time;2.5;Over;1.92;1.92;2026-09-29T18:20:03.794Z
30.09.2026;15:30;Israel;Liga Alef;Shimshon Tel Aviv;Hapoel Nir Ramat Hasharon FC;id1000197074401988;bet365;Over Under Full Time;2.5;Under;1.82;1.82;2026-09-29T18:20:03.794Z
30.09.2026;15:30;Israel;Liga Alef;Shimshon Tel Aviv;Hapoel Nir Ramat Hasharon FC;id1000197074401988;bet365;Double Chance Full Time;0.0;1X;1.33;1.33;2026-09-29T18:20:03.794Z
30.09.2026;15:30;Israel;Liga Alef;Shimshon Tel Aviv;Hapoel Nir Ramat Hasharon FC;id1000197074401988;bet365;Double Chance Full Time;0.0;12;1.22;1.22;2026-09-29T18:20:03.794Z
30.09.2026;15:30;Israel;Liga Alef;Shimshon Tel Aviv;Hapoel Nir Ramat Hasharon FC;id1000197074401988;bet365;Double Chance Full Time;0.0;2X;1.5;1.5;2026-09-29T18:20:03.794Z
30.09.2026;15:30;Israel;Liga Alef;Shimshon Tel Aviv;Hapoel Nir Ramat Hasharon FC;id1000197074401988;bet365;First Half Result;0.0;1;2.87;2.87;2026-09-29T18:20:03.794Z
30.09.2026;15:30;Israel;Liga Alef;Shimshon Tel Aviv;Hapoel Nir Ramat Hasharon FC;id1000197074401988;bet365;First Half Result;0.0;X;2.1;2.1;2026-09-29T18:20:03.794Z
30.09.2026;15:30;Israel;Liga Alef;Shimshon Tel Aviv;Hapoel Nir Ramat Hasharon FC;id1000197074401988;bet365;First Half Result;0.0;2;3.4;3.4;2026-09-29T18:20:03.794Z
30.09.2026;16:00;Montenegro;2. CFL;FK Budva;FK Lovcen;id1000071772304496;bet365;Full Time Result;0.0;1;2.5;2.5;2026-09-29T18:14:33.807Z
30.09.2026;16:00;Montenegro;2. CFL;FK Budva;FK Lovcen;id1000071772304496;bet365;Full Time Result;0.0;X;3.2;3.2;2026-09-29T18:14:33.807Z
30.09.2026;16:00;Montenegro;2. CFL;FK Budva;FK Lovcen;id1000071772304496;bet365;Full Time Result;0.0;2;2.5;2.5;2026-09-29T18:14:33.807Z
30.09.2026;16:00;Montenegro;2. CFL;FK Budva;FK Lovcen;id1000071772304496;bet365;Over Under Full Time;2.5;Over;2.02;2.02;2026-09-29T18:14:33.807Z
30.09.2026;16:00;Montenegro;2. CFL;FK Budva;FK Lovcen;id1000071772304496;bet365;Over Under Full Time;2.5;Under;1.72;1.72;2026-09-29T18:14:33.807Z
30.09.2026;16:00;Montenegro;2. CFL;FK Budva;FK Lovcen;id1000071772304496;bet365;Double Chance Full Time;0.0;1X;1.41;1.41;2026-09-29T18:14:33.807Z
30.09.2026;16:00;Montenegro;2. CFL;FK Budva;FK Lovcen;id1000071772304496;bet365;Double Chance Full Time;0.0;12;1.25;1.25;2026-09-29T18:14:33.807Z
30.09.2026;16:00;Montenegro;2. CFL;FK Budva;FK Lovcen;id1000071772304496;bet365;Double Chance Full Time;0.0;2X;1.41;1.41;2026-09-29T18:14:33.807Z
30.09.2026;16:00;Montenegro;2. CFL;FK Budva;FK Lovcen;id1000071772304496;bet365;First Half Result;0.0;1;3.1;3.1;2026-09-29T18:14:33.807Z
30.09.2026;16:00;Montenegro;2. CFL;FK Budva;FK Lovcen;id1000071772304496;bet365;First Half Result;0.0;X;2.1;2.1;2026-09-29T18:14:33.807Z
30.09.2026;16:00;Montenegro;2. CFL;FK Budva;FK Lovcen;id1000071772304496;bet365;First Half Result;0.0;2;3.1;3.1;2026-09-29T18:14:33.807Z
30.09.2026;16:00;Montenegro;2. CFL;FK Iskra Danilovgrad;OFK Grbalj;id1000071772304492;bet365;Full Time Result;0.0;1;2.5;2.5;2026-09-29T18:14:33.140Z
30.09.2026;16:00;Montenegro;2. CFL;FK Iskra Danilovgrad;OFK Grbalj;id1000071772304492;bet365;Full Time Result;0.0;X;3.0;3.0;2026-09-29T18:14:33.140Z
30.09.2026;16:00;Montenegro;2. CFL;FK Iskra Danilovgrad;OFK Grbalj;id1000071772304492;bet365;Full Time Result;0.0;2;2.62;2.62;2026-09-29T18:14:33.140Z
30.09.2026;16:00;Montenegro;2. CFL;FK Iskra Danilovgrad;OFK Grbalj;id1000071772304492;bet365;Over Under Full Time;2.5;Over;2.35;2.35;2026-09-29T18:53:04.036Z
30.09.2026;16:00;Montenegro;2. CFL;FK Iskra Danilovgrad;OFK Grbalj;id1000071772304492;bet365;Over Under Full Time;2.5;Under;1.54;1.54;2026-09-29T18:53:04.036Z
30.09.2026;16:00;Montenegro;2. CFL;FK Iskra Danilovgrad;OFK Grbalj;id1000071772304492;bet365;Double Chance Full Time;0.0;1X;1.37;1.37;2026-09-29T18:14:33.140Z
30.09.2026;16:00;Montenegro;2. CFL;FK Iskra Danilovgrad;OFK Grbalj;id1000071772304492;bet365;Double Chance Full Time;0.0;12;1.27;1.27;2026-09-29T18:14:33.140Z
30.09.2026;16:00;Montenegro;2. CFL;FK Iskra Danilovgrad;OFK Grbalj;id1000071772304492;bet365;Double Chance Full Time;0.0;2X;1.41;1.41;2026-09-29T18:14:33.140Z
30.09.2026;16:00;Montenegro;2. CFL;FK Iskra Danilovgrad;OFK Grbalj;id1000071772304492;bet365;First Half Result;0.0;1;3.25;3.25;2026-09-29T18:14:33.140Z
30.09.2026;16:00;Montenegro;2. CFL;FK Iskra Danilovgrad;OFK Grbalj;id1000071772304492;bet365;First Half Result;0.0;X;1.97;1.97;2026-09-29T18:14:33.140Z
30.09.2026;16:00;Montenegro;2. CFL;FK Iskra Danilovgrad;OFK Grbalj;id1000071772304492;bet365;First Half Result;0.0;2;3.4;3.4;2026-09-29T18:14:33.140Z
30.09.2026;16:00;Montenegro;2. CFL;FK Rudar Pljevlja;FK Berane;id1000071772304490;bet365;Full Time Result;0.0;1;1.87;1.87;2026-09-29T18:14:32.498Z
30.09.2026;16:00;Montenegro;2. CFL;FK Rudar Pljevlja;FK Berane;id1000071772304490;bet365;Full Time Result;0.0;X;3.3;3.3;2026-09-29T18:14:32.498Z
30.09.2026;16:00;Montenegro;2. CFL;FK Rudar Pljevlja;FK Berane;id1000071772304490;bet365;Full Time Result;0.0;2;3.5;3.5;2026-09-29T18:14:32.498Z
30.09.2026;16:00;Montenegro;2. CFL;FK Rudar Pljevlja;FK Berane;id1000071772304490;bet365;Over Under Full Time;2.5;Over;1.92;1.92;2026-09-29T19:01:32.742Z
30.09.2026;16:00;Montenegro;2. CFL;FK Rudar Pljevlja;FK Berane;id1000071772304490;bet365;Over Under Full Time;2.5;Under;1.82;1.82;2026-09-29T19:01:32.742Z
30.09.2026;16:00;Montenegro;2. CFL;FK Rudar Pljevlja;FK Berane;id1000071772304490;bet365;Double Chance Full Time;0.0;1X;1.19;1.19;2026-09-29T18:14:32.498Z
30.09.2026;16:00;Montenegro;2. CFL;FK Rudar Pljevlja;FK Berane;id1000071772304490;bet365;Double Chance Full Time;0.0;12;1.22;1.22;2026-09-29T18:14:32.498Z
30.09.2026;16:00;Montenegro;2. CFL;FK Rudar Pljevlja;FK Berane;id1000071772304490;bet365;Double Chance Full Time;0.0;2X;1.69;1.69;2026-09-29T18:14:32.498Z
30.09.2026;16:00;Montenegro;2. CFL;FK Rudar Pljevlja;FK Berane;id1000071772304490;bet365;First Half Result;0.0;1;2.5;2.5;2026-09-29T18:14:32.498Z
30.09.2026;16:00;Montenegro;2. CFL;FK Rudar Pljevlja;FK Berane;id1000071772304490;bet365;First Half Result;0.0;X;2.2;2.2;2026-09-29T18:14:32.498Z
30.09.2026;16:00;Montenegro;2. CFL;FK Rudar Pljevlja;FK Berane;id1000071772304490;bet365;First Half Result;0.0;2;4.0;4.0;2026-09-29T18:14:32.498Z
30.09.2026;16:00;Israel;Liga Alef;Maccabi Ironi Kiryat Malakhi;Hapoel Herzelia FC;id1000197074402000;bet365;Full Time Result;0.0;1;2.1;2.1;2026-09-29T18:12:56.166Z
30.09.2026;16:00;Israel;Liga Alef;Maccabi Ironi Kiryat Malakhi;Hapoel Herzelia FC;id1000197074402000;bet365;Full Time Result;0.0;X;3.2;3.2;2026-09-29T18:12:56.166Z
30.09.2026;16:00;Israel;Liga Alef;Maccabi Ironi Kiryat Malakhi;Hapoel Herzelia FC;id1000197074402000;bet365;Full Time Result;0.0;2;3.1;3.1;2026-09-29T18:12:56.166Z
30.09.2026;16:00;Israel;Liga Alef;Maccabi Ironi Kiryat Malakhi;Hapoel Herzelia FC;id1000197074402000;bet365;Over Under Full Time;2.5;Over;2.15;2.15;2026-09-29T18:39:16.374Z
30.09.2026;16:00;Israel;Liga Alef;Maccabi Ironi Kiryat Malakhi;Hapoel Herzelia FC;id1000197074402000;bet365;Over Under Full Time;2.5;Under;1.63;1.63;2026-09-29T18:39:16.374Z
30.09.2026;16:00;Israel;Liga Alef;Maccabi Ironi Kiryat Malakhi;Hapoel Herzelia FC;id1000197074402000;bet365;Double Chance Full Time;0.0;1X;1.25;1.25;2026-09-29T18:12:56.166Z
30.09.2026;16:00;Israel;Liga Alef;Maccabi Ironi Kiryat Malakhi;Hapoel Herzelia FC;id1000197074402000;bet365;Double Chance Full Time;0.0;12;1.25;1.25;2026-09-29T18:12:56.166Z
30.09.2026;16:00;Israel;Liga Alef;Maccabi Ironi Kiryat Malakhi;Hapoel Herzelia FC;id1000197074402000;bet365;Double Chance Full Time;0.0;2X;1.57;1.57;2026-09-29T18:12:56.166Z
30.09.2026;16:00;Israel;Liga Alef;Maccabi Ironi Kiryat Malakhi;Hapoel Herzelia FC;id1000197074402000;bet365;First Half Result;0.0;1;2.87;2.87;2026-09-29T18:12:56.166Z
30.09.2026;16:00;Israel;Liga Alef;Maccabi Ironi Kiryat Malakhi;Hapoel Herzelia FC;id1000197074402000;bet365;First Half Result;0.0;X;2.02;2.02;2026-09-29T18:12:56.166Z
30.09.2026;16:00;Israel;Liga Alef;Maccabi Ironi Kiryat Malakhi;Hapoel Herzelia FC;id1000197074402000;bet365;First Half Result;0.0;2;3.75;3.75;2026-09-29T18:12:56.166Z
30.09.2026;16:00;Italy;Serie D, Group A;US Alessandria Calcio 1912;ASD Imperia 1923;id1000137474826272;bet365;Full Time Result;0.0;1;2.15;2.15;2026-09-29T18:12:53.296Z
30.09.2026;16:00;Italy;Serie D, Group A;US Alessandria Calcio 1912;ASD Imperia 1923;id1000137474826272;bet365;Full Time Result;0.0;X;3.0;3.0;2026-09-29T18:12:53.296Z
30.09.2026;16:00;Italy;Serie D, Group A;US Alessandria Calcio 1912;ASD Imperia 1923;id1000137474826272;bet365;Full Time Result;0.0;2;3.2;3.2;2026-09-29T18:12:53.296Z
30.09.2026;16:00;Italy;Serie D, Group A;US Alessandria Calcio 1912;ASD Imperia 1923;id1000137474826272;bet365;Over Under Full Time;2.5;Over;2.15;2.15;2026-09-29T18:12:53.296Z
30.09.2026;16:00;Italy;Serie D, Group A;US Alessandria Calcio 1912;ASD Imperia 1923;id1000137474826272;bet365;Over Under Full Time;2.5;Under;1.63;1.63;2026-09-29T18:12:53.296Z
30.09.2026;16:00;Italy;Serie D, Group A;US Alessandria Calcio 1912;ASD Imperia 1923;id1000137474826272;bet365;Double Chance Full Time;0.0;1X;1.25;1.25;2026-09-29T18:12:53.296Z
30.09.2026;16:00;Italy;Serie D, Group A;US Alessandria Calcio 1912;ASD Imperia 1923;id1000137474826272;bet365;Double Chance Full Time;0.0;12;1.27;1.27;2026-09-29T18:12:53.296Z
30.09.2026;16:00;Italy;Serie D, Group A;US Alessandria Calcio 1912;ASD Imperia 1923;id1000137474826272;bet365;Double Chance Full Time;0.0;2X;1.54;1.54;2026-09-29T18:12:53.296Z
30.09.2026;16:00;Italy;Serie D, Group A;US Alessandria Calcio 1912;ASD Imperia 1923;id1000137474826272;bet365;First Half Result;0.0;1;2.87;2.87;2026-09-29T18:12:53.296Z
30.09.2026;16:00;Italy;Serie D, Group A;US Alessandria Calcio 1912;ASD Imperia 1923;id1000137474826272;bet365;First Half Result;0.0;X;2.02;2.02;2026-09-29T18:12:53.296Z
30.09.2026;16:00;Italy;Serie D, Group A;US Alessandria Calcio 1912;ASD Imperia 1923;id1000137474826272;bet365;First Half Result;0.0;2;3.6;3.6;2026-09-29T18:12:53.296Z
30.09.2026;16:30;Czechia;Czech Cup;FC Vsetin;Bohemians Prague 1905;id1000028274683436;bet365;Full Time Result;0.0;1;19.0;19.0;2026-09-29T17:21:20.862Z
30.09.2026;16:30;Czechia;Czech Cup;FC Vsetin;Bohemians Prague 1905;id1000028274683436;bet365;Full Time Result;0.0;X;10.0;10.0;2026-09-29T17:21:20.862Z
30.09.2026;16:30;Czechia;Czech Cup;FC Vsetin;Bohemians Prague 1905;id1000028274683436;bet365;Full Time Result;0.0;2;1.061;1.061;2026-09-29T17:21:20.862Z
30.09.2026;16:30;Czechia;Czech Cup;FC Vsetin;Bohemians Prague 1905;id1000028274683436;bet365;Over Under Full Time;2.5;Over;1.33;1.33;2026-09-29T18:39:31.189Z
30.09.2026;16:30;Czechia;Czech Cup;FC Vsetin;Bohemians Prague 1905;id1000028274683436;bet365;Over Under Full Time;2.5;Under;3.1;3.1;2026-09-29T18:39:31.189Z
30.09.2026;16:30;Czechia;Czech Cup;FC Vsetin;Bohemians Prague 1905;id1000028274683436;bet365;Over Under Full Time;3.5;Over;1.8;1.8;2026-09-29T18:39:31.189Z
30.09.2026;16:30;Czechia;Czech Cup;FC Vsetin;Bohemians Prague 1905;id1000028274683436;bet365;Over Under Full Time;3.5;Under;1.8;1.8;2026-09-29T18:39:31.189Z
30.09.2026;16:30;Czechia;Czech Cup;FC Vsetin;Bohemians Prague 1905;id1000028274683436;bet365;Over Under Full Time;4.5;Over;3.0;3.0;2026-09-29T18:39:31.189Z
30.09.2026;16:30;Czechia;Czech Cup;FC Vsetin;Bohemians Prague 1905;id1000028274683436;bet365;Over Under Full Time;4.5;Under;1.33;1.33;2026-09-29T18:39:31.189Z
30.09.2026;16:30;Czechia;Czech Cup;FC Vsetin;Bohemians Prague 1905;id1000028274683436;bet365;Double Chance Full Time;0.0;1X;9.0;9.0;2026-09-29T17:21:20.862Z
30.09.2026;16:30;Czechia;Czech Cup;FC Vsetin;Bohemians Prague 1905;id1000028274683436;bet365;Double Chance Full Time;0.0;12;1.052;1.052;2026-09-29T17:21:20.862Z
30.09.2026;16:30;Czechia;Czech Cup;FC Vsetin;Bohemians Prague 1905;id1000028274683436;bet365;Double Chance Full Time;0.0;2X;1.016;1.016;2026-09-29T17:21:20.862Z
30.09.2026;16:30;Czechia;Czech Cup;FC Vsetin;Bohemians Prague 1905;id1000028274683436;bet365;First Half Result;0.0;1;21.0;21.0;2026-09-29T17:21:20.862Z
30.09.2026;16:30;Czechia;Czech Cup;FC Vsetin;Bohemians Prague 1905;id1000028274683436;bet365;First Half Result;0.0;X;3.6;3.6;2026-09-29T17:21:20.862Z
30.09.2026;16:30;Czechia;Czech Cup;FC Vsetin;Bohemians Prague 1905;id1000028274683436;bet365;First Half Result;0.0;2;1.3;1.3;2026-09-29T17:21:20.862Z
30.09.2026;16:30;Czechia;Czech Cup;FC Vsetin;Bohemians Prague 1905;id1000028274683436;bet365;Second Half Result;0.0;1;15.0;15.0;2026-09-29T17:21:20.862Z
30.09.2026;16:30;Czechia;Czech Cup;FC Vsetin;Bohemians Prague 1905;id1000028274683436;bet365;Second Half Result;0.0;X;4.0;4.0;2026-09-29T17:21:20.862Z
30.09.2026;16:30;Czechia;Czech Cup;FC Vsetin;Bohemians Prague 1905;id1000028274683436;bet365;Second Half Result;0.0;2;1.22;1.22;2026-09-29T17:21:20.862Z
30.09.2026;16:30;Czechia;Czech Cup;FC Vsetin;Bohemians Prague 1905;id1000028274683436;bet365;Over Under Team 2 First Half;0.5;Over;1.22;1.22;2026-09-29T17:21:20.862Z
30.09.2026;16:30;Czechia;Czech Cup;FC Vsetin;Bohemians Prague 1905;id1000028274683436;bet365;Over Under Team 2 First Half;0.5;Under;3.75;3.75;2026-09-29T17:21:20.862Z
30.09.2026;16:30;Czechia;Czech Cup;FC Vsetin;Bohemians Prague 1905;id1000028274683436;bet365;Over Under Team 2 First Half;1.5;Over;2.2;2.2;2026-09-29T17:21:20.862Z
30.09.2026;16:30;Czechia;Czech Cup;FC Vsetin;Bohemians Prague 1905;id1000028274683436;bet365;Over Under Team 2 First Half;1.5;Under;1.63;1.63;2026-09-29T17:21:20.862Z
30.09.2026;16:30;Czechia;Czech Cup;FC Vsetin;Bohemians Prague 1905;id1000028274683436;bet365;Over Under Team 2 First Half;2.5;Over;5.0;5.0;2026-09-29T17:21:20.862Z
30.09.2026;16:30;Czechia;Czech Cup;FC Vsetin;Bohemians Prague 1905;id1000028274683436;bet365;Over Under Team 2 First Half;2.5;Under;1.13;1.13;2026-09-29T17:21:20.862Z
30.09.2026;16:30;Czechia;Czech Cup;FC Vsetin;Bohemians Prague 1905;id1000028274683436;bet365;Over Under Team 2 First Half;3.5;Over;12.0;12.0;2026-09-29T17:21:20.862Z
30.09.2026;16:30;Czechia;Czech Cup;FC Vsetin;Bohemians Prague 1905;id1000028274683436;bet365;Over Under Team 2 First Half;3.5;Under;1.032;1.032;2026-09-29T17:21:20.862Z
30.09.2026;16:30;Czechia;Czech Cup;FC Vsetin;Bohemians Prague 1905;id1000028274683436;bet365;Over Under Team 2 First Half;4.5;Over;26.0;26.0;2026-09-29T17:21:20.862Z
30.09.2026;16:30;Czechia;Czech Cup;FC Vsetin;Bohemians Prague 1905;id1000028274683436;bet365;Over Under Team 2 First Half;4.5;Under;1.008;1.008;2026-09-29T17:21:20.862Z
30.09.2026;16:30;Czechia;Czech Cup;FC Vsetin;Bohemians Prague 1905;id1000028274683436;bet365;Over Under Team 2 Second Half;0.5;Over;1.13;1.13;2026-09-29T17:21:20.862Z
30.09.2026;16:30;Czechia;Czech Cup;FC Vsetin;Bohemians Prague 1905;id1000028274683436;bet365;Over Under Team 2 Second Half;0.5;Under;5.0;5.0;2026-09-29T17:21:20.862Z
30.09.2026;16:30;Czechia;Czech Cup;FC Vsetin;Bohemians Prague 1905;id1000028274683436;bet365;Over Under Team 2 Second Half;1.5;Over;1.77;1.77;2026-09-29T17:21:20.862Z
30.09.2026;16:30;Czechia;Czech Cup;FC Vsetin;Bohemians Prague 1905;id1000028274683436;bet365;Over Under Team 2 Second Half;1.5;Under;1.97;1.97;2026-09-29T17:21:20.862Z
30.09.2026;16:30;Czechia;Czech Cup;FC Vsetin;Bohemians Prague 1905;id1000028274683436;bet365;Over Under Team 2 Second Half;2.5;Over;3.5;3.5;2026-09-29T17:21:20.862Z
30.09.2026;16:30;Czechia;Czech Cup;FC Vsetin;Bohemians Prague 1905;id1000028274683436;bet365;Over Under Team 2 Second Half;2.5;Under;1.27;1.27;2026-09-29T17:21:20.862Z
30.09.2026;16:30;Czechia;Czech Cup;FC Vsetin;Bohemians Prague 1905;id1000028274683436;bet365;Over Under Team 2 Second Half;3.5;Over;8.0;8.0;2026-09-29T17:21:20.862Z
30.09.2026;16:30;Czechia;Czech Cup;FC Vsetin;Bohemians Prague 1905;id1000028274683436;bet365;Over Under Team 2 Second Half;3.5;Under;1.061;1.061;2026-09-29T17:21:20.862Z
30.09.2026;16:30;Czechia;Czech Cup;FC Vsetin;Bohemians Prague 1905;id1000028274683436;bet365;Over Under Team 2 Second Half;4.5;Over;19.0;19.0;2026-09-29T17:21:20.862Z
30.09.2026;16:30;Czechia;Czech Cup;FC Vsetin;Bohemians Prague 1905;id1000028274683436;bet365;Over Under Team 2 Second Half;4.5;Under;1.016;1.016;2026-09-29T17:21:20.862Z
30.09.2026;16:30;Czechia;Czech Cup;FC Vsetin;Bohemians Prague 1905;id1000028274683436;bet365;Over Under Team 2;0.5;Over;1.02;1.02;2026-09-29T17:21:20.862Z
30.09.2026;16:30;Czechia;Czech Cup;FC Vsetin;Bohemians Prague 1905;id1000028274683436;bet365;Over Under Team 2;0.5;Under;17.0;17.0;2026-09-29T17:21:20.862Z
30.09.2026;16:30;Czechia;Czech Cup;FC Vsetin;Bohemians Prague 1905;id1000028274683436;bet365;Over Under Team 2;1.5;Over;1.13;1.13;2026-09-29T17:21:20.862Z
30.09.2026;16:30;Czechia;Czech Cup;FC Vsetin;Bohemians Prague 1905;id1000028274683436;bet365;Over Under Team 2;1.5;Under;5.0;5.0;2026-09-29T17:21:20.862Z
30.09.2026;16:30;Czechia;Czech Cup;FC Vsetin;Bohemians Prague 1905;id1000028274683436;bet365;Over Under Team 2;2.5;Over;1.47;1.47;2026-09-29T17:21:20.862Z
30.09.2026;16:30;Czechia;Czech Cup;FC Vsetin;Bohemians Prague 1905;id1000028274683436;bet365;Over Under Team 2;2.5;Under;2.5;2.5;2026-09-29T17:21:20.862Z
30.09.2026;16:30;Czechia;Czech Cup;FC Vsetin;Bohemians Prague 1905;id1000028274683436;bet365;Over Under Team 2;3.5;Over;2.25;2.25;2026-09-29T17:21:20.862Z
30.09.2026;16:30;Czechia;Czech Cup;FC Vsetin;Bohemians Prague 1905;id1000028274683436;bet365;Over Under Team 2;3.5;Under;1.54;1.54;2026-09-29T17:21:20.862Z
30.09.2026;16:30;Czechia;Czech Cup;FC Vsetin;Bohemians Prague 1905;id1000028274683436;bet365;Over Under Team 2;4.5;Over;4.0;4.0;2026-09-29T17:21:20.862Z
30.09.2026;16:30;Czechia;Czech Cup;FC Vsetin;Bohemians Prague 1905;id1000028274683436;bet365;Over Under Team 2;4.5;Under;1.19;1.19;2026-09-29T17:21:20.862Z
30.09.2026;16:30;Czechia;Czech Cup;FC Vsetin;Bohemians Prague 1905;id1000028274683436;bet365;Over Under First Half;0.5;Over;1.17;1.17;2026-09-29T17:21:20.862Z
30.09.2026;16:30;Czechia;Czech Cup;FC Vsetin;Bohemians Prague 1905;id1000028274683436;bet365;Over Under First Half;0.5;Under;4.33;4.33;2026-09-29T17:21:20.862Z
30.09.2026;16:30;Czechia;Czech Cup;FC Vsetin;Bohemians Prague 1905;id1000028274683436;bet365;Over Under First Half;1.5;Over;1.8;1.8;2026-09-29T17:21:20.862Z
30.09.2026;16:30;Czechia;Czech Cup;FC Vsetin;Bohemians Prague 1905;id1000028274683436;bet365;Over Under First Half;1.5;Under;1.8;1.8;2026-09-29T17:21:20.862Z
30.09.2026;16:30;Czechia;Czech Cup;FC Vsetin;Bohemians Prague 1905;id1000028274683436;bet365;Over Under First Half;2.5;Over;3.75;3.75;2026-09-29T17:21:20.862Z
30.09.2026;16:30;Czechia;Czech Cup;FC Vsetin;Bohemians Prague 1905;id1000028274683436;bet365;Over Under First Half;2.5;Under;1.22;1.22;2026-09-29T17:21:20.862Z
30.09.2026;16:30;Czechia;Czech Cup;FC Vsetin;Bohemians Prague 1905;id1000028274683436;bet365;Over Under First Half;3.5;Over;10.0;10.0;2026-09-29T17:21:20.862Z
30.09.2026;16:30;Czechia;Czech Cup;FC Vsetin;Bohemians Prague 1905;id1000028274683436;bet365;Over Under First Half;3.5;Under;1.052;1.052;2026-09-29T17:21:20.862Z
30.09.2026;16:30;Czechia;Czech Cup;FC Vsetin;Bohemians Prague 1905;id1000028274683436;bet365;Over Under First Half;4.5;Over;23.0;23.0;2026-09-29T17:21:20.862Z
30.09.2026;16:30;Czechia;Czech Cup;FC Vsetin;Bohemians Prague 1905;id1000028274683436;bet365;Over Under First Half;4.5;Under;1.01;1.01;2026-09-29T17:21:20.862Z
30.09.2026;16:30;Czechia;Czech Cup;FC Vsetin;Bohemians Prague 1905;id1000028274683436;bet365;Over Under Second Half;0.5;Over;1.091;1.091;2026-09-29T17:21:20.862Z
30.09.2026;16:30;Czechia;Czech Cup;FC Vsetin;Bohemians Prague 1905;id1000028274683436;bet365;Over Under Second Half;0.5;Under;6.5;6.5;2026-09-29T17:21:20.862Z
30.09.2026;16:30;Czechia;Czech Cup;FC Vsetin;Bohemians Prague 1905;id1000028274683436;bet365;Over Under Second Half;1.5;Over;1.54;1.54;2026-09-29T17:21:20.862Z
30.09.2026;16:30;Czechia;Czech Cup;FC Vsetin;Bohemians Prague 1905;id1000028274683436;bet365;Over Under Second Half;1.5;Under;2.25;2.25;2026-09-29T17:21:20.862Z
30.09.2026;16:30;Czechia;Czech Cup;FC Vsetin;Bohemians Prague 1905;id1000028274683436;bet365;Over Under Second Half;2.5;Over;2.75;2.75;2026-09-29T17:21:20.862Z
30.09.2026;16:30;Czechia;Czech Cup;FC Vsetin;Bohemians Prague 1905;id1000028274683436;bet365;Over Under Second Half;2.5;Under;1.37;1.37;2026-09-29T17:21:20.862Z
30.09.2026;16:30;Czechia;Czech Cup;FC Vsetin;Bohemians Prague 1905;id1000028274683436;bet365;Over Under Second Half;3.5;Over;6.0;6.0;2026-09-29T17:21:20.862Z
30.09.2026;16:30;Czechia;Czech Cup;FC Vsetin;Bohemians Prague 1905;id1000028274683436;bet365;Over Under Second Half;3.5;Under;1.1;1.1;2026-09-29T17:21:20.862Z
30.09.2026;16:30;Czechia;Czech Cup;FC Vsetin;Bohemians Prague 1905;id1000028274683436;bet365;Over Under Second Half;4.5;Over;15.0;15.0;2026-09-29T17:21:20.862Z
30.09.2026;16:30;Czechia;Czech Cup;FC Vsetin;Bohemians Prague 1905;id1000028274683436;bet365;Over Under Second Half;4.5;Under;1.025;1.025;2026-09-29T17:21:20.862Z
30.09.2026;16:30;Czechia;Czech Cup;FC Vsetin;Bohemians Prague 1905;id1000028274683436;bet365;Both Teams To Score;0.0;Yes;2.75;2.75;2026-09-29T17:21:20.862Z
30.09.2026;16:30;Czechia;Czech Cup;FC Vsetin;Bohemians Prague 1905;id1000028274683436;bet365;Both Teams To Score;0.0;No;1.37;1.37;2026-09-29T17:21:20.862Z
30.09.2026;16:30;Czechia;Czech Cup;FC Vsetin;Bohemians Prague 1905;id1000028274683436;bet365;Over Under Full Time;0.5;Over;1.012;1.012;2026-09-29T18:39:31.189Z
30.09.2026;16:30;Czechia;Czech Cup;FC Vsetin;Bohemians Prague 1905;id1000028274683436;bet365;Over Under Full Time;0.5;Under;21.0;21.0;2026-09-29T18:39:31.189Z
30.09.2026;16:30;Czechia;Czech Cup;FC Vsetin;Bohemians Prague 1905;id1000028274683436;bet365;Over Under Full Time;1.5;Over;1.08;1.08;2026-09-29T18:39:31.189Z
30.09.2026;16:30;Czechia;Czech Cup;FC Vsetin;Bohemians Prague 1905;id1000028274683436;bet365;Over Under Full Time;1.5;Under;7.0;7.0;2026-09-29T18:39:31.189Z
30.09.2026;16:30;India;Mizoram Premier League;Mizoram Police FC;Kanan FC Aizawl;id1004861974870112;bet365;Full Time Result;0.0;1;1.39;1.39;2026-09-29T18:21:11.678Z
30.09.2026;16:30;India;Mizoram Premier League;Mizoram Police FC;Kanan FC Aizawl;id1004861974870112;bet365;Full Time Result;0.0;X;4.5;4.5;2026-09-29T18:21:11.678Z
30.09.2026;16:30;India;Mizoram Premier League;Mizoram Police FC;Kanan FC Aizawl;id1004861974870112;bet365;Full Time Result;0.0;2;5.5;5.5;2026-09-29T18:21:11.678Z
30.09.2026;16:30;India;Mizoram Premier League;Mizoram Police FC;Kanan FC Aizawl;id1004861974870112;bet365;Over Under Full Time;2.5;Over;1.47;1.47;2026-09-29T18:21:11.678Z
30.09.2026;16:30;India;Mizoram Premier League;Mizoram Police FC;Kanan FC Aizawl;id1004861974870112;bet365;Over Under Full Time;2.5;Under;2.5;2.5;2026-09-29T18:21:11.678Z
30.09.2026;16:30;India;Mizoram Premier League;Mizoram Police FC;Kanan FC Aizawl;id1004861974870112;bet365;Double Chance Full Time;0.0;1X;1.08;1.08;2026-09-29T18:21:11.678Z
30.09.2026;16:30;India;Mizoram Premier League;Mizoram Police FC;Kanan FC Aizawl;id1004861974870112;bet365;Double Chance Full Time;0.0;12;1.1;1.1;2026-09-29T18:21:11.678Z
30.09.2026;16:30;India;Mizoram Premier League;Mizoram Police FC;Kanan FC Aizawl;id1004861974870112;bet365;Double Chance Full Time;0.0;2X;2.6;2.6;2026-09-29T18:21:11.678Z
30.09.2026;16:30;India;Mizoram Premier League;Mizoram Police FC;Kanan FC Aizawl;id1004861974870112;bet365;First Half Result;0.0;1;1.8;1.8;2026-09-29T18:21:11.678Z
30.09.2026;16:30;India;Mizoram Premier League;Mizoram Police FC;Kanan FC Aizawl;id1004861974870112;bet365;First Half Result;0.0;X;2.6;2.6;2026-09-29T18:21:11.678Z
30.09.2026;16:30;India;Mizoram Premier League;Mizoram Police FC;Kanan FC Aizawl;id1004861974870112;bet365;First Half Result;0.0;2;5.5;5.5;2026-09-29T18:21:11.678Z
30.09.2026;17:00;Norway;NM Cup;Follo;Sarpsborg 08;id1000002974288574;bet365;Full Time Result;0.0;1;13.0;13.0;2026-09-29T18:12:41.620Z
30.09.2026;17:00;Norway;NM Cup;Follo;Sarpsborg 08;id1000002974288574;bet365;Full Time Result;0.0;X;9.0;9.0;2026-09-29T18:12:41.620Z
30.09.2026;17:00;Norway;NM Cup;Follo;Sarpsborg 08;id1000002974288574;bet365;Full Time Result;0.0;2;1.08;1.08;2026-09-29T18:12:41.620Z
30.09.2026;17:00;Norway;NM Cup;Follo;Sarpsborg 08;id1000002974288574;bet365;Over Under Full Time;2.5;Over;1.27;1.27;2026-09-29T18:12:41.620Z
30.09.2026;17:00;Norway;NM Cup;Follo;Sarpsborg 08;id1000002974288574;bet365;Over Under Full Time;2.5;Under;3.5;3.5;2026-09-29T18:12:41.620Z
30.09.2026;17:00;Norway;NM Cup;Follo;Sarpsborg 08;id1000002974288574;bet365;Over Under Full Time;3.5;Over;1.77;1.77;2026-09-29T18:12:41.620Z
30.09.2026;17:00;Norway;NM Cup;Follo;Sarpsborg 08;id1000002974288574;bet365;Over Under Full Time;3.5;Under;1.87;1.87;2026-09-29T18:12:41.620Z
30.09.2026;17:00;Norway;NM Cup;Follo;Sarpsborg 08;id1000002974288574;bet365;Over Under Full Time;4.5;Over;2.75;2.75;2026-09-29T18:12:41.620Z
30.09.2026;17:00;Norway;NM Cup;Follo;Sarpsborg 08;id1000002974288574;bet365;Over Under Full Time;4.5;Under;1.37;1.37;2026-09-29T18:12:41.620Z
30.09.2026;17:00;Norway;NM Cup;Follo;Sarpsborg 08;id1000002974288574;bet365;Double Chance Full Time;0.0;1X;6.5;6.5;2026-09-29T18:12:41.620Z
30.09.2026;17:00;Norway;NM Cup;Follo;Sarpsborg 08;id1000002974288574;bet365;Double Chance Full Time;0.0;12;1.052;1.052;2026-09-29T18:12:41.620Z
30.09.2026;17:00;Norway;NM Cup;Follo;Sarpsborg 08;id1000002974288574;bet365;Double Chance Full Time;0.0;2X;1.025;1.025;2026-09-29T18:12:41.620Z
30.09.2026;17:00;Norway;NM Cup;Follo;Sarpsborg 08;id1000002974288574;bet365;First Half Result;0.0;1;17.0;17.0;2026-09-29T18:12:41.620Z
30.09.2026;17:00;Norway;NM Cup;Follo;Sarpsborg 08;id1000002974288574;bet365;First Half Result;0.0;X;3.6;3.6;2026-09-29T18:12:41.620Z
30.09.2026;17:00;Norway;NM Cup;Follo;Sarpsborg 08;id1000002974288574;bet365;First Half Result;0.0;2;1.3;1.3;2026-09-29T18:12:41.620Z
30.09.2026;17:00;Norway;NM Cup;Follo;Sarpsborg 08;id1000002974288574;bet365;Second Half Result;0.0;1;13.0;13.0;2026-09-29T18:12:41.620Z
30.09.2026;17:00;Norway;NM Cup;Follo;Sarpsborg 08;id1000002974288574;bet365;Second Half Result;0.0;X;4.0;4.0;2026-09-29T18:12:41.620Z
30.09.2026;17:00;Norway;NM Cup;Follo;Sarpsborg 08;id1000002974288574;bet365;Second Half Result;0.0;2;1.22;1.22;2026-09-29T18:12:41.620Z
30.09.2026;17:00;Norway;NM Cup;Follo;Sarpsborg 08;id1000002974288574;bet365;Over Under Team 1 First Half;0.5;Over;4.5;4.5;2026-09-29T18:12:41.620Z
30.09.2026;17:00;Norway;NM Cup;Follo;Sarpsborg 08;id1000002974288574;bet365;Over Under Team 1 First Half;0.5;Under;1.15;1.15;2026-09-29T18:12:41.620Z
30.09.2026;17:00;Norway;NM Cup;Follo;Sarpsborg 08;id1000002974288574;bet365;Over Under Team 1 First Half;1.5;Over;34.0;34.0;2026-09-29T18:12:41.620Z
30.09.2026;17:00;Norway;NM Cup;Follo;Sarpsborg 08;id1000002974288574;bet365;Over Under Team 1 First Half;1.5;Under;1.01;1.01;2026-09-29T18:12:41.620Z
30.09.2026;17:00;Norway;NM Cup;Follo;Sarpsborg 08;id1000002974288574;bet365;Over Under Team 1 First Half;2.5;Over;81.0;81.0;2026-09-29T18:12:41.620Z
30.09.2026;17:00;Norway;NM Cup;Follo;Sarpsborg 08;id1000002974288574;bet365;Over Under Team 2 First Half;0.5;Over;1.19;1.19;2026-09-29T18:12:41.620Z
30.09.2026;17:00;Norway;NM Cup;Follo;Sarpsborg 08;id1000002974288574;bet365;Over Under Team 2 First Half;0.5;Under;4.0;4.0;2026-09-29T18:12:41.620Z
30.09.2026;17:00;Norway;NM Cup;Follo;Sarpsborg 08;id1000002974288574;bet365;Over Under Team 2 First Half;1.5;Over;2.1;2.1;2026-09-29T18:12:41.620Z
30.09.2026;17:00;Norway;NM Cup;Follo;Sarpsborg 08;id1000002974288574;bet365;Over Under Team 2 First Half;1.5;Under;1.63;1.63;2026-09-29T18:12:41.620Z
30.09.2026;17:00;Norway;NM Cup;Follo;Sarpsborg 08;id1000002974288574;bet365;Over Under Team 2 First Half;2.5;Over;4.75;4.75;2026-09-29T18:12:41.620Z
30.09.2026;17:00;Norway;NM Cup;Follo;Sarpsborg 08;id1000002974288574;bet365;Over Under Team 2 First Half;2.5;Under;1.15;1.15;2026-09-29T18:12:41.620Z
30.09.2026;17:00;Norway;NM Cup;Follo;Sarpsborg 08;id1000002974288574;bet365;Over Under Team 2 First Half;3.5;Over;12.0;12.0;2026-09-29T18:12:41.620Z
30.09.2026;17:00;Norway;NM Cup;Follo;Sarpsborg 08;id1000002974288574;bet365;Over Under Team 2 First Half;3.5;Under;1.032;1.032;2026-09-29T18:12:41.620Z
30.09.2026;17:00;Norway;NM Cup;Follo;Sarpsborg 08;id1000002974288574;bet365;Over Under Team 2 First Half;4.5;Over;23.0;23.0;2026-09-29T18:12:41.620Z
30.09.2026;17:00;Norway;NM Cup;Follo;Sarpsborg 08;id1000002974288574;bet365;Over Under Team 2 First Half;4.5;Under;1.01;1.01;2026-09-29T18:12:41.620Z
30.09.2026;17:00;Norway;NM Cup;Follo;Sarpsborg 08;id1000002974288574;bet365;Over Under Team 1 Second Half;0.5;Over;3.5;3.5;2026-09-29T18:12:41.620Z
30.09.2026;17:00;Norway;NM Cup;Follo;Sarpsborg 08;id1000002974288574;bet365;Over Under Team 1 Second Half;0.5;Under;1.25;1.25;2026-09-29T18:12:41.620Z
30.09.2026;17:00;Norway;NM Cup;Follo;Sarpsborg 08;id1000002974288574;bet365;Over Under Team 1 Second Half;1.5;Over;21.0;21.0;2026-09-29T18:12:41.620Z
30.09.2026;17:00;Norway;NM Cup;Follo;Sarpsborg 08;id1000002974288574;bet365;Over Under Team 1 Second Half;1.5;Under;1.02;1.02;2026-09-29T18:12:41.620Z
30.09.2026;17:00;Norway;NM Cup;Follo;Sarpsborg 08;id1000002974288574;bet365;Over Under Team 1 Second Half;2.5;Over;51.0;51.0;2026-09-29T18:12:41.620Z
30.09.2026;17:00;Norway;NM Cup;Follo;Sarpsborg 08;id1000002974288574;bet365;Over Under Team 1;0.5;Over;2.2;2.2;2026-09-29T18:12:41.620Z
30.09.2026;17:00;Norway;NM Cup;Follo;Sarpsborg 08;id1000002974288574;bet365;Over Under Team 1;0.5;Under;1.58;1.58;2026-09-29T18:12:41.620Z
30.09.2026;17:00;Norway;NM Cup;Follo;Sarpsborg 08;id1000002974288574;bet365;Over Under Team 2 Second Half;0.5;Over;1.11;1.11;2026-09-29T18:12:41.620Z
30.09.2026;17:00;Norway;NM Cup;Follo;Sarpsborg 08;id1000002974288574;bet365;Over Under Team 2 Second Half;0.5;Under;5.5;5.5;2026-09-29T18:12:41.620Z
30.09.2026;17:00;Norway;NM Cup;Follo;Sarpsborg 08;id1000002974288574;bet365;Over Under Team 2 Second Half;1.5;Over;1.69;1.69;2026-09-29T18:12:41.620Z
30.09.2026;17:00;Norway;NM Cup;Follo;Sarpsborg 08;id1000002974288574;bet365;Over Under Team 2 Second Half;1.5;Under;1.97;1.97;2026-09-29T18:12:41.620Z
30.09.2026;17:00;Norway;NM Cup;Follo;Sarpsborg 08;id1000002974288574;bet365;Over Under Team 2 Second Half;2.5;Over;3.4;3.4;2026-09-29T18:12:41.620Z
30.09.2026;17:00;Norway;NM Cup;Follo;Sarpsborg 08;id1000002974288574;bet365;Over Under Team 2 Second Half;2.5;Under;1.27;1.27;2026-09-29T18:12:41.620Z
30.09.2026;17:00;Norway;NM Cup;Follo;Sarpsborg 08;id1000002974288574;bet365;Over Under Team 2 Second Half;3.5;Over;7.5;7.5;2026-09-29T18:12:41.620Z
30.09.2026;17:00;Norway;NM Cup;Follo;Sarpsborg 08;id1000002974288574;bet365;Over Under Team 2 Second Half;3.5;Under;1.061;1.061;2026-09-29T18:12:41.620Z
30.09.2026;17:00;Norway;NM Cup;Follo;Sarpsborg 08;id1000002974288574;bet365;Over Under Team 2 Second Half;4.5;Over;17.0;17.0;2026-09-29T18:12:41.620Z
30.09.2026;17:00;Norway;NM Cup;Follo;Sarpsborg 08;id1000002974288574;bet365;Over Under Team 2 Second Half;4.5;Under;1.02;1.02;2026-09-29T18:12:41.620Z
30.09.2026;17:00;Norway;NM Cup;Follo;Sarpsborg 08;id1000002974288574;bet365;Over Under Team 1;1.5;Over;8.0;8.0;2026-09-29T18:12:41.620Z
30.09.2026;17:00;Norway;NM Cup;Follo;Sarpsborg 08;id1000002974288574;bet365;Over Under Team 1;1.5;Under;1.068;1.068;2026-09-29T18:12:41.620Z
30.09.2026;17:00;Norway;NM Cup;Follo;Sarpsborg 08;id1000002974288574;bet365;Over Under Team 1;2.5;Over;29.0;29.0;2026-09-29T18:12:41.620Z
30.09.2026;17:00;Norway;NM Cup;Follo;Sarpsborg 08;id1000002974288574;bet365;Over Under Team 2;0.5;Over;1.02;1.02;2026-09-29T18:12:41.620Z
30.09.2026;17:00;Norway;NM Cup;Follo;Sarpsborg 08;id1000002974288574;bet365;Over Under Team 2;0.5;Under;17.0;17.0;2026-09-29T18:12:41.620Z
30.09.2026;17:00;Norway;NM Cup;Follo;Sarpsborg 08;id1000002974288574;bet365;Over Under Team 2;1.5;Over;1.13;1.13;2026-09-29T18:12:41.620Z
30.09.2026;17:00;Norway;NM Cup;Follo;Sarpsborg 08;id1000002974288574;bet365;Over Under Team 2;1.5;Under;5.0;5.0;2026-09-29T18:12:41.620Z
30.09.2026;17:00;Norway;NM Cup;Follo;Sarpsborg 08;id1000002974288574;bet365;Over Under Team 2;2.5;Over;1.47;1.47;2026-09-29T18:12:41.620Z
30.09.2026;17:00;Norway;NM Cup;Follo;Sarpsborg 08;id1000002974288574;bet365;Over Under Team 2;2.5;Under;2.5;2.5;2026-09-29T18:12:41.620Z
30.09.2026;17:00;Norway;NM Cup;Follo;Sarpsborg 08;id1000002974288574;bet365;Over Under Team 2;3.5;Over;2.2;2.2;2026-09-29T18:12:41.620Z
30.09.2026;17:00;Norway;NM Cup;Follo;Sarpsborg 08;id1000002974288574;bet365;Over Under Team 2;3.5;Under;1.58;1.58;2026-09-29T18:12:41.620Z
30.09.2026;17:00;Norway;NM Cup;Follo;Sarpsborg 08;id1000002974288574;bet365;Over Under Team 2;4.5;Over;3.75;3.75;2026-09-29T18:12:41.620Z
30.09.2026;17:00;Norway;NM Cup;Follo;Sarpsborg 08;id1000002974288574;bet365;Over Under Team 2;4.5;Under;1.22;1.22;2026-09-29T18:12:41.620Z
30.09.2026;17:00;Norway;NM Cup;Follo;Sarpsborg 08;id1000002974288574;bet365;Over Under First Half;0.5;Over;1.13;1.13;2026-09-29T18:12:41.620Z
30.09.2026;17:00;Norway;NM Cup;Follo;Sarpsborg 08;id1000002974288574;bet365;Over Under First Half;0.5;Under;5.0;5.0;2026-09-29T18:12:41.620Z
30.09.2026;17:00;Norway;NM Cup;Follo;Sarpsborg 08;id1000002974288574;bet365;Over Under First Half;1.5;Over;1.8;1.8;2026-09-29T18:12:41.620Z
30.09.2026;17:00;Norway;NM Cup;Follo;Sarpsborg 08;id1000002974288574;bet365;Over Under First Half;1.5;Under;1.8;1.8;2026-09-29T18:12:41.620Z
30.09.2026;17:00;Norway;NM Cup;Follo;Sarpsborg 08;id1000002974288574;bet365;Over Under First Half;2.5;Over;3.75;3.75;2026-09-29T18:12:41.620Z
30.09.2026;17:00;Norway;NM Cup;Follo;Sarpsborg 08;id1000002974288574;bet365;Over Under First Half;2.5;Under;1.22;1.22;2026-09-29T18:12:41.620Z
30.09.2026;17:00;Norway;NM Cup;Follo;Sarpsborg 08;id1000002974288574;bet365;Over Under First Half;3.5;Over;9.0;9.0;2026-09-29T18:12:41.620Z
30.09.2026;17:00;Norway;NM Cup;Follo;Sarpsborg 08;id1000002974288574;bet365;Over Under First Half;3.5;Under;1.061;1.061;2026-09-29T18:12:41.620Z
30.09.2026;17:00;Norway;NM Cup;Follo;Sarpsborg 08;id1000002974288574;bet365;Over Under First Half;4.5;Over;21.0;21.0;2026-09-29T18:12:41.620Z
30.09.2026;17:00;Norway;NM Cup;Follo;Sarpsborg 08;id1000002974288574;bet365;Over Under First Half;4.5;Under;1.012;1.012;2026-09-29T18:12:41.620Z
30.09.2026;17:00;Norway;NM Cup;Follo;Sarpsborg 08;id1000002974288574;bet365;Over Under Second Half;0.5;Over;1.08;1.08;2026-09-29T18:12:41.620Z
30.09.2026;17:00;Norway;NM Cup;Follo;Sarpsborg 08;id1000002974288574;bet365;Over Under Second Half;0.5;Under;7.0;7.0;2026-09-29T18:12:41.620Z
30.09.2026;17:00;Norway;NM Cup;Follo;Sarpsborg 08;id1000002974288574;bet365;Over Under Second Half;1.5;Over;1.5;1.5;2026-09-29T18:12:41.620Z
30.09.2026;17:00;Norway;NM Cup;Follo;Sarpsborg 08;id1000002974288574;bet365;Over Under Second Half;1.5;Under;2.37;2.37;2026-09-29T18:12:41.620Z
30.09.2026;17:00;Norway;NM Cup;Follo;Sarpsborg 08;id1000002974288574;bet365;Over Under Second Half;2.5;Over;2.62;2.62;2026-09-29T18:12:41.620Z
30.09.2026;17:00;Norway;NM Cup;Follo;Sarpsborg 08;id1000002974288574;bet365;Over Under Second Half;2.5;Under;1.41;1.41;2026-09-29T18:12:41.620Z
30.09.2026;17:00;Norway;NM Cup;Follo;Sarpsborg 08;id1000002974288574;bet365;Over Under Second Half;3.5;Over;5.5;5.5;2026-09-29T18:12:41.620Z
30.09.2026;17:00;Norway;NM Cup;Follo;Sarpsborg 08;id1000002974288574;bet365;Over Under Second Half;3.5;Under;1.11;1.11;2026-09-29T18:12:41.620Z
30.09.2026;17:00;Norway;NM Cup;Follo;Sarpsborg 08;id1000002974288574;bet365;Over Under Second Half;4.5;Over;13.0;13.0;2026-09-29T18:12:41.620Z
30.09.2026;17:00;Norway;NM Cup;Follo;Sarpsborg 08;id1000002974288574;bet365;Over Under Second Half;4.5;Under;1.032;1.032;2026-09-29T18:12:41.620Z
30.09.2026;17:00;Norway;NM Cup;Follo;Sarpsborg 08;id1000002974288574;bet365;Both Teams To Score;0.0;Yes;2.37;2.37;2026-09-29T18:12:41.620Z
30.09.2026;17:00;Norway;NM Cup;Follo;Sarpsborg 08;id1000002974288574;bet365;Both Teams To Score;0.0;No;1.5;1.5;2026-09-29T18:12:41.620Z
30.09.2026;17:00;Norway;NM Cup;Follo;Sarpsborg 08;id1000002974288574;bet365;Over Under Full Time;0.5;Over;1.01;1.01;2026-09-29T18:12:41.620Z
30.09.2026;17:00;Norway;NM Cup;Follo;Sarpsborg 08;id1000002974288574;bet365;Over Under Full Time;0.5;Under;23.0;23.0;2026-09-29T18:12:41.620Z
30.09.2026;17:00;Norway;NM Cup;Follo;Sarpsborg 08;id1000002974288574;bet365;Over Under Full Time;1.5;Over;1.068;1.068;2026-09-29T18:12:41.620Z
30.09.2026;17:00;Norway;NM Cup;Follo;Sarpsborg 08;id1000002974288574;bet365;Over Under Full Time;1.5;Under;8.0;8.0;2026-09-29T18:12:41.620Z
30.09.2026;17:30;Israel;Liga Alef;Hapoel Bnei Musmus;Maccabi Kiryat Ata-Bialik;id1000197074401586;bet365;Full Time Result;0.0;1;3.7;3.7;2026-09-29T18:13:44.267Z
30.09.2026;17:30;Israel;Liga Alef;Hapoel Bnei Musmus;Maccabi Kiryat Ata-Bialik;id1000197074401586;bet365;Full Time Result;0.0;X;3.6;3.6;2026-09-29T18:13:44.267Z
30.09.2026;17:30;Israel;Liga Alef;Hapoel Bnei Musmus;Maccabi Kiryat Ata-Bialik;id1000197074401586;bet365;Full Time Result;0.0;2;1.72;1.72;2026-09-29T18:13:44.267Z
30.09.2026;17:30;Israel;Liga Alef;Hapoel Bnei Musmus;Maccabi Kiryat Ata-Bialik;id1000197074401586;bet365;Over Under Full Time;2.5;Over;1.77;1.77;2026-09-29T18:13:44.267Z
30.09.2026;17:30;Israel;Liga Alef;Hapoel Bnei Musmus;Maccabi Kiryat Ata-Bialik;id1000197074401586;bet365;Over Under Full Time;2.5;Under;1.97;1.97;2026-09-29T18:13:44.267Z
30.09.2026;17:30;Israel;Liga Alef;Hapoel Bnei Musmus;Maccabi Kiryat Ata-Bialik;id1000197074401586;bet365;Double Chance Full Time;0.0;1X;1.87;1.87;2026-09-29T18:13:44.267Z
30.09.2026;17:30;Israel;Liga Alef;Hapoel Bnei Musmus;Maccabi Kiryat Ata-Bialik;id1000197074401586;bet365;Double Chance Full Time;0.0;12;1.19;1.19;2026-09-29T18:13:44.267Z
30.09.2026;17:30;Israel;Liga Alef;Hapoel Bnei Musmus;Maccabi Kiryat Ata-Bialik;id1000197074401586;bet365;Double Chance Full Time;0.0;2X;1.19;1.19;2026-09-29T18:13:44.267Z
30.09.2026;17:30;Israel;Liga Alef;Hapoel Bnei Musmus;Maccabi Kiryat Ata-Bialik;id1000197074401586;bet365;First Half Result;0.0;1;4.33;4.33;2026-09-29T18:13:44.267Z
30.09.2026;17:30;Israel;Liga Alef;Hapoel Bnei Musmus;Maccabi Kiryat Ata-Bialik;id1000197074401586;bet365;First Half Result;0.0;X;2.25;2.25;2026-09-29T18:13:44.267Z
30.09.2026;17:30;Israel;Liga Alef;Hapoel Bnei Musmus;Maccabi Kiryat Ata-Bialik;id1000197074401586;bet365;First Half Result;0.0;2;2.3;2.3;2026-09-29T18:13:44.267Z
30.09.2026;17:30;Israel;Liga Alef;Ironi Nesher;Beitar Naharia;id1000197074401590;bet365;Full Time Result;0.0;1;2.37;2.37;2026-09-29T18:12:54.933Z
30.09.2026;17:30;Israel;Liga Alef;Ironi Nesher;Beitar Naharia;id1000197074401590;bet365;Full Time Result;0.0;X;3.3;3.3;2026-09-29T18:12:54.933Z
30.09.2026;17:30;Israel;Liga Alef;Ironi Nesher;Beitar Naharia;id1000197074401590;bet365;Full Time Result;0.0;2;2.55;2.55;2026-09-29T18:12:54.933Z
30.09.2026;17:30;Israel;Liga Alef;Ironi Nesher;Beitar Naharia;id1000197074401590;bet365;Over Under Full Time;2.5;Over;1.82;1.82;2026-09-29T18:40:09.465Z
30.09.2026;17:30;Israel;Liga Alef;Ironi Nesher;Beitar Naharia;id1000197074401590;bet365;Over Under Full Time;2.5;Under;1.92;1.92;2026-09-29T18:40:09.465Z
30.09.2026;17:30;Israel;Liga Alef;Ironi Nesher;Beitar Naharia;id1000197074401590;bet365;Double Chance Full Time;0.0;1X;1.41;1.41;2026-09-29T18:12:54.933Z
30.09.2026;17:30;Israel;Liga Alef;Ironi Nesher;Beitar Naharia;id1000197074401590;bet365;Double Chance Full Time;0.0;12;1.22;1.22;2026-09-29T18:12:54.933Z
30.09.2026;17:30;Israel;Liga Alef;Ironi Nesher;Beitar Naharia;id1000197074401590;bet365;Double Chance Full Time;0.0;2X;1.47;1.47;2026-09-29T18:12:54.933Z
30.09.2026;17:30;Israel;Liga Alef;Ironi Nesher;Beitar Naharia;id1000197074401590;bet365;First Half Result;0.0;1;3.0;3.0;2026-09-29T18:12:54.933Z
30.09.2026;17:30;Israel;Liga Alef;Ironi Nesher;Beitar Naharia;id1000197074401590;bet365;First Half Result;0.0;X;2.2;2.2;2026-09-29T18:12:54.933Z
30.09.2026;17:30;Israel;Liga Alef;Ironi Nesher;Beitar Naharia;id1000197074401590;bet365;First Half Result;0.0;2;3.1;3.1;2026-09-29T18:12:54.933Z
30.09.2026;18:00;Spain;Copa de SM La Reina;Burgos CF;Cacereno Femenino;id1002486474620868;bet365;Full Time Result;0.0;1;3.6;3.6;2026-09-29T18:13:47.483Z
30.09.2026;18:00;Spain;Copa de SM La Reina;Burgos CF;Cacereno Femenino;id1002486474620868;bet365;Full Time Result;0.0;X;3.4;3.4;2026-09-29T18:13:47.483Z
30.09.2026;18:00;Spain;Copa de SM La Reina;Burgos CF;Cacereno Femenino;id1002486474620868;bet365;Full Time Result;0.0;2;1.82;1.82;2026-09-29T18:13:47.483Z
30.09.2026;18:00;Spain;Copa de SM La Reina;Burgos CF;Cacereno Femenino;id1002486474620868;bet365;Over Under Full Time;2.5;Over;1.97;1.97;2026-09-29T18:38:49.924Z
30.09.2026;18:00;Spain;Copa de SM La Reina;Burgos CF;Cacereno Femenino;id1002486474620868;bet365;Over Under Full Time;2.5;Under;1.77;1.77;2026-09-29T18:38:49.924Z
30.09.2026;18:00;Spain;Copa de SM La Reina;Burgos CF;Cacereno Femenino;id1002486474620868;bet365;Double Chance Full Time;0.0;1X;1.77;1.77;2026-09-29T18:13:47.483Z
30.09.2026;18:00;Spain;Copa de SM La Reina;Burgos CF;Cacereno Femenino;id1002486474620868;bet365;Double Chance Full Time;0.0;12;1.22;1.22;2026-09-29T18:13:47.483Z
30.09.2026;18:00;Spain;Copa de SM La Reina;Burgos CF;Cacereno Femenino;id1002486474620868;bet365;Double Chance Full Time;0.0;2X;1.19;1.19;2026-09-29T18:13:47.483Z
30.09.2026;18:00;Spain;Copa de SM La Reina;Burgos CF;Cacereno Femenino;id1002486474620868;bet365;First Half Result;0.0;1;4.33;4.33;2026-09-29T18:13:47.483Z
30.09.2026;18:00;Spain;Copa de SM La Reina;Burgos CF;Cacereno Femenino;id1002486474620868;bet365;First Half Result;0.0;X;2.1;2.1;2026-09-29T18:13:47.483Z
30.09.2026;18:00;Spain;Copa de SM La Reina;Burgos CF;Cacereno Femenino;id1002486474620868;bet365;First Half Result;0.0;2;2.4;2.4;2026-09-29T18:13:47.483Z
30.09.2026;18:00;Nigeria;Premier League;Enyimba;Shooting Stars;id1000211274748702;bet365;Full Time Result;0.0;1;1.54;1.54;2026-09-29T18:14:39.938Z
30.09.2026;18:00;Nigeria;Premier League;Enyimba;Shooting Stars;id1000211274748702;bet365;Full Time Result;0.0;X;3.4;3.4;2026-09-29T18:14:39.938Z
30.09.2026;18:00;Nigeria;Premier League;Enyimba;Shooting Stars;id1000211274748702;bet365;Full Time Result;0.0;2;5.5;5.5;2026-09-29T18:14:39.938Z
30.09.2026;18:00;Nigeria;Premier League;Enyimba;Shooting Stars;id1000211274748702;bet365;Over Under Full Time;2.5;Over;2.35;2.35;2026-09-29T18:14:39.938Z
30.09.2026;18:00;Nigeria;Premier League;Enyimba;Shooting Stars;id1000211274748702;bet365;Over Under Full Time;2.5;Under;1.54;1.54;2026-09-29T18:14:39.938Z
30.09.2026;18:00;Nigeria;Premier League;Enyimba;Shooting Stars;id1000211274748702;bet365;Double Chance Full Time;0.0;1X;1.08;1.08;2026-09-29T18:14:39.938Z
30.09.2026;18:00;Nigeria;Premier League;Enyimba;Shooting Stars;id1000211274748702;bet365;Double Chance Full Time;0.0;12;1.22;1.22;2026-09-29T18:14:39.938Z
30.09.2026;18:00;Nigeria;Premier League;Enyimba;Shooting Stars;id1000211274748702;bet365;Double Chance Full Time;0.0;2X;2.15;2.15;2026-09-29T18:14:39.938Z
30.09.2026;18:00;Nigeria;Premier League;Enyimba;Shooting Stars;id1000211274748702;bet365;First Half Result;0.0;1;2.2;2.2;2026-09-29T18:14:39.938Z
30.09.2026;18:00;Nigeria;Premier League;Enyimba;Shooting Stars;id1000211274748702;bet365;First Half Result;0.0;X;2.02;2.02;2026-09-29T18:14:39.938Z
30.09.2026;18:00;Nigeria;Premier League;Enyimba;Shooting Stars;id1000211274748702;bet365;First Half Result;0.0;2;6.5;6.5;2026-09-29T18:14:39.938Z
30.09.2026;18:00;Montenegro;2. CFL;FK Zeta Golubovci;FK Kom Podgorica;id1000071772304494;bet365;Full Time Result;0.0;1;1.92;1.92;2026-09-29T18:13:43.301Z
30.09.2026;18:00;Montenegro;2. CFL;FK Zeta Golubovci;FK Kom Podgorica;id1000071772304494;bet365;Full Time Result;0.0;X;3.2;3.2;2026-09-29T18:13:43.301Z
30.09.2026;18:00;Montenegro;2. CFL;FK Zeta Golubovci;FK Kom Podgorica;id1000071772304494;bet365;Full Time Result;0.0;2;3.5;3.5;2026-09-29T18:13:43.301Z
30.09.2026;18:00;Montenegro;2. CFL;FK Zeta Golubovci;FK Kom Podgorica;id1000071772304494;bet365;Over Under Full Time;2.5;Over;2.2;2.2;2026-09-29T18:13:43.301Z
30.09.2026;18:00;Montenegro;2. CFL;FK Zeta Golubovci;FK Kom Podgorica;id1000071772304494;bet365;Over Under Full Time;2.5;Under;1.62;1.62;2026-09-29T18:13:43.301Z
30.09.2026;18:00;Montenegro;2. CFL;FK Zeta Golubovci;FK Kom Podgorica;id1000071772304494;bet365;Double Chance Full Time;0.0;1X;1.19;1.19;2026-09-29T18:13:43.301Z
30.09.2026;18:00;Montenegro;2. CFL;FK Zeta Golubovci;FK Kom Podgorica;id1000071772304494;bet365;Double Chance Full Time;0.0;12;1.25;1.25;2026-09-29T18:13:43.301Z
30.09.2026;18:00;Montenegro;2. CFL;FK Zeta Golubovci;FK Kom Podgorica;id1000071772304494;bet365;Double Chance Full Time;0.0;2X;1.67;1.67;2026-09-29T18:13:43.301Z
30.09.2026;18:00;Montenegro;2. CFL;FK Zeta Golubovci;FK Kom Podgorica;id1000071772304494;bet365;First Half Result;0.0;1;2.62;2.62;2026-09-29T18:13:43.301Z
30.09.2026;18:00;Montenegro;2. CFL;FK Zeta Golubovci;FK Kom Podgorica;id1000071772304494;bet365;First Half Result;0.0;X;2.02;2.02;2026-09-29T18:13:43.301Z
30.09.2026;18:00;Montenegro;2. CFL;FK Zeta Golubovci;FK Kom Podgorica;id1000071772304494;bet365;First Half Result;0.0;2;4.0;4.0;2026-09-29T18:13:43.301Z
30.09.2026;18:00;Ghana;Premier League;Medeama SC;Port City FC;id1000119174979622;bet365;Full Time Result;0.0;1;1.54;1.54;2026-09-29T18:20:02.334Z
30.09.2026;18:00;Ghana;Premier League;Medeama SC;Port City FC;id1000119174979622;bet365;Full Time Result;0.0;X;3.4;3.4;2026-09-29T18:20:02.334Z
30.09.2026;18:00;Ghana;Premier League;Medeama SC;Port City FC;id1000119174979622;bet365;Full Time Result;0.0;2;5.5;5.5;2026-09-29T18:20:02.334Z
30.09.2026;18:00;Ghana;Premier League;Medeama SC;Port City FC;id1000119174979622;bet365;Over Under Full Time;2.5;Over;2.25;2.25;2026-09-29T18:20:02.334Z
30.09.2026;18:00;Ghana;Premier League;Medeama SC;Port City FC;id1000119174979622;bet365;Over Under Full Time;2.5;Under;1.58;1.58;2026-09-29T18:20:02.334Z
30.09.2026;18:00;Ghana;Premier League;Medeama SC;Port City FC;id1000119174979622;bet365;Double Chance Full Time;0.0;1X;1.08;1.08;2026-09-29T18:20:02.334Z
30.09.2026;18:00;Ghana;Premier League;Medeama SC;Port City FC;id1000119174979622;bet365;Double Chance Full Time;0.0;12;1.22;1.22;2026-09-29T18:20:02.334Z
30.09.2026;18:00;Ghana;Premier League;Medeama SC;Port City FC;id1000119174979622;bet365;Double Chance Full Time;0.0;2X;2.15;2.15;2026-09-29T18:20:02.334Z
30.09.2026;18:00;Ghana;Premier League;Medeama SC;Port City FC;id1000119174979622;bet365;First Half Result;0.0;1;2.2;2.2;2026-09-29T18:20:02.334Z
30.09.2026;18:00;Ghana;Premier League;Medeama SC;Port City FC;id1000119174979622;bet365;First Half Result;0.0;X;2.02;2.02;2026-09-29T18:20:02.334Z
30.09.2026;18:00;Ghana;Premier League;Medeama SC;Port City FC;id1000119174979622;bet365;First Half Result;0.0;2;6.0;6.0;2026-09-29T18:20:02.334Z
30.09.2026;18:00;Nigeria;Premier League;Sporting Lagos FC;Ikorodu City;id1000211274324150;bet365;Full Time Result;0.0;1;2.15;2.15;2026-09-29T18:20:58.372Z
30.09.2026;18:00;Nigeria;Premier League;Sporting Lagos FC;Ikorodu City;id1000211274324150;bet365;Full Time Result;0.0;X;3.0;3.0;2026-09-29T18:20:58.372Z
30.09.2026;18:00;Nigeria;Premier League;Sporting Lagos FC;Ikorodu City;id1000211274324150;bet365;Full Time Result;0.0;2;3.2;3.2;2026-09-29T18:20:58.372Z
30.09.2026;18:00;Nigeria;Premier League;Sporting Lagos FC;Ikorodu City;id1000211274324150;bet365;Over Under Full Time;2.5;Over;2.3;2.3;2026-09-29T18:20:58.372Z
30.09.2026;18:00;Nigeria;Premier League;Sporting Lagos FC;Ikorodu City;id1000211274324150;bet365;Over Under Full Time;2.5;Under;1.57;1.57;2026-09-29T18:20:58.372Z
30.09.2026;18:00;Nigeria;Premier League;Sporting Lagos FC;Ikorodu City;id1000211274324150;bet365;Double Chance Full Time;0.0;1X;1.25;1.25;2026-09-29T18:20:58.372Z
30.09.2026;18:00;Nigeria;Premier League;Sporting Lagos FC;Ikorodu City;id1000211274324150;bet365;Double Chance Full Time;0.0;12;1.27;1.27;2026-09-29T18:20:58.372Z
30.09.2026;18:00;Nigeria;Premier League;Sporting Lagos FC;Ikorodu City;id1000211274324150;bet365;Double Chance Full Time;0.0;2X;1.54;1.54;2026-09-29T18:20:58.372Z
30.09.2026;18:00;Nigeria;Premier League;Sporting Lagos FC;Ikorodu City;id1000211274324150;bet365;First Half Result;0.0;1;2.87;2.87;2026-09-29T18:20:58.372Z
30.09.2026;18:00;Nigeria;Premier League;Sporting Lagos FC;Ikorodu City;id1000211274324150;bet365;First Half Result;0.0;X;1.97;1.97;2026-09-29T18:20:58.372Z
30.09.2026;18:00;Nigeria;Premier League;Sporting Lagos FC;Ikorodu City;id1000211274324150;bet365;First Half Result;0.0;2;3.75;3.75;2026-09-29T18:20:58.372Z
30.09.2026;18:30;Spain;Copa de SM La Reina;RC Celta de Vigo;Oviedo Moderno;id1002486474620876;bet365;Full Time Result;0.0;1;3.0;3.0;2026-09-29T18:14:45.533Z
30.09.2026;18:30;Spain;Copa de SM La Reina;RC Celta de Vigo;Oviedo Moderno;id1002486474620876;bet365;Full Time Result;0.0;X;3.6;3.6;2026-09-29T18:14:45.533Z
30.09.2026;18:30;Spain;Copa de SM La Reina;RC Celta de Vigo;Oviedo Moderno;id1002486474620876;bet365;Full Time Result;0.0;2;1.97;1.97;2026-09-29T18:14:45.533Z
30.09.2026;18:30;Spain;Copa de SM La Reina;RC Celta de Vigo;Oviedo Moderno;id1002486474620876;bet365;Over Under Full Time;2.5;Over;1.62;1.62;2026-09-29T18:19:44.005Z
30.09.2026;18:30;Spain;Copa de SM La Reina;RC Celta de Vigo;Oviedo Moderno;id1002486474620876;bet365;Over Under Full Time;2.5;Under;2.2;2.2;2026-09-29T18:19:44.005Z
30.09.2026;18:30;Spain;Copa de SM La Reina;RC Celta de Vigo;Oviedo Moderno;id1002486474620876;bet365;Double Chance Full Time;0.0;1X;1.63;1.63;2026-09-29T18:14:45.533Z
30.09.2026;18:30;Spain;Copa de SM La Reina;RC Celta de Vigo;Oviedo Moderno;id1002486474620876;bet365;Double Chance Full Time;0.0;12;1.19;1.19;2026-09-29T18:14:45.533Z
30.09.2026;18:30;Spain;Copa de SM La Reina;RC Celta de Vigo;Oviedo Moderno;id1002486474620876;bet365;Double Chance Full Time;0.0;2X;1.27;1.27;2026-09-29T18:14:45.533Z
30.09.2026;18:30;Spain;Copa de SM La Reina;RC Celta de Vigo;Oviedo Moderno;id1002486474620876;bet365;First Half Result;0.0;1;3.5;3.5;2026-09-29T18:14:45.533Z
30.09.2026;18:30;Spain;Copa de SM La Reina;RC Celta de Vigo;Oviedo Moderno;id1002486474620876;bet365;First Half Result;0.0;X;2.3;2.3;2026-09-29T18:14:45.533Z
30.09.2026;18:30;Spain;Copa de SM La Reina;RC Celta de Vigo;Oviedo Moderno;id1002486474620876;bet365;First Half Result;0.0;2;2.5;2.5;2026-09-29T18:14:45.533Z
30.09.2026;19:00;International;Africa Cup of Nations Qualification;Eritrea;South Africa;id1000184874372500;bet365;Full Time Result;0.0;1;23.0;10.0;2026-09-29T17:21:22.933Z
30.09.2026;19:00;International;Africa Cup of Nations Qualification;Eritrea;South Africa;id1000184874372500;bet365;Full Time Result;0.0;X;9.0;5.5;2026-09-29T17:21:22.933Z
30.09.2026;19:00;International;Africa Cup of Nations Qualification;Eritrea;South Africa;id1000184874372500;bet365;Full Time Result;0.0;2;1.068;1.22;2026-09-29T17:21:22.933Z
30.09.2026;19:00;International;Africa Cup of Nations Qualification;Eritrea;South Africa;id1000184874372500;bet365;Over Under Full Time;2.5;Over;1.27;1.47;2026-09-29T17:21:22.933Z
30.09.2026;19:00;International;Africa Cup of Nations Qualification;Eritrea;South Africa;id1000184874372500;bet365;Over Under Full Time;2.5;Under;3.4;2.5;2026-09-29T17:21:22.933Z
30.09.2026;19:00;International;Africa Cup of Nations Qualification;Eritrea;South Africa;id1000184874372500;bet365;Over Under Full Time;3.5;Over;1.69;2.2;2026-09-29T17:21:22.933Z
30.09.2026;19:00;International;Africa Cup of Nations Qualification;Eritrea;South Africa;id1000184874372500;bet365;Over Under Full Time;3.5;Under;1.97;1.58;2026-09-29T17:21:22.933Z
30.09.2026;19:00;International;Africa Cup of Nations Qualification;Eritrea;South Africa;id1000184874372500;bet365;Over Under Full Time;4.5;Over;2.62;3.75;2026-09-29T17:21:22.933Z
30.09.2026;19:00;International;Africa Cup of Nations Qualification;Eritrea;South Africa;id1000184874372500;bet365;Over Under Full Time;4.5;Under;1.41;1.22;2026-09-29T17:21:22.933Z
30.09.2026;19:00;International;Africa Cup of Nations Qualification;Eritrea;South Africa;id1000184874372500;bet365;Double Chance Full Time;0.0;1X;6.0;3.75;2026-09-29T17:21:22.933Z
30.09.2026;19:00;International;Africa Cup of Nations Qualification;Eritrea;South Africa;id1000184874372500;bet365;Double Chance Full Time;0.0;12;1.052;1.1;2026-09-29T17:21:22.933Z
30.09.2026;19:00;International;Africa Cup of Nations Qualification;Eritrea;South Africa;id1000184874372500;bet365;Double Chance Full Time;0.0;2X;1.004;1.025;2026-09-29T17:21:22.933Z
30.09.2026;19:00;International;Africa Cup of Nations Qualification;Eritrea;South Africa;id1000184874372500;bet365;First Half Result;0.0;1;13.0;9.0;2026-09-29T17:21:22.933Z
30.09.2026;19:00;International;Africa Cup of Nations Qualification;Eritrea;South Africa;id1000184874372500;bet365;First Half Result;0.0;X;3.2;2.62;2026-09-29T17:21:22.933Z
30.09.2026;19:00;International;Africa Cup of Nations Qualification;Eritrea;South Africa;id1000184874372500;bet365;First Half Result;0.0;2;1.37;1.58;2026-09-29T17:21:22.933Z
30.09.2026;19:00;International;Africa Cup of Nations Qualification;Eritrea;South Africa;id1000184874372500;bet365;Second Half Result;0.0;1;12.0;8.0;2026-09-29T17:21:22.933Z
30.09.2026;19:00;International;Africa Cup of Nations Qualification;Eritrea;South Africa;id1000184874372500;bet365;Second Half Result;0.0;X;3.75;3.1;2026-09-29T17:21:22.933Z
30.09.2026;19:00;International;Africa Cup of Nations Qualification;Eritrea;South Africa;id1000184874372500;bet365;Second Half Result;0.0;2;1.27;1.47;2026-09-29T17:21:22.933Z
30.09.2026;19:00;International;Africa Cup of Nations Qualification;Eritrea;South Africa;id1000184874372500;bet365;Over Under Team 2 First Half;0.5;Over;1.25;1.37;2026-09-29T17:21:22.933Z
30.09.2026;19:00;International;Africa Cup of Nations Qualification;Eritrea;South Africa;id1000184874372500;bet365;Over Under Team 2 First Half;0.5;Under;3.5;2.75;2026-09-29T17:21:22.933Z
30.09.2026;19:00;International;Africa Cup of Nations Qualification;Eritrea;South Africa;id1000184874372500;bet365;Over Under Team 2 First Half;1.5;Over;2.3;3.0;2026-09-29T17:21:22.933Z
30.09.2026;19:00;International;Africa Cup of Nations Qualification;Eritrea;South Africa;id1000184874372500;bet365;Over Under Team 2 First Half;1.5;Under;1.58;1.37;2026-09-29T17:21:22.933Z
30.09.2026;19:00;International;Africa Cup of Nations Qualification;Eritrea;South Africa;id1000184874372500;bet365;Over Under Team 2 First Half;2.5;Over;5.5;8.0;2026-09-29T17:21:22.933Z
30.09.2026;19:00;International;Africa Cup of Nations Qualification;Eritrea;South Africa;id1000184874372500;bet365;Over Under Team 2 First Half;2.5;Under;1.11;1.061;2026-09-29T17:21:22.933Z
30.09.2026;19:00;International;Africa Cup of Nations Qualification;Eritrea;South Africa;id1000184874372500;bet365;Over Under Team 2 First Half;3.5;Over;13.0;21.0;2026-09-29T17:21:22.933Z
30.09.2026;19:00;International;Africa Cup of Nations Qualification;Eritrea;South Africa;id1000184874372500;bet365;Over Under Team 2 First Half;3.5;Under;1.03;1.016;2026-09-29T17:21:22.933Z
30.09.2026;19:00;International;Africa Cup of Nations Qualification;Eritrea;South Africa;id1000184874372500;bet365;Over Under Team 2 First Half;4.5;Over;26.0;41.0;2026-09-29T17:21:22.933Z
30.09.2026;19:00;International;Africa Cup of Nations Qualification;Eritrea;South Africa;id1000184874372500;bet365;Over Under Team 2 First Half;4.5;Under;1.008;1.008;2026-09-29T05:35:09.073Z
30.09.2026;19:00;International;Africa Cup of Nations Qualification;Eritrea;South Africa;id1000184874372500;bet365;Over Under Team 2 Second Half;0.5;Over;1.15;1.25;2026-09-29T17:21:22.933Z
30.09.2026;19:00;International;Africa Cup of Nations Qualification;Eritrea;South Africa;id1000184874372500;bet365;Over Under Team 2 Second Half;0.5;Under;4.5;3.5;2026-09-29T17:21:22.933Z
30.09.2026;19:00;International;Africa Cup of Nations Qualification;Eritrea;South Africa;id1000184874372500;bet365;Over Under Team 2 Second Half;1.5;Over;1.87;2.37;2026-09-29T17:21:22.933Z
30.09.2026;19:00;International;Africa Cup of Nations Qualification;Eritrea;South Africa;id1000184874372500;bet365;Over Under Team 2 Second Half;1.5;Under;1.87;1.54;2026-09-29T17:21:22.933Z
30.09.2026;19:00;International;Africa Cup of Nations Qualification;Eritrea;South Africa;id1000184874372500;bet365;Over Under Team 2 Second Half;2.5;Over;3.75;5.5;2026-09-29T17:21:22.933Z
30.09.2026;19:00;International;Africa Cup of Nations Qualification;Eritrea;South Africa;id1000184874372500;bet365;Over Under Team 2 Second Half;2.5;Under;1.22;1.11;2026-09-29T17:21:22.933Z
30.09.2026;19:00;International;Africa Cup of Nations Qualification;Eritrea;South Africa;id1000184874372500;bet365;Over Under Team 2 Second Half;3.5;Over;8.5;13.0;2026-09-29T17:21:22.933Z
30.09.2026;19:00;International;Africa Cup of Nations Qualification;Eritrea;South Africa;id1000184874372500;bet365;Over Under Team 2 Second Half;3.5;Under;1.052;1.03;2026-09-29T17:21:22.933Z
30.09.2026;19:00;International;Africa Cup of Nations Qualification;Eritrea;South Africa;id1000184874372500;bet365;Over Under Team 2 Second Half;4.5;Over;19.0;29.0;2026-09-29T17:21:22.933Z
30.09.2026;19:00;International;Africa Cup of Nations Qualification;Eritrea;South Africa;id1000184874372500;bet365;Over Under Team 2 Second Half;4.5;Under;1.016;1.008;2026-09-29T17:21:22.933Z
30.09.2026;19:00;International;Africa Cup of Nations Qualification;Eritrea;South Africa;id1000184874372500;bet365;Over Under Team 2;0.5;Over;1.025;1.052;2026-09-29T17:21:22.933Z
30.09.2026;19:00;International;Africa Cup of Nations Qualification;Eritrea;South Africa;id1000184874372500;bet365;Over Under Team 2;0.5;Under;10.0;8.0;2026-09-29T17:21:22.933Z
30.09.2026;19:00;International;Africa Cup of Nations Qualification;Eritrea;South Africa;id1000184874372500;bet365;Over Under Team 2;1.5;Over;1.17;1.3;2026-09-29T17:21:22.933Z
30.09.2026;19:00;International;Africa Cup of Nations Qualification;Eritrea;South Africa;id1000184874372500;bet365;Over Under Team 2;1.5;Under;4.33;3.25;2026-09-29T17:21:22.933Z
30.09.2026;19:00;International;Africa Cup of Nations Qualification;Eritrea;South Africa;id1000184874372500;bet365;Over Under Team 2;2.5;Over;1.54;1.97;2026-09-29T17:21:22.933Z
30.09.2026;19:00;International;Africa Cup of Nations Qualification;Eritrea;South Africa;id1000184874372500;bet365;Over Under Team 2;2.5;Under;2.25;1.69;2026-09-29T17:21:22.933Z
30.09.2026;19:00;International;Africa Cup of Nations Qualification;Eritrea;South Africa;id1000184874372500;bet365;Over Under Team 2;3.5;Over;2.5;3.75;2026-09-29T17:21:22.933Z
30.09.2026;19:00;International;Africa Cup of Nations Qualification;Eritrea;South Africa;id1000184874372500;bet365;Over Under Team 2;3.5;Under;1.47;1.22;2026-09-29T17:21:22.933Z
30.09.2026;19:00;International;Africa Cup of Nations Qualification;Eritrea;South Africa;id1000184874372500;bet365;Over Under Team 2;4.5;Over;4.33;7.0;2026-09-29T17:21:22.933Z
30.09.2026;19:00;International;Africa Cup of Nations Qualification;Eritrea;South Africa;id1000184874372500;bet365;Over Under Team 2;4.5;Under;1.17;1.068;2026-09-29T17:21:22.933Z
30.09.2026;19:00;International;Africa Cup of Nations Qualification;Eritrea;South Africa;id1000184874372500;bet365;Over Under First Half;0.5;Over;1.17;1.25;2026-09-29T17:21:22.933Z
30.09.2026;19:00;International;Africa Cup of Nations Qualification;Eritrea;South Africa;id1000184874372500;bet365;Over Under First Half;0.5;Under;4.33;3.5;2026-09-29T17:21:22.933Z
30.09.2026;19:00;International;Africa Cup of Nations Qualification;Eritrea;South Africa;id1000184874372500;bet365;Over Under First Half;1.5;Over;1.87;2.25;2026-09-29T17:21:22.933Z
30.09.2026;19:00;International;Africa Cup of Nations Qualification;Eritrea;South Africa;id1000184874372500;bet365;Over Under First Half;1.5;Under;1.77;1.54;2026-09-29T17:21:22.933Z
30.09.2026;19:00;International;Africa Cup of Nations Qualification;Eritrea;South Africa;id1000184874372500;bet365;Over Under First Half;2.5;Over;4.0;4.5;2026-09-29T17:21:22.933Z
30.09.2026;19:00;International;Africa Cup of Nations Qualification;Eritrea;South Africa;id1000184874372500;bet365;Over Under First Half;2.5;Under;1.19;1.13;2026-09-29T17:21:22.933Z
30.09.2026;19:00;International;Africa Cup of Nations Qualification;Eritrea;South Africa;id1000184874372500;bet365;Over Under First Half;3.5;Over;8.0;9.0;2026-09-29T17:21:22.933Z
30.09.2026;19:00;International;Africa Cup of Nations Qualification;Eritrea;South Africa;id1000184874372500;bet365;Over Under First Half;3.5;Under;1.052;1.032;2026-09-29T17:21:22.933Z
30.09.2026;19:00;International;Africa Cup of Nations Qualification;Eritrea;South Africa;id1000184874372500;bet365;Over Under First Half;4.5;Over;13.0;17.0;2026-09-29T17:21:22.933Z
30.09.2026;19:00;International;Africa Cup of Nations Qualification;Eritrea;South Africa;id1000184874372500;bet365;Over Under First Half;4.5;Under;1.01;1.008;2026-09-29T13:24:22.909Z
30.09.2026;19:00;International;Africa Cup of Nations Qualification;Eritrea;South Africa;id1000184874372500;bet365;Over Under Second Half;0.5;Over;1.1;1.13;2026-09-29T17:21:22.933Z
30.09.2026;19:00;International;Africa Cup of Nations Qualification;Eritrea;South Africa;id1000184874372500;bet365;Over Under Second Half;0.5;Under;6.0;5.0;2026-09-29T17:21:22.933Z
30.09.2026;19:00;International;Africa Cup of Nations Qualification;Eritrea;South Africa;id1000184874372500;bet365;Over Under Second Half;1.5;Over;1.54;1.77;2026-09-29T17:21:22.933Z
30.09.2026;19:00;International;Africa Cup of Nations Qualification;Eritrea;South Africa;id1000184874372500;bet365;Over Under Second Half;1.5;Under;2.25;1.87;2026-09-29T17:21:22.933Z
30.09.2026;19:00;International;Africa Cup of Nations Qualification;Eritrea;South Africa;id1000184874372500;bet365;Over Under Second Half;2.5;Over;2.75;3.5;2026-09-29T17:21:22.933Z
30.09.2026;19:00;International;Africa Cup of Nations Qualification;Eritrea;South Africa;id1000184874372500;bet365;Over Under Second Half;2.5;Under;1.37;1.25;2026-09-29T17:21:22.933Z
30.09.2026;19:00;International;Africa Cup of Nations Qualification;Eritrea;South Africa;id1000184874372500;bet365;Over Under Second Half;3.5;Over;6.0;8.0;2026-09-29T17:21:22.933Z
30.09.2026;19:00;International;Africa Cup of Nations Qualification;Eritrea;South Africa;id1000184874372500;bet365;Over Under Second Half;3.5;Under;1.1;1.068;2026-09-29T17:21:22.933Z
30.09.2026;19:00;International;Africa Cup of Nations Qualification;Eritrea;South Africa;id1000184874372500;bet365;Over Under Second Half;4.5;Over;15.0;19.0;2026-09-29T17:21:22.933Z
30.09.2026;19:00;International;Africa Cup of Nations Qualification;Eritrea;South Africa;id1000184874372500;bet365;Over Under Second Half;4.5;Under;1.025;1.016;2026-09-29T17:21:22.933Z
30.09.2026;19:00;International;Africa Cup of Nations Qualification;Eritrea;South Africa;id1000184874372500;bet365;Both Teams To Score;0.0;Yes;2.5;1.8;2026-09-29T19:03:44.349Z
30.09.2026;19:00;International;Africa Cup of Nations Qualification;Eritrea;South Africa;id1000184874372500;bet365;Both Teams To Score;0.0;No;1.47;1.8;2026-09-29T19:03:44.349Z
30.09.2026;19:00;International;Africa Cup of Nations Qualification;Eritrea;South Africa;id1000184874372500;bet365;Over Under Full Time;0.5;Over;1.0;1.016;2026-09-29T19:03:44.349Z
30.09.2026;19:00;International;Africa Cup of Nations Qualification;Eritrea;South Africa;id1000184874372500;bet365;Over Under Full Time;0.5;Under;23.0;11.0;2026-09-29T19:03:44.349Z
30.09.2026;19:00;International;Africa Cup of Nations Qualification;Eritrea;South Africa;id1000184874372500;bet365;Over Under Full Time;1.5;Over;1.068;1.11;2026-09-29T17:21:22.933Z
30.09.2026;19:00;International;Africa Cup of Nations Qualification;Eritrea;South Africa;id1000184874372500;bet365;Over Under Full Time;1.5;Under;7.0;5.0;2026-09-29T17:21:22.933Z
30.09.2026;19:00;International;Africa Cup of Nations Qualification;Eritrea;South Africa;id1000184874372500;pinnacle;Full Time Result;0.0;1;38.79;8.69;2026-09-29T19:33:57.627Z
30.09.2026;19:00;International;Africa Cup of Nations Qualification;Eritrea;South Africa;id1000184874372500;pinnacle;Full Time Result;0.0;X;16.01;5.3;2026-09-29T19:33:57.627Z
30.09.2026;19:00;International;Africa Cup of Nations Qualification;Eritrea;South Africa;id1000184874372500;pinnacle;Full Time Result;0.0;2;1.022;1.283;2026-09-29T19:33:57.627Z
30.09.2026;19:00;International;Africa Cup of Nations Qualification;Eritrea;South Africa;id1000184874372500;pinnacle;Over Under Full Time;2.5;Over;1.387;1.48;2026-09-29T19:33:57.627Z
30.09.2026;19:00;International;Africa Cup of Nations Qualification;Eritrea;South Africa;id1000184874372500;pinnacle;Over Under Full Time;2.5;Under;2.69;2.51;2026-09-29T19:33:57.627Z
30.09.2026;19:00;International;Africa Cup of Nations Qualification;Eritrea;South Africa;id1000184874372500;pinnacle;Over Under Full Time;3.5;Over;1.769;2.24;2026-09-29T19:33:57.627Z
30.09.2026;19:00;International;Africa Cup of Nations Qualification;Eritrea;South Africa;id1000184874372500;pinnacle;Over Under Full Time;3.5;Under;1.961;1.595;2026-09-29T19:33:57.627Z
30.09.2026;19:00;International;Africa Cup of Nations Qualification;Eritrea;South Africa;id1000184874372500;pinnacle;Double Chance Full Time;0.0;12;1.055;1.143;2026-09-29T19:46:44.320Z
30.09.2026;19:00;International;Africa Cup of Nations Qualification;Eritrea;South Africa;id1000184874372500;pinnacle;Double Chance Full Time;0.0;2X;1.02;1.069;2026-09-29T19:46:44.320Z
30.09.2026;19:00;International;Africa Cup of Nations Qualification;Eritrea;South Africa;id1000184874372500;pinnacle;First Half Result;0.0;1;20.78;7.67;2026-09-29T19:33:57.627Z
30.09.2026;19:00;International;Africa Cup of Nations Qualification;Eritrea;South Africa;id1000184874372500;pinnacle;First Half Result;0.0;X;3.86;2.78;2026-09-29T19:33:57.627Z
30.09.2026;19:00;International;Africa Cup of Nations Qualification;Eritrea;South Africa;id1000184874372500;pinnacle;First Half Result;0.0;2;1.24;1.649;2026-09-29T19:33:57.627Z
30.09.2026;19:00;International;Africa Cup of Nations Qualification;Eritrea;South Africa;id1000184874372500;pinnacle;Over Under Team 2 First Half;0.5;Over;1.416;1.401;2026-09-29T19:33:57.627Z
30.09.2026;19:00;International;Africa Cup of Nations Qualification;Eritrea;South Africa;id1000184874372500;pinnacle;Over Under Team 2 First Half;0.5;Under;2.74;2.8;2026-09-29T19:33:57.627Z
30.09.2026;19:00;International;Africa Cup of Nations Qualification;Eritrea;South Africa;id1000184874372500;pinnacle;Over Under Team 2 First Half;1.5;Over;1.961;2.84;2026-09-29T13:52:05.399Z
30.09.2026;19:00;International;Africa Cup of Nations Qualification;Eritrea;South Africa;id1000184874372500;pinnacle;Over Under Team 2 First Half;1.5;Under;1.729;1.401;2026-09-29T13:52:05.399Z
30.09.2026;19:00;International;Africa Cup of Nations Qualification;Eritrea;South Africa;id1000184874372500;pinnacle;Over Under Team 1;0.5;Over;2.68;1.833;2026-09-29T19:33:57.627Z
30.09.2026;19:00;International;Africa Cup of Nations Qualification;Eritrea;South Africa;id1000184874372500;pinnacle;Over Under Team 1;0.5;Under;1.434;1.925;2026-09-29T19:33:57.627Z
30.09.2026;19:00;International;Africa Cup of Nations Qualification;Eritrea;South Africa;id1000184874372500;pinnacle;Over Under Team 2;2.5;Over;1.568;2.05;2026-09-29T19:33:57.627Z
30.09.2026;19:00;International;Africa Cup of Nations Qualification;Eritrea;South Africa;id1000184874372500;pinnacle;Over Under Team 2;2.5;Under;2.25;1.729;2026-09-29T19:33:57.627Z
30.09.2026;19:00;International;Africa Cup of Nations Qualification;Eritrea;South Africa;id1000184874372500;pinnacle;Over Under Team 2;3.5;Over;1.97;1.99;2026-09-28T22:31:23.874Z
30.09.2026;19:00;International;Africa Cup of Nations Qualification;Eritrea;South Africa;id1000184874372500;pinnacle;Over Under Team 2;3.5;Under;1.74;1.724;2026-09-28T22:31:23.874Z
30.09.2026;19:00;International;Africa Cup of Nations Qualification;Eritrea;South Africa;id1000184874372500;pinnacle;Over Under First Half;1.5;Over;1.869;2.2;2026-09-29T19:33:57.627Z
30.09.2026;19:00;International;Africa Cup of Nations Qualification;Eritrea;South Africa;id1000184874372500;pinnacle;Over Under First Half;1.5;Under;1.84;1.625;2026-09-29T19:33:57.627Z
30.09.2026;19:00;International;Africa Cup of Nations Qualification;Eritrea;South Africa;id1000184874372500;pinnacle;Both Teams To Score;0.0;Yes;2.029;1.934;2026-09-29T19:46:44.320Z
30.09.2026;19:00;International;Africa Cup of Nations Qualification;Eritrea;South Africa;id1000184874372500;pinnacle;Both Teams To Score;0.0;No;1.746;1.819;2026-09-29T19:46:44.320Z
30.09.2026;19:00;International;Africa Cup of Nations Qualification;Eritrea;South Africa;id1000184874372500;pinnacle;Asian Handicap First Half;0.25;1;3.35;2.83;2026-09-29T19:33:57.627Z
30.09.2026;19:00;International;Africa Cup of Nations Qualification;Eritrea;South Africa;id1000184874372500;pinnacle;Asian Handicap First Half;0.25;2;1.259;1.378;2026-09-29T19:33:57.627Z
30.09.2026;19:00;International;Africa Cup of Nations Qualification;Eritrea;South Africa;id1000184874372500;pinnacle;Asian Handicap First Half;0.5;1;2.58;2.17;2026-09-29T19:33:57.627Z
30.09.2026;19:00;International;Africa Cup of Nations Qualification;Eritrea;South Africa;id1000184874372500;pinnacle;Asian Handicap First Half;0.5;2;1.411;1.645;2026-09-29T19:33:57.627Z
30.09.2026;19:00;International;Africa Cup of Nations Qualification;Eritrea;South Africa;id1000184874372500;pinnacle;Asian Handicap First Half;0.75;1;3.03;1.854;2026-09-29T19:33:57.627Z
30.09.2026;19:00;International;Africa Cup of Nations Qualification;Eritrea;South Africa;id1000184874372500;pinnacle;Asian Handicap First Half;0.75;2;1.303;1.909;2026-09-29T19:33:57.627Z
30.09.2026;19:00;International;Africa Cup of Nations Qualification;Eritrea;South Africa;id1000184874372500;pinnacle;Asian Handicap First Half;1.0;1;2.56;1.51;2026-09-29T19:33:57.627Z
30.09.2026;19:00;International;Africa Cup of Nations Qualification;Eritrea;South Africa;id1000184874372500;pinnacle;Asian Handicap First Half;1.0;2;1.436;2.46;2026-09-29T19:33:57.627Z
30.09.2026;19:00;International;Africa Cup of Nations Qualification;Eritrea;South Africa;id1000184874372500;pinnacle;Asian Handicap First Half;1.25;1;1.952;1.354;2026-09-29T19:33:57.627Z
30.09.2026;19:00;International;Africa Cup of Nations Qualification;Eritrea;South Africa;id1000184874372500;pinnacle;Asian Handicap First Half;1.25;2;1.769;2.93;2026-09-29T19:33:57.627Z
30.09.2026;19:00;International;Africa Cup of Nations Qualification;Eritrea;South Africa;id1000184874372500;pinnacle;Asian Handicap First Half;1.5;1;1.662;1.358;2026-09-29T08:29:21.690Z
30.09.2026;19:00;International;Africa Cup of Nations Qualification;Eritrea;South Africa;id1000184874372500;pinnacle;Asian Handicap First Half;1.5;2;2.06;2.92;2026-09-29T08:29:21.690Z
30.09.2026;19:00;International;Africa Cup of Nations Qualification;Eritrea;South Africa;id1000184874372500;pinnacle;Asian Handicap First Half;1.75;1;1.46;1.328;2026-09-28T22:31:30.263Z
30.09.2026;19:00;International;Africa Cup of Nations Qualification;Eritrea;South Africa;id1000184874372500;pinnacle;Asian Handicap First Half;1.75;2;2.43;2.91;2026-09-28T22:31:30.263Z
30.09.2026;19:00;International;Africa Cup of Nations Qualification;Eritrea;South Africa;id1000184874372500;pinnacle;Asian Handicap;0.75;1;3.08;3.14;2026-09-29T17:09:50.250Z
30.09.2026;19:00;International;Africa Cup of Nations Qualification;Eritrea;South Africa;id1000184874372500;pinnacle;Asian Handicap;0.75;2;1.347;1.336;2026-09-29T17:09:50.250Z
30.09.2026;19:00;International;Africa Cup of Nations Qualification;Eritrea;South Africa;id1000184874372500;pinnacle;Asian Handicap;1.0;1;3.16;2.82;2026-09-29T19:33:57.627Z
30.09.2026;19:00;International;Africa Cup of Nations Qualification;Eritrea;South Africa;id1000184874372500;pinnacle;Asian Handicap;1.0;2;1.326;1.396;2026-09-29T19:33:57.627Z
30.09.2026;19:00;International;Africa Cup of Nations Qualification;Eritrea;South Africa;id1000184874372500;pinnacle;Asian Handicap;1.25;1;3.03;2.29;2026-09-29T19:33:57.627Z
30.09.2026;19:00;International;Africa Cup of Nations Qualification;Eritrea;South Africa;id1000184874372500;pinnacle;Asian Handicap;1.25;2;1.326;1.581;2026-09-29T19:33:57.627Z
30.09.2026;19:00;International;Africa Cup of Nations Qualification;Eritrea;South Africa;id1000184874372500;pinnacle;Asian Handicap;1.5;1;2.86;2.009;2026-09-29T19:33:57.627Z
30.09.2026;19:00;International;Africa Cup of Nations Qualification;Eritrea;South Africa;id1000184874372500;pinnacle;Asian Handicap;1.5;2;1.362;1.775;2026-09-29T19:33:57.627Z
30.09.2026;19:00;International;Africa Cup of Nations Qualification;Eritrea;South Africa;id1000184874372500;pinnacle;Asian Handicap;1.75;1;2.54;1.813;2026-09-29T19:33:57.627Z
30.09.2026;19:00;International;Africa Cup of Nations Qualification;Eritrea;South Africa;id1000184874372500;pinnacle;Asian Handicap;1.75;2;1.45;1.99;2026-09-29T19:33:57.627Z
30.09.2026;19:00;International;Africa Cup of Nations Qualification;Eritrea;South Africa;id1000184874372500;pinnacle;Asian Handicap;2.0;1;2.87;1.591;2026-09-29T19:33:57.627Z
30.09.2026;19:00;International;Africa Cup of Nations Qualification;Eritrea;South Africa;id1000184874372500;pinnacle;Asian Handicap;2.0;2;1.353;2.31;2026-09-29T19:33:57.627Z
30.09.2026;19:00;Russia;2. Liga, Division B, Group 3;FK Ryazan;Zenit Penza;id1000109570228386;pinnacle;Full Time Result;0.0;1;1.602;1.917;2026-08-06T09:54:28.874Z
30.09.2026;19:00;Russia;2. Liga, Division B, Group 3;FK Ryazan;Zenit Penza;id1000109570228386;pinnacle;Full Time Result;0.0;2;2.23;1.826;2026-08-06T09:54:28.874Z
30.09.2026;19:00;Russia;2. Liga, Division B, Group 3;FK Ryazan;Zenit Penza;id1000109570228386;pinnacle;First Half Result;0.0;1;1.694;1.884;2026-08-06T09:54:28.874Z
30.09.2026;19:00;Russia;2. Liga, Division B, Group 3;FK Ryazan;Zenit Penza;id1000109570228386;pinnacle;First Half Result;0.0;2;2.18;1.934;2026-08-06T09:54:28.874Z
30.09.2026;19:00;Russia;2. Liga, Division B, Group 3;FK Ryazan;Zenit Penza;id1000109570228386;pinnacle;Over Under First Half;1.5;Over;2.0;2.07;2026-08-06T09:54:28.874Z
30.09.2026;19:00;Russia;2. Liga, Division B, Group 3;FK Ryazan;Zenit Penza;id1000109570228386;pinnacle;Over Under First Half;1.5;Under;1.751;1.704;2026-08-06T09:54:28.874Z
30.09.2026;19:00;Russia;2. Liga, Division B, Group 3;FK Ryazan;Zenit Penza;id1000109570228386;pinnacle;Asian Handicap First Half;-1.0;1;4.49;5.18;2026-08-06T09:54:28.874Z
30.09.2026;19:00;Russia;2. Liga, Division B, Group 3;FK Ryazan;Zenit Penza;id1000109570228386;pinnacle;Asian Handicap First Half;-1.0;2;1.136;1.097;2026-08-06T09:54:28.874Z
30.09.2026;19:00;Russia;2. Liga, Division B, Group 3;FK Ryazan;Zenit Penza;id1000109570228386;pinnacle;Asian Handicap First Half;-0.5;1;2.49;2.75;2026-08-06T09:54:28.874Z
30.09.2026;19:00;Russia;2. Liga, Division B, Group 3;FK Ryazan;Zenit Penza;id1000109570228386;pinnacle;Asian Handicap First Half;-0.5;2;1.485;1.396;2026-08-06T09:54:28.874Z
30.09.2026;19:00;Russia;2. Liga, Division B, Group 3;FK Ryazan;Zenit Penza;id1000109570228386;pinnacle;Asian Handicap First Half;0.5;1;1.311;1.373;2026-08-06T09:54:28.874Z
30.09.2026;19:00;Russia;2. Liga, Division B, Group 3;FK Ryazan;Zenit Penza;id1000109570228386;pinnacle;Asian Handicap First Half;0.5;2;3.06;2.8;2026-08-06T09:54:28.874Z
30.09.2026;19:00;Russia;2. Liga, Division B, Group 3;FK Ryazan;Zenit Penza;id1000109570228386;sbobet;Full Time Result;0.0;1;1.95;4.75;2026-08-06T11:58:38.412Z
30.09.2026;19:00;Russia;2. Liga, Division B, Group 3;FK Ryazan;Zenit Penza;id1000109570228386;sbobet;Full Time Result;0.0;X;4.0;1.42;2026-08-06T11:58:38.412Z
30.09.2026;19:00;Russia;2. Liga, Division B, Group 3;FK Ryazan;Zenit Penza;id1000109570228386;sbobet;Full Time Result;0.0;2;2.87;4.9;2026-08-06T11:58:38.412Z
30.09.2026;19:00;Russia;2. Liga, Division B, Group 3;FK Ryazan;Zenit Penza;id1000109570228386;sbobet;Over Under Full Time;4.5;Over;1.565;2.52;2026-08-06T12:01:19.511Z
30.09.2026;19:00;Russia;2. Liga, Division B, Group 3;FK Ryazan;Zenit Penza;id1000109570228386;sbobet;Over Under Full Time;4.5;Under;2.21;1.445;2026-08-06T12:01:19.511Z
30.09.2026;19:00;Russia;2. Liga, Division B, Group 3;FK Ryazan;Zenit Penza;id1000109570228386;sbobet;Over Under Team 1;2.5;Over;1.715;1.945;2026-08-06T11:55:57.513Z
30.09.2026;19:00;Russia;2. Liga, Division B, Group 3;FK Ryazan;Zenit Penza;id1000109570228386;sbobet;Over Under Team 1;2.5;Under;1.975;1.745;2026-08-06T11:55:57.513Z
30.09.2026;19:00;Russia;2. Liga, Division B, Group 3;FK Ryazan;Zenit Penza;id1000109570228386;sbobet;Over Under Team 1;3.5;Over;1.42;2.62;2026-08-06T11:32:46.278Z
30.09.2026;19:00;Russia;2. Liga, Division B, Group 3;FK Ryazan;Zenit Penza;id1000109570228386;sbobet;Over Under Team 1;3.5;Under;2.63;1.415;2026-08-06T11:32:46.278Z
30.09.2026;19:00;Russia;2. Liga, Division B, Group 3;FK Ryazan;Zenit Penza;id1000109570228386;sbobet;Over Under Team 1;4.5;Over;2.29;2.53;2026-08-06T10:49:45.081Z
30.09.2026;19:00;Russia;2. Liga, Division B, Group 3;FK Ryazan;Zenit Penza;id1000109570228386;sbobet;Over Under Team 1;4.5;Under;1.55;1.45;2026-08-06T10:49:45.081Z
30.09.2026;19:00;Russia;2. Liga, Division B, Group 3;FK Ryazan;Zenit Penza;id1000109570228386;sbobet;Over Under Team 2;1.5;Over;1.42;2.29;2026-08-06T11:55:57.513Z
30.09.2026;19:00;Russia;2. Liga, Division B, Group 3;FK Ryazan;Zenit Penza;id1000109570228386;sbobet;Over Under Team 2;1.5;Under;2.63;1.545;2026-08-06T11:55:57.513Z
30.09.2026;19:00;Russia;2. Liga, Division B, Group 3;FK Ryazan;Zenit Penza;id1000109570228386;sbobet;Over Under Team 2;2.5;Over;2.21;2.63;2026-08-06T10:30:16.232Z
30.09.2026;19:00;Russia;2. Liga, Division B, Group 3;FK Ryazan;Zenit Penza;id1000109570228386;sbobet;Over Under Team 2;2.5;Under;1.565;1.42;2026-08-06T10:30:16.232Z
30.09.2026;19:00;Russia;2. Liga, Division B, Group 3;FK Ryazan;Zenit Penza;id1000109570228386;sbobet;Asian Handicap;-1.75;1;1.65;1.545;2026-08-06T10:33:04.886Z
30.09.2026;19:00;Russia;2. Liga, Division B, Group 3;FK Ryazan;Zenit Penza;id1000109570228386;sbobet;Asian Handicap;-1.75;2;2.09;2.29;2026-08-06T10:30:16.232Z
30.09.2026;19:00;Russia;2. Liga, Division B, Group 3;FK Ryazan;Zenit Penza;id1000109570228386;sbobet;Asian Handicap;-1.5;1;1.55;2.52;2026-08-06T11:55:57.513Z
30.09.2026;19:00;Russia;2. Liga, Division B, Group 3;FK Ryazan;Zenit Penza;id1000109570228386;sbobet;Asian Handicap;-1.5;2;2.29;1.445;2026-08-06T11:55:57.513Z
30.09.2026;19:00;Russia;2. Liga, Division B, Group 3;FK Ryazan;Zenit Penza;id1000109570228386;sbobet;Asian Handicap;-1.0;1;2.37;2.37;2026-08-06T09:04:44.398Z
30.09.2026;19:00;Russia;2. Liga, Division B, Group 3;FK Ryazan;Zenit Penza;id1000109570228386;sbobet;Asian Handicap;-1.0;2;1.495;1.495;2026-08-06T09:04:44.398Z
30.09.2026;19:00;Russia;2. Liga, Division B, Group 3;FK Ryazan;Zenit Penza;id1000109570228386;sbobet;Asian Handicap;-0.75;1;1.995;1.995;2026-08-06T04:39:28.692Z
30.09.2026;19:00;Russia;2. Liga, Division B, Group 3;FK Ryazan;Zenit Penza;id1000109570228386;sbobet;Asian Handicap;-0.75;2;1.695;1.695;2026-08-06T04:39:28.692Z
30.09.2026;19:00;Russia;2. Liga, Division B, Group 3;FK Ryazan;Zenit Penza;id1000109570228386;sbobet;Asian Handicap;-0.5;1;1.935;2.15;2026-08-06T09:29:09.432Z
30.09.2026;19:00;Russia;2. Liga, Division B, Group 3;FK Ryazan;Zenit Penza;id1000109570228386;sbobet;Asian Handicap;-0.5;2;1.745;1.605;2026-08-06T09:29:09.432Z
30.09.2026;19:00;Russia;2. Liga, Division B, Group 3;FK Ryazan;Zenit Penza;id1000109570228386;sbobet;Asian Handicap;-0.25;1;1.665;1.955;2026-08-06T09:32:22.771Z
30.09.2026;19:00;Russia;2. Liga, Division B, Group 3;FK Ryazan;Zenit Penza;id1000109570228386;sbobet;Asian Handicap;-0.25;2;2.029;1.735;2026-08-06T09:32:22.771Z
30.09.2026;19:00;Russia;2. Liga, Division B, Group 3;FK Ryazan;Zenit Penza;id1000109570228386;sbobet;Asian Handicap;0.0;1;1.705;1.795;2026-08-06T11:58:38.412Z
30.09.2026;19:00;Russia;2. Liga, Division B, Group 3;FK Ryazan;Zenit Penza;id1000109570228386;sbobet;Asian Handicap;0.0;2;1.995;1.895;2026-08-06T11:58:38.412Z
30.09.2026;19:00;Russia;2. Liga, Division B, Group 3;FK Ryazan;Zenit Penza;id1000109570228386;sbobet;Asian Handicap;0.25;1;1.605;1.695;2026-08-06T09:32:22.771Z
30.09.2026;19:00;Russia;2. Liga, Division B, Group 3;FK Ryazan;Zenit Penza;id1000109570228386;sbobet;Asian Handicap;0.25;2;2.15;2.0;2026-08-06T09:32:22.771Z
30.09.2026;19:00;Finland;Kolmonen;Lautp;Ips;id1004667169924874;bet365;Full Time Result;0.0;1;2.55;2.62;2026-09-29T17:22:48.243Z
30.09.2026;19:00;Finland;Kolmonen;Lautp;Ips;id1004667169924874;bet365;Full Time Result;0.0;X;4.2;4.2;2026-09-29T17:22:48.243Z
30.09.2026;19:00;Finland;Kolmonen;Lautp;Ips;id1004667169924874;bet365;Full Time Result;0.0;2;2.1;1.97;2026-09-29T17:22:48.243Z
30.09.2026;19:00;Finland;Kolmonen;Lautp;Ips;id1004667169924874;bet365;Over Under Full Time;2.5;Over;1.19;1.19;2026-09-29T18:19:23.904Z
30.09.2026;19:00;Finland;Kolmonen;Lautp;Ips;id1004667169924874;bet365;Over Under Full Time;2.5;Under;4.0;4.0;2026-09-29T18:19:23.904Z
30.09.2026;19:00;Finland;Kolmonen;Lautp;Ips;id1004667169924874;bet365;Double Chance Full Time;0.0;1X;1.57;1.63;2026-09-29T17:22:48.243Z
30.09.2026;19:00;Finland;Kolmonen;Lautp;Ips;id1004667169924874;bet365;Double Chance Full Time;0.0;12;1.13;1.13;2026-09-29T17:22:48.243Z
30.09.2026;19:00;Finland;Kolmonen;Lautp;Ips;id1004667169924874;bet365;Double Chance Full Time;0.0;2X;1.41;1.37;2026-09-29T17:22:48.243Z
30.09.2026;19:00;Finland;Kolmonen;Lautp;Ips;id1004667169924874;bet365;First Half Result;0.0;1;2.75;2.87;2026-09-29T17:22:48.243Z
30.09.2026;19:00;Finland;Kolmonen;Lautp;Ips;id1004667169924874;bet365;First Half Result;0.0;X;3.0;3.0;2026-09-29T17:22:48.243Z
30.09.2026;19:00;Finland;Kolmonen;Lautp;Ips;id1004667169924874;bet365;First Half Result;0.0;2;2.5;2.37;2026-09-29T17:22:48.243Z
30.09.2026;19:00;Spain;Copa de SM La Reina;Levante UD;Alhama CF;id1002486474620878;bet365;Full Time Result;0.0;1;2.45;2.45;2026-09-29T18:14:46.070Z
30.09.2026;19:00;Spain;Copa de SM La Reina;Levante UD;Alhama CF;id1002486474620878;bet365;Full Time Result;0.0;X;3.4;3.4;2026-09-29T18:14:46.070Z
30.09.2026;19:00;Spain;Copa de SM La Reina;Levante UD;Alhama CF;id1002486474620878;bet365;Full Time Result;0.0;2;2.45;2.45;2026-09-29T18:14:46.070Z
30.09.2026;19:00;Spain;Copa de SM La Reina;Levante UD;Alhama CF;id1002486474620878;bet365;Over Under Full Time;2.5;Over;1.67;1.67;2026-09-29T18:19:44.505Z
30.09.2026;19:00;Spain;Copa de SM La Reina;Levante UD;Alhama CF;id1002486474620878;bet365;Over Under Full Time;2.5;Under;2.1;2.1;2026-09-29T18:19:44.505Z
30.09.2026;19:00;Spain;Copa de SM La Reina;Levante UD;Alhama CF;id1002486474620878;bet365;Double Chance Full Time;0.0;1X;1.41;1.41;2026-09-29T18:14:46.070Z
30.09.2026;19:00;Spain;Copa de SM La Reina;Levante UD;Alhama CF;id1002486474620878;bet365;Double Chance Full Time;0.0;12;1.22;1.22;2026-09-29T18:14:46.070Z
30.09.2026;19:00;Spain;Copa de SM La Reina;Levante UD;Alhama CF;id1002486474620878;bet365;Double Chance Full Time;0.0;2X;1.41;1.41;2026-09-29T18:14:46.070Z
30.09.2026;19:00;Spain;Copa de SM La Reina;Levante UD;Alhama CF;id1002486474620878;bet365;First Half Result;0.0;1;3.0;3.0;2026-09-29T18:14:46.070Z
30.09.2026;19:00;Spain;Copa de SM La Reina;Levante UD;Alhama CF;id1002486474620878;bet365;First Half Result;0.0;X;2.25;2.25;2026-09-29T18:14:46.070Z
30.09.2026;19:00;Spain;Copa de SM La Reina;Levante UD;Alhama CF;id1002486474620878;bet365;First Half Result;0.0;2;3.0;3.0;2026-09-29T18:14:46.070Z
30.09.2026;19:00;Spain;Copa de SM La Reina;Sporting de Huelva;Cordoba CF;id1002486474620872;bet365;Full Time Result;0.0;1;1.63;1.63;2026-09-29T18:13:02.903Z
30.09.2026;19:00;Spain;Copa de SM La Reina;Sporting de Huelva;Cordoba CF;id1002486474620872;bet365;Full Time Result;0.0;X;3.6;3.6;2026-09-29T18:13:02.903Z
30.09.2026;19:00;Spain;Copa de SM La Reina;Sporting de Huelva;Cordoba CF;id1002486474620872;bet365;Full Time Result;0.0;2;4.25;4.25;2026-09-29T18:13:02.903Z
30.09.2026;19:00;Spain;Copa de SM La Reina;Sporting de Huelva;Cordoba CF;id1002486474620872;bet365;Over Under Full Time;2.5;Over;1.82;1.82;2026-09-29T18:13:02.903Z
30.09.2026;19:00;Spain;Copa de SM La Reina;Sporting de Huelva;Cordoba CF;id1002486474620872;bet365;Over Under Full Time;2.5;Under;1.92;1.92;2026-09-29T18:13:02.903Z
30.09.2026;19:00;Spain;Copa de SM La Reina;Sporting de Huelva;Cordoba CF;id1002486474620872;bet365;Double Chance Full Time;0.0;1X;1.13;1.13;2026-09-29T18:13:02.903Z
30.09.2026;19:00;Spain;Copa de SM La Reina;Sporting de Huelva;Cordoba CF;id1002486474620872;bet365;Double Chance Full Time;0.0;12;1.19;1.19;2026-09-29T18:13:02.903Z
30.09.2026;19:00;Spain;Copa de SM La Reina;Sporting de Huelva;Cordoba CF;id1002486474620872;bet365;Double Chance Full Time;0.0;2X;1.97;1.97;2026-09-29T18:13:02.903Z
30.09.2026;19:00;Spain;Copa de SM La Reina;Sporting de Huelva;Cordoba CF;id1002486474620872;bet365;First Half Result;0.0;1;2.2;2.2;2026-09-29T18:13:02.903Z
30.09.2026;19:00;Spain;Copa de SM La Reina;Sporting de Huelva;Cordoba CF;id1002486474620872;bet365;First Half Result;0.0;X;2.25;2.25;2026-09-29T18:13:02.903Z
30.09.2026;19:00;Spain;Copa de SM La Reina;Sporting de Huelva;Cordoba CF;id1002486474620872;bet365;First Half Result;0.0;2;4.75;4.75;2026-09-29T18:13:02.903Z
30.09.2026;19:30;Slovenia;3. SNL;Rojko Dobrovce;NK Hajdina;id1004799874596550;bet365;Full Time Result;0.0;1;3.0;3.0;2026-09-29T18:14:56.858Z
30.09.2026;19:30;Slovenia;3. SNL;Rojko Dobrovce;NK Hajdina;id1004799874596550;bet365;Full Time Result;0.0;X;3.75;3.75;2026-09-29T18:14:56.858Z
30.09.2026;19:30;Slovenia;3. SNL;Rojko Dobrovce;NK Hajdina;id1004799874596550;bet365;Full Time Result;0.0;2;1.92;1.92;2026-09-29T18:14:56.858Z
30.09.2026;19:30;Slovenia;3. SNL;Rojko Dobrovce;NK Hajdina;id1004799874596550;bet365;Over Under Full Time;2.5;Over;1.47;1.47;2026-09-29T18:14:56.858Z
30.09.2026;19:30;Slovenia;3. SNL;Rojko Dobrovce;NK Hajdina;id1004799874596550;bet365;Over Under Full Time;2.5;Under;2.5;2.5;2026-09-29T18:14:56.858Z
30.09.2026;19:30;Slovenia;3. SNL;Rojko Dobrovce;NK Hajdina;id1004799874596550;bet365;Double Chance Full Time;0.0;1X;1.67;1.67;2026-09-29T18:14:56.858Z
30.09.2026;19:30;Slovenia;3. SNL;Rojko Dobrovce;NK Hajdina;id1004799874596550;bet365;Double Chance Full Time;0.0;12;1.17;1.17;2026-09-29T18:14:56.858Z
30.09.2026;19:30;Slovenia;3. SNL;Rojko Dobrovce;NK Hajdina;id1004799874596550;bet365;Double Chance Full Time;0.0;2X;1.27;1.27;2026-09-29T18:14:56.858Z
30.09.2026;19:30;Slovenia;3. SNL;Rojko Dobrovce;NK Hajdina;id1004799874596550;bet365;First Half Result;0.0;1;3.25;3.25;2026-09-29T18:14:56.858Z
30.09.2026;19:30;Slovenia;3. SNL;Rojko Dobrovce;NK Hajdina;id1004799874596550;bet365;First Half Result;0.0;X;2.5;2.5;2026-09-29T18:14:56.858Z
30.09.2026;19:30;Slovenia;3. SNL;Rojko Dobrovce;NK Hajdina;id1004799874596550;bet365;First Half Result;0.0;2;2.5;2.5;2026-09-29T18:14:56.858Z
30.09.2026;19:45;Finland;Kolmonen;IF Sibbo Vargarna;Japs 47;id1004667175067520;bet365;Full Time Result;0.0;1;1.47;1.47;2026-09-29T17:35:15.332Z
30.09.2026;19:45;Finland;Kolmonen;IF Sibbo Vargarna;Japs 47;id1004667175067520;bet365;Full Time Result;0.0;X;4.75;4.75;2026-09-29T17:35:15.332Z
30.09.2026;19:45;Finland;Kolmonen;IF Sibbo Vargarna;Japs 47;id1004667175067520;bet365;Full Time Result;0.0;2;4.1;4.1;2026-09-29T17:35:15.332Z
30.09.2026;19:45;Finland;Kolmonen;IF Sibbo Vargarna;Japs 47;id1004667175067520;bet365;Over Under Full Time;2.5;Over;1.13;1.13;2026-09-29T18:53:45.742Z
30.09.2026;19:45;Finland;Kolmonen;IF Sibbo Vargarna;Japs 47;id1004667175067520;bet365;Over Under Full Time;2.5;Under;4.5;4.5;2026-09-29T18:53:45.742Z
30.09.2026;19:45;Finland;Kolmonen;IF Sibbo Vargarna;Japs 47;id1004667175067520;bet365;Double Chance Full Time;0.0;1X;1.13;1.13;2026-09-29T17:35:15.332Z
30.09.2026;19:45;Finland;Kolmonen;IF Sibbo Vargarna;Japs 47;id1004667175067520;bet365;Double Chance Full Time;0.0;12;1.1;1.1;2026-09-29T17:35:15.332Z
30.09.2026;19:45;Finland;Kolmonen;IF Sibbo Vargarna;Japs 47;id1004667175067520;bet365;Double Chance Full Time;0.0;2X;2.3;2.3;2026-09-29T17:35:15.332Z
30.09.2026;19:45;Finland;Kolmonen;IF Sibbo Vargarna;Japs 47;id1004667175067520;bet365;First Half Result;0.0;1;1.87;1.87;2026-09-29T17:35:15.332Z
30.09.2026;19:45;Finland;Kolmonen;IF Sibbo Vargarna;Japs 47;id1004667175067520;bet365;First Half Result;0.0;X;3.1;3.1;2026-09-29T17:35:15.332Z
30.09.2026;19:45;Finland;Kolmonen;IF Sibbo Vargarna;Japs 47;id1004667175067520;bet365;First Half Result;0.0;2;3.75;3.75;2026-09-29T17:35:15.332Z
30.09.2026;19:50;Israel;Liga Alef;AS Nordia Jerusalem;Hapoel Hadera FC;id1000197074401994;bet365;Full Time Result;0.0;1;4.8;4.8;2026-09-29T18:13:44.753Z
30.09.2026;19:50;Israel;Liga Alef;AS Nordia Jerusalem;Hapoel Hadera FC;id1000197074401994;bet365;Full Time Result;0.0;X;3.7;3.7;2026-09-29T18:13:44.753Z
30.09.2026;19:50;Israel;Liga Alef;AS Nordia Jerusalem;Hapoel Hadera FC;id1000197074401994;bet365;Full Time Result;0.0;2;1.54;1.54;2026-09-29T18:13:44.753Z
30.09.2026;19:50;Israel;Liga Alef;AS Nordia Jerusalem;Hapoel Hadera FC;id1000197074401994;bet365;Over Under Full Time;2.5;Over;1.77;1.77;2026-09-29T18:13:44.753Z
30.09.2026;19:50;Israel;Liga Alef;AS Nordia Jerusalem;Hapoel Hadera FC;id1000197074401994;bet365;Over Under Full Time;2.5;Under;1.97;1.97;2026-09-29T18:13:44.753Z
30.09.2026;19:50;Israel;Liga Alef;AS Nordia Jerusalem;Hapoel Hadera FC;id1000197074401994;bet365;Double Chance Full Time;0.0;1X;2.15;2.15;2026-09-29T18:13:44.753Z
30.09.2026;19:50;Israel;Liga Alef;AS Nordia Jerusalem;Hapoel Hadera FC;id1000197074401994;bet365;Double Chance Full Time;0.0;12;1.19;1.19;2026-09-29T18:13:44.753Z
30.09.2026;19:50;Israel;Liga Alef;AS Nordia Jerusalem;Hapoel Hadera FC;id1000197074401994;bet365;Double Chance Full Time;0.0;2X;1.1;1.1;2026-09-29T18:13:44.753Z
30.09.2026;19:50;Israel;Liga Alef;AS Nordia Jerusalem;Hapoel Hadera FC;id1000197074401994;bet365;First Half Result;0.0;1;5.0;5.0;2026-09-29T18:13:44.753Z
30.09.2026;19:50;Israel;Liga Alef;AS Nordia Jerusalem;Hapoel Hadera FC;id1000197074401994;bet365;First Half Result;0.0;X;2.3;2.3;2026-09-29T18:13:44.753Z
30.09.2026;19:50;Israel;Liga Alef;AS Nordia Jerusalem;Hapoel Hadera FC;id1000197074401994;bet365;First Half Result;0.0;2;2.1;2.1;2026-09-29T18:13:44.753Z
30.09.2026;19:50;Finland;Kolmonen;TPV/2;Tampere United 2;id1004667169923876;bet365;Full Time Result;0.0;1;2.1;2.45;2026-09-29T17:21:27.596Z
30.09.2026;19:50;Finland;Kolmonen;TPV/2;Tampere United 2;id1004667169923876;bet365;Full Time Result;0.0;X;4.0;4.0;2026-09-29T17:21:27.596Z
30.09.2026;19:50;Finland;Kolmonen;TPV/2;Tampere United 2;id1004667169923876;bet365;Full Time Result;0.0;2;2.6;2.2;2026-09-29T17:21:27.596Z
30.09.2026;19:50;Finland;Kolmonen;TPV/2;Tampere United 2;id1004667169923876;bet365;Over Under Full Time;2.5;Over;1.27;1.27;2026-09-29T17:21:27.596Z
30.09.2026;19:50;Finland;Kolmonen;TPV/2;Tampere United 2;id1004667169923876;bet365;Over Under Full Time;2.5;Under;3.4;3.4;2026-09-29T17:21:27.596Z
30.09.2026;19:50;Finland;Kolmonen;TPV/2;Tampere United 2;id1004667169923876;bet365;Double Chance Full Time;0.0;1X;1.37;1.52;2026-09-29T17:21:27.596Z
30.09.2026;19:50;Finland;Kolmonen;TPV/2;Tampere United 2;id1004667169923876;bet365;Double Chance Full Time;0.0;12;1.13;1.13;2026-09-29T17:21:27.596Z
30.09.2026;19:50;Finland;Kolmonen;TPV/2;Tampere United 2;id1004667169923876;bet365;Double Chance Full Time;0.0;2X;1.57;1.41;2026-09-29T17:21:27.596Z
30.09.2026;19:50;Finland;Kolmonen;TPV/2;Tampere United 2;id1004667169923876;bet365;First Half Result;0.0;1;2.6;2.75;2026-09-29T17:21:27.596Z
30.09.2026;19:50;Finland;Kolmonen;TPV/2;Tampere United 2;id1004667169923876;bet365;First Half Result;0.0;X;2.75;2.75;2026-09-29T17:21:27.596Z
30.09.2026;19:50;Finland;Kolmonen;TPV/2;Tampere United 2;id1004667169923876;bet365;First Half Result;0.0;2;2.75;2.6;2026-09-29T17:21:27.596Z
30.09.2026;19:55;Israel;Liga Alef;Hapoel Nof Hagalil FC;FC Zeirey Tamra;id1000197074401598;bet365;Full Time Result;0.0;1;1.25;1.25;2026-09-29T18:14:37.149Z
30.09.2026;19:55;Israel;Liga Alef;Hapoel Nof Hagalil FC;FC Zeirey Tamra;id1000197074401598;bet365;Full Time Result;0.0;X;4.75;4.75;2026-09-29T18:14:37.149Z
30.09.2026;19:55;Israel;Liga Alef;Hapoel Nof Hagalil FC;FC Zeirey Tamra;id1000197074401598;bet365;Full Time Result;0.0;2;7.5;7.5;2026-09-29T18:14:37.149Z
30.09.2026;19:55;Israel;Liga Alef;Hapoel Nof Hagalil FC;FC Zeirey Tamra;id1000197074401598;bet365;Over Under Full Time;2.5;Over;1.58;1.58;2026-09-29T18:14:37.149Z
30.09.2026;19:55;Israel;Liga Alef;Hapoel Nof Hagalil FC;FC Zeirey Tamra;id1000197074401598;bet365;Over Under Full Time;2.5;Under;2.25;2.25;2026-09-29T18:14:37.149Z
30.09.2026;19:55;Israel;Liga Alef;Hapoel Nof Hagalil FC;FC Zeirey Tamra;id1000197074401598;bet365;Double Chance Full Time;0.0;1X;1.045;1.045;2026-09-29T18:14:37.149Z
30.09.2026;19:55;Israel;Liga Alef;Hapoel Nof Hagalil FC;FC Zeirey Tamra;id1000197074401598;bet365;Double Chance Full Time;0.0;12;1.1;1.1;2026-09-29T18:14:37.149Z
30.09.2026;19:55;Israel;Liga Alef;Hapoel Nof Hagalil FC;FC Zeirey Tamra;id1000197074401598;bet365;Double Chance Full Time;0.0;2X;3.2;3.2;2026-09-29T18:14:37.149Z
30.09.2026;19:55;Israel;Liga Alef;Hapoel Nof Hagalil FC;FC Zeirey Tamra;id1000197074401598;bet365;First Half Result;0.0;1;1.69;1.69;2026-09-29T18:14:37.149Z
30.09.2026;19:55;Israel;Liga Alef;Hapoel Nof Hagalil FC;FC Zeirey Tamra;id1000197074401598;bet365;First Half Result;0.0;X;2.5;2.5;2026-09-29T18:14:37.149Z
30.09.2026;19:55;Israel;Liga Alef;Hapoel Nof Hagalil FC;FC Zeirey Tamra;id1000197074401598;bet365;First Half Result;0.0;2;7.5;7.5;2026-09-29T18:14:37.149Z
30.09.2026;20:00;Israel;Liga Alef;Hapoel Mahane Yehuda;Dimona Sport Club;id1000197074402002;bet365;Full Time Result;0.0;1;4.1;4.1;2026-09-29T18:14:37.741Z
30.09.2026;20:00;Israel;Liga Alef;Hapoel Mahane Yehuda;Dimona Sport Club;id1000197074402002;bet365;Full Time Result;0.0;X;3.5;3.5;2026-09-29T18:14:37.741Z
30.09.2026;20:00;Israel;Liga Alef;Hapoel Mahane Yehuda;Dimona Sport Club;id1000197074402002;bet365;Full Time Result;0.0;2;1.67;1.67;2026-09-29T18:14:37.741Z
30.09.2026;20:00;Israel;Liga Alef;Hapoel Mahane Yehuda;Dimona Sport Club;id1000197074402002;bet365;Over Under Full Time;2.5;Over;1.92;1.92;2026-09-29T18:19:37.032Z
30.09.2026;20:00;Israel;Liga Alef;Hapoel Mahane Yehuda;Dimona Sport Club;id1000197074402002;bet365;Over Under Full Time;2.5;Under;1.82;1.82;2026-09-29T18:19:37.032Z
30.09.2026;20:00;Israel;Liga Alef;Hapoel Mahane Yehuda;Dimona Sport Club;id1000197074402002;bet365;Double Chance Full Time;0.0;1X;1.92;1.92;2026-09-29T18:14:37.741Z
30.09.2026;20:00;Israel;Liga Alef;Hapoel Mahane Yehuda;Dimona Sport Club;id1000197074402002;bet365;Double Chance Full Time;0.0;12;1.19;1.19;2026-09-29T18:14:37.741Z
30.09.2026;20:00;Israel;Liga Alef;Hapoel Mahane Yehuda;Dimona Sport Club;id1000197074402002;bet365;Double Chance Full Time;0.0;2X;1.13;1.13;2026-09-29T18:14:37.741Z
30.09.2026;20:00;Israel;Liga Alef;Hapoel Mahane Yehuda;Dimona Sport Club;id1000197074402002;bet365;First Half Result;0.0;1;4.75;4.75;2026-09-29T18:14:37.741Z
30.09.2026;20:00;Israel;Liga Alef;Hapoel Mahane Yehuda;Dimona Sport Club;id1000197074402002;bet365;First Half Result;0.0;X;2.2;2.2;2026-09-29T18:14:37.741Z
30.09.2026;20:00;Israel;Liga Alef;Hapoel Mahane Yehuda;Dimona Sport Club;id1000197074402002;bet365;First Half Result;0.0;2;2.3;2.3;2026-09-29T18:14:37.741Z
30.09.2026;20:00;Israel;Liga Alef;Maccabi Ironi Ashdod FC;Holon Yermiyahu FC;id1000197074401992;bet365;Full Time Result;0.0;1;2.5;2.5;2026-09-29T18:20:57.026Z
30.09.2026;20:00;Israel;Liga Alef;Maccabi Ironi Ashdod FC;Holon Yermiyahu FC;id1000197074401992;bet365;Full Time Result;0.0;X;3.2;3.2;2026-09-29T18:20:57.026Z
30.09.2026;20:00;Israel;Liga Alef;Maccabi Ironi Ashdod FC;Holon Yermiyahu FC;id1000197074401992;bet365;Full Time Result;0.0;2;2.5;2.5;2026-09-29T18:20:57.026Z
30.09.2026;20:00;Israel;Liga Alef;Maccabi Ironi Ashdod FC;Holon Yermiyahu FC;id1000197074401992;bet365;Over Under Full Time;2.5;Over;2.02;2.02;2026-09-29T18:20:57.026Z
30.09.2026;20:00;Israel;Liga Alef;Maccabi Ironi Ashdod FC;Holon Yermiyahu FC;id1000197074401992;bet365;Over Under Full Time;2.5;Under;1.72;1.72;2026-09-29T18:20:57.026Z
30.09.2026;20:00;Israel;Liga Alef;Maccabi Ironi Ashdod FC;Holon Yermiyahu FC;id1000197074401992;bet365;Double Chance Full Time;0.0;1X;1.41;1.41;2026-09-29T18:20:57.026Z
30.09.2026;20:00;Israel;Liga Alef;Maccabi Ironi Ashdod FC;Holon Yermiyahu FC;id1000197074401992;bet365;Double Chance Full Time;0.0;12;1.25;1.25;2026-09-29T18:20:57.026Z
30.09.2026;20:00;Israel;Liga Alef;Maccabi Ironi Ashdod FC;Holon Yermiyahu FC;id1000197074401992;bet365;Double Chance Full Time;0.0;2X;1.41;1.41;2026-09-29T18:20:57.026Z
30.09.2026;20:00;Israel;Liga Alef;Maccabi Ironi Ashdod FC;Holon Yermiyahu FC;id1000197074401992;bet365;First Half Result;0.0;1;3.2;3.2;2026-09-29T18:20:57.026Z
30.09.2026;20:00;Israel;Liga Alef;Maccabi Ironi Ashdod FC;Holon Yermiyahu FC;id1000197074401992;bet365;First Half Result;0.0;X;2.1;2.1;2026-09-29T18:20:57.026Z
30.09.2026;20:00;Israel;Liga Alef;Maccabi Ironi Ashdod FC;Holon Yermiyahu FC;id1000197074401992;bet365;First Half Result;0.0;2;3.2;3.2;2026-09-29T18:20:57.026Z
30.09.2026;20:00;Spain;Copa Federacion;Sestao River Club;Terrassa FC;id1002746275060122;bet365;Full Time Result;0.0;1;1.8;1.8;2026-09-29T18:14:52.601Z
30.09.2026;20:00;Spain;Copa Federacion;Sestao River Club;Terrassa FC;id1002746275060122;bet365;Full Time Result;0.0;X;3.25;3.25;2026-09-29T18:14:52.601Z
30.09.2026;20:00;Spain;Copa Federacion;Sestao River Club;Terrassa FC;id1002746275060122;bet365;Full Time Result;0.0;2;3.75;3.75;2026-09-29T18:14:52.601Z
30.09.2026;20:00;Spain;Copa Federacion;Sestao River Club;Terrassa FC;id1002746275060122;bet365;Over Under Full Time;2.5;Over;2.62;2.62;2026-09-29T18:54:37.398Z
30.09.2026;20:00;Spain;Copa Federacion;Sestao River Club;Terrassa FC;id1002746275060122;bet365;Over Under Full Time;2.5;Under;1.41;1.41;2026-09-29T18:54:37.398Z
30.09.2026;20:00;Spain;Copa Federacion;Sestao River Club;Terrassa FC;id1002746275060122;bet365;Double Chance Full Time;0.0;1X;1.17;1.17;2026-09-29T18:14:52.601Z
30.09.2026;20:00;Spain;Copa Federacion;Sestao River Club;Terrassa FC;id1002746275060122;bet365;Double Chance Full Time;0.0;12;1.22;1.22;2026-09-29T18:14:52.601Z
30.09.2026;20:00;Spain;Copa Federacion;Sestao River Club;Terrassa FC;id1002746275060122;bet365;Double Chance Full Time;0.0;2X;1.77;1.77;2026-09-29T18:14:52.601Z
30.09.2026;20:00;Spain;Copa Federacion;Sestao River Club;Terrassa FC;id1002746275060122;bet365;First Half Result;0.0;1;2.5;2.5;2026-09-29T18:14:52.601Z
30.09.2026;20:00;Spain;Copa Federacion;Sestao River Club;Terrassa FC;id1002746275060122;bet365;First Half Result;0.0;X;1.87;1.87;2026-09-29T18:14:52.601Z
30.09.2026;20:00;Spain;Copa Federacion;Sestao River Club;Terrassa FC;id1002746275060122;bet365;First Half Result;0.0;2;5.0;5.0;2026-09-29T18:14:52.601Z
30.09.2026;20:30;International;Gulf Cup;Bahrain;Yemen;id1000062273840450;bet365;Full Time Result;0.0;1;1.57;1.57;2026-09-29T18:19:57.697Z
30.09.2026;20:30;International;Gulf Cup;Bahrain;Yemen;id1000062273840450;bet365;Full Time Result;0.0;X;3.8;3.8;2026-09-29T18:19:57.697Z
30.09.2026;20:30;International;Gulf Cup;Bahrain;Yemen;id1000062273840450;bet365;Full Time Result;0.0;2;4.75;4.75;2026-09-29T18:19:57.697Z
30.09.2026;20:30;International;Gulf Cup;Bahrain;Yemen;id1000062273840450;bet365;Over Under Full Time;2.5;Over;2.02;2.02;2026-09-29T18:19:57.697Z
30.09.2026;20:30;International;Gulf Cup;Bahrain;Yemen;id1000062273840450;bet365;Over Under Full Time;2.5;Under;1.72;1.72;2026-09-29T18:19:57.697Z
30.09.2026;20:30;International;Gulf Cup;Bahrain;Yemen;id1000062273840450;bet365;Double Chance Full Time;0.0;1X;1.1;1.1;2026-09-29T18:19:57.697Z
30.09.2026;20:30;International;Gulf Cup;Bahrain;Yemen;id1000062273840450;bet365;Double Chance Full Time;0.0;12;1.15;1.15;2026-09-29T18:19:57.697Z
30.09.2026;20:30;International;Gulf Cup;Bahrain;Yemen;id1000062273840450;bet365;Double Chance Full Time;0.0;2X;2.15;2.15;2026-09-29T18:19:57.697Z
30.09.2026;20:30;International;Gulf Cup;Bahrain;Yemen;id1000062273840450;bet365;First Half Result;0.0;1;2.2;2.2;2026-09-29T18:19:57.697Z
30.09.2026;20:30;International;Gulf Cup;Bahrain;Yemen;id1000062273840450;bet365;First Half Result;0.0;X;2.1;2.1;2026-09-29T18:19:57.697Z
30.09.2026;20:30;International;Gulf Cup;Bahrain;Yemen;id1000062273840450;bet365;First Half Result;0.0;2;5.5;5.5;2026-09-29T18:19:57.697Z
30.09.2026;20:30;International;Gulf Cup;Bahrain;Yemen;id1000062273840450;pinnacle;Full Time Result;0.0;1;1.775;1.628;2026-09-29T19:16:24.263Z
30.09.2026;20:30;International;Gulf Cup;Bahrain;Yemen;id1000062273840450;pinnacle;Full Time Result;0.0;X;3.57;3.72;2026-09-29T19:16:24.263Z
30.09.2026;20:30;International;Gulf Cup;Bahrain;Yemen;id1000062273840450;pinnacle;Full Time Result;0.0;2;4.75;5.25;2026-09-29T19:16:24.263Z
30.09.2026;20:30;International;Gulf Cup;Bahrain;Yemen;id1000062273840450;pinnacle;Over Under Full Time;2.5;Over;2.16;2.06;2026-09-29T19:16:24.263Z
30.09.2026;20:30;International;Gulf Cup;Bahrain;Yemen;id1000062273840450;pinnacle;Over Under Full Time;2.5;Under;1.714;1.74;2026-09-29T19:16:24.263Z
30.09.2026;20:30;International;Gulf Cup;Bahrain;Yemen;id1000062273840450;pinnacle;Over Under Full Time;3.5;Over;3.89;3.59;2026-09-29T19:16:24.263Z
30.09.2026;20:30;International;Gulf Cup;Bahrain;Yemen;id1000062273840450;pinnacle;Over Under Full Time;3.5;Under;1.253;1.265;2026-09-29T19:16:24.263Z
30.09.2026;20:30;International;Gulf Cup;Bahrain;Yemen;id1000062273840450;pinnacle;European Handicap;2.0;1;1.038;1.028;2026-09-29T11:30:52.959Z
30.09.2026;20:30;International;Gulf Cup;Bahrain;Yemen;id1000062273840450;pinnacle;European Handicap;2.0;X;15.03;17.33;2026-09-29T11:30:52.959Z
30.09.2026;20:30;International;Gulf Cup;Bahrain;Yemen;id1000062273840450;pinnacle;European Handicap;2.0;2;33.59;40.73;2026-09-29T11:30:52.959Z
30.09.2026;20:30;International;Gulf Cup;Bahrain;Yemen;id1000062273840450;pinnacle;European Handicap;1.0;1;1.18;1.15;2026-09-29T11:31:43.203Z
30.09.2026;20:30;International;Gulf Cup;Bahrain;Yemen;id1000062273840450;pinnacle;European Handicap;1.0;X;6.44;7.05;2026-09-29T11:31:43.203Z
30.09.2026;20:30;International;Gulf Cup;Bahrain;Yemen;id1000062273840450;pinnacle;European Handicap;1.0;2;12.08;13.95;2026-09-29T11:31:43.203Z
30.09.2026;20:30;International;Gulf Cup;Bahrain;Yemen;id1000062273840450;pinnacle;European Handicap;-1.0;1;3.15;2.81;2026-09-29T11:32:18.738Z
30.09.2026;20:30;International;Gulf Cup;Bahrain;Yemen;id1000062273840450;pinnacle;European Handicap;-1.0;X;3.62;3.64;2026-09-29T11:32:18.738Z
30.09.2026;20:30;International;Gulf Cup;Bahrain;Yemen;id1000062273840450;pinnacle;European Handicap;-1.0;2;2.07;2.24;2026-09-29T11:32:18.738Z
30.09.2026;20:30;International;Gulf Cup;Bahrain;Yemen;id1000062273840450;pinnacle;European Handicap;-2.0;1;6.77;5.85;2026-09-29T11:32:18.738Z
30.09.2026;20:30;International;Gulf Cup;Bahrain;Yemen;id1000062273840450;pinnacle;European Handicap;-2.0;X;5.18;4.83;2026-09-29T11:32:18.738Z
30.09.2026;20:30;International;Gulf Cup;Bahrain;Yemen;id1000062273840450;pinnacle;European Handicap;-2.0;2;1.336;1.408;2026-09-29T11:32:18.738Z
30.09.2026;20:30;International;Gulf Cup;Bahrain;Yemen;id1000062273840450;pinnacle;First Half Result;0.0;1;2.39;2.18;2026-09-29T19:16:24.263Z
30.09.2026;20:30;International;Gulf Cup;Bahrain;Yemen;id1000062273840450;pinnacle;First Half Result;0.0;X;2.2;2.23;2026-09-29T19:16:24.263Z
30.09.2026;20:30;International;Gulf Cup;Bahrain;Yemen;id1000062273840450;pinnacle;First Half Result;0.0;2;5.44;5.89;2026-09-29T19:16:24.263Z
30.09.2026;20:30;International;Gulf Cup;Bahrain;Yemen;id1000062273840450;pinnacle;Over Under Team 1 First Half;0.5;Over;1.84;1.729;2026-09-29T19:16:24.263Z
30.09.2026;20:30;International;Gulf Cup;Bahrain;Yemen;id1000062273840450;pinnacle;Over Under Team 1 First Half;0.5;Under;1.943;2.029;2026-09-29T19:16:24.263Z
30.09.2026;20:30;International;Gulf Cup;Bahrain;Yemen;id1000062273840450;pinnacle;Over Under Team 2 First Half;0.5;Over;3.07;3.22;2026-09-29T19:16:24.263Z
30.09.2026;20:30;International;Gulf Cup;Bahrain;Yemen;id1000062273840450;pinnacle;Over Under Team 2 First Half;0.5;Under;1.367;1.318;2026-09-29T19:16:24.263Z
30.09.2026;20:30;International;Gulf Cup;Bahrain;Yemen;id1000062273840450;pinnacle;Over Under Team 1;1.5;Over;2.02;1.847;2026-09-29T19:16:24.263Z
30.09.2026;20:30;International;Gulf Cup;Bahrain;Yemen;id1000062273840450;pinnacle;Over Under Team 1;1.5;Under;1.793;1.9;2026-09-29T19:16:24.263Z
30.09.2026;20:30;International;Gulf Cup;Bahrain;Yemen;id1000062273840450;pinnacle;Over Under Team 1;2.5;Over;4.26;3.68;2026-09-29T19:16:24.263Z
30.09.2026;20:30;International;Gulf Cup;Bahrain;Yemen;id1000062273840450;pinnacle;Over Under Team 1;2.5;Under;1.207;1.242;2026-09-29T19:16:24.263Z
30.09.2026;20:30;International;Gulf Cup;Bahrain;Yemen;id1000062273840450;pinnacle;Over Under Team 2;0.5;Over;1.645;1.694;2026-09-29T19:16:24.263Z
30.09.2026;20:30;International;Gulf Cup;Bahrain;Yemen;id1000062273840450;pinnacle;Over Under Team 2;0.5;Under;2.25;2.1;2026-09-29T19:16:24.263Z
30.09.2026;20:30;International;Gulf Cup;Bahrain;Yemen;id1000062273840450;pinnacle;Over Under Team 2;1.5;Over;4.29;4.29;2026-09-29T11:09:15.447Z
30.09.2026;20:30;International;Gulf Cup;Bahrain;Yemen;id1000062273840450;pinnacle;Over Under Team 2;1.5;Under;1.204;1.204;2026-09-29T11:09:15.447Z
30.09.2026;20:30;International;Gulf Cup;Bahrain;Yemen;id1000062273840450;pinnacle;Over Under First Half;0.5;Over;1.438;1.4;2026-09-29T19:16:24.263Z
30.09.2026;20:30;International;Gulf Cup;Bahrain;Yemen;id1000062273840450;pinnacle;Over Under First Half;0.5;Under;2.78;2.82;2026-09-29T19:16:24.263Z
30.09.2026;20:30;International;Gulf Cup;Bahrain;Yemen;id1000062273840450;pinnacle;Over Under First Half;1.5;Over;3.21;3.05;2026-09-29T19:16:24.263Z
30.09.2026;20:30;International;Gulf Cup;Bahrain;Yemen;id1000062273840450;pinnacle;Over Under First Half;1.5;Under;1.347;1.35;2026-09-29T19:16:24.263Z
30.09.2026;20:30;International;Gulf Cup;Bahrain;Yemen;id1000062273840450;pinnacle;Both Teams To Score First Half;0.0;Yes;5.46;5.54;2026-09-29T11:30:52.959Z
30.09.2026;20:30;International;Gulf Cup;Bahrain;Yemen;id1000062273840450;pinnacle;Both Teams To Score First Half;0.0;No;1.13;1.127;2026-09-29T11:30:52.959Z
30.09.2026;20:30;International;Gulf Cup;Bahrain;Yemen;id1000062273840450;pinnacle;Both Teams To Score;0.0;Yes;2.05;2.06;2026-09-29T11:30:52.959Z
30.09.2026;20:30;International;Gulf Cup;Bahrain;Yemen;id1000062273840450;pinnacle;Both Teams To Score;0.0;No;1.729;1.719;2026-09-29T11:30:52.959Z
30.09.2026;20:30;International;Gulf Cup;Bahrain;Yemen;id1000062273840450;pinnacle;Asian Handicap;-1.75;1;4.17;3.5;2026-09-29T19:16:24.263Z
30.09.2026;20:30;International;Gulf Cup;Bahrain;Yemen;id1000062273840450;pinnacle;Asian Handicap;-1.75;2;1.236;1.287;2026-09-29T19:16:24.263Z
30.09.2026;20:30;International;Gulf Cup;Bahrain;Yemen;id1000062273840450;pinnacle;Asian Handicap First Half;-0.75;1;3.11;2.78;2026-09-29T19:16:24.263Z
30.09.2026;20:30;International;Gulf Cup;Bahrain;Yemen;id1000062273840450;pinnacle;Asian Handicap First Half;-0.75;2;1.363;1.411;2026-09-29T19:16:24.263Z
30.09.2026;20:30;International;Gulf Cup;Bahrain;Yemen;id1000062273840450;pinnacle;Asian Handicap;-1.5;1;3.28;2.82;2026-09-29T19:16:24.263Z
30.09.2026;20:30;International;Gulf Cup;Bahrain;Yemen;id1000062273840450;pinnacle;Asian Handicap;-1.5;2;1.343;1.411;2026-09-29T19:16:24.263Z
30.09.2026;20:30;International;Gulf Cup;Bahrain;Yemen;id1000062273840450;pinnacle;Asian Handicap First Half;-0.5;1;2.38;2.17;2026-09-29T19:16:24.263Z
30.09.2026;20:30;International;Gulf Cup;Bahrain;Yemen;id1000062273840450;pinnacle;Asian Handicap First Half;-0.5;2;1.581;1.649;2026-09-29T19:16:24.263Z
30.09.2026;20:30;International;Gulf Cup;Bahrain;Yemen;id1000062273840450;pinnacle;Asian Handicap First Half;-0.25;1;1.877;1.724;2026-09-29T19:16:24.263Z
30.09.2026;20:30;International;Gulf Cup;Bahrain;Yemen;id1000062273840450;pinnacle;Asian Handicap First Half;-0.25;2;1.943;2.07;2026-09-29T19:16:24.263Z
30.09.2026;20:30;International;Gulf Cup;Bahrain;Yemen;id1000062273840450;pinnacle;Asian Handicap First Half;0.0;1;1.355;1.273;2026-09-29T19:16:24.263Z
30.09.2026;20:30;International;Gulf Cup;Bahrain;Yemen;id1000062273840450;pinnacle;Asian Handicap First Half;0.0;2;3.18;3.58;2026-09-29T19:16:24.263Z
30.09.2026;20:30;International;Gulf Cup;Bahrain;Yemen;id1000062273840450;pinnacle;Asian Handicap First Half;0.25;1;1.219;1.173;2026-09-29T19:16:24.263Z
30.09.2026;20:30;International;Gulf Cup;Bahrain;Yemen;id1000062273840450;pinnacle;Asian Handicap First Half;0.25;2;4.3;4.73;2026-09-29T19:16:24.263Z
30.09.2026;20:30;International;Gulf Cup;Bahrain;Yemen;id1000062273840450;pinnacle;Asian Handicap;-1.25;1;2.89;2.49;2026-09-29T19:16:24.263Z
30.09.2026;20:30;International;Gulf Cup;Bahrain;Yemen;id1000062273840450;pinnacle;Asian Handicap;-1.25;2;1.429;1.52;2026-09-29T19:16:24.263Z
30.09.2026;20:30;International;Gulf Cup;Bahrain;Yemen;id1000062273840450;pinnacle;Asian Handicap;-1.0;1;2.49;2.14;2026-09-29T19:16:24.263Z
30.09.2026;20:30;International;Gulf Cup;Bahrain;Yemen;id1000062273840450;pinnacle;Asian Handicap;-1.0;2;1.558;1.694;2026-09-29T19:16:24.263Z
30.09.2026;20:30;International;Gulf Cup;Bahrain;Yemen;id1000062273840450;pinnacle;Asian Handicap;-0.75;1;2.029;1.819;2026-09-29T19:16:24.263Z
30.09.2026;20:30;International;Gulf Cup;Bahrain;Yemen;id1000062273840450;pinnacle;Asian Handicap;-0.75;2;1.826;1.99;2026-09-29T19:16:24.263Z
30.09.2026;20:30;International;Gulf Cup;Bahrain;Yemen;id1000062273840450;pinnacle;Asian Handicap;-0.5;1;1.775;1.628;2026-09-29T19:16:24.263Z
30.09.2026;20:30;International;Gulf Cup;Bahrain;Yemen;id1000062273840450;pinnacle;Asian Handicap;-0.5;2;2.08;2.26;2026-09-29T19:16:24.263Z
30.09.2026;20:30;International;Gulf Cup;Bahrain;Yemen;id1000062273840450;pinnacle;Asian Handicap;-0.25;1;1.54;1.427;2026-09-29T19:16:24.263Z
30.09.2026;20:30;International;Gulf Cup;Bahrain;Yemen;id1000062273840450;pinnacle;Asian Handicap;-0.25;2;2.52;2.79;2026-09-29T19:16:24.263Z
30.09.2026;20:30;International;Gulf Cup;Bahrain;Yemen;id1000062273840450;pinnacle;Asian Handicap;0.0;1;1.305;1.23;2026-09-29T19:16:24.263Z
30.09.2026;20:30;International;Gulf Cup;Bahrain;Yemen;id1000062273840450;pinnacle;Asian Handicap;0.0;2;3.52;4.01;2026-09-29T19:16:24.263Z
30.09.2026;20:30;International;Gulf Cup;Bahrain;Yemen;id1000062273840450;pinnacle;Asian Handicap;0.25;1;1.24;1.185;2026-09-29T19:16:24.263Z
30.09.2026;20:30;International;Gulf Cup;Bahrain;Yemen;id1000062273840450;pinnacle;Asian Handicap;0.25;2;4.12;4.61;2026-09-29T19:16:24.263Z
30.09.2026;20:30;International;Gulf Cup;Bahrain;Yemen;id1000062273840450;pinnacle;Over Under Full Time;1.5;Over;1.367;1.33;2026-09-29T19:16:24.263Z
30.09.2026;20:30;International;Gulf Cup;Bahrain;Yemen;id1000062273840450;pinnacle;Over Under Full Time;1.5;Under;3.09;3.16;2026-09-29T19:16:24.263Z
30.09.2026;20:30;Spain;Copa de SM La Reina;CE Europa;Villarreal CF;id1002486474620866;bet365;Full Time Result;0.0;1;3.4;3.4;2026-09-29T18:14:44.368Z
30.09.2026;20:30;Spain;Copa de SM La Reina;CE Europa;Villarreal CF;id1002486474620866;bet365;Full Time Result;0.0;X;3.4;3.4;2026-09-29T18:14:44.368Z
30.09.2026;20:30;Spain;Copa de SM La Reina;CE Europa;Villarreal CF;id1002486474620866;bet365;Full Time Result;0.0;2;1.87;1.87;2026-09-29T18:14:44.368Z
30.09.2026;20:30;Spain;Copa de SM La Reina;CE Europa;Villarreal CF;id1002486474620866;bet365;Over Under Full Time;2.5;Over;1.82;1.82;2026-09-29T18:14:44.368Z
30.09.2026;20:30;Spain;Copa de SM La Reina;CE Europa;Villarreal CF;id1002486474620866;bet365;Over Under Full Time;2.5;Under;1.92;1.92;2026-09-29T18:14:44.368Z
30.09.2026;20:30;Spain;Copa de SM La Reina;CE Europa;Villarreal CF;id1002486474620866;bet365;Double Chance Full Time;0.0;1X;1.69;1.69;2026-09-29T18:14:44.368Z
30.09.2026;20:30;Spain;Copa de SM La Reina;CE Europa;Villarreal CF;id1002486474620866;bet365;Double Chance Full Time;0.0;12;1.22;1.22;2026-09-29T18:14:44.368Z
30.09.2026;20:30;Spain;Copa de SM La Reina;CE Europa;Villarreal CF;id1002486474620866;bet365;Double Chance Full Time;0.0;2X;1.22;1.22;2026-09-29T18:14:44.368Z
30.09.2026;20:30;Spain;Copa de SM La Reina;CE Europa;Villarreal CF;id1002486474620866;bet365;First Half Result;0.0;1;4.0;4.0;2026-09-29T18:14:44.368Z
30.09.2026;20:30;Spain;Copa de SM La Reina;CE Europa;Villarreal CF;id1002486474620866;bet365;First Half Result;0.0;X;2.2;2.2;2026-09-29T18:14:44.368Z
30.09.2026;20:30;Spain;Copa de SM La Reina;CE Europa;Villarreal CF;id1002486474620866;bet365;First Half Result;0.0;2;2.5;2.5;2026-09-29T18:14:44.368Z
30.09.2026;20:30;Israel;Liga Alef;Hapoel Beit Shean Mesilot;Baqa Al-Gharbiyye;id1000197074401596;bet365;Full Time Result;0.0;1;2.25;2.25;2026-09-29T18:20:03.316Z
30.09.2026;20:30;Israel;Liga Alef;Hapoel Beit Shean Mesilot;Baqa Al-Gharbiyye;id1000197074401596;bet365;Full Time Result;0.0;X;3.4;3.4;2026-09-29T18:20:03.316Z
30.09.2026;20:30;Israel;Liga Alef;Hapoel Beit Shean Mesilot;Baqa Al-Gharbiyye;id1000197074401596;bet365;Full Time Result;0.0;2;2.7;2.7;2026-09-29T18:20:03.316Z
30.09.2026;20:30;Israel;Liga Alef;Hapoel Beit Shean Mesilot;Baqa Al-Gharbiyye;id1000197074401596;bet365;Over Under Full Time;2.5;Over;1.82;1.82;2026-09-29T18:57:26.143Z
30.09.2026;20:30;Israel;Liga Alef;Hapoel Beit Shean Mesilot;Baqa Al-Gharbiyye;id1000197074401596;bet365;Over Under Full Time;2.5;Under;1.92;1.92;2026-09-29T18:57:26.143Z
30.09.2026;20:30;Israel;Liga Alef;Hapoel Beit Shean Mesilot;Baqa Al-Gharbiyye;id1000197074401596;bet365;Double Chance Full Time;0.0;1X;1.33;1.33;2026-09-29T18:20:03.316Z
30.09.2026;20:30;Israel;Liga Alef;Hapoel Beit Shean Mesilot;Baqa Al-Gharbiyye;id1000197074401596;bet365;Double Chance Full Time;0.0;12;1.22;1.22;2026-09-29T18:20:03.316Z
30.09.2026;20:30;Israel;Liga Alef;Hapoel Beit Shean Mesilot;Baqa Al-Gharbiyye;id1000197074401596;bet365;Double Chance Full Time;0.0;2X;1.5;1.5;2026-09-29T18:20:03.316Z
30.09.2026;20:30;Israel;Liga Alef;Hapoel Beit Shean Mesilot;Baqa Al-Gharbiyye;id1000197074401596;bet365;First Half Result;0.0;1;2.87;2.87;2026-09-29T18:20:03.316Z
30.09.2026;20:30;Israel;Liga Alef;Hapoel Beit Shean Mesilot;Baqa Al-Gharbiyye;id1000197074401596;bet365;First Half Result;0.0;X;2.2;2.2;2026-09-29T18:20:03.316Z
30.09.2026;20:30;Israel;Liga Alef;Hapoel Beit Shean Mesilot;Baqa Al-Gharbiyye;id1000197074401596;bet365;First Half Result;0.0;2;3.25;3.25;2026-09-29T18:20:03.316Z
30.09.2026;20:30;International;Gulf Cup;United Arab Emirates;Qatar;id1000062273840448;bet365;Full Time Result;0.0;1;2.2;2.1;2026-09-29T19:19:57.326Z
30.09.2026;20:30;International;Gulf Cup;United Arab Emirates;Qatar;id1000062273840448;bet365;Full Time Result;0.0;X;3.3;3.4;2026-09-29T19:19:57.326Z
30.09.2026;20:30;International;Gulf Cup;United Arab Emirates;Qatar;id1000062273840448;bet365;Full Time Result;0.0;2;2.75;2.9;2026-09-29T19:19:57.326Z
30.09.2026;20:30;International;Gulf Cup;United Arab Emirates;Qatar;id1000062273840448;bet365;Over Under Full Time;2.5;Over;2.2;2.2;2026-09-29T18:12:47.664Z
30.09.2026;20:30;International;Gulf Cup;United Arab Emirates;Qatar;id1000062273840448;bet365;Over Under Full Time;2.5;Under;1.62;1.62;2026-09-29T18:12:47.664Z
30.09.2026;20:30;International;Gulf Cup;United Arab Emirates;Qatar;id1000062273840448;bet365;Double Chance Full Time;0.0;1X;1.25;1.25;2026-09-29T18:12:47.664Z
30.09.2026;20:30;International;Gulf Cup;United Arab Emirates;Qatar;id1000062273840448;bet365;Double Chance Full Time;0.0;12;1.22;1.22;2026-09-29T18:12:47.664Z
30.09.2026;20:30;International;Gulf Cup;United Arab Emirates;Qatar;id1000062273840448;bet365;Double Chance Full Time;0.0;2X;1.63;1.63;2026-09-29T18:12:47.664Z
30.09.2026;20:30;International;Gulf Cup;United Arab Emirates;Qatar;id1000062273840448;bet365;First Half Result;0.0;1;2.75;2.75;2026-09-29T18:12:47.664Z
30.09.2026;20:30;International;Gulf Cup;United Arab Emirates;Qatar;id1000062273840448;bet365;First Half Result;0.0;X;2.02;2.02;2026-09-29T18:12:47.664Z
30.09.2026;20:30;International;Gulf Cup;United Arab Emirates;Qatar;id1000062273840448;bet365;First Half Result;0.0;2;4.0;4.0;2026-09-29T18:12:47.664Z
30.09.2026;20:30;International;Gulf Cup;United Arab Emirates;Qatar;id1000062273840448;pinnacle;Full Time Result;0.0;1;2.52;2.02;2026-09-29T19:22:19.289Z
30.09.2026;20:30;International;Gulf Cup;United Arab Emirates;Qatar;id1000062273840448;pinnacle;Full Time Result;0.0;X;3.02;3.63;2026-09-29T19:22:19.289Z
30.09.2026;20:30;International;Gulf Cup;United Arab Emirates;Qatar;id1000062273840448;pinnacle;Full Time Result;0.0;2;2.88;3.37;2026-09-29T19:22:19.289Z
30.09.2026;20:30;International;Gulf Cup;United Arab Emirates;Qatar;id1000062273840448;pinnacle;Over Under Full Time;2.5;Over;2.23;2.11;2026-09-29T19:22:19.289Z
30.09.2026;20:30;International;Gulf Cup;United Arab Emirates;Qatar;id1000062273840448;pinnacle;Over Under Full Time;2.5;Under;1.609;1.704;2026-09-29T19:22:19.289Z
30.09.2026;20:30;International;Gulf Cup;United Arab Emirates;Qatar;id1000062273840448;pinnacle;Over Under Full Time;3.5;Over;4.0;3.83;2026-09-29T19:22:19.289Z
30.09.2026;20:30;International;Gulf Cup;United Arab Emirates;Qatar;id1000062273840448;pinnacle;Over Under Full Time;3.5;Under;1.209;1.238;2026-09-29T19:22:19.289Z
30.09.2026;20:30;International;Gulf Cup;United Arab Emirates;Qatar;id1000062273840448;pinnacle;European Handicap;2.0;1;1.083;1.082;2026-09-29T19:22:20.848Z
30.09.2026;20:30;International;Gulf Cup;United Arab Emirates;Qatar;id1000062273840448;pinnacle;European Handicap;2.0;X;9.43;10.11;2026-09-29T19:22:20.848Z
30.09.2026;20:30;International;Gulf Cup;United Arab Emirates;Qatar;id1000062273840448;pinnacle;European Handicap;2.0;2;17.59;19.65;2026-09-29T19:22:20.848Z
30.09.2026;20:30;International;Gulf Cup;United Arab Emirates;Qatar;id1000062273840448;pinnacle;European Handicap;1.0;1;1.316;1.306;2026-09-29T19:22:20.848Z
30.09.2026;20:30;International;Gulf Cup;United Arab Emirates;Qatar;id1000062273840448;pinnacle;European Handicap;1.0;X;4.94;5.18;2026-09-29T19:22:20.848Z
30.09.2026;20:30;International;Gulf Cup;United Arab Emirates;Qatar;id1000062273840448;pinnacle;European Handicap;1.0;2;7.2;7.69;2026-09-29T19:22:20.848Z
30.09.2026;20:30;International;Gulf Cup;United Arab Emirates;Qatar;id1000062273840448;pinnacle;European Handicap;-1.0;1;4.46;4.0;2026-09-29T19:22:20.848Z
30.09.2026;20:30;International;Gulf Cup;United Arab Emirates;Qatar;id1000062273840448;pinnacle;European Handicap;-1.0;X;3.87;3.75;2026-09-29T19:22:20.848Z
30.09.2026;20:30;International;Gulf Cup;United Arab Emirates;Qatar;id1000062273840448;pinnacle;European Handicap;-1.0;2;1.632;1.769;2026-09-29T19:22:20.848Z
30.09.2026;20:30;International;Gulf Cup;United Arab Emirates;Qatar;id1000062273840448;pinnacle;European Handicap;-2.0;1;10.27;9.06;2026-09-29T19:22:18.734Z
30.09.2026;20:30;International;Gulf Cup;United Arab Emirates;Qatar;id1000062273840448;pinnacle;European Handicap;-2.0;X;6.49;6.04;2026-09-29T19:22:18.734Z
30.09.2026;20:30;International;Gulf Cup;United Arab Emirates;Qatar;id1000062273840448;pinnacle;European Handicap;-2.0;2;1.181;1.232;2026-09-29T19:22:18.734Z
30.09.2026;20:30;International;Gulf Cup;United Arab Emirates;Qatar;id1000062273840448;pinnacle;First Half Result;0.0;1;3.18;2.8;2026-09-29T19:22:19.289Z
30.09.2026;20:30;International;Gulf Cup;United Arab Emirates;Qatar;id1000062273840448;pinnacle;First Half Result;0.0;X;2.05;2.13;2026-09-29T19:22:19.289Z
30.09.2026;20:30;International;Gulf Cup;United Arab Emirates;Qatar;id1000062273840448;pinnacle;First Half Result;0.0;2;3.56;4.05;2026-09-29T19:22:19.289Z
30.09.2026;20:30;International;Gulf Cup;United Arab Emirates;Qatar;id1000062273840448;pinnacle;Over Under Team 1 First Half;0.5;Over;2.2;2.009;2026-09-29T19:22:19.289Z
30.09.2026;20:30;International;Gulf Cup;United Arab Emirates;Qatar;id1000062273840448;pinnacle;Over Under Team 1 First Half;0.5;Under;1.602;1.751;2026-09-29T19:22:19.289Z
30.09.2026;20:30;International;Gulf Cup;United Arab Emirates;Qatar;id1000062273840448;pinnacle;Over Under Team 2 First Half;0.5;Over;2.41;2.52;2026-09-29T19:22:19.289Z
30.09.2026;20:30;International;Gulf Cup;United Arab Emirates;Qatar;id1000062273840448;pinnacle;Over Under Team 2 First Half;0.5;Under;1.555;1.483;2026-09-29T19:22:19.289Z
30.09.2026;20:30;International;Gulf Cup;United Arab Emirates;Qatar;id1000062273840448;pinnacle;Over Under Team 1;0.5;Over;1.304;1.235;2026-09-29T19:22:19.289Z
30.09.2026;20:30;International;Gulf Cup;United Arab Emirates;Qatar;id1000062273840448;pinnacle;Over Under Team 1;0.5;Under;3.12;3.74;2026-09-29T19:22:19.289Z
30.09.2026;20:30;International;Gulf Cup;United Arab Emirates;Qatar;id1000062273840448;pinnacle;Over Under Team 1;1.5;Over;2.7;2.26;2026-09-29T19:22:19.289Z
30.09.2026;20:30;International;Gulf Cup;United Arab Emirates;Qatar;id1000062273840448;pinnacle;Over Under Team 1;1.5;Under;1.42;1.602;2026-09-29T19:22:19.289Z
30.09.2026;20:30;International;Gulf Cup;United Arab Emirates;Qatar;id1000062273840448;pinnacle;Over Under Team 2;0.5;Over;1.4;1.465;2026-09-29T19:22:19.289Z
30.09.2026;20:30;International;Gulf Cup;United Arab Emirates;Qatar;id1000062273840448;pinnacle;Over Under Team 2;0.5;Under;2.96;2.61;2026-09-29T19:22:19.289Z
30.09.2026;20:30;International;Gulf Cup;United Arab Emirates;Qatar;id1000062273840448;pinnacle;Over Under Team 2;1.5;Over;3.03;3.33;2026-09-29T19:22:19.289Z
30.09.2026;20:30;International;Gulf Cup;United Arab Emirates;Qatar;id1000062273840448;pinnacle;Over Under Team 2;1.5;Under;1.359;1.286;2026-09-29T19:22:19.289Z
30.09.2026;20:30;International;Gulf Cup;United Arab Emirates;Qatar;id1000062273840448;pinnacle;Over Under First Half;0.5;Over;1.44;1.418;2026-09-29T19:22:19.289Z
30.09.2026;20:30;International;Gulf Cup;United Arab Emirates;Qatar;id1000062273840448;pinnacle;Over Under First Half;0.5;Under;2.61;2.76;2026-09-29T19:22:19.289Z
30.09.2026;20:30;International;Gulf Cup;United Arab Emirates;Qatar;id1000062273840448;pinnacle;Over Under First Half;1.5;Over;3.27;3.14;2026-09-29T19:22:19.289Z
30.09.2026;20:30;International;Gulf Cup;United Arab Emirates;Qatar;id1000062273840448;pinnacle;Over Under First Half;1.5;Under;1.298;1.334;2026-09-29T19:22:19.289Z
30.09.2026;20:30;International;Gulf Cup;United Arab Emirates;Qatar;id1000062273840448;pinnacle;Both Teams To Score First Half;0.0;Yes;5.1;5.09;2026-09-29T11:39:48.299Z
30.09.2026;20:30;International;Gulf Cup;United Arab Emirates;Qatar;id1000062273840448;pinnacle;Both Teams To Score First Half;0.0;No;1.136;1.146;2026-09-29T11:39:48.299Z
30.09.2026;20:30;International;Gulf Cup;United Arab Emirates;Qatar;id1000062273840448;pinnacle;Both Teams To Score;0.0;Yes;1.9;1.934;2026-09-29T19:22:10.295Z
30.09.2026;20:30;International;Gulf Cup;United Arab Emirates;Qatar;id1000062273840448;pinnacle;Both Teams To Score;0.0;No;1.826;1.819;2026-09-29T19:22:10.295Z
30.09.2026;20:30;International;Gulf Cup;United Arab Emirates;Qatar;id1000062273840448;pinnacle;Asian Handicap First Half;-0.75;1;3.73;3.77;2026-09-29T19:22:19.289Z
30.09.2026;20:30;International;Gulf Cup;United Arab Emirates;Qatar;id1000062273840448;pinnacle;Asian Handicap First Half;-0.75;2;1.239;1.247;2026-09-29T19:22:19.289Z
30.09.2026;20:30;International;Gulf Cup;United Arab Emirates;Qatar;id1000062273840448;pinnacle;Asian Handicap;-1.5;1;3.93;4.019;2026-09-29T19:22:19.289Z
30.09.2026;20:30;International;Gulf Cup;United Arab Emirates;Qatar;id1000062273840448;pinnacle;Asian Handicap;-1.5;2;1.238;1.23;2026-09-29T19:22:19.289Z
30.09.2026;20:30;International;Gulf Cup;United Arab Emirates;Qatar;id1000062273840448;pinnacle;Asian Handicap First Half;-0.5;1;3.16;2.79;2026-09-29T19:22:19.289Z
30.09.2026;20:30;International;Gulf Cup;United Arab Emirates;Qatar;id1000062273840448;pinnacle;Asian Handicap First Half;-0.5;2;1.317;1.414;2026-09-29T19:22:19.289Z
30.09.2026;20:30;International;Gulf Cup;United Arab Emirates;Qatar;id1000062273840448;pinnacle;Asian Handicap First Half;-0.25;1;2.48;2.2;2026-09-29T19:22:19.289Z
30.09.2026;20:30;International;Gulf Cup;United Arab Emirates;Qatar;id1000062273840448;pinnacle;Asian Handicap First Half;-0.25;2;1.49;1.649;2026-09-29T19:22:19.289Z
30.09.2026;20:30;International;Gulf Cup;United Arab Emirates;Qatar;id1000062273840448;pinnacle;Asian Handicap First Half;0.0;1;1.763;1.574;2026-09-29T19:22:19.289Z
30.09.2026;20:30;International;Gulf Cup;United Arab Emirates;Qatar;id1000062273840448;pinnacle;Asian Handicap First Half;0.0;2;1.99;2.32;2026-09-29T19:22:19.289Z
30.09.2026;20:30;International;Gulf Cup;United Arab Emirates;Qatar;id1000062273840448;pinnacle;Asian Handicap First Half;0.25;1;1.398;1.326;2026-09-29T19:22:19.289Z
30.09.2026;20:30;International;Gulf Cup;United Arab Emirates;Qatar;id1000062273840448;pinnacle;Asian Handicap First Half;0.25;2;2.78;3.19;2026-09-29T19:22:19.289Z
30.09.2026;20:30;International;Gulf Cup;United Arab Emirates;Qatar;id1000062273840448;pinnacle;Asian Handicap First Half;0.5;1;1.262;1.249;2026-09-29T13:28:38.787Z
30.09.2026;20:30;International;Gulf Cup;United Arab Emirates;Qatar;id1000062273840448;pinnacle;Asian Handicap First Half;0.5;2;3.53;3.76;2026-09-29T13:28:38.787Z
30.09.2026;20:30;International;Gulf Cup;United Arab Emirates;Qatar;id1000062273840448;pinnacle;Asian Handicap;-1.25;1;3.77;3.57;2026-09-29T19:22:19.289Z
30.09.2026;20:30;International;Gulf Cup;United Arab Emirates;Qatar;id1000062273840448;pinnacle;Asian Handicap;-1.25;2;1.241;1.278;2026-09-29T19:22:19.289Z
30.09.2026;20:30;International;Gulf Cup;United Arab Emirates;Qatar;id1000062273840448;pinnacle;Asian Handicap;-1.0;1;4.34;3.12;2026-09-29T19:22:19.289Z
30.09.2026;20:30;International;Gulf Cup;United Arab Emirates;Qatar;id1000062273840448;pinnacle;Asian Handicap;-1.0;2;1.192;1.354;2026-09-29T19:22:19.289Z
30.09.2026;20:30;International;Gulf Cup;United Arab Emirates;Qatar;id1000062273840448;pinnacle;Asian Handicap;-0.75;1;3.08;2.39;2026-09-29T19:22:19.289Z
30.09.2026;20:30;International;Gulf Cup;United Arab Emirates;Qatar;id1000062273840448;pinnacle;Asian Handicap;-0.75;2;1.337;1.568;2026-09-29T19:22:19.289Z
30.09.2026;20:30;International;Gulf Cup;United Arab Emirates;Qatar;id1000062273840448;pinnacle;Asian Handicap;-0.5;1;2.51;2.029;2026-09-29T19:22:19.289Z
30.09.2026;20:30;International;Gulf Cup;United Arab Emirates;Qatar;id1000062273840448;pinnacle;Asian Handicap;-0.5;2;1.492;1.787;2026-09-29T19:22:19.289Z
30.09.2026;20:30;International;Gulf Cup;United Arab Emirates;Qatar;id1000062273840448;pinnacle;Asian Handicap;-0.25;1;2.14;1.763;2026-09-29T19:22:19.289Z
30.09.2026;20:30;International;Gulf Cup;United Arab Emirates;Qatar;id1000062273840448;pinnacle;Asian Handicap;-0.25;2;1.671;2.05;2026-09-29T19:22:19.289Z
30.09.2026;20:30;International;Gulf Cup;United Arab Emirates;Qatar;id1000062273840448;pinnacle;Asian Handicap;0.0;1;1.763;1.502;2026-09-29T19:22:19.289Z
30.09.2026;20:30;International;Gulf Cup;United Arab Emirates;Qatar;id1000062273840448;pinnacle;Asian Handicap;0.0;2;2.029;2.54;2026-09-29T19:22:19.289Z
30.09.2026;20:30;International;Gulf Cup;United Arab Emirates;Qatar;id1000062273840448;pinnacle;Asian Handicap;0.25;1;1.518;1.381;2026-09-29T19:22:19.289Z
30.09.2026;20:30;International;Gulf Cup;United Arab Emirates;Qatar;id1000062273840448;pinnacle;Asian Handicap;0.25;2;2.46;2.94;2026-09-29T19:22:19.289Z
30.09.2026;20:30;International;Gulf Cup;United Arab Emirates;Qatar;id1000062273840448;pinnacle;Asian Handicap;0.5;1;1.389;1.308;2026-09-29T19:22:19.289Z
30.09.2026;20:30;International;Gulf Cup;United Arab Emirates;Qatar;id1000062273840448;pinnacle;Asian Handicap;0.5;2;2.88;3.34;2026-09-29T19:22:19.289Z
30.09.2026;20:30;International;Gulf Cup;United Arab Emirates;Qatar;id1000062273840448;pinnacle;Asian Handicap;0.75;1;1.259;1.212;2026-09-29T16:21:53.148Z
30.09.2026;20:30;International;Gulf Cup;United Arab Emirates;Qatar;id1000062273840448;pinnacle;Asian Handicap;0.75;2;3.62;4.23;2026-09-29T16:21:53.148Z
30.09.2026;20:30;International;Gulf Cup;United Arab Emirates;Qatar;id1000062273840448;pinnacle;Over Under Full Time;1.5;Over;1.373;1.35;2026-09-29T19:22:19.289Z
30.09.2026;20:30;International;Gulf Cup;United Arab Emirates;Qatar;id1000062273840448;pinnacle;Over Under Full Time;1.5;Under;2.87;3.05;2026-09-29T19:22:19.289Z
30.09.2026;20:30;International;Gulf Cup;United Arab Emirates;Qatar;id1000062273840448;pinnacle;Asian Handicap;1.0;1;1.138;1.138;2026-09-29T10:30:40.942Z
30.09.2026;20:30;International;Gulf Cup;United Arab Emirates;Qatar;id1000062273840448;pinnacle;Asian Handicap;1.0;2;5.32;5.32;2026-09-29T10:30:40.942Z
30.09.2026;21:00;Belgium;Nationale 1 VV;Belisia Bilzen SV;KSK Heist;id1004337174989886;bet365;Full Time Result;0.0;1;2.45;2.45;2026-09-29T17:35:01.539Z
30.09.2026;21:00;Belgium;Nationale 1 VV;Belisia Bilzen SV;KSK Heist;id1004337174989886;bet365;Full Time Result;0.0;X;3.5;3.5;2026-09-29T17:35:01.539Z
30.09.2026;21:00;Belgium;Nationale 1 VV;Belisia Bilzen SV;KSK Heist;id1004337174989886;bet365;Full Time Result;0.0;2;2.4;2.4;2026-09-29T17:35:01.539Z
30.09.2026;21:00;Belgium;Nationale 1 VV;Belisia Bilzen SV;KSK Heist;id1004337174989886;bet365;Over Under Full Time;2.5;Over;1.5;1.5;2026-09-29T17:35:01.539Z
30.09.2026;21:00;Belgium;Nationale 1 VV;Belisia Bilzen SV;KSK Heist;id1004337174989886;bet365;Over Under Full Time;2.5;Under;2.37;2.37;2026-09-29T17:35:01.539Z
30.09.2026;21:00;Belgium;Nationale 1 VV;Belisia Bilzen SV;KSK Heist;id1004337174989886;bet365;Double Chance Full Time;0.0;1X;1.41;1.41;2026-09-29T17:35:01.539Z
30.09.2026;21:00;Belgium;Nationale 1 VV;Belisia Bilzen SV;KSK Heist;id1004337174989886;bet365;Double Chance Full Time;0.0;12;1.19;1.19;2026-09-29T17:35:01.539Z
30.09.2026;21:00;Belgium;Nationale 1 VV;Belisia Bilzen SV;KSK Heist;id1004337174989886;bet365;Double Chance Full Time;0.0;2X;1.41;1.41;2026-09-29T17:35:01.539Z
30.09.2026;21:00;Belgium;Nationale 1 VV;Belisia Bilzen SV;KSK Heist;id1004337174989886;bet365;First Half Result;0.0;1;2.87;2.87;2026-09-29T17:35:01.539Z
30.09.2026;21:00;Belgium;Nationale 1 VV;Belisia Bilzen SV;KSK Heist;id1004337174989886;bet365;First Half Result;0.0;X;2.4;2.4;2026-09-29T17:35:01.539Z
30.09.2026;21:00;Belgium;Nationale 1 VV;Belisia Bilzen SV;KSK Heist;id1004337174989886;bet365;First Half Result;0.0;2;2.87;2.87;2026-09-29T17:35:01.539Z
30.09.2026;21:00;Belgium;Nationale 1 VV;Belisia Bilzen SV;KSK Heist;id1004337174989886;pinnacle;Full Time Result;0.0;1;2.37;2.48;2026-09-29T18:04:45.024Z
30.09.2026;21:00;Belgium;Nationale 1 VV;Belisia Bilzen SV;KSK Heist;id1004337174989886;pinnacle;Full Time Result;0.0;X;3.22;3.52;2026-09-29T18:04:45.024Z
30.09.2026;21:00;Belgium;Nationale 1 VV;Belisia Bilzen SV;KSK Heist;id1004337174989886;pinnacle;Full Time Result;0.0;2;2.55;2.48;2026-09-29T18:04:45.024Z
30.09.2026;21:00;Belgium;Nationale 1 VV;Belisia Bilzen SV;KSK Heist;id1004337174989886;pinnacle;Over Under Full Time;2.5;Over;1.602;1.5;2026-09-29T18:04:45.024Z
30.09.2026;21:00;Belgium;Nationale 1 VV;Belisia Bilzen SV;KSK Heist;id1004337174989886;pinnacle;Over Under Full Time;2.5;Under;2.16;2.45;2026-09-29T18:04:45.024Z
30.09.2026;21:00;Belgium;Nationale 1 VV;Belisia Bilzen SV;KSK Heist;id1004337174989886;pinnacle;Over Under Full Time;3.5;Over;2.43;2.22;2026-09-29T18:04:45.024Z
30.09.2026;21:00;Belgium;Nationale 1 VV;Belisia Bilzen SV;KSK Heist;id1004337174989886;pinnacle;Over Under Full Time;3.5;Under;1.465;1.602;2026-09-29T18:04:45.024Z
30.09.2026;21:00;Belgium;Nationale 1 VV;Belisia Bilzen SV;KSK Heist;id1004337174989886;pinnacle;Double Chance Full Time;0.0;12;1.275;1.279;2026-09-29T10:01:07.860Z
30.09.2026;21:00;Belgium;Nationale 1 VV;Belisia Bilzen SV;KSK Heist;id1004337174989886;pinnacle;Double Chance Full Time;0.0;2X;1.469;1.512;2026-09-29T10:01:07.860Z
30.09.2026;21:00;Belgium;Nationale 1 VV;Belisia Bilzen SV;KSK Heist;id1004337174989886;pinnacle;Over Under Team 1 First Half;0.5;Over;1.826;1.806;2026-09-29T10:01:09.553Z
30.09.2026;21:00;Belgium;Nationale 1 VV;Belisia Bilzen SV;KSK Heist;id1004337174989886;pinnacle;Over Under Team 1 First Half;0.5;Under;1.84;1.934;2026-09-29T10:01:09.553Z
30.09.2026;21:00;Belgium;Nationale 1 VV;Belisia Bilzen SV;KSK Heist;id1004337174989886;pinnacle;Over Under Team 2 First Half;0.5;Over;1.892;1.826;2026-09-29T10:01:09.553Z
30.09.2026;21:00;Belgium;Nationale 1 VV;Belisia Bilzen SV;KSK Heist;id1004337174989886;pinnacle;Over Under Team 2 First Half;0.5;Under;1.775;1.917;2026-09-29T10:01:09.553Z
30.09.2026;21:00;Belgium;Nationale 1 VV;Belisia Bilzen SV;KSK Heist;id1004337174989886;pinnacle;Over Under Team 1;1.5;Over;2.009;1.943;2026-09-29T10:01:09.553Z
30.09.2026;21:00;Belgium;Nationale 1 VV;Belisia Bilzen SV;KSK Heist;id1004337174989886;pinnacle;Over Under Team 1;1.5;Under;1.704;1.813;2026-09-29T10:01:09.553Z
30.09.2026;21:00;Belgium;Nationale 1 VV;Belisia Bilzen SV;KSK Heist;id1004337174989886;pinnacle;Over Under Team 2;1.5;Over;2.1;1.892;2026-09-29T10:01:09.553Z
30.09.2026;21:00;Belgium;Nationale 1 VV;Belisia Bilzen SV;KSK Heist;id1004337174989886;pinnacle;Over Under Team 2;1.5;Under;1.641;1.862;2026-09-29T10:01:09.553Z
30.09.2026;21:00;Belgium;Nationale 1 VV;Belisia Bilzen SV;KSK Heist;id1004337174989886;pinnacle;Over Under First Half;1.5;Over;2.3;2.19;2026-09-29T10:01:09.553Z
30.09.2026;21:00;Belgium;Nationale 1 VV;Belisia Bilzen SV;KSK Heist;id1004337174989886;pinnacle;Over Under First Half;1.5;Under;1.523;1.632;2026-09-29T10:01:09.553Z
30.09.2026;21:00;Belgium;Nationale 1 VV;Belisia Bilzen SV;KSK Heist;id1004337174989886;pinnacle;Asian Handicap First Half;-0.5;1;2.74;2.83;2026-09-29T10:01:09.553Z
30.09.2026;21:00;Belgium;Nationale 1 VV;Belisia Bilzen SV;KSK Heist;id1004337174989886;pinnacle;Asian Handicap First Half;-0.5;2;1.359;1.377;2026-09-29T10:01:09.553Z
30.09.2026;21:00;Belgium;Nationale 1 VV;Belisia Bilzen SV;KSK Heist;id1004337174989886;pinnacle;Asian Handicap First Half;-0.25;1;2.29;2.37;2026-09-29T10:01:09.553Z
30.09.2026;21:00;Belgium;Nationale 1 VV;Belisia Bilzen SV;KSK Heist;id1004337174989886;pinnacle;Asian Handicap First Half;-0.25;2;1.529;1.543;2026-09-29T10:01:09.553Z
30.09.2026;21:00;Belgium;Nationale 1 VV;Belisia Bilzen SV;KSK Heist;id1004337174989886;pinnacle;Asian Handicap First Half;0.0;1;1.787;1.877;2026-09-29T10:01:09.553Z
30.09.2026;21:00;Belgium;Nationale 1 VV;Belisia Bilzen SV;KSK Heist;id1004337174989886;pinnacle;Asian Handicap First Half;0.0;2;1.909;1.892;2026-09-29T10:01:09.553Z
30.09.2026;21:00;Belgium;Nationale 1 VV;Belisia Bilzen SV;KSK Heist;id1004337174989886;pinnacle;Asian Handicap First Half;0.25;1;1.469;1.529;2026-09-29T10:01:09.553Z
30.09.2026;21:00;Belgium;Nationale 1 VV;Belisia Bilzen SV;KSK Heist;id1004337174989886;pinnacle;Asian Handicap First Half;0.25;2;2.44;2.4;2026-09-29T10:01:09.553Z
30.09.2026;21:00;Belgium;Nationale 1 VV;Belisia Bilzen SV;KSK Heist;id1004337174989886;pinnacle;Asian Handicap First Half;0.5;1;1.321;1.37;2026-09-29T10:01:09.553Z
30.09.2026;21:00;Belgium;Nationale 1 VV;Belisia Bilzen SV;KSK Heist;id1004337174989886;pinnacle;Asian Handicap First Half;0.5;2;2.91;2.86;2026-09-29T10:01:09.553Z
30.09.2026;21:00;Belgium;Nationale 1 VV;Belisia Bilzen SV;KSK Heist;id1004337174989886;pinnacle;Asian Handicap;-1.0;1;3.35;3.35;2026-09-28T23:11:39.701Z
30.09.2026;21:00;Belgium;Nationale 1 VV;Belisia Bilzen SV;KSK Heist;id1004337174989886;pinnacle;Asian Handicap;-1.0;2;1.265;1.265;2026-09-28T23:11:39.701Z
30.09.2026;21:00;Belgium;Nationale 1 VV;Belisia Bilzen SV;KSK Heist;id1004337174989886;pinnacle;Asian Handicap;-0.75;1;2.76;2.88;2026-09-29T18:04:45.024Z
30.09.2026;21:00;Belgium;Nationale 1 VV;Belisia Bilzen SV;KSK Heist;id1004337174989886;pinnacle;Asian Handicap;-0.75;2;1.363;1.373;2026-09-29T18:04:45.024Z
30.09.2026;21:00;Belgium;Nationale 1 VV;Belisia Bilzen SV;KSK Heist;id1004337174989886;pinnacle;Asian Handicap;-0.5;1;2.34;2.44;2026-09-29T18:04:45.024Z
30.09.2026;21:00;Belgium;Nationale 1 VV;Belisia Bilzen SV;KSK Heist;id1004337174989886;pinnacle;Asian Handicap;-0.5;2;1.5;1.507;2026-09-29T18:04:45.024Z
30.09.2026;21:00;Belgium;Nationale 1 VV;Belisia Bilzen SV;KSK Heist;id1004337174989886;pinnacle;Asian Handicap;-0.25;1;2.07;2.17;2026-09-29T18:04:45.024Z
30.09.2026;21:00;Belgium;Nationale 1 VV;Belisia Bilzen SV;KSK Heist;id1004337174989886;pinnacle;Asian Handicap;-0.25;2;1.657;1.653;2026-09-29T18:04:45.024Z
30.09.2026;21:00;Belgium;Nationale 1 VV;Belisia Bilzen SV;KSK Heist;id1004337174989886;pinnacle;Asian Handicap;0.0;1;1.787;1.892;2026-09-29T18:04:45.024Z
30.09.2026;21:00;Belgium;Nationale 1 VV;Belisia Bilzen SV;KSK Heist;id1004337174989886;pinnacle;Asian Handicap;0.0;2;1.925;1.892;2026-09-29T18:04:45.024Z
30.09.2026;21:00;Belgium;Nationale 1 VV;Belisia Bilzen SV;KSK Heist;id1004337174989886;pinnacle;Asian Handicap;0.25;1;1.568;1.649;2026-09-29T18:04:45.024Z
30.09.2026;21:00;Belgium;Nationale 1 VV;Belisia Bilzen SV;KSK Heist;id1004337174989886;pinnacle;Asian Handicap;0.25;2;2.23;2.18;2026-09-29T18:04:45.024Z
30.09.2026;21:00;Belgium;Nationale 1 VV;Belisia Bilzen SV;KSK Heist;id1004337174989886;pinnacle;Asian Handicap;0.5;1;1.434;1.505;2026-09-29T18:04:45.024Z
30.09.2026;21:00;Belgium;Nationale 1 VV;Belisia Bilzen SV;KSK Heist;id1004337174989886;pinnacle;Asian Handicap;0.5;2;2.51;2.44;2026-09-29T18:04:45.024Z
30.09.2026;21:00;Belgium;Nationale 1 VV;Belisia Bilzen SV;KSK Heist;id1004337174989886;pinnacle;Asian Handicap;0.75;1;1.31;1.371;2026-09-29T18:04:45.024Z
30.09.2026;21:00;Belgium;Nationale 1 VV;Belisia Bilzen SV;KSK Heist;id1004337174989886;pinnacle;Asian Handicap;0.75;2;2.99;2.89;2026-09-29T18:04:45.024Z
30.09.2026;21:00;Spain;Copa Federacion;CDA Navalcarnero;Real Murcia CF;id1002746275060124;bet365;Full Time Result;0.0;1;3.4;3.4;2026-09-29T18:21:03.754Z
30.09.2026;21:00;Spain;Copa Federacion;CDA Navalcarnero;Real Murcia CF;id1002746275060124;bet365;Full Time Result;0.0;X;3.4;3.4;2026-09-29T18:21:03.754Z
30.09.2026;21:00;Spain;Copa Federacion;CDA Navalcarnero;Real Murcia CF;id1002746275060124;bet365;Full Time Result;0.0;2;1.87;1.87;2026-09-29T18:21:03.754Z
30.09.2026;21:00;Spain;Copa Federacion;CDA Navalcarnero;Real Murcia CF;id1002746275060124;bet365;Over Under Full Time;2.5;Over;1.87;1.87;2026-09-29T18:21:03.754Z
30.09.2026;21:00;Spain;Copa Federacion;CDA Navalcarnero;Real Murcia CF;id1002746275060124;bet365;Over Under Full Time;2.5;Under;1.87;1.87;2026-09-29T18:21:03.754Z
30.09.2026;21:00;Spain;Copa Federacion;CDA Navalcarnero;Real Murcia CF;id1002746275060124;bet365;Double Chance Full Time;0.0;1X;1.69;1.69;2026-09-29T18:21:03.754Z
30.09.2026;21:00;Spain;Copa Federacion;CDA Navalcarnero;Real Murcia CF;id1002746275060124;bet365;Double Chance Full Time;0.0;12;1.22;1.22;2026-09-29T18:21:03.754Z
30.09.2026;21:00;Spain;Copa Federacion;CDA Navalcarnero;Real Murcia CF;id1002746275060124;bet365;Double Chance Full Time;0.0;2X;1.22;1.22;2026-09-29T18:21:03.754Z
30.09.2026;21:00;Spain;Copa Federacion;CDA Navalcarnero;Real Murcia CF;id1002746275060124;bet365;First Half Result;0.0;1;4.0;4.0;2026-09-29T18:21:03.754Z
30.09.2026;21:00;Spain;Copa Federacion;CDA Navalcarnero;Real Murcia CF;id1002746275060124;bet365;First Half Result;0.0;X;2.2;2.2;2026-09-29T18:21:03.754Z
30.09.2026;21:00;Spain;Copa Federacion;CDA Navalcarnero;Real Murcia CF;id1002746275060124;bet365;First Half Result;0.0;2;2.5;2.5;2026-09-29T18:21:03.754Z
30.09.2026;21:00;Brazil;Gaucho, Serie B;CF Com Vida Saf RS;Ser Panambi RS;id1004108573737002;bet365;Full Time Result;0.0;1;2.87;2.87;2026-09-29T18:21:08.453Z
30.09.2026;21:00;Brazil;Gaucho, Serie B;CF Com Vida Saf RS;Ser Panambi RS;id1004108573737002;bet365;Full Time Result;0.0;X;3.25;3.25;2026-09-29T18:21:08.453Z
30.09.2026;21:00;Brazil;Gaucho, Serie B;CF Com Vida Saf RS;Ser Panambi RS;id1004108573737002;bet365;Full Time Result;0.0;2;2.2;2.2;2026-09-29T18:21:08.453Z
30.09.2026;21:00;Brazil;Gaucho, Serie B;CF Com Vida Saf RS;Ser Panambi RS;id1004108573737002;bet365;Over Under Full Time;2.5;Over;2.2;2.2;2026-09-29T18:21:08.453Z
30.09.2026;21:00;Brazil;Gaucho, Serie B;CF Com Vida Saf RS;Ser Panambi RS;id1004108573737002;bet365;Over Under Full Time;2.5;Under;1.62;1.62;2026-09-29T18:21:08.453Z
30.09.2026;21:00;Brazil;Gaucho, Serie B;CF Com Vida Saf RS;Ser Panambi RS;id1004108573737002;bet365;Double Chance Full Time;0.0;1X;1.52;1.52;2026-09-29T18:21:08.453Z
30.09.2026;21:00;Brazil;Gaucho, Serie B;CF Com Vida Saf RS;Ser Panambi RS;id1004108573737002;bet365;Double Chance Full Time;0.0;12;1.22;1.22;2026-09-29T18:21:08.453Z
30.09.2026;21:00;Brazil;Gaucho, Serie B;CF Com Vida Saf RS;Ser Panambi RS;id1004108573737002;bet365;Double Chance Full Time;0.0;2X;1.3;1.3;2026-09-29T18:21:08.453Z
30.09.2026;21:00;Brazil;Gaucho, Serie B;CF Com Vida Saf RS;Ser Panambi RS;id1004108573737002;bet365;First Half Result;0.0;1;3.6;3.6;2026-09-29T18:21:08.453Z
30.09.2026;21:00;Brazil;Gaucho, Serie B;CF Com Vida Saf RS;Ser Panambi RS;id1004108573737002;bet365;First Half Result;0.0;X;2.02;2.02;2026-09-29T18:21:08.453Z
30.09.2026;21:00;Brazil;Gaucho, Serie B;CF Com Vida Saf RS;Ser Panambi RS;id1004108573737002;bet365;First Half Result;0.0;2;2.87;2.87;2026-09-29T18:21:08.453Z
30.09.2026;21:00;Brazil;Gaucho, Serie B;Esporte Clube Novo Horizonte RS;Clube 1992 RS;id1004108573736998;bet365;Full Time Result;0.0;1;2.15;2.15;2026-09-29T19:05:44.022Z
30.09.2026;21:00;Brazil;Gaucho, Serie B;Esporte Clube Novo Horizonte RS;Clube 1992 RS;id1004108573736998;bet365;Full Time Result;0.0;X;3.6;3.6;2026-09-29T19:05:44.022Z
30.09.2026;21:00;Brazil;Gaucho, Serie B;Esporte Clube Novo Horizonte RS;Clube 1992 RS;id1004108573736998;bet365;Full Time Result;0.0;2;2.87;2.87;2026-09-29T19:05:44.022Z
30.09.2026;21:00;Brazil;Gaucho, Serie B;Esporte Clube Novo Horizonte RS;Clube 1992 RS;id1004108573736998;bet365;Over Under Full Time;2.5;Over;1.58;1.58;2026-09-29T19:05:44.022Z
30.09.2026;21:00;Brazil;Gaucho, Serie B;Esporte Clube Novo Horizonte RS;Clube 1992 RS;id1004108573736998;bet365;Over Under Full Time;2.5;Under;2.25;2.25;2026-09-29T19:05:44.022Z
30.09.2026;21:00;Brazil;Gaucho, Serie B;Esporte Clube Novo Horizonte RS;Clube 1992 RS;id1004108573736998;bet365;Double Chance Full Time;0.0;1X;1.37;1.37;2026-09-29T19:05:44.022Z
30.09.2026;21:00;Brazil;Gaucho, Serie B;Esporte Clube Novo Horizonte RS;Clube 1992 RS;id1004108573736998;bet365;Double Chance Full Time;0.0;12;1.25;1.25;2026-09-29T19:05:44.022Z
30.09.2026;21:00;Brazil;Gaucho, Serie B;Esporte Clube Novo Horizonte RS;Clube 1992 RS;id1004108573736998;bet365;Double Chance Full Time;0.0;2X;1.63;1.63;2026-09-29T19:05:44.022Z
30.09.2026;21:00;Brazil;Gaucho, Serie B;Esporte Clube Novo Horizonte RS;Clube 1992 RS;id1004108573736998;bet365;First Half Result;0.0;1;2.62;2.62;2026-09-29T19:05:44.022Z
30.09.2026;21:00;Brazil;Gaucho, Serie B;Esporte Clube Novo Horizonte RS;Clube 1992 RS;id1004108573736998;bet365;First Half Result;0.0;X;2.37;2.37;2026-09-29T19:05:44.022Z
30.09.2026;21:00;Brazil;Gaucho, Serie B;Esporte Clube Novo Horizonte RS;Clube 1992 RS;id1004108573736998;bet365;First Half Result;0.0;2;3.2;3.2;2026-09-29T19:05:44.022Z
30.09.2026;21:00;Belgium;Nationale 1 ACFF;FC Flenu;Olympic Club De Charleroi;id1004337374988338;bet365;Full Time Result;0.0;1;4.33;4.33;2026-09-29T17:21:18.802Z
30.09.2026;21:00;Belgium;Nationale 1 ACFF;FC Flenu;Olympic Club De Charleroi;id1004337374988338;bet365;Full Time Result;0.0;X;4.0;4.0;2026-09-29T17:21:18.802Z
30.09.2026;21:00;Belgium;Nationale 1 ACFF;FC Flenu;Olympic Club De Charleroi;id1004337374988338;bet365;Full Time Result;0.0;2;1.54;1.54;2026-09-29T17:21:18.802Z
30.09.2026;21:00;Belgium;Nationale 1 ACFF;FC Flenu;Olympic Club De Charleroi;id1004337374988338;bet365;Over Under Full Time;2.5;Over;1.57;1.57;2026-09-29T17:29:31.374Z
30.09.2026;21:00;Belgium;Nationale 1 ACFF;FC Flenu;Olympic Club De Charleroi;id1004337374988338;bet365;Over Under Full Time;2.5;Under;2.3;2.3;2026-09-29T17:29:31.374Z
30.09.2026;21:00;Belgium;Nationale 1 ACFF;FC Flenu;Olympic Club De Charleroi;id1004337374988338;bet365;Double Chance Full Time;0.0;1X;2.15;2.15;2026-09-29T17:21:18.802Z
30.09.2026;21:00;Belgium;Nationale 1 ACFF;FC Flenu;Olympic Club De Charleroi;id1004337374988338;bet365;Double Chance Full Time;0.0;12;1.13;1.13;2026-09-29T17:21:18.802Z
30.09.2026;21:00;Belgium;Nationale 1 ACFF;FC Flenu;Olympic Club De Charleroi;id1004337374988338;bet365;Double Chance Full Time;0.0;2X;1.11;1.11;2026-09-29T17:21:18.802Z
30.09.2026;21:00;Belgium;Nationale 1 ACFF;FC Flenu;Olympic Club De Charleroi;id1004337374988338;bet365;First Half Result;0.0;1;4.5;4.5;2026-09-29T17:21:18.802Z
30.09.2026;21:00;Belgium;Nationale 1 ACFF;FC Flenu;Olympic Club De Charleroi;id1004337374988338;bet365;First Half Result;0.0;X;2.4;2.4;2026-09-29T17:21:18.802Z
30.09.2026;21:00;Belgium;Nationale 1 ACFF;FC Flenu;Olympic Club De Charleroi;id1004337374988338;bet365;First Half Result;0.0;2;2.1;2.1;2026-09-29T17:21:18.802Z
30.09.2026;21:00;Belgium;Nationale 1 ACFF;FC Flenu;Olympic Club De Charleroi;id1004337374988338;pinnacle;Full Time Result;0.0;1;4.58;4.18;2026-09-29T18:01:13.375Z
30.09.2026;21:00;Belgium;Nationale 1 ACFF;FC Flenu;Olympic Club De Charleroi;id1004337374988338;pinnacle;Full Time Result;0.0;X;3.83;4.0;2026-09-29T18:01:13.375Z
30.09.2026;21:00;Belgium;Nationale 1 ACFF;FC Flenu;Olympic Club De Charleroi;id1004337374988338;pinnacle;Full Time Result;0.0;2;1.543;1.657;2026-09-29T18:01:13.375Z
30.09.2026;21:00;Belgium;Nationale 1 ACFF;FC Flenu;Olympic Club De Charleroi;id1004337374988338;pinnacle;Over Under Full Time;2.5;Over;1.595;1.512;2026-09-29T18:01:13.375Z
30.09.2026;21:00;Belgium;Nationale 1 ACFF;FC Flenu;Olympic Club De Charleroi;id1004337374988338;pinnacle;Over Under Full Time;2.5;Under;2.18;2.42;2026-09-29T18:01:13.375Z
30.09.2026;21:00;Belgium;Nationale 1 ACFF;FC Flenu;Olympic Club De Charleroi;id1004337374988338;pinnacle;Over Under Full Time;3.5;Over;2.45;2.31;2026-09-29T18:01:13.375Z
30.09.2026;21:00;Belgium;Nationale 1 ACFF;FC Flenu;Olympic Club De Charleroi;id1004337374988338;pinnacle;Over Under Full Time;3.5;Under;1.454;1.561;2026-09-29T18:01:13.375Z
30.09.2026;21:00;Belgium;Nationale 1 ACFF;FC Flenu;Olympic Club De Charleroi;id1004337374988338;pinnacle;Over Under Team 1 First Half;0.5;Over;2.55;2.34;2026-09-29T10:01:09.553Z
30.09.2026;21:00;Belgium;Nationale 1 ACFF;FC Flenu;Olympic Club De Charleroi;id1004337374988338;pinnacle;Over Under Team 1 First Half;0.5;Under;1.431;1.555;2026-09-29T10:01:09.553Z
30.09.2026;21:00;Belgium;Nationale 1 ACFF;FC Flenu;Olympic Club De Charleroi;id1004337374988338;pinnacle;Over Under Team 2 First Half;0.5;Over;1.549;1.555;2026-09-29T10:01:09.553Z
30.09.2026;21:00;Belgium;Nationale 1 ACFF;FC Flenu;Olympic Club De Charleroi;id1004337374988338;pinnacle;Over Under Team 2 First Half;0.5;Under;2.25;2.27;2026-09-29T10:01:09.553Z
30.09.2026;21:00;Belgium;Nationale 1 ACFF;FC Flenu;Olympic Club De Charleroi;id1004337374988338;pinnacle;Over Under Team 1;0.5;Over;1.471;1.48;2026-09-28T22:41:39.051Z
30.09.2026;21:00;Belgium;Nationale 1 ACFF;FC Flenu;Olympic Club De Charleroi;id1004337374988338;pinnacle;Over Under Team 1;0.5;Under;2.45;2.48;2026-09-28T22:41:39.051Z
30.09.2026;21:00;Belgium;Nationale 1 ACFF;FC Flenu;Olympic Club De Charleroi;id1004337374988338;pinnacle;Over Under Team 1;1.5;Over;2.74;2.79;2026-09-29T10:01:09.553Z
30.09.2026;21:00;Belgium;Nationale 1 ACFF;FC Flenu;Olympic Club De Charleroi;id1004337374988338;pinnacle;Over Under Team 1;1.5;Under;1.401;1.413;2026-09-29T10:01:09.553Z
30.09.2026;21:00;Belgium;Nationale 1 ACFF;FC Flenu;Olympic Club De Charleroi;id1004337374988338;pinnacle;Over Under Team 2;1.5;Over;1.549;1.552;2026-09-29T10:01:09.553Z
30.09.2026;21:00;Belgium;Nationale 1 ACFF;FC Flenu;Olympic Club De Charleroi;id1004337374988338;pinnacle;Over Under Team 2;1.5;Under;2.27;2.31;2026-09-29T10:01:09.553Z
30.09.2026;21:00;Belgium;Nationale 1 ACFF;FC Flenu;Olympic Club De Charleroi;id1004337374988338;pinnacle;Over Under First Half;1.5;Over;2.32;2.24;2026-09-29T10:01:09.553Z
30.09.2026;21:00;Belgium;Nationale 1 ACFF;FC Flenu;Olympic Club De Charleroi;id1004337374988338;pinnacle;Over Under First Half;1.5;Under;1.515;1.606;2026-09-29T10:01:09.553Z
30.09.2026;21:00;Belgium;Nationale 1 ACFF;FC Flenu;Olympic Club De Charleroi;id1004337374988338;pinnacle;Asian Handicap First Half;-0.25;1;3.55;3.64;2026-09-29T10:01:09.553Z
30.09.2026;21:00;Belgium;Nationale 1 ACFF;FC Flenu;Olympic Club De Charleroi;id1004337374988338;pinnacle;Asian Handicap First Half;-0.25;2;1.233;1.241;2026-09-29T10:01:09.553Z
30.09.2026;21:00;Belgium;Nationale 1 ACFF;FC Flenu;Olympic Club De Charleroi;id1004337374988338;pinnacle;Asian Handicap First Half;0.0;1;3.22;2.96;2026-09-29T10:01:09.553Z
30.09.2026;21:00;Belgium;Nationale 1 ACFF;FC Flenu;Olympic Club De Charleroi;id1004337374988338;pinnacle;Asian Handicap First Half;0.0;2;1.278;1.364;2026-09-29T10:01:09.553Z
30.09.2026;21:00;Belgium;Nationale 1 ACFF;FC Flenu;Olympic Club De Charleroi;id1004337374988338;pinnacle;Asian Handicap First Half;0.25;1;2.11;2.04;2026-09-29T10:01:09.553Z
30.09.2026;21:00;Belgium;Nationale 1 ACFF;FC Flenu;Olympic Club De Charleroi;id1004337374988338;pinnacle;Asian Handicap First Half;0.25;2;1.645;1.751;2026-09-29T10:01:09.553Z
30.09.2026;21:00;Belgium;Nationale 1 ACFF;FC Flenu;Olympic Club De Charleroi;id1004337374988338;pinnacle;Asian Handicap First Half;0.5;1;1.735;1.684;2026-09-29T10:01:09.553Z
30.09.2026;21:00;Belgium;Nationale 1 ACFF;FC Flenu;Olympic Club De Charleroi;id1004337374988338;pinnacle;Asian Handicap First Half;0.5;2;2.009;2.1;2026-09-29T10:01:09.553Z
30.09.2026;21:00;Belgium;Nationale 1 ACFF;FC Flenu;Olympic Club De Charleroi;id1004337374988338;pinnacle;Asian Handicap First Half;0.75;1;1.485;1.45;2026-09-29T10:01:09.553Z
30.09.2026;21:00;Belgium;Nationale 1 ACFF;FC Flenu;Olympic Club De Charleroi;id1004337374988338;pinnacle;Asian Handicap First Half;0.75;2;2.44;2.57;2026-09-29T10:01:09.553Z
30.09.2026;21:00;Belgium;Nationale 1 ACFF;FC Flenu;Olympic Club De Charleroi;id1004337374988338;pinnacle;Asian Handicap First Half;1.0;1;1.239;1.233;2026-09-28T22:41:46.642Z
30.09.2026;21:00;Belgium;Nationale 1 ACFF;FC Flenu;Olympic Club De Charleroi;id1004337374988338;pinnacle;Asian Handicap First Half;1.0;2;3.5;3.55;2026-09-28T22:41:46.642Z
30.09.2026;21:00;Belgium;Nationale 1 ACFF;FC Flenu;Olympic Club De Charleroi;id1004337374988338;pinnacle;Asian Handicap;0.0;1;3.23;3.29;2026-09-29T18:01:13.375Z
30.09.2026;21:00;Belgium;Nationale 1 ACFF;FC Flenu;Olympic Club De Charleroi;id1004337374988338;pinnacle;Asian Handicap;0.0;2;1.284;1.297;2026-09-29T18:01:13.375Z
30.09.2026;21:00;Belgium;Nationale 1 ACFF;FC Flenu;Olympic Club De Charleroi;id1004337374988338;pinnacle;Asian Handicap;0.25;1;2.72;2.54;2026-09-29T18:01:13.375Z
30.09.2026;21:00;Belgium;Nationale 1 ACFF;FC Flenu;Olympic Club De Charleroi;id1004337374988338;pinnacle;Asian Handicap;0.25;2;1.373;1.469;2026-09-29T18:01:13.375Z
30.09.2026;21:00;Belgium;Nationale 1 ACFF;FC Flenu;Olympic Club De Charleroi;id1004337374988338;pinnacle;Asian Handicap;0.5;1;2.27;2.17;2026-09-29T18:01:13.375Z
30.09.2026;21:00;Belgium;Nationale 1 ACFF;FC Flenu;Olympic Club De Charleroi;id1004337374988338;pinnacle;Asian Handicap;0.5;2;1.529;1.653;2026-09-29T18:01:13.375Z
30.09.2026;21:00;Belgium;Nationale 1 ACFF;FC Flenu;Olympic Club De Charleroi;id1004337374988338;pinnacle;Asian Handicap;0.75;1;2.04;1.952;2026-09-29T18:01:13.375Z
30.09.2026;21:00;Belgium;Nationale 1 ACFF;FC Flenu;Olympic Club De Charleroi;id1004337374988338;pinnacle;Asian Handicap;0.75;2;1.675;1.833;2026-09-29T18:01:13.375Z
30.09.2026;21:00;Belgium;Nationale 1 ACFF;FC Flenu;Olympic Club De Charleroi;id1004337374988338;pinnacle;Asian Handicap;1.0;1;1.8;1.704;2026-09-29T18:01:13.375Z
30.09.2026;21:00;Belgium;Nationale 1 ACFF;FC Flenu;Olympic Club De Charleroi;id1004337374988338;pinnacle;Asian Handicap;1.0;2;1.909;2.09;2026-09-29T18:01:13.375Z
30.09.2026;21:00;Belgium;Nationale 1 ACFF;FC Flenu;Olympic Club De Charleroi;id1004337374988338;pinnacle;Asian Handicap;1.25;1;1.602;1.54;2026-09-29T18:01:13.375Z
30.09.2026;21:00;Belgium;Nationale 1 ACFF;FC Flenu;Olympic Club De Charleroi;id1004337374988338;pinnacle;Asian Handicap;1.25;2;2.17;2.36;2026-09-29T18:01:13.375Z
30.09.2026;21:00;Belgium;Nationale 1 ACFF;FC Flenu;Olympic Club De Charleroi;id1004337374988338;pinnacle;Asian Handicap;1.5;1;1.473;1.44;2026-09-29T18:01:13.375Z
30.09.2026;21:00;Belgium;Nationale 1 ACFF;FC Flenu;Olympic Club De Charleroi;id1004337374988338;pinnacle;Asian Handicap;1.5;2;2.4;2.63;2026-09-29T18:01:13.375Z
30.09.2026;21:00;Belgium;Nationale 1 ACFF;FC Flenu;Olympic Club De Charleroi;id1004337374988338;pinnacle;Asian Handicap;1.75;1;1.344;1.352;2026-09-28T22:41:39.051Z
30.09.2026;21:00;Belgium;Nationale 1 ACFF;FC Flenu;Olympic Club De Charleroi;id1004337374988338;pinnacle;Asian Handicap;1.75;2;2.83;2.87;2026-09-28T22:41:39.051Z
30.09.2026;21:00;Switzerland;Promotion League;FC Kreuzlingen;SC Bruhl St Gallen;id1000110172520958;bet365;Full Time Result;0.0;1;3.2;3.2;2026-09-29T18:14:36.540Z
30.09.2026;21:00;Switzerland;Promotion League;FC Kreuzlingen;SC Bruhl St Gallen;id1000110172520958;bet365;Full Time Result;0.0;X;3.9;3.9;2026-09-29T18:14:36.540Z
30.09.2026;21:00;Switzerland;Promotion League;FC Kreuzlingen;SC Bruhl St Gallen;id1000110172520958;bet365;Full Time Result;0.0;2;1.82;1.82;2026-09-29T18:14:36.540Z
30.09.2026;21:00;Switzerland;Promotion League;FC Kreuzlingen;SC Bruhl St Gallen;id1000110172520958;bet365;Over Under Full Time;2.5;Over;1.41;1.41;2026-09-29T18:14:36.540Z
30.09.2026;21:00;Switzerland;Promotion League;FC Kreuzlingen;SC Bruhl St Gallen;id1000110172520958;bet365;Over Under Full Time;2.5;Under;2.62;2.62;2026-09-29T18:14:36.540Z
30.09.2026;21:00;Switzerland;Promotion League;FC Kreuzlingen;SC Bruhl St Gallen;id1000110172520958;bet365;Double Chance Full Time;0.0;1X;1.77;1.77;2026-09-29T18:14:36.540Z
30.09.2026;21:00;Switzerland;Promotion League;FC Kreuzlingen;SC Bruhl St Gallen;id1000110172520958;bet365;Double Chance Full Time;0.0;12;1.15;1.15;2026-09-29T18:14:36.540Z
30.09.2026;21:00;Switzerland;Promotion League;FC Kreuzlingen;SC Bruhl St Gallen;id1000110172520958;bet365;Double Chance Full Time;0.0;2X;1.25;1.25;2026-09-29T18:14:36.540Z
30.09.2026;21:00;Switzerland;Promotion League;FC Kreuzlingen;SC Bruhl St Gallen;id1000110172520958;bet365;First Half Result;0.0;1;3.5;3.5;2026-09-29T18:14:36.540Z
30.09.2026;21:00;Switzerland;Promotion League;FC Kreuzlingen;SC Bruhl St Gallen;id1000110172520958;bet365;First Half Result;0.0;X;2.5;2.5;2026-09-29T18:14:36.540Z
30.09.2026;21:00;Switzerland;Promotion League;FC Kreuzlingen;SC Bruhl St Gallen;id1000110172520958;bet365;First Half Result;0.0;2;2.37;2.37;2026-09-29T18:14:36.540Z
30.09.2026;21:00;Switzerland;Promotion League;FC Kreuzlingen;SC Bruhl St Gallen;id1000110172520958;pinnacle;Full Time Result;0.0;1;2.65;3.36;2026-09-29T18:04:49.913Z
30.09.2026;21:00;Switzerland;Promotion League;FC Kreuzlingen;SC Bruhl St Gallen;id1000110172520958;pinnacle;Full Time Result;0.0;X;3.44;3.77;2026-09-29T18:04:49.913Z
30.09.2026;21:00;Switzerland;Promotion League;FC Kreuzlingen;SC Bruhl St Gallen;id1000110172520958;pinnacle;Full Time Result;0.0;2;2.25;1.892;2026-09-29T18:04:49.913Z
30.09.2026;21:00;Switzerland;Promotion League;FC Kreuzlingen;SC Bruhl St Gallen;id1000110172520958;pinnacle;Over Under Full Time;2.5;Over;1.452;1.456;2026-09-29T18:04:49.913Z
30.09.2026;21:00;Switzerland;Promotion League;FC Kreuzlingen;SC Bruhl St Gallen;id1000110172520958;pinnacle;Over Under Full Time;2.5;Under;2.51;2.58;2026-09-29T18:04:49.913Z
30.09.2026;21:00;Switzerland;Promotion League;FC Kreuzlingen;SC Bruhl St Gallen;id1000110172520958;pinnacle;Over Under Full Time;3.5;Over;2.12;2.14;2026-09-29T18:04:49.913Z
30.09.2026;21:00;Switzerland;Promotion League;FC Kreuzlingen;SC Bruhl St Gallen;id1000110172520958;pinnacle;Over Under Full Time;3.5;Under;1.649;1.671;2026-09-29T18:04:49.913Z
30.09.2026;21:00;Switzerland;Promotion League;FC Kreuzlingen;SC Bruhl St Gallen;id1000110172520958;pinnacle;Double Chance Full Time;0.0;12;1.249;1.248;2026-09-29T12:54:15.361Z
30.09.2026;21:00;Switzerland;Promotion League;FC Kreuzlingen;SC Bruhl St Gallen;id1000110172520958;pinnacle;Double Chance Full Time;0.0;2X;1.315;1.301;2026-09-29T12:54:15.361Z
30.09.2026;21:00;Switzerland;Promotion League;FC Kreuzlingen;SC Bruhl St Gallen;id1000110172520958;pinnacle;Over Under Team 1 First Half;0.5;Over;1.806;2.02;2026-09-29T12:54:13.727Z
30.09.2026;21:00;Switzerland;Promotion League;FC Kreuzlingen;SC Bruhl St Gallen;id1000110172520958;pinnacle;Over Under Team 1 First Half;0.5;Under;1.862;1.735;2026-09-29T12:54:13.727Z
30.09.2026;21:00;Switzerland;Promotion League;FC Kreuzlingen;SC Bruhl St Gallen;id1000110172520958;pinnacle;Over Under Team 2 First Half;0.5;Over;1.704;1.613;2026-09-29T12:54:13.727Z
30.09.2026;21:00;Switzerland;Promotion League;FC Kreuzlingen;SC Bruhl St Gallen;id1000110172520958;pinnacle;Over Under Team 2 First Half;0.5;Under;1.99;2.23;2026-09-29T12:54:13.727Z
30.09.2026;21:00;Switzerland;Promotion League;FC Kreuzlingen;SC Bruhl St Gallen;id1000110172520958;pinnacle;Over Under Team 1;1.5;Over;1.97;2.27;2026-09-29T12:54:13.727Z
30.09.2026;21:00;Switzerland;Promotion League;FC Kreuzlingen;SC Bruhl St Gallen;id1000110172520958;pinnacle;Over Under Team 1;1.5;Under;1.757;1.598;2026-09-29T12:54:13.727Z
30.09.2026;21:00;Switzerland;Promotion League;FC Kreuzlingen;SC Bruhl St Gallen;id1000110172520958;pinnacle;Over Under Team 2;1.5;Over;1.781;1.632;2026-09-29T12:54:13.727Z
30.09.2026;21:00;Switzerland;Promotion League;FC Kreuzlingen;SC Bruhl St Gallen;id1000110172520958;pinnacle;Over Under Team 2;1.5;Under;1.909;2.21;2026-09-29T12:54:13.727Z
30.09.2026;21:00;Switzerland;Promotion League;FC Kreuzlingen;SC Bruhl St Gallen;id1000110172520958;pinnacle;Over Under First Half;1.5;Over;2.08;2.12;2026-09-29T12:54:13.727Z
30.09.2026;21:00;Switzerland;Promotion League;FC Kreuzlingen;SC Bruhl St Gallen;id1000110172520958;pinnacle;Over Under First Half;1.5;Under;1.641;1.675;2026-09-29T12:54:13.727Z
30.09.2026;21:00;Switzerland;Promotion League;FC Kreuzlingen;SC Bruhl St Gallen;id1000110172520958;pinnacle;Both Teams To Score;0.0;Yes;1.413;1.436;2026-09-29T12:54:15.361Z
30.09.2026;21:00;Switzerland;Promotion League;FC Kreuzlingen;SC Bruhl St Gallen;id1000110172520958;pinnacle;Both Teams To Score;0.0;No;2.66;2.68;2026-09-29T12:54:15.361Z
30.09.2026;21:00;Switzerland;Promotion League;FC Kreuzlingen;SC Bruhl St Gallen;id1000110172520958;pinnacle;Asian Handicap First Half;-0.5;1;2.95;2.95;2026-09-29T11:27:50.118Z
30.09.2026;21:00;Switzerland;Promotion League;FC Kreuzlingen;SC Bruhl St Gallen;id1000110172520958;pinnacle;Asian Handicap First Half;-0.5;2;1.327;1.327;2026-09-29T11:27:50.118Z
30.09.2026;21:00;Switzerland;Promotion League;FC Kreuzlingen;SC Bruhl St Gallen;id1000110172520958;pinnacle;Asian Handicap First Half;-0.25;1;2.5;3.01;2026-09-29T12:54:13.727Z
30.09.2026;21:00;Switzerland;Promotion League;FC Kreuzlingen;SC Bruhl St Gallen;id1000110172520958;pinnacle;Asian Handicap First Half;-0.25;2;1.465;1.338;2026-09-29T12:54:13.727Z
30.09.2026;21:00;Switzerland;Promotion League;FC Kreuzlingen;SC Bruhl St Gallen;id1000110172520958;pinnacle;Asian Handicap First Half;0.0;1;1.99;2.43;2026-09-29T12:54:13.727Z
30.09.2026;21:00;Switzerland;Promotion League;FC Kreuzlingen;SC Bruhl St Gallen;id1000110172520958;pinnacle;Asian Handicap First Half;0.0;2;1.746;1.518;2026-09-29T12:54:13.727Z
30.09.2026;21:00;Switzerland;Promotion League;FC Kreuzlingen;SC Bruhl St Gallen;id1000110172520958;pinnacle;Asian Handicap First Half;0.25;1;1.591;1.833;2026-09-29T12:54:13.727Z
30.09.2026;21:00;Switzerland;Promotion League;FC Kreuzlingen;SC Bruhl St Gallen;id1000110172520958;pinnacle;Asian Handicap First Half;0.25;2;2.2;1.943;2026-09-29T12:54:13.727Z
30.09.2026;21:00;Switzerland;Promotion League;FC Kreuzlingen;SC Bruhl St Gallen;id1000110172520958;pinnacle;Asian Handicap First Half;0.5;1;1.409;1.564;2026-09-29T12:54:13.727Z
30.09.2026;21:00;Switzerland;Promotion League;FC Kreuzlingen;SC Bruhl St Gallen;id1000110172520958;pinnacle;Asian Handicap First Half;0.5;2;2.61;2.32;2026-09-29T12:54:13.727Z
30.09.2026;21:00;Switzerland;Promotion League;FC Kreuzlingen;SC Bruhl St Gallen;id1000110172520958;pinnacle;Asian Handicap First Half;0.75;1;1.363;1.364;2026-09-29T12:54:13.727Z
30.09.2026;21:00;Switzerland;Promotion League;FC Kreuzlingen;SC Bruhl St Gallen;id1000110172520958;pinnacle;Asian Handicap First Half;0.75;2;2.79;2.89;2026-09-29T12:54:13.727Z
30.09.2026;21:00;Switzerland;Promotion League;FC Kreuzlingen;SC Bruhl St Gallen;id1000110172520958;pinnacle;Asian Handicap;-0.5;1;2.61;2.61;2026-09-29T11:27:50.118Z
30.09.2026;21:00;Switzerland;Promotion League;FC Kreuzlingen;SC Bruhl St Gallen;id1000110172520958;pinnacle;Asian Handicap;-0.5;2;1.42;1.42;2026-09-29T11:27:50.118Z
30.09.2026;21:00;Switzerland;Promotion League;FC Kreuzlingen;SC Bruhl St Gallen;id1000110172520958;pinnacle;Asian Handicap;-0.25;1;2.31;2.94;2026-09-29T18:04:49.913Z
30.09.2026;21:00;Switzerland;Promotion League;FC Kreuzlingen;SC Bruhl St Gallen;id1000110172520958;pinnacle;Asian Handicap;-0.25;2;1.529;1.359;2026-09-29T18:04:49.913Z
30.09.2026;21:00;Switzerland;Promotion League;FC Kreuzlingen;SC Bruhl St Gallen;id1000110172520958;pinnacle;Asian Handicap;0.0;1;2.02;2.59;2026-09-29T18:04:49.913Z
30.09.2026;21:00;Switzerland;Promotion League;FC Kreuzlingen;SC Bruhl St Gallen;id1000110172520958;pinnacle;Asian Handicap;0.0;2;1.714;1.452;2026-09-29T18:04:49.913Z
30.09.2026;21:00;Switzerland;Promotion League;FC Kreuzlingen;SC Bruhl St Gallen;id1000110172520958;pinnacle;Asian Handicap;0.25;1;1.757;2.14;2026-09-29T18:04:49.913Z
30.09.2026;21:00;Switzerland;Promotion League;FC Kreuzlingen;SC Bruhl St Gallen;id1000110172520958;pinnacle;Asian Handicap;0.25;2;2.0;1.675;2026-09-29T18:04:49.913Z
30.09.2026;21:00;Switzerland;Promotion League;FC Kreuzlingen;SC Bruhl St Gallen;id1000110172520958;pinnacle;Asian Handicap;0.5;1;1.581;1.884;2026-09-29T18:04:49.913Z
30.09.2026;21:00;Switzerland;Promotion League;FC Kreuzlingen;SC Bruhl St Gallen;id1000110172520958;pinnacle;Asian Handicap;0.5;2;2.24;1.9;2026-09-29T18:04:49.913Z
30.09.2026;21:00;Switzerland;Promotion League;FC Kreuzlingen;SC Bruhl St Gallen;id1000110172520958;pinnacle;Asian Handicap;0.75;1;1.429;1.684;2026-09-29T18:04:49.913Z
30.09.2026;21:00;Switzerland;Promotion League;FC Kreuzlingen;SC Bruhl St Gallen;id1000110172520958;pinnacle;Asian Handicap;0.75;2;2.58;2.12;2026-09-29T18:04:49.913Z
30.09.2026;21:00;Switzerland;Promotion League;FC Kreuzlingen;SC Bruhl St Gallen;id1000110172520958;pinnacle;Asian Handicap;1.0;1;1.284;1.48;2026-09-29T18:04:49.913Z
30.09.2026;21:00;Switzerland;Promotion League;FC Kreuzlingen;SC Bruhl St Gallen;id1000110172520958;pinnacle;Asian Handicap;1.0;2;3.22;2.51;2026-09-29T18:04:49.913Z
30.09.2026;21:00;Switzerland;Promotion League;FC Kreuzlingen;SC Bruhl St Gallen;id1000110172520958;pinnacle;Asian Handicap;1.25;1;1.39;1.39;2026-09-29T18:04:49.913Z
30.09.2026;21:00;Switzerland;Promotion League;FC Kreuzlingen;SC Bruhl St Gallen;id1000110172520958;pinnacle;Asian Handicap;1.25;2;2.71;2.81;2026-09-29T18:04:49.913Z
30.09.2026;21:00;Israel;Liga Alef;FC Tzeirey Tira;FC Jerusalem;id1000197074401998;bet365;Full Time Result;0.0;1;3.75;3.75;2026-09-29T18:12:55.364Z
30.09.2026;21:00;Israel;Liga Alef;FC Tzeirey Tira;FC Jerusalem;id1000197074401998;bet365;Full Time Result;0.0;X;3.6;3.6;2026-09-29T18:12:55.364Z
30.09.2026;21:00;Israel;Liga Alef;FC Tzeirey Tira;FC Jerusalem;id1000197074401998;bet365;Full Time Result;0.0;2;1.72;1.72;2026-09-29T18:12:55.364Z
30.09.2026;21:00;Israel;Liga Alef;FC Tzeirey Tira;FC Jerusalem;id1000197074401998;bet365;Over Under Full Time;2.5;Over;1.67;1.67;2026-09-29T18:12:55.364Z
30.09.2026;21:00;Israel;Liga Alef;FC Tzeirey Tira;FC Jerusalem;id1000197074401998;bet365;Over Under Full Time;2.5;Under;2.1;2.1;2026-09-29T18:12:55.364Z
30.09.2026;21:00;Israel;Liga Alef;FC Tzeirey Tira;FC Jerusalem;id1000197074401998;bet365;Double Chance Full Time;0.0;1X;1.87;1.87;2026-09-29T18:12:55.364Z
30.09.2026;21:00;Israel;Liga Alef;FC Tzeirey Tira;FC Jerusalem;id1000197074401998;bet365;Double Chance Full Time;0.0;12;1.19;1.19;2026-09-29T18:12:55.364Z
30.09.2026;21:00;Israel;Liga Alef;FC Tzeirey Tira;FC Jerusalem;id1000197074401998;bet365;Double Chance Full Time;0.0;2X;1.17;1.17;2026-09-29T18:12:55.364Z
30.09.2026;21:00;Israel;Liga Alef;FC Tzeirey Tira;FC Jerusalem;id1000197074401998;bet365;First Half Result;0.0;1;4.0;4.0;2026-09-29T18:12:55.364Z
30.09.2026;21:00;Israel;Liga Alef;FC Tzeirey Tira;FC Jerusalem;id1000197074401998;bet365;First Half Result;0.0;X;2.3;2.3;2026-09-29T18:12:55.364Z
30.09.2026;21:00;Israel;Liga Alef;FC Tzeirey Tira;FC Jerusalem;id1000197074401998;bet365;First Half Result;0.0;2;2.3;2.3;2026-09-29T18:12:55.364Z
30.09.2026;21:00;Belgium;Nationale 1 VV;KFC Merelbeke;KFC Dessel Sport;id1004337174989882;bet365;Full Time Result;0.0;1;1.97;1.97;2026-09-29T17:22:32.361Z
30.09.2026;21:00;Belgium;Nationale 1 VV;KFC Merelbeke;KFC Dessel Sport;id1004337174989882;bet365;Full Time Result;0.0;X;3.75;3.75;2026-09-29T17:22:32.361Z
30.09.2026;21:00;Belgium;Nationale 1 VV;KFC Merelbeke;KFC Dessel Sport;id1004337174989882;bet365;Full Time Result;0.0;2;2.9;2.9;2026-09-29T17:22:32.361Z
30.09.2026;21:00;Belgium;Nationale 1 VV;KFC Merelbeke;KFC Dessel Sport;id1004337174989882;bet365;Over Under Full Time;2.5;Over;1.47;1.47;2026-09-29T17:28:22.261Z
30.09.2026;21:00;Belgium;Nationale 1 VV;KFC Merelbeke;KFC Dessel Sport;id1004337174989882;bet365;Over Under Full Time;2.5;Under;2.5;2.5;2026-09-29T17:28:22.261Z
30.09.2026;21:00;Belgium;Nationale 1 VV;KFC Merelbeke;KFC Dessel Sport;id1004337174989882;bet365;Double Chance Full Time;0.0;1X;1.27;1.27;2026-09-29T17:22:32.361Z
30.09.2026;21:00;Belgium;Nationale 1 VV;KFC Merelbeke;KFC Dessel Sport;id1004337174989882;bet365;Double Chance Full Time;0.0;12;1.17;1.17;2026-09-29T17:22:32.361Z
30.09.2026;21:00;Belgium;Nationale 1 VV;KFC Merelbeke;KFC Dessel Sport;id1004337174989882;bet365;Double Chance Full Time;0.0;2X;1.63;1.63;2026-09-29T17:22:32.361Z
30.09.2026;21:00;Belgium;Nationale 1 VV;KFC Merelbeke;KFC Dessel Sport;id1004337174989882;bet365;First Half Result;0.0;1;2.5;2.5;2026-09-29T17:22:32.361Z
30.09.2026;21:00;Belgium;Nationale 1 VV;KFC Merelbeke;KFC Dessel Sport;id1004337174989882;bet365;First Half Result;0.0;X;2.5;2.5;2026-09-29T17:22:32.361Z
30.09.2026;21:00;Belgium;Nationale 1 VV;KFC Merelbeke;KFC Dessel Sport;id1004337174989882;bet365;First Half Result;0.0;2;3.25;3.25;2026-09-29T17:22:32.361Z
30.09.2026;21:00;Belgium;Nationale 1 VV;KFC Merelbeke;KFC Dessel Sport;id1004337174989882;pinnacle;Full Time Result;0.0;1;2.19;2.12;2026-09-29T18:01:14.011Z
30.09.2026;21:00;Belgium;Nationale 1 VV;KFC Merelbeke;KFC Dessel Sport;id1004337174989882;pinnacle;Full Time Result;0.0;X;3.39;3.6;2026-09-29T18:01:14.011Z
30.09.2026;21:00;Belgium;Nationale 1 VV;KFC Merelbeke;KFC Dessel Sport;id1004337174989882;pinnacle;Full Time Result;0.0;2;2.67;2.92;2026-09-29T18:01:14.011Z
30.09.2026;21:00;Belgium;Nationale 1 VV;KFC Merelbeke;KFC Dessel Sport;id1004337174989882;pinnacle;Over Under Full Time;2.5;Over;1.446;1.462;2026-09-29T18:01:14.011Z
30.09.2026;21:00;Belgium;Nationale 1 VV;KFC Merelbeke;KFC Dessel Sport;id1004337174989882;pinnacle;Over Under Full Time;2.5;Under;2.47;2.56;2026-09-29T18:01:14.011Z
30.09.2026;21:00;Belgium;Nationale 1 VV;KFC Merelbeke;KFC Dessel Sport;id1004337174989882;pinnacle;Over Under Full Time;3.5;Over;2.11;2.15;2026-09-29T18:01:14.011Z
30.09.2026;21:00;Belgium;Nationale 1 VV;KFC Merelbeke;KFC Dessel Sport;id1004337174989882;pinnacle;Over Under Full Time;3.5;Under;1.632;1.666;2026-09-29T18:01:14.011Z
30.09.2026;21:00;Belgium;Nationale 1 VV;KFC Merelbeke;KFC Dessel Sport;id1004337174989882;pinnacle;Over Under Team 1 First Half;0.5;Over;1.699;1.675;2026-09-29T10:01:09.553Z
30.09.2026;21:00;Belgium;Nationale 1 VV;KFC Merelbeke;KFC Dessel Sport;id1004337174989882;pinnacle;Over Under Team 1 First Half;0.5;Under;2.029;2.11;2026-09-29T10:01:09.553Z
30.09.2026;21:00;Belgium;Nationale 1 VV;KFC Merelbeke;KFC Dessel Sport;id1004337174989882;pinnacle;Over Under Team 2 First Half;0.5;Over;1.833;1.892;2026-09-29T10:01:09.553Z
30.09.2026;21:00;Belgium;Nationale 1 VV;KFC Merelbeke;KFC Dessel Sport;id1004337174989882;pinnacle;Over Under Team 2 First Half;0.5;Under;1.833;1.806;2026-09-29T10:01:09.553Z
30.09.2026;21:00;Belgium;Nationale 1 VV;KFC Merelbeke;KFC Dessel Sport;id1004337174989882;pinnacle;Over Under Team 1;1.5;Over;1.763;1.74;2026-09-29T10:01:09.553Z
30.09.2026;21:00;Belgium;Nationale 1 VV;KFC Merelbeke;KFC Dessel Sport;id1004337174989882;pinnacle;Over Under Team 1;1.5;Under;1.925;2.04;2026-09-29T10:01:09.553Z
30.09.2026;21:00;Belgium;Nationale 1 VV;KFC Merelbeke;KFC Dessel Sport;id1004337174989882;pinnacle;Over Under Team 2;1.5;Over;1.97;2.06;2026-09-29T10:01:09.553Z
30.09.2026;21:00;Belgium;Nationale 1 VV;KFC Merelbeke;KFC Dessel Sport;id1004337174989882;pinnacle;Over Under Team 2;1.5;Under;1.724;1.684;2026-09-29T10:01:09.553Z
30.09.2026;21:00;Belgium;Nationale 1 VV;KFC Merelbeke;KFC Dessel Sport;id1004337174989882;pinnacle;Over Under First Half;1.5;Over;2.1;2.12;2026-09-29T10:01:09.553Z
30.09.2026;21:00;Belgium;Nationale 1 VV;KFC Merelbeke;KFC Dessel Sport;id1004337174989882;pinnacle;Over Under First Half;1.5;Under;1.649;1.671;2026-09-29T10:01:09.553Z
30.09.2026;21:00;Belgium;Nationale 1 VV;KFC Merelbeke;KFC Dessel Sport;id1004337174989882;pinnacle;Asian Handicap First Half;-0.75;1;3.2;3.2;2026-09-29T10:01:09.553Z
30.09.2026;21:00;Belgium;Nationale 1 VV;KFC Merelbeke;KFC Dessel Sport;id1004337174989882;pinnacle;Asian Handicap First Half;-0.75;2;1.303;1.303;2026-09-29T10:01:09.553Z
30.09.2026;21:00;Belgium;Nationale 1 VV;KFC Merelbeke;KFC Dessel Sport;id1004337174989882;pinnacle;Asian Handicap First Half;-0.5;1;2.57;2.53;2026-09-29T10:01:09.553Z
30.09.2026;21:00;Belgium;Nationale 1 VV;KFC Merelbeke;KFC Dessel Sport;id1004337174989882;pinnacle;Asian Handicap First Half;-0.5;2;1.423;1.483;2026-09-29T10:01:09.553Z
30.09.2026;21:00;Belgium;Nationale 1 VV;KFC Merelbeke;KFC Dessel Sport;id1004337174989882;pinnacle;Asian Handicap First Half;-0.25;1;2.16;2.12;2026-09-29T10:01:09.553Z
30.09.2026;21:00;Belgium;Nationale 1 VV;KFC Merelbeke;KFC Dessel Sport;id1004337174989882;pinnacle;Asian Handicap First Half;-0.25;2;1.613;1.699;2026-09-29T10:01:09.553Z
30.09.2026;21:00;Belgium;Nationale 1 VV;KFC Merelbeke;KFC Dessel Sport;id1004337174989882;pinnacle;Asian Handicap First Half;0.0;1;1.719;1.649;2026-09-29T10:01:09.553Z
30.09.2026;21:00;Belgium;Nationale 1 VV;KFC Merelbeke;KFC Dessel Sport;id1004337174989882;pinnacle;Asian Handicap First Half;0.0;2;2.029;2.16;2026-09-29T10:01:09.553Z
30.09.2026;21:00;Belgium;Nationale 1 VV;KFC Merelbeke;KFC Dessel Sport;id1004337174989882;pinnacle;Asian Handicap First Half;0.25;1;1.448;1.413;2026-09-29T10:01:09.553Z
30.09.2026;21:00;Belgium;Nationale 1 VV;KFC Merelbeke;KFC Dessel Sport;id1004337174989882;pinnacle;Asian Handicap First Half;0.25;2;2.55;2.7;2026-09-29T10:01:09.553Z
30.09.2026;21:00;Belgium;Nationale 1 VV;KFC Merelbeke;KFC Dessel Sport;id1004337174989882;pinnacle;Asian Handicap First Half;0.5;1;1.316;1.316;2026-09-28T23:11:34.251Z
30.09.2026;21:00;Belgium;Nationale 1 VV;KFC Merelbeke;KFC Dessel Sport;id1004337174989882;pinnacle;Asian Handicap First Half;0.5;2;3.01;3.01;2026-09-28T23:11:34.251Z
30.09.2026;21:00;Belgium;Nationale 1 VV;KFC Merelbeke;KFC Dessel Sport;id1004337174989882;pinnacle;Asian Handicap;-1.0;1;3.11;2.96;2026-09-29T18:01:14.011Z
30.09.2026;21:00;Belgium;Nationale 1 VV;KFC Merelbeke;KFC Dessel Sport;id1004337174989882;pinnacle;Asian Handicap;-1.0;2;1.29;1.357;2026-09-29T18:01:14.011Z
30.09.2026;21:00;Belgium;Nationale 1 VV;KFC Merelbeke;KFC Dessel Sport;id1004337174989882;pinnacle;Asian Handicap;-0.75;1;2.5;2.41;2026-09-29T18:01:14.011Z
30.09.2026;21:00;Belgium;Nationale 1 VV;KFC Merelbeke;KFC Dessel Sport;id1004337174989882;pinnacle;Asian Handicap;-0.75;2;1.436;1.518;2026-09-29T18:01:14.011Z
30.09.2026;21:00;Belgium;Nationale 1 VV;KFC Merelbeke;KFC Dessel Sport;id1004337174989882;pinnacle;Asian Handicap;-0.5;1;2.18;2.11;2026-09-29T18:01:14.011Z
30.09.2026;21:00;Belgium;Nationale 1 VV;KFC Merelbeke;KFC Dessel Sport;id1004337174989882;pinnacle;Asian Handicap;-0.5;2;1.591;1.689;2026-09-29T18:01:14.011Z
30.09.2026;21:00;Belgium;Nationale 1 VV;KFC Merelbeke;KFC Dessel Sport;id1004337174989882;pinnacle;Asian Handicap;-0.25;1;1.943;1.884;2026-09-29T18:01:14.011Z
30.09.2026;21:00;Belgium;Nationale 1 VV;KFC Merelbeke;KFC Dessel Sport;id1004337174989882;pinnacle;Asian Handicap;-0.25;2;1.769;1.9;2026-09-29T18:01:14.011Z
30.09.2026;21:00;Belgium;Nationale 1 VV;KFC Merelbeke;KFC Dessel Sport;id1004337174989882;pinnacle;Asian Handicap;0.0;1;1.671;1.617;2026-09-29T18:01:14.011Z
30.09.2026;21:00;Belgium;Nationale 1 VV;KFC Merelbeke;KFC Dessel Sport;id1004337174989882;pinnacle;Asian Handicap;0.0;2;2.05;2.24;2026-09-29T18:01:14.011Z
30.09.2026;21:00;Belgium;Nationale 1 VV;KFC Merelbeke;KFC Dessel Sport;id1004337174989882;pinnacle;Asian Handicap;0.25;1;1.5;1.467;2026-09-29T18:01:14.011Z
30.09.2026;21:00;Belgium;Nationale 1 VV;KFC Merelbeke;KFC Dessel Sport;id1004337174989882;pinnacle;Asian Handicap;0.25;2;2.33;2.55;2026-09-29T18:01:14.011Z
30.09.2026;21:00;Belgium;Nationale 1 VV;KFC Merelbeke;KFC Dessel Sport;id1004337174989882;pinnacle;Asian Handicap;0.5;1;1.4;1.377;2026-09-29T18:01:14.011Z
30.09.2026;21:00;Belgium;Nationale 1 VV;KFC Merelbeke;KFC Dessel Sport;id1004337174989882;pinnacle;Asian Handicap;0.5;2;2.62;2.86;2026-09-29T18:01:14.011Z
30.09.2026;21:00;Belgium;Nationale 1 VV;KVC Houtvenne;KFC Mandel United;id1004337174989884;bet365;Full Time Result;0.0;1;1.8;1.8;2026-09-29T17:22:07.841Z
30.09.2026;21:00;Belgium;Nationale 1 VV;KVC Houtvenne;KFC Mandel United;id1004337174989884;bet365;Full Time Result;0.0;X;3.6;3.6;2026-09-29T17:22:07.841Z
30.09.2026;21:00;Belgium;Nationale 1 VV;KVC Houtvenne;KFC Mandel United;id1004337174989884;bet365;Full Time Result;0.0;2;3.5;3.5;2026-09-29T17:22:07.841Z
30.09.2026;21:00;Belgium;Nationale 1 VV;KVC Houtvenne;KFC Mandel United;id1004337174989884;bet365;Over Under Full Time;2.5;Over;1.58;1.58;2026-09-29T18:11:12.838Z
30.09.2026;21:00;Belgium;Nationale 1 VV;KVC Houtvenne;KFC Mandel United;id1004337174989884;bet365;Over Under Full Time;2.5;Under;2.25;2.25;2026-09-29T18:11:12.838Z
30.09.2026;21:00;Belgium;Nationale 1 VV;KVC Houtvenne;KFC Mandel United;id1004337174989884;bet365;Double Chance Full Time;0.0;1X;1.19;1.19;2026-09-29T17:22:07.841Z
30.09.2026;21:00;Belgium;Nationale 1 VV;KVC Houtvenne;KFC Mandel United;id1004337174989884;bet365;Double Chance Full Time;0.0;12;1.19;1.19;2026-09-29T17:22:07.841Z
30.09.2026;21:00;Belgium;Nationale 1 VV;KVC Houtvenne;KFC Mandel United;id1004337174989884;bet365;Double Chance Full Time;0.0;2X;1.77;1.77;2026-09-29T17:22:07.841Z
30.09.2026;21:00;Belgium;Nationale 1 VV;KVC Houtvenne;KFC Mandel United;id1004337174989884;bet365;First Half Result;0.0;1;2.37;2.37;2026-09-29T17:22:07.841Z
30.09.2026;21:00;Belgium;Nationale 1 VV;KVC Houtvenne;KFC Mandel United;id1004337174989884;bet365;First Half Result;0.0;X;2.37;2.37;2026-09-29T17:22:07.841Z
30.09.2026;21:00;Belgium;Nationale 1 VV;KVC Houtvenne;KFC Mandel United;id1004337174989884;bet365;First Half Result;0.0;2;3.75;3.75;2026-09-29T17:22:07.841Z
30.09.2026;21:00;Belgium;Nationale 1 VV;KVC Houtvenne;KFC Mandel United;id1004337174989884;pinnacle;Full Time Result;0.0;1;2.45;2.09;2026-09-29T18:04:43.763Z
30.09.2026;21:00;Belgium;Nationale 1 VV;KVC Houtvenne;KFC Mandel United;id1004337174989884;pinnacle;Full Time Result;0.0;X;3.18;3.5;2026-09-29T18:04:43.763Z
30.09.2026;21:00;Belgium;Nationale 1 VV;KVC Houtvenne;KFC Mandel United;id1004337174989884;pinnacle;Full Time Result;0.0;2;2.57;3.05;2026-09-29T18:04:43.763Z
30.09.2026;21:00;Belgium;Nationale 1 VV;KVC Houtvenne;KFC Mandel United;id1004337174989884;pinnacle;Over Under Full Time;2.5;Over;1.719;1.636;2026-09-29T18:04:43.763Z
30.09.2026;21:00;Belgium;Nationale 1 VV;KVC Houtvenne;KFC Mandel United;id1004337174989884;pinnacle;Over Under Full Time;2.5;Under;2.009;2.2;2026-09-29T18:04:43.763Z
30.09.2026;21:00;Belgium;Nationale 1 VV;KVC Houtvenne;KFC Mandel United;id1004337174989884;pinnacle;Over Under Full Time;3.5;Over;2.71;2.55;2026-09-29T18:04:43.763Z
30.09.2026;21:00;Belgium;Nationale 1 VV;KVC Houtvenne;KFC Mandel United;id1004337174989884;pinnacle;Over Under Full Time;3.5;Under;1.392;1.465;2026-09-29T18:04:43.763Z
30.09.2026;21:00;Belgium;Nationale 1 VV;KVC Houtvenne;KFC Mandel United;id1004337174989884;pinnacle;Double Chance Full Time;0.0;12;1.268;1.281;2026-09-29T17:39:31.571Z
30.09.2026;21:00;Belgium;Nationale 1 VV;KVC Houtvenne;KFC Mandel United;id1004337174989884;pinnacle;Double Chance Full Time;0.0;2X;1.8;1.704;2026-09-29T17:39:31.571Z
30.09.2026;21:00;Belgium;Nationale 1 VV;KVC Houtvenne;KFC Mandel United;id1004337174989884;pinnacle;Over Under Team 1 First Half;0.5;Over;1.909;1.775;2026-09-29T17:39:29.208Z
30.09.2026;21:00;Belgium;Nationale 1 VV;KVC Houtvenne;KFC Mandel United;id1004337174989884;pinnacle;Over Under Team 1 First Half;0.5;Under;1.763;1.97;2026-09-29T17:39:29.208Z
30.09.2026;21:00;Belgium;Nationale 1 VV;KVC Houtvenne;KFC Mandel United;id1004337174989884;pinnacle;Over Under Team 2 First Half;0.5;Over;1.961;2.09;2026-09-29T17:39:29.208Z
30.09.2026;21:00;Belgium;Nationale 1 VV;KVC Houtvenne;KFC Mandel United;id1004337174989884;pinnacle;Over Under Team 2 First Half;0.5;Under;1.724;1.694;2026-09-29T17:39:29.208Z
30.09.2026;21:00;Belgium;Nationale 1 VV;KVC Houtvenne;KFC Mandel United;id1004337174989884;pinnacle;Over Under Team 1;1.5;Over;2.17;1.826;2026-09-29T17:39:29.208Z
30.09.2026;21:00;Belgium;Nationale 1 VV;KVC Houtvenne;KFC Mandel United;id1004337174989884;pinnacle;Over Under Team 1;1.5;Under;1.621;1.925;2026-09-29T17:39:29.208Z
30.09.2026;21:00;Belgium;Nationale 1 VV;KVC Houtvenne;KFC Mandel United;id1004337174989884;pinnacle;Over Under Team 2;1.5;Over;2.22;2.4;2026-09-29T17:39:29.208Z
30.09.2026;21:00;Belgium;Nationale 1 VV;KVC Houtvenne;KFC Mandel United;id1004337174989884;pinnacle;Over Under Team 2;1.5;Under;1.574;1.54;2026-09-29T17:39:29.208Z
30.09.2026;21:00;Belgium;Nationale 1 VV;KVC Houtvenne;KFC Mandel United;id1004337174989884;pinnacle;Over Under First Half;1.5;Over;2.46;2.39;2026-09-29T17:39:29.208Z
30.09.2026;21:00;Belgium;Nationale 1 VV;KVC Houtvenne;KFC Mandel United;id1004337174989884;pinnacle;Over Under First Half;1.5;Under;1.462;1.534;2026-09-29T17:39:29.208Z
30.09.2026;21:00;Belgium;Nationale 1 VV;KVC Houtvenne;KFC Mandel United;id1004337174989884;pinnacle;Both Teams To Score;0.0;Yes;1.546;1.537;2026-09-29T17:39:31.571Z
30.09.2026;21:00;Belgium;Nationale 1 VV;KVC Houtvenne;KFC Mandel United;id1004337174989884;pinnacle;Both Teams To Score;0.0;No;2.36;2.38;2026-09-29T17:39:31.571Z
30.09.2026;21:00;Belgium;Nationale 1 VV;KVC Houtvenne;KFC Mandel United;id1004337174989884;pinnacle;Asian Handicap First Half;-0.75;1;3.31;3.32;2026-09-29T17:39:29.208Z
30.09.2026;21:00;Belgium;Nationale 1 VV;KVC Houtvenne;KFC Mandel United;id1004337174989884;pinnacle;Asian Handicap First Half;-0.75;2;1.263;1.284;2026-09-29T17:39:29.208Z
30.09.2026;21:00;Belgium;Nationale 1 VV;KVC Houtvenne;KFC Mandel United;id1004337174989884;pinnacle;Asian Handicap First Half;-0.5;1;2.86;2.58;2026-09-29T17:39:29.208Z
30.09.2026;21:00;Belgium;Nationale 1 VV;KVC Houtvenne;KFC Mandel United;id1004337174989884;pinnacle;Asian Handicap First Half;-0.5;2;1.347;1.462;2026-09-29T17:39:29.208Z
30.09.2026;21:00;Belgium;Nationale 1 VV;KVC Houtvenne;KFC Mandel United;id1004337174989884;pinnacle;Asian Handicap First Half;-0.25;1;2.37;2.13;2026-09-29T17:39:29.208Z
30.09.2026;21:00;Belgium;Nationale 1 VV;KVC Houtvenne;KFC Mandel United;id1004337174989884;pinnacle;Asian Handicap First Half;-0.25;2;1.515;1.689;2026-09-29T17:39:29.208Z
30.09.2026;21:00;Belgium;Nationale 1 VV;KVC Houtvenne;KFC Mandel United;id1004337174989884;pinnacle;Asian Handicap First Half;0.0;1;1.819;1.625;2026-09-29T17:39:29.208Z
30.09.2026;21:00;Belgium;Nationale 1 VV;KVC Houtvenne;KFC Mandel United;id1004337174989884;pinnacle;Asian Handicap First Half;0.0;2;1.9;2.2;2026-09-29T17:39:29.208Z
30.09.2026;21:00;Belgium;Nationale 1 VV;KVC Houtvenne;KFC Mandel United;id1004337174989884;pinnacle;Asian Handicap First Half;0.25;1;1.476;1.384;2026-09-29T17:39:29.208Z
30.09.2026;21:00;Belgium;Nationale 1 VV;KVC Houtvenne;KFC Mandel United;id1004337174989884;pinnacle;Asian Handicap First Half;0.25;2;2.47;2.8;2026-09-29T17:39:29.208Z
30.09.2026;21:00;Belgium;Nationale 1 VV;KVC Houtvenne;KFC Mandel United;id1004337174989884;pinnacle;Asian Handicap First Half;0.5;1;1.322;1.337;2026-09-28T22:41:41.485Z
30.09.2026;21:00;Belgium;Nationale 1 VV;KVC Houtvenne;KFC Mandel United;id1004337174989884;pinnacle;Asian Handicap First Half;0.5;2;2.98;2.9;2026-09-28T22:41:41.485Z
30.09.2026;21:00;Belgium;Nationale 1 VV;KVC Houtvenne;KFC Mandel United;id1004337174989884;pinnacle;Asian Handicap;-1.25;1;2.73;3.11;2026-09-29T17:20:01.197Z
30.09.2026;21:00;Belgium;Nationale 1 VV;KVC Houtvenne;KFC Mandel United;id1004337174989884;pinnacle;Asian Handicap;-1.25;2;1.386;1.327;2026-09-29T17:20:01.197Z
30.09.2026;21:00;Belgium;Nationale 1 VV;KVC Houtvenne;KFC Mandel United;id1004337174989884;pinnacle;Asian Handicap;-1.0;1;3.01;3.01;2026-09-29T18:04:43.763Z
30.09.2026;21:00;Belgium;Nationale 1 VV;KVC Houtvenne;KFC Mandel United;id1004337174989884;pinnacle;Asian Handicap;-1.0;2;1.321;1.346;2026-09-29T18:04:43.763Z
30.09.2026;21:00;Belgium;Nationale 1 VV;KVC Houtvenne;KFC Mandel United;id1004337174989884;pinnacle;Asian Handicap;-0.75;1;2.88;2.39;2026-09-29T18:04:43.763Z
30.09.2026;21:00;Belgium;Nationale 1 VV;KVC Houtvenne;KFC Mandel United;id1004337174989884;pinnacle;Asian Handicap;-0.75;2;1.35;1.523;2026-09-29T18:04:43.763Z
30.09.2026;21:00;Belgium;Nationale 1 VV;KVC Houtvenne;KFC Mandel United;id1004337174989884;pinnacle;Asian Handicap;-0.5;1;2.41;2.08;2026-09-29T18:04:43.763Z
30.09.2026;21:00;Belgium;Nationale 1 VV;KVC Houtvenne;KFC Mandel United;id1004337174989884;pinnacle;Asian Handicap;-0.5;2;1.487;1.709;2026-09-29T18:04:43.763Z
30.09.2026;21:00;Belgium;Nationale 1 VV;KVC Houtvenne;KFC Mandel United;id1004337174989884;pinnacle;Asian Handicap;-0.25;1;2.13;1.847;2026-09-29T18:04:43.763Z
30.09.2026;21:00;Belgium;Nationale 1 VV;KVC Houtvenne;KFC Mandel United;id1004337174989884;pinnacle;Asian Handicap;-0.25;2;1.645;1.943;2026-09-29T18:04:43.763Z
30.09.2026;21:00;Belgium;Nationale 1 VV;KVC Houtvenne;KFC Mandel United;id1004337174989884;pinnacle;Asian Handicap;0.0;1;1.826;1.578;2026-09-29T18:04:43.763Z
30.09.2026;21:00;Belgium;Nationale 1 VV;KVC Houtvenne;KFC Mandel United;id1004337174989884;pinnacle;Asian Handicap;0.0;2;1.917;2.32;2026-09-29T18:04:43.763Z
30.09.2026;21:00;Belgium;Nationale 1 VV;KVC Houtvenne;KFC Mandel United;id1004337174989884;pinnacle;Asian Handicap;0.25;1;1.584;1.434;2026-09-29T18:04:43.763Z
30.09.2026;21:00;Belgium;Nationale 1 VV;KVC Houtvenne;KFC Mandel United;id1004337174989884;pinnacle;Asian Handicap;0.25;2;2.24;2.65;2026-09-29T18:04:43.763Z
30.09.2026;21:00;Belgium;Nationale 1 VV;KVC Houtvenne;KFC Mandel United;id1004337174989884;pinnacle;Asian Handicap;0.5;1;1.444;1.349;2026-09-29T18:04:43.763Z
30.09.2026;21:00;Belgium;Nationale 1 VV;KVC Houtvenne;KFC Mandel United;id1004337174989884;pinnacle;Asian Handicap;0.5;2;2.53;2.99;2026-09-29T18:04:43.763Z
30.09.2026;21:00;Belgium;Nationale 1 VV;KVC Houtvenne;KFC Mandel United;id1004337174989884;pinnacle;Asian Handicap;0.75;1;1.316;1.34;2026-09-28T22:41:41.485Z
30.09.2026;21:00;Belgium;Nationale 1 VV;KVC Houtvenne;KFC Mandel United;id1004337174989884;pinnacle;Asian Handicap;0.75;2;3.04;2.92;2026-09-28T22:41:41.485Z
30.09.2026;21:00;Belgium;Nationale 1 VV;KVV Zelzate;Royal Knokke FC;id1004337174989892;bet365;Full Time Result;0.0;1;3.1;3.1;2026-09-29T17:21:34.390Z
30.09.2026;21:00;Belgium;Nationale 1 VV;KVV Zelzate;Royal Knokke FC;id1004337174989892;bet365;Full Time Result;0.0;X;3.75;3.75;2026-09-29T17:21:34.390Z
30.09.2026;21:00;Belgium;Nationale 1 VV;KVV Zelzate;Royal Knokke FC;id1004337174989892;bet365;Full Time Result;0.0;2;1.82;1.82;2026-09-29T17:21:34.390Z
30.09.2026;21:00;Belgium;Nationale 1 VV;KVV Zelzate;Royal Knokke FC;id1004337174989892;bet365;Over Under Full Time;2.5;Over;1.5;1.5;2026-09-29T18:07:58.579Z
30.09.2026;21:00;Belgium;Nationale 1 VV;KVV Zelzate;Royal Knokke FC;id1004337174989892;bet365;Over Under Full Time;2.5;Under;2.37;2.37;2026-09-29T18:07:58.579Z
30.09.2026;21:00;Belgium;Nationale 1 VV;KVV Zelzate;Royal Knokke FC;id1004337174989892;bet365;Double Chance Full Time;0.0;1X;1.77;1.77;2026-09-29T17:21:34.390Z
30.09.2026;21:00;Belgium;Nationale 1 VV;KVV Zelzate;Royal Knokke FC;id1004337174989892;bet365;Double Chance Full Time;0.0;12;1.17;1.17;2026-09-29T17:21:34.390Z
30.09.2026;21:00;Belgium;Nationale 1 VV;KVV Zelzate;Royal Knokke FC;id1004337174989892;bet365;Double Chance Full Time;0.0;2X;1.25;1.25;2026-09-29T17:21:34.390Z
30.09.2026;21:00;Belgium;Nationale 1 VV;KVV Zelzate;Royal Knokke FC;id1004337174989892;bet365;First Half Result;0.0;1;3.5;3.5;2026-09-29T17:21:34.390Z
30.09.2026;21:00;Belgium;Nationale 1 VV;KVV Zelzate;Royal Knokke FC;id1004337174989892;bet365;First Half Result;0.0;X;2.4;2.4;2026-09-29T17:21:34.390Z
30.09.2026;21:00;Belgium;Nationale 1 VV;KVV Zelzate;Royal Knokke FC;id1004337174989892;bet365;First Half Result;0.0;2;2.4;2.4;2026-09-29T17:21:34.390Z
30.09.2026;21:00;Belgium;Nationale 1 VV;KVV Zelzate;Royal Knokke FC;id1004337174989892;pinnacle;Full Time Result;0.0;1;4.059;2.96;2026-09-29T18:04:49.006Z
30.09.2026;21:00;Belgium;Nationale 1 VV;KVV Zelzate;Royal Knokke FC;id1004337174989892;pinnacle;Full Time Result;0.0;X;3.75;4.19;2026-09-29T18:04:49.006Z
30.09.2026;21:00;Belgium;Nationale 1 VV;KVV Zelzate;Royal Knokke FC;id1004337174989892;pinnacle;Full Time Result;0.0;2;1.628;1.943;2026-09-29T18:04:49.006Z
30.09.2026;21:00;Belgium;Nationale 1 VV;KVV Zelzate;Royal Knokke FC;id1004337174989892;pinnacle;Over Under Full Time;2.5;Over;1.518;1.515;2026-09-29T18:04:49.006Z
30.09.2026;21:00;Belgium;Nationale 1 VV;KVV Zelzate;Royal Knokke FC;id1004337174989892;pinnacle;Over Under Full Time;2.5;Under;2.29;2.41;2026-09-29T18:04:49.006Z
30.09.2026;21:00;Belgium;Nationale 1 VV;KVV Zelzate;Royal Knokke FC;id1004337174989892;pinnacle;Over Under Full Time;3.5;Over;2.29;2.33;2026-09-29T18:04:49.006Z
30.09.2026;21:00;Belgium;Nationale 1 VV;KVV Zelzate;Royal Knokke FC;id1004337174989892;pinnacle;Over Under Full Time;3.5;Under;1.518;1.552;2026-09-29T18:04:49.006Z
30.09.2026;21:00;Belgium;Nationale 1 VV;KVV Zelzate;Royal Knokke FC;id1004337174989892;pinnacle;Over Under Team 1 First Half;0.5;Over;2.32;2.07;2026-09-29T10:01:09.553Z
30.09.2026;21:00;Belgium;Nationale 1 VV;KVV Zelzate;Royal Knokke FC;id1004337174989892;pinnacle;Over Under Team 1 First Half;0.5;Under;1.518;1.709;2026-09-29T10:01:09.553Z
30.09.2026;21:00;Belgium;Nationale 1 VV;KVV Zelzate;Royal Knokke FC;id1004337174989892;pinnacle;Over Under Team 2 First Half;0.5;Over;1.555;1.666;2026-09-29T10:01:09.553Z
30.09.2026;21:00;Belgium;Nationale 1 VV;KVV Zelzate;Royal Knokke FC;id1004337174989892;pinnacle;Over Under Team 2 First Half;0.5;Under;2.23;2.07;2026-09-29T10:01:09.553Z
30.09.2026;21:00;Belgium;Nationale 1 VV;KVV Zelzate;Royal Knokke FC;id1004337174989892;pinnacle;Over Under Team 1;1.5;Over;2.3;2.34;2026-09-29T10:01:09.553Z
30.09.2026;21:00;Belgium;Nationale 1 VV;KVV Zelzate;Royal Knokke FC;id1004337174989892;pinnacle;Over Under Team 1;1.5;Under;1.552;1.568;2026-09-29T10:01:09.553Z
30.09.2026;21:00;Belgium;Nationale 1 VV;KVV Zelzate;Royal Knokke FC;id1004337174989892;pinnacle;Over Under Team 2;1.5;Over;1.555;1.724;2026-09-29T10:01:09.553Z
30.09.2026;21:00;Belgium;Nationale 1 VV;KVV Zelzate;Royal Knokke FC;id1004337174989892;pinnacle;Over Under Team 2;1.5;Under;2.25;2.0;2026-09-29T10:01:09.553Z
30.09.2026;21:00;Belgium;Nationale 1 VV;KVV Zelzate;Royal Knokke FC;id1004337174989892;pinnacle;Over Under First Half;1.5;Over;2.22;2.25;2026-09-29T10:01:09.553Z
30.09.2026;21:00;Belgium;Nationale 1 VV;KVV Zelzate;Royal Knokke FC;id1004337174989892;pinnacle;Over Under First Half;1.5;Under;1.561;1.598;2026-09-29T10:01:09.553Z
30.09.2026;21:00;Belgium;Nationale 1 VV;KVV Zelzate;Royal Knokke FC;id1004337174989892;pinnacle;Asian Handicap First Half;-0.25;1;3.53;2.93;2026-09-29T10:01:09.553Z
30.09.2026;21:00;Belgium;Nationale 1 VV;KVV Zelzate;Royal Knokke FC;id1004337174989892;pinnacle;Asian Handicap First Half;-0.25;2;1.222;1.354;2026-09-29T10:01:09.553Z
30.09.2026;21:00;Belgium;Nationale 1 VV;KVV Zelzate;Royal Knokke FC;id1004337174989892;pinnacle;Asian Handicap First Half;0.0;1;2.89;2.34;2026-09-29T10:01:09.553Z
30.09.2026;21:00;Belgium;Nationale 1 VV;KVV Zelzate;Royal Knokke FC;id1004337174989892;pinnacle;Asian Handicap First Half;0.0;2;1.34;1.558;2026-09-29T10:01:09.553Z
30.09.2026;21:00;Belgium;Nationale 1 VV;KVV Zelzate;Royal Knokke FC;id1004337174989892;pinnacle;Asian Handicap First Half;0.25;1;2.0;1.769;2026-09-29T10:01:09.553Z
30.09.2026;21:00;Belgium;Nationale 1 VV;KVV Zelzate;Royal Knokke FC;id1004337174989892;pinnacle;Asian Handicap First Half;0.25;2;1.719;2.02;2026-09-29T10:01:09.553Z
30.09.2026;21:00;Belgium;Nationale 1 VV;KVV Zelzate;Royal Knokke FC;id1004337174989892;pinnacle;Asian Handicap First Half;0.5;1;1.653;1.52;2026-09-29T10:01:09.553Z
30.09.2026;21:00;Belgium;Nationale 1 VV;KVV Zelzate;Royal Knokke FC;id1004337174989892;pinnacle;Asian Handicap First Half;0.5;2;2.06;2.43;2026-09-29T10:01:09.553Z
30.09.2026;21:00;Belgium;Nationale 1 VV;KVV Zelzate;Royal Knokke FC;id1004337174989892;pinnacle;Asian Handicap First Half;0.75;1;1.427;1.327;2026-09-29T10:01:09.553Z
30.09.2026;21:00;Belgium;Nationale 1 VV;KVV Zelzate;Royal Knokke FC;id1004337174989892;pinnacle;Asian Handicap First Half;0.75;2;2.5;3.06;2026-09-29T10:01:09.553Z
30.09.2026;21:00;Belgium;Nationale 1 VV;KVV Zelzate;Royal Knokke FC;id1004337174989892;pinnacle;Asian Handicap;-0.25;1;2.59;2.64;2026-09-29T18:04:49.006Z
30.09.2026;21:00;Belgium;Nationale 1 VV;KVV Zelzate;Royal Knokke FC;id1004337174989892;pinnacle;Asian Handicap;-0.25;2;1.425;1.438;2026-09-29T18:04:49.006Z
30.09.2026;21:00;Belgium;Nationale 1 VV;KVV Zelzate;Royal Knokke FC;id1004337174989892;pinnacle;Asian Handicap;0.0;1;3.26;2.36;2026-09-29T18:04:49.006Z
30.09.2026;21:00;Belgium;Nationale 1 VV;KVV Zelzate;Royal Knokke FC;id1004337174989892;pinnacle;Asian Handicap;0.0;2;1.279;1.54;2026-09-29T18:04:49.006Z
30.09.2026;21:00;Belgium;Nationale 1 VV;KVV Zelzate;Royal Knokke FC;id1004337174989892;pinnacle;Asian Handicap;0.25;1;2.51;2.04;2026-09-29T18:04:49.006Z
30.09.2026;21:00;Belgium;Nationale 1 VV;KVV Zelzate;Royal Knokke FC;id1004337174989892;pinnacle;Asian Handicap;0.25;2;1.452;1.74;2026-09-29T18:04:49.006Z
30.09.2026;21:00;Belgium;Nationale 1 VV;KVV Zelzate;Royal Knokke FC;id1004337174989892;pinnacle;Asian Handicap;0.5;1;2.14;1.84;2026-09-29T18:04:49.006Z
30.09.2026;21:00;Belgium;Nationale 1 VV;KVV Zelzate;Royal Knokke FC;id1004337174989892;pinnacle;Asian Handicap;0.5;2;1.636;1.943;2026-09-29T18:04:49.006Z
30.09.2026;21:00;Belgium;Nationale 1 VV;KVV Zelzate;Royal Knokke FC;id1004337174989892;pinnacle;Asian Handicap;0.75;1;1.934;1.649;2026-09-29T18:04:49.006Z
30.09.2026;21:00;Belgium;Nationale 1 VV;KVV Zelzate;Royal Knokke FC;id1004337174989892;pinnacle;Asian Handicap;0.75;2;1.813;2.18;2026-09-29T18:04:49.006Z
30.09.2026;21:00;Belgium;Nationale 1 VV;KVV Zelzate;Royal Knokke FC;id1004337174989892;pinnacle;Asian Handicap;1.0;1;1.684;1.46;2026-09-29T18:04:49.006Z
30.09.2026;21:00;Belgium;Nationale 1 VV;KVV Zelzate;Royal Knokke FC;id1004337174989892;pinnacle;Asian Handicap;1.0;2;2.07;2.57;2026-09-29T18:04:49.006Z
30.09.2026;21:00;Belgium;Nationale 1 VV;KVV Zelzate;Royal Knokke FC;id1004337174989892;pinnacle;Asian Handicap;1.25;1;1.523;1.378;2026-09-29T18:04:49.006Z
30.09.2026;21:00;Belgium;Nationale 1 VV;KVV Zelzate;Royal Knokke FC;id1004337174989892;pinnacle;Asian Handicap;1.25;2;2.32;2.86;2026-09-29T18:04:49.006Z
30.09.2026;21:00;Belgium;Nationale 1 VV;KVV Zelzate;Royal Knokke FC;id1004337174989892;pinnacle;Asian Handicap;1.5;1;1.427;1.438;2026-09-28T22:41:40.881Z
30.09.2026;21:00;Belgium;Nationale 1 VV;KVV Zelzate;Royal Knokke FC;id1004337174989892;pinnacle;Asian Handicap;1.5;2;2.59;2.55;2026-09-28T22:41:40.881Z
30.09.2026;21:00;Belgium;Nationale 1 ACFF;RWDM Brussels;Union Rochefortoise;id1004337374269900;bet365;Full Time Result;0.0;1;2.02;2.02;2026-09-29T17:35:28.306Z
30.09.2026;21:00;Belgium;Nationale 1 ACFF;RWDM Brussels;Union Rochefortoise;id1004337374269900;bet365;Full Time Result;0.0;X;3.5;3.5;2026-09-29T17:35:28.306Z
30.09.2026;21:00;Belgium;Nationale 1 ACFF;RWDM Brussels;Union Rochefortoise;id1004337374269900;bet365;Full Time Result;0.0;2;2.87;2.87;2026-09-29T17:35:28.306Z
30.09.2026;21:00;Belgium;Nationale 1 ACFF;RWDM Brussels;Union Rochefortoise;id1004337374269900;bet365;Over Under Full Time;2.5;Over;1.58;1.58;2026-09-29T17:35:28.306Z
30.09.2026;21:00;Belgium;Nationale 1 ACFF;RWDM Brussels;Union Rochefortoise;id1004337374269900;bet365;Over Under Full Time;2.5;Under;2.25;2.25;2026-09-29T17:35:28.306Z
30.09.2026;21:00;Belgium;Nationale 1 ACFF;RWDM Brussels;Union Rochefortoise;id1004337374269900;bet365;Double Chance Full Time;0.0;1X;1.3;1.27;2026-09-29T18:07:54.245Z
30.09.2026;21:00;Belgium;Nationale 1 ACFF;RWDM Brussels;Union Rochefortoise;id1004337374269900;bet365;Double Chance Full Time;0.0;12;1.19;1.19;2026-09-29T17:35:28.306Z
30.09.2026;21:00;Belgium;Nationale 1 ACFF;RWDM Brussels;Union Rochefortoise;id1004337374269900;bet365;Double Chance Full Time;0.0;2X;1.58;1.63;2026-09-29T18:07:54.245Z
30.09.2026;21:00;Belgium;Nationale 1 ACFF;RWDM Brussels;Union Rochefortoise;id1004337374269900;bet365;First Half Result;0.0;1;2.6;2.6;2026-09-29T17:35:28.306Z
30.09.2026;21:00;Belgium;Nationale 1 ACFF;RWDM Brussels;Union Rochefortoise;id1004337374269900;bet365;First Half Result;0.0;X;2.37;2.37;2026-09-29T17:35:28.306Z
30.09.2026;21:00;Belgium;Nationale 1 ACFF;RWDM Brussels;Union Rochefortoise;id1004337374269900;bet365;First Half Result;0.0;2;3.25;3.4;2026-09-29T18:07:54.245Z
30.09.2026;21:00;Belgium;Nationale 1 ACFF;RWDM Brussels;Union Rochefortoise;id1004337374269900;pinnacle;Full Time Result;0.0;1;1.99;1.84;2026-09-29T18:04:22.841Z
30.09.2026;21:00;Belgium;Nationale 1 ACFF;RWDM Brussels;Union Rochefortoise;id1004337374269900;pinnacle;Full Time Result;0.0;X;3.26;3.68;2026-09-29T18:04:22.841Z
30.09.2026;21:00;Belgium;Nationale 1 ACFF;RWDM Brussels;Union Rochefortoise;id1004337374269900;pinnacle;Full Time Result;0.0;2;3.18;3.61;2026-09-29T18:04:22.841Z
30.09.2026;21:00;Belgium;Nationale 1 ACFF;RWDM Brussels;Union Rochefortoise;id1004337374269900;pinnacle;Over Under Full Time;2.5;Over;1.729;1.568;2026-09-29T18:04:22.841Z
30.09.2026;21:00;Belgium;Nationale 1 ACFF;RWDM Brussels;Union Rochefortoise;id1004337374269900;pinnacle;Over Under Full Time;2.5;Under;1.961;2.29;2026-09-29T18:04:22.841Z
30.09.2026;21:00;Belgium;Nationale 1 ACFF;RWDM Brussels;Union Rochefortoise;id1004337374269900;pinnacle;Over Under Full Time;3.5;Over;2.75;2.42;2026-09-29T18:04:22.841Z
30.09.2026;21:00;Belgium;Nationale 1 ACFF;RWDM Brussels;Union Rochefortoise;id1004337374269900;pinnacle;Over Under Full Time;3.5;Under;1.363;1.512;2026-09-29T18:04:22.841Z
30.09.2026;21:00;Belgium;Nationale 1 ACFF;RWDM Brussels;Union Rochefortoise;id1004337374269900;pinnacle;Double Chance Full Time;0.0;12;1.263;1.259;2026-09-29T18:04:24.211Z
30.09.2026;21:00;Belgium;Nationale 1 ACFF;RWDM Brussels;Union Rochefortoise;id1004337374269900;pinnacle;Double Chance Full Time;0.0;2X;1.757;1.917;2026-09-29T18:04:24.211Z
30.09.2026;21:00;Belgium;Nationale 1 ACFF;RWDM Brussels;Union Rochefortoise;id1004337374269900;pinnacle;Over Under Team 1 First Half;0.5;Over;1.781;1.653;2026-09-29T18:04:22.841Z
30.09.2026;21:00;Belgium;Nationale 1 ACFF;RWDM Brussels;Union Rochefortoise;id1004337374269900;pinnacle;Over Under Team 1 First Half;0.5;Under;1.917;2.15;2026-09-29T18:04:22.841Z
30.09.2026;21:00;Belgium;Nationale 1 ACFF;RWDM Brussels;Union Rochefortoise;id1004337374269900;pinnacle;Over Under Team 2 First Half;0.5;Over;2.21;2.21;2026-09-29T18:04:22.841Z
30.09.2026;21:00;Belgium;Nationale 1 ACFF;RWDM Brussels;Union Rochefortoise;id1004337374269900;pinnacle;Over Under Team 2 First Half;0.5;Under;1.568;1.617;2026-09-29T18:04:22.841Z
30.09.2026;21:00;Belgium;Nationale 1 ACFF;RWDM Brussels;Union Rochefortoise;id1004337374269900;pinnacle;Over Under Team 1;1.5;Over;1.909;1.657;2026-09-29T18:04:22.841Z
30.09.2026;21:00;Belgium;Nationale 1 ACFF;RWDM Brussels;Union Rochefortoise;id1004337374269900;pinnacle;Over Under Team 1;1.5;Under;1.775;2.17;2026-09-29T18:04:22.841Z
30.09.2026;21:00;Belgium;Nationale 1 ACFF;RWDM Brussels;Union Rochefortoise;id1004337374269900;pinnacle;Over Under Team 2;1.5;Over;2.64;2.6;2026-09-29T18:04:22.841Z
30.09.2026;21:00;Belgium;Nationale 1 ACFF;RWDM Brussels;Union Rochefortoise;id1004337374269900;pinnacle;Over Under Team 2;1.5;Under;1.411;1.469;2026-09-29T18:04:22.841Z
30.09.2026;21:00;Belgium;Nationale 1 ACFF;RWDM Brussels;Union Rochefortoise;id1004337374269900;pinnacle;Over Under First Half;0.5;Over;1.313;1.313;2026-09-28T22:41:38.446Z
30.09.2026;21:00;Belgium;Nationale 1 ACFF;RWDM Brussels;Union Rochefortoise;id1004337374269900;pinnacle;Over Under First Half;0.5;Under;3.02;3.02;2026-09-28T22:41:38.446Z
30.09.2026;21:00;Belgium;Nationale 1 ACFF;RWDM Brussels;Union Rochefortoise;id1004337374269900;pinnacle;Over Under First Half;1.5;Over;2.5;2.31;2026-09-29T18:04:22.841Z
30.09.2026;21:00;Belgium;Nationale 1 ACFF;RWDM Brussels;Union Rochefortoise;id1004337374269900;pinnacle;Over Under First Half;1.5;Under;1.446;1.571;2026-09-29T18:04:22.841Z
30.09.2026;21:00;Belgium;Nationale 1 ACFF;RWDM Brussels;Union Rochefortoise;id1004337374269900;pinnacle;Both Teams To Score;0.0;Yes;1.558;1.558;2026-09-29T18:16:39.829Z
30.09.2026;21:00;Belgium;Nationale 1 ACFF;RWDM Brussels;Union Rochefortoise;id1004337374269900;pinnacle;Both Teams To Score;0.0;No;2.34;2.34;2026-09-29T18:16:39.829Z
30.09.2026;21:00;Belgium;Nationale 1 ACFF;RWDM Brussels;Union Rochefortoise;id1004337374269900;pinnacle;Asian Handicap First Half;-0.75;1;3.17;2.88;2026-09-29T18:04:22.841Z
30.09.2026;21:00;Belgium;Nationale 1 ACFF;RWDM Brussels;Union Rochefortoise;id1004337374269900;pinnacle;Asian Handicap First Half;-0.75;2;1.286;1.366;2026-09-29T18:04:22.841Z
30.09.2026;21:00;Belgium;Nationale 1 ACFF;RWDM Brussels;Union Rochefortoise;id1004337374269900;pinnacle;Asian Handicap First Half;-0.5;1;2.48;2.3;2026-09-29T18:04:22.841Z
30.09.2026;21:00;Belgium;Nationale 1 ACFF;RWDM Brussels;Union Rochefortoise;id1004337374269900;pinnacle;Asian Handicap First Half;-0.5;2;1.469;1.574;2026-09-29T18:04:22.841Z
30.09.2026;21:00;Belgium;Nationale 1 ACFF;RWDM Brussels;Union Rochefortoise;id1004337374269900;pinnacle;Asian Handicap First Half;-0.25;1;2.04;1.909;2026-09-29T18:04:22.841Z
30.09.2026;21:00;Belgium;Nationale 1 ACFF;RWDM Brussels;Union Rochefortoise;id1004337374269900;pinnacle;Asian Handicap First Half;-0.25;2;1.714;1.862;2026-09-29T18:04:22.841Z
30.09.2026;21:00;Belgium;Nationale 1 ACFF;RWDM Brussels;Union Rochefortoise;id1004337374269900;pinnacle;Asian Handicap First Half;0.0;1;1.537;1.469;2026-09-29T18:04:22.841Z
30.09.2026;21:00;Belgium;Nationale 1 ACFF;RWDM Brussels;Union Rochefortoise;id1004337374269900;pinnacle;Asian Handicap First Half;0.0;2;2.31;2.57;2026-09-29T18:04:22.841Z
30.09.2026;21:00;Belgium;Nationale 1 ACFF;RWDM Brussels;Union Rochefortoise;id1004337374269900;pinnacle;Asian Handicap First Half;0.25;1;1.324;1.3;2026-09-29T18:04:22.841Z
30.09.2026;21:00;Belgium;Nationale 1 ACFF;RWDM Brussels;Union Rochefortoise;id1004337374269900;pinnacle;Asian Handicap First Half;0.25;2;2.96;3.22;2026-09-29T18:04:22.841Z
30.09.2026;21:00;Belgium;Nationale 1 ACFF;RWDM Brussels;Union Rochefortoise;id1004337374269900;pinnacle;Asian Handicap;-1.25;1;3.11;2.76;2026-09-29T18:04:22.841Z
30.09.2026;21:00;Belgium;Nationale 1 ACFF;RWDM Brussels;Union Rochefortoise;id1004337374269900;pinnacle;Asian Handicap;-1.25;2;1.303;1.404;2026-09-29T18:04:22.841Z
30.09.2026;21:00;Belgium;Nationale 1 ACFF;RWDM Brussels;Union Rochefortoise;id1004337374269900;pinnacle;Asian Handicap;-1.0;1;2.83;2.44;2026-09-29T18:04:22.841Z
30.09.2026;21:00;Belgium;Nationale 1 ACFF;RWDM Brussels;Union Rochefortoise;id1004337374269900;pinnacle;Asian Handicap;-1.0;2;1.362;1.505;2026-09-29T18:04:22.841Z
30.09.2026;21:00;Belgium;Nationale 1 ACFF;RWDM Brussels;Union Rochefortoise;id1004337374269900;pinnacle;Asian Handicap;-0.75;1;2.28;2.07;2026-09-29T18:04:22.841Z
30.09.2026;21:00;Belgium;Nationale 1 ACFF;RWDM Brussels;Union Rochefortoise;id1004337374269900;pinnacle;Asian Handicap;-0.75;2;1.543;1.719;2026-09-29T18:04:22.841Z
30.09.2026;21:00;Belgium;Nationale 1 ACFF;RWDM Brussels;Union Rochefortoise;id1004337374269900;pinnacle;Asian Handicap;-0.5;1;1.99;1.847;2026-09-29T18:04:22.841Z
30.09.2026;21:00;Belgium;Nationale 1 ACFF;RWDM Brussels;Union Rochefortoise;id1004337374269900;pinnacle;Asian Handicap;-0.5;2;1.735;1.943;2026-09-29T18:04:22.841Z
30.09.2026;21:00;Belgium;Nationale 1 ACFF;RWDM Brussels;Union Rochefortoise;id1004337374269900;pinnacle;Asian Handicap;-0.25;1;1.763;1.625;2026-09-29T18:04:22.841Z
30.09.2026;21:00;Belgium;Nationale 1 ACFF;RWDM Brussels;Union Rochefortoise;id1004337374269900;pinnacle;Asian Handicap;-0.25;2;1.99;2.23;2026-09-29T18:04:22.841Z
30.09.2026;21:00;Belgium;Nationale 1 ACFF;RWDM Brussels;Union Rochefortoise;id1004337374269900;pinnacle;Asian Handicap;0.0;1;1.495;1.401;2026-09-29T18:04:22.841Z
30.09.2026;21:00;Belgium;Nationale 1 ACFF;RWDM Brussels;Union Rochefortoise;id1004337374269900;pinnacle;Asian Handicap;0.0;2;2.44;2.77;2026-09-29T18:04:22.841Z
30.09.2026;21:00;Belgium;Nationale 1 ACFF;RWDM Brussels;Union Rochefortoise;id1004337374269900;pinnacle;Asian Handicap;0.25;1;1.37;1.319;2026-09-29T18:04:22.841Z
30.09.2026;21:00;Belgium;Nationale 1 ACFF;RWDM Brussels;Union Rochefortoise;id1004337374269900;pinnacle;Asian Handicap;0.25;2;2.79;3.15;2026-09-29T18:04:22.841Z
30.09.2026;21:00;Belgium;Nationale 1 ACFF;RWDM Brussels;Union Rochefortoise;id1004337374269900;pinnacle;Asian Handicap;0.5;1;1.296;1.308;2026-09-29T18:04:22.535Z
30.09.2026;21:00;Belgium;Nationale 1 ACFF;RWDM Brussels;Union Rochefortoise;id1004337374269900;pinnacle;Asian Handicap;0.5;2;3.15;3.22;2026-09-29T18:04:22.535Z
30.09.2026;21:00;Brazil;Gaucho, Serie B;Real SC Tramandai RS;Gremio Atletico Farroupilha RS;id1004108573736996;bet365;Full Time Result;0.0;1;1.5;1.5;2026-09-29T18:13:57.051Z
30.09.2026;21:00;Brazil;Gaucho, Serie B;Real SC Tramandai RS;Gremio Atletico Farroupilha RS;id1004108573736996;bet365;Full Time Result;0.0;X;4.0;4.0;2026-09-29T18:13:57.051Z
30.09.2026;21:00;Brazil;Gaucho, Serie B;Real SC Tramandai RS;Gremio Atletico Farroupilha RS;id1004108573736996;bet365;Full Time Result;0.0;2;4.75;4.75;2026-09-29T18:13:57.051Z
30.09.2026;21:00;Brazil;Gaucho, Serie B;Real SC Tramandai RS;Gremio Atletico Farroupilha RS;id1004108573736996;bet365;Over Under Full Time;2.5;Over;1.62;1.62;2026-09-29T18:53:43.519Z
30.09.2026;21:00;Brazil;Gaucho, Serie B;Real SC Tramandai RS;Gremio Atletico Farroupilha RS;id1004108573736996;bet365;Over Under Full Time;2.5;Under;2.2;2.2;2026-09-29T18:53:43.519Z
30.09.2026;21:00;Brazil;Gaucho, Serie B;Real SC Tramandai RS;Gremio Atletico Farroupilha RS;id1004108573736996;bet365;Double Chance Full Time;0.0;1X;1.1;1.1;2026-09-29T18:13:57.051Z
30.09.2026;21:00;Brazil;Gaucho, Serie B;Real SC Tramandai RS;Gremio Atletico Farroupilha RS;id1004108573736996;bet365;Double Chance Full Time;0.0;12;1.13;1.13;2026-09-29T18:13:57.051Z
30.09.2026;21:00;Brazil;Gaucho, Serie B;Real SC Tramandai RS;Gremio Atletico Farroupilha RS;id1004108573736996;bet365;Double Chance Full Time;0.0;2X;2.25;2.25;2026-09-29T18:13:57.051Z
30.09.2026;21:00;Brazil;Gaucho, Serie B;Real SC Tramandai RS;Gremio Atletico Farroupilha RS;id1004108573736996;bet365;First Half Result;0.0;1;2.02;2.02;2026-09-29T18:13:57.051Z
30.09.2026;21:00;Brazil;Gaucho, Serie B;Real SC Tramandai RS;Gremio Atletico Farroupilha RS;id1004108573736996;bet365;First Half Result;0.0;X;2.4;2.4;2026-09-29T18:13:57.051Z
30.09.2026;21:00;Brazil;Gaucho, Serie B;Real SC Tramandai RS;Gremio Atletico Farroupilha RS;id1004108573736996;bet365;First Half Result;0.0;2;5.0;5.0;2026-09-29T18:13:57.051Z
30.09.2026;21:00;Belgium;Nationale 1 ACFF;Royal Charleroi SC B;RSC Habay;id1004337374987966;bet365;Full Time Result;0.0;1;2.2;2.2;2026-09-29T17:34:46.325Z
30.09.2026;21:00;Belgium;Nationale 1 ACFF;Royal Charleroi SC B;RSC Habay;id1004337374987966;bet365;Full Time Result;0.0;X;3.4;3.4;2026-09-29T17:34:46.325Z
30.09.2026;21:00;Belgium;Nationale 1 ACFF;Royal Charleroi SC B;RSC Habay;id1004337374987966;bet365;Full Time Result;0.0;2;2.75;2.75;2026-09-29T17:34:46.325Z
30.09.2026;21:00;Belgium;Nationale 1 ACFF;Royal Charleroi SC B;RSC Habay;id1004337374987966;bet365;Over Under Full Time;2.5;Over;1.82;1.82;2026-09-29T18:17:37.870Z
30.09.2026;21:00;Belgium;Nationale 1 ACFF;Royal Charleroi SC B;RSC Habay;id1004337374987966;bet365;Over Under Full Time;2.5;Under;1.92;1.92;2026-09-29T18:17:37.870Z
30.09.2026;21:00;Belgium;Nationale 1 ACFF;Royal Charleroi SC B;RSC Habay;id1004337374987966;bet365;Double Chance Full Time;0.0;1X;1.33;1.33;2026-09-29T17:34:46.325Z
30.09.2026;21:00;Belgium;Nationale 1 ACFF;Royal Charleroi SC B;RSC Habay;id1004337374987966;bet365;Double Chance Full Time;0.0;12;1.22;1.22;2026-09-29T17:34:46.325Z
30.09.2026;21:00;Belgium;Nationale 1 ACFF;Royal Charleroi SC B;RSC Habay;id1004337374987966;bet365;Double Chance Full Time;0.0;2X;1.52;1.52;2026-09-29T17:34:46.325Z
30.09.2026;21:00;Belgium;Nationale 1 ACFF;Royal Charleroi SC B;RSC Habay;id1004337374987966;bet365;First Half Result;0.0;1;2.75;2.75;2026-09-29T17:34:46.325Z
30.09.2026;21:00;Belgium;Nationale 1 ACFF;Royal Charleroi SC B;RSC Habay;id1004337374987966;bet365;First Half Result;0.0;X;2.2;2.2;2026-09-29T17:34:46.325Z
30.09.2026;21:00;Belgium;Nationale 1 ACFF;Royal Charleroi SC B;RSC Habay;id1004337374987966;bet365;First Half Result;0.0;2;3.4;3.4;2026-09-29T17:34:46.325Z
30.09.2026;21:00;Belgium;Nationale 1 ACFF;Royal Charleroi SC B;RSC Habay;id1004337374987966;pinnacle;Full Time Result;0.0;1;2.2;2.31;2026-09-29T18:18:38.945Z
30.09.2026;21:00;Belgium;Nationale 1 ACFF;Royal Charleroi SC B;RSC Habay;id1004337374987966;pinnacle;Full Time Result;0.0;X;3.14;3.28;2026-09-29T18:18:38.945Z
30.09.2026;21:00;Belgium;Nationale 1 ACFF;Royal Charleroi SC B;RSC Habay;id1004337374987966;pinnacle;Full Time Result;0.0;2;2.96;2.83;2026-09-29T18:18:38.945Z
30.09.2026;21:00;Belgium;Nationale 1 ACFF;Royal Charleroi SC B;RSC Habay;id1004337374987966;pinnacle;Over Under Full Time;2.5;Over;1.869;1.877;2026-09-29T18:18:38.945Z
30.09.2026;21:00;Belgium;Nationale 1 ACFF;Royal Charleroi SC B;RSC Habay;id1004337374987966;pinnacle;Over Under Full Time;2.5;Under;1.952;1.909;2026-09-29T18:18:38.945Z
30.09.2026;21:00;Belgium;Nationale 1 ACFF;Royal Charleroi SC B;RSC Habay;id1004337374987966;pinnacle;Double Chance Full Time;0.0;12;1.323;1.313;2026-09-29T10:01:07.860Z
30.09.2026;21:00;Belgium;Nationale 1 ACFF;Royal Charleroi SC B;RSC Habay;id1004337374987966;pinnacle;Double Chance Full Time;0.0;2X;1.571;1.584;2026-09-29T10:01:07.860Z
30.09.2026;21:00;Belgium;Nationale 1 ACFF;Royal Charleroi SC B;RSC Habay;id1004337374987966;pinnacle;Over Under Team 1 First Half;0.5;Over;1.9;1.961;2026-09-29T10:01:09.553Z
30.09.2026;21:00;Belgium;Nationale 1 ACFF;Royal Charleroi SC B;RSC Habay;id1004337374987966;pinnacle;Over Under Team 1 First Half;0.5;Under;1.769;1.787;2026-09-29T10:01:09.553Z
30.09.2026;21:00;Belgium;Nationale 1 ACFF;Royal Charleroi SC B;RSC Habay;id1004337374987966;pinnacle;Over Under Team 2 First Half;0.5;Over;2.19;2.17;2026-09-29T10:01:09.553Z
30.09.2026;21:00;Belgium;Nationale 1 ACFF;Royal Charleroi SC B;RSC Habay;id1004337374987966;pinnacle;Over Under Team 2 First Half;0.5;Under;1.574;1.645;2026-09-29T10:01:09.553Z
30.09.2026;21:00;Belgium;Nationale 1 ACFF;Royal Charleroi SC B;RSC Habay;id1004337374987966;pinnacle;Over Under Team 1;1.5;Over;2.14;2.22;2026-09-29T10:01:09.553Z
30.09.2026;21:00;Belgium;Nationale 1 ACFF;Royal Charleroi SC B;RSC Habay;id1004337374987966;pinnacle;Over Under Team 1;1.5;Under;1.617;1.625;2026-09-29T10:01:09.553Z
30.09.2026;21:00;Belgium;Nationale 1 ACFF;Royal Charleroi SC B;RSC Habay;id1004337374987966;pinnacle;Over Under Team 2;1.5;Over;2.63;2.57;2026-09-29T10:01:09.553Z
30.09.2026;21:00;Belgium;Nationale 1 ACFF;Royal Charleroi SC B;RSC Habay;id1004337374987966;pinnacle;Over Under Team 2;1.5;Under;1.413;1.478;2026-09-29T10:01:09.553Z
30.09.2026;21:00;Belgium;Nationale 1 ACFF;Royal Charleroi SC B;RSC Habay;id1004337374987966;pinnacle;Over Under First Half;0.5;Over;1.343;1.354;2026-09-29T10:01:09.553Z
30.09.2026;21:00;Belgium;Nationale 1 ACFF;Royal Charleroi SC B;RSC Habay;id1004337374987966;pinnacle;Over Under First Half;0.5;Under;2.8;2.93;2026-09-29T10:01:09.553Z
30.09.2026;21:00;Belgium;Nationale 1 ACFF;Royal Charleroi SC B;RSC Habay;id1004337374987966;pinnacle;Over Under First Half;1.5;Over;2.64;2.68;2026-09-29T10:01:09.553Z
30.09.2026;21:00;Belgium;Nationale 1 ACFF;Royal Charleroi SC B;RSC Habay;id1004337374987966;pinnacle;Over Under First Half;1.5;Under;1.386;1.418;2026-09-29T10:01:09.553Z
30.09.2026;21:00;Belgium;Nationale 1 ACFF;Royal Charleroi SC B;RSC Habay;id1004337374987966;pinnacle;Asian Handicap First Half;-0.5;1;2.64;2.81;2026-09-29T10:01:09.553Z
30.09.2026;21:00;Belgium;Nationale 1 ACFF;Royal Charleroi SC B;RSC Habay;id1004337374987966;pinnacle;Asian Handicap First Half;-0.5;2;1.386;1.383;2026-09-29T10:01:09.553Z
30.09.2026;21:00;Belgium;Nationale 1 ACFF;Royal Charleroi SC B;RSC Habay;id1004337374987966;pinnacle;Asian Handicap First Half;-0.25;1;2.17;2.29;2026-09-29T10:01:09.553Z
30.09.2026;21:00;Belgium;Nationale 1 ACFF;Royal Charleroi SC B;RSC Habay;id1004337374987966;pinnacle;Asian Handicap First Half;-0.25;2;1.591;1.578;2026-09-29T10:01:09.553Z
30.09.2026;21:00;Belgium;Nationale 1 ACFF;Royal Charleroi SC B;RSC Habay;id1004337374987966;pinnacle;Asian Handicap First Half;0.0;1;1.641;1.729;2026-09-29T10:01:09.553Z
30.09.2026;21:00;Belgium;Nationale 1 ACFF;Royal Charleroi SC B;RSC Habay;id1004337374987966;pinnacle;Asian Handicap First Half;0.0;2;2.12;2.07;2026-09-29T10:01:09.553Z
30.09.2026;21:00;Belgium;Nationale 1 ACFF;Royal Charleroi SC B;RSC Habay;id1004337374987966;pinnacle;Asian Handicap First Half;0.25;1;1.369;1.421;2026-09-29T10:01:09.553Z
30.09.2026;21:00;Belgium;Nationale 1 ACFF;Royal Charleroi SC B;RSC Habay;id1004337374987966;pinnacle;Asian Handicap First Half;0.25;2;2.77;2.72;2026-09-29T10:01:09.553Z
30.09.2026;21:00;Belgium;Nationale 1 ACFF;Royal Charleroi SC B;RSC Habay;id1004337374987966;pinnacle;Asian Handicap First Half;0.5;1;1.248;1.286;2026-09-29T10:01:09.553Z
30.09.2026;21:00;Belgium;Nationale 1 ACFF;Royal Charleroi SC B;RSC Habay;id1004337374987966;pinnacle;Asian Handicap First Half;0.5;2;3.33;3.31;2026-09-29T10:01:09.553Z
30.09.2026;21:00;Belgium;Nationale 1 ACFF;Royal Charleroi SC B;RSC Habay;id1004337374987966;pinnacle;Asian Handicap;-1.0;1;3.29;3.53;2026-09-29T18:18:38.945Z
30.09.2026;21:00;Belgium;Nationale 1 ACFF;Royal Charleroi SC B;RSC Habay;id1004337374987966;pinnacle;Asian Handicap;-1.0;2;1.273;1.262;2026-09-29T18:18:38.945Z
30.09.2026;21:00;Belgium;Nationale 1 ACFF;Royal Charleroi SC B;RSC Habay;id1004337374987966;pinnacle;Asian Handicap;-0.75;1;2.55;2.7;2026-09-29T18:18:38.945Z
30.09.2026;21:00;Belgium;Nationale 1 ACFF;Royal Charleroi SC B;RSC Habay;id1004337374987966;pinnacle;Asian Handicap;-0.75;2;1.438;1.42;2026-09-29T18:18:38.945Z
30.09.2026;21:00;Belgium;Nationale 1 ACFF;Royal Charleroi SC B;RSC Habay;id1004337374987966;pinnacle;Asian Handicap;-0.5;1;2.19;2.3;2026-09-29T18:18:38.945Z
30.09.2026;21:00;Belgium;Nationale 1 ACFF;Royal Charleroi SC B;RSC Habay;id1004337374987966;pinnacle;Asian Handicap;-0.5;2;1.609;1.588;2026-09-29T18:18:38.945Z
30.09.2026;21:00;Belgium;Nationale 1 ACFF;Royal Charleroi SC B;RSC Habay;id1004337374987966;pinnacle;Asian Handicap;-0.25;1;1.9;2.02;2026-09-29T18:18:38.945Z
30.09.2026;21:00;Belgium;Nationale 1 ACFF;Royal Charleroi SC B;RSC Habay;id1004337374987966;pinnacle;Asian Handicap;-0.25;2;1.917;1.781;2026-09-29T18:18:38.945Z
30.09.2026;21:00;Belgium;Nationale 1 ACFF;Royal Charleroi SC B;RSC Habay;id1004337374987966;pinnacle;Asian Handicap;0.0;1;1.609;1.699;2026-09-29T18:18:38.945Z
30.09.2026;21:00;Belgium;Nationale 1 ACFF;Royal Charleroi SC B;RSC Habay;id1004337374987966;pinnacle;Asian Handicap;0.0;2;2.19;2.1;2026-09-29T18:18:38.945Z
30.09.2026;21:00;Belgium;Nationale 1 ACFF;Royal Charleroi SC B;RSC Habay;id1004337374987966;pinnacle;Asian Handicap;0.25;1;1.442;1.507;2026-09-29T18:18:38.945Z
30.09.2026;21:00;Belgium;Nationale 1 ACFF;Royal Charleroi SC B;RSC Habay;id1004337374987966;pinnacle;Asian Handicap;0.25;2;2.54;2.43;2026-09-29T18:18:38.945Z
30.09.2026;21:00;Belgium;Nationale 1 ACFF;Royal Charleroi SC B;RSC Habay;id1004337374987966;pinnacle;Asian Handicap;0.5;1;1.346;1.398;2026-09-29T18:18:38.945Z
30.09.2026;21:00;Belgium;Nationale 1 ACFF;Royal Charleroi SC B;RSC Habay;id1004337374987966;pinnacle;Asian Handicap;0.5;2;2.9;2.78;2026-09-29T18:18:38.945Z
30.09.2026;21:00;Belgium;Nationale 1 VV;SK Roeselare;KVV Thes Sport Tessenderlo;id1004337174989890;bet365;Full Time Result;0.0;1;1.77;1.77;2026-09-29T17:34:40.142Z
30.09.2026;21:00;Belgium;Nationale 1 VV;SK Roeselare;KVV Thes Sport Tessenderlo;id1004337174989890;bet365;Full Time Result;0.0;X;3.6;3.6;2026-09-29T17:34:40.142Z
30.09.2026;21:00;Belgium;Nationale 1 VV;SK Roeselare;KVV Thes Sport Tessenderlo;id1004337174989890;bet365;Full Time Result;0.0;2;3.5;3.5;2026-09-29T17:34:40.142Z
30.09.2026;21:00;Belgium;Nationale 1 VV;SK Roeselare;KVV Thes Sport Tessenderlo;id1004337174989890;bet365;Over Under Full Time;2.5;Over;1.69;1.69;2026-09-29T17:34:40.142Z
30.09.2026;21:00;Belgium;Nationale 1 VV;SK Roeselare;KVV Thes Sport Tessenderlo;id1004337174989890;bet365;Over Under Full Time;2.5;Under;2.04;2.04;2026-09-29T17:34:40.142Z
30.09.2026;21:00;Belgium;Nationale 1 VV;SK Roeselare;KVV Thes Sport Tessenderlo;id1004337174989890;bet365;Double Chance Full Time;0.0;1X;1.19;1.19;2026-09-29T17:34:40.142Z
30.09.2026;21:00;Belgium;Nationale 1 VV;SK Roeselare;KVV Thes Sport Tessenderlo;id1004337174989890;bet365;Double Chance Full Time;0.0;12;1.19;1.19;2026-09-29T17:34:40.142Z
30.09.2026;21:00;Belgium;Nationale 1 VV;SK Roeselare;KVV Thes Sport Tessenderlo;id1004337174989890;bet365;Double Chance Full Time;0.0;2X;1.8;1.8;2026-09-29T17:34:40.142Z
30.09.2026;21:00;Belgium;Nationale 1 VV;SK Roeselare;KVV Thes Sport Tessenderlo;id1004337174989890;bet365;First Half Result;0.0;1;2.37;2.37;2026-09-29T17:34:40.142Z
30.09.2026;21:00;Belgium;Nationale 1 VV;SK Roeselare;KVV Thes Sport Tessenderlo;id1004337174989890;bet365;First Half Result;0.0;X;2.3;2.3;2026-09-29T17:34:40.142Z
30.09.2026;21:00;Belgium;Nationale 1 VV;SK Roeselare;KVV Thes Sport Tessenderlo;id1004337174989890;bet365;First Half Result;0.0;2;4.0;4.0;2026-09-29T17:34:40.142Z
30.09.2026;21:00;Belgium;Nationale 1 VV;SK Roeselare;KVV Thes Sport Tessenderlo;id1004337174989890;pinnacle;Full Time Result;0.0;1;1.833;1.869;2026-09-29T18:01:10.476Z
30.09.2026;21:00;Belgium;Nationale 1 VV;SK Roeselare;KVV Thes Sport Tessenderlo;id1004337174989890;pinnacle;Full Time Result;0.0;X;3.36;3.5;2026-09-29T18:01:10.476Z
30.09.2026;21:00;Belgium;Nationale 1 VV;SK Roeselare;KVV Thes Sport Tessenderlo;id1004337174989890;pinnacle;Full Time Result;0.0;2;3.53;3.68;2026-09-29T18:01:10.476Z
30.09.2026;21:00;Belgium;Nationale 1 VV;SK Roeselare;KVV Thes Sport Tessenderlo;id1004337174989890;pinnacle;Over Under Full Time;2.5;Over;1.724;1.757;2026-09-29T18:01:10.476Z
30.09.2026;21:00;Belgium;Nationale 1 VV;SK Roeselare;KVV Thes Sport Tessenderlo;id1004337174989890;pinnacle;Over Under Full Time;2.5;Under;1.97;2.02;2026-09-29T18:01:10.476Z
30.09.2026;21:00;Belgium;Nationale 1 VV;SK Roeselare;KVV Thes Sport Tessenderlo;id1004337174989890;pinnacle;Over Under Full Time;3.5;Over;2.74;2.83;2026-09-29T18:01:10.476Z
30.09.2026;21:00;Belgium;Nationale 1 VV;SK Roeselare;KVV Thes Sport Tessenderlo;id1004337174989890;pinnacle;Over Under Full Time;3.5;Under;1.366;1.386;2026-09-29T18:01:10.476Z
30.09.2026;21:00;Belgium;Nationale 1 VV;SK Roeselare;KVV Thes Sport Tessenderlo;id1004337174989890;pinnacle;Over Under Team 1 First Half;0.5;Over;1.724;1.74;2026-09-29T10:01:09.553Z
30.09.2026;21:00;Belgium;Nationale 1 VV;SK Roeselare;KVV Thes Sport Tessenderlo;id1004337174989890;pinnacle;Over Under Team 1 First Half;0.5;Under;1.99;2.02;2026-09-29T10:01:09.553Z
30.09.2026;21:00;Belgium;Nationale 1 VV;SK Roeselare;KVV Thes Sport Tessenderlo;id1004337174989890;pinnacle;Over Under Team 2 First Half;0.5;Over;2.33;2.33;2026-09-29T10:01:09.553Z
30.09.2026;21:00;Belgium;Nationale 1 VV;SK Roeselare;KVV Thes Sport Tessenderlo;id1004337174989890;pinnacle;Over Under Team 2 First Half;0.5;Under;1.51;1.51;2026-09-29T10:01:09.553Z
30.09.2026;21:00;Belgium;Nationale 1 VV;SK Roeselare;KVV Thes Sport Tessenderlo;id1004337174989890;pinnacle;Over Under Team 1;1.5;Over;1.813;1.847;2026-09-29T10:01:09.553Z
30.09.2026;21:00;Belgium;Nationale 1 VV;SK Roeselare;KVV Thes Sport Tessenderlo;id1004337174989890;pinnacle;Over Under Team 1;1.5;Under;1.869;1.909;2026-09-29T10:01:09.553Z
30.09.2026;21:00;Belgium;Nationale 1 VV;SK Roeselare;KVV Thes Sport Tessenderlo;id1004337174989890;pinnacle;Over Under First Half;0.5;Over;1.312;1.323;2026-09-29T10:01:09.553Z
30.09.2026;21:00;Belgium;Nationale 1 VV;SK Roeselare;KVV Thes Sport Tessenderlo;id1004337174989890;pinnacle;Over Under First Half;0.5;Under;3.03;3.09;2026-09-29T10:01:09.553Z
30.09.2026;21:00;Belgium;Nationale 1 VV;SK Roeselare;KVV Thes Sport Tessenderlo;id1004337174989890;pinnacle;Over Under First Half;1.5;Over;2.5;2.54;2026-09-29T10:01:09.553Z
30.09.2026;21:00;Belgium;Nationale 1 VV;SK Roeselare;KVV Thes Sport Tessenderlo;id1004337174989890;pinnacle;Over Under First Half;1.5;Under;1.448;1.46;2026-09-29T10:01:09.553Z
30.09.2026;21:00;Belgium;Nationale 1 VV;SK Roeselare;KVV Thes Sport Tessenderlo;id1004337174989890;pinnacle;Asian Handicap First Half;-0.75;1;2.94;2.99;2026-09-29T10:01:09.553Z
30.09.2026;21:00;Belgium;Nationale 1 VV;SK Roeselare;KVV Thes Sport Tessenderlo;id1004337174989890;pinnacle;Asian Handicap First Half;-0.75;2;1.33;1.341;2026-09-29T10:01:09.553Z
30.09.2026;21:00;Belgium;Nationale 1 VV;SK Roeselare;KVV Thes Sport Tessenderlo;id1004337174989890;pinnacle;Asian Handicap First Half;-0.5;1;2.33;2.36;2026-09-29T10:01:09.553Z
30.09.2026;21:00;Belgium;Nationale 1 VV;SK Roeselare;KVV Thes Sport Tessenderlo;id1004337174989890;pinnacle;Asian Handicap First Half;-0.5;2;1.531;1.546;2026-09-29T10:01:09.553Z
30.09.2026;21:00;Belgium;Nationale 1 VV;SK Roeselare;KVV Thes Sport Tessenderlo;id1004337174989890;pinnacle;Asian Handicap First Half;-0.25;1;1.909;1.934;2026-09-29T10:01:09.553Z
30.09.2026;21:00;Belgium;Nationale 1 VV;SK Roeselare;KVV Thes Sport Tessenderlo;id1004337174989890;pinnacle;Asian Handicap First Half;-0.25;2;1.813;1.84;2026-09-29T10:01:09.553Z
30.09.2026;21:00;Belgium;Nationale 1 VV;SK Roeselare;KVV Thes Sport Tessenderlo;id1004337174989890;pinnacle;Asian Handicap First Half;0.0;1;1.446;1.458;2026-09-29T10:01:09.553Z
30.09.2026;21:00;Belgium;Nationale 1 VV;SK Roeselare;KVV Thes Sport Tessenderlo;id1004337174989890;pinnacle;Asian Handicap First Half;0.0;2;2.56;2.6;2026-09-29T10:01:09.553Z
30.09.2026;21:00;Belgium;Nationale 1 VV;SK Roeselare;KVV Thes Sport Tessenderlo;id1004337174989890;pinnacle;Asian Handicap First Half;0.25;1;1.275;1.285;2026-09-29T10:01:09.553Z
30.09.2026;21:00;Belgium;Nationale 1 VV;SK Roeselare;KVV Thes Sport Tessenderlo;id1004337174989890;pinnacle;Asian Handicap First Half;0.25;2;3.24;3.31;2026-09-29T10:01:09.553Z
30.09.2026;21:00;Belgium;Nationale 1 VV;SK Roeselare;KVV Thes Sport Tessenderlo;id1004337174989890;pinnacle;Asian Handicap;-1.25;1;2.83;2.88;2026-09-29T18:01:10.476Z
30.09.2026;21:00;Belgium;Nationale 1 VV;SK Roeselare;KVV Thes Sport Tessenderlo;id1004337174989890;pinnacle;Asian Handicap;-1.25;2;1.362;1.373;2026-09-29T18:01:10.476Z
30.09.2026;21:00;Belgium;Nationale 1 VV;SK Roeselare;KVV Thes Sport Tessenderlo;id1004337174989890;pinnacle;Asian Handicap;-1.0;1;2.51;2.55;2026-09-29T18:01:10.476Z
30.09.2026;21:00;Belgium;Nationale 1 VV;SK Roeselare;KVV Thes Sport Tessenderlo;id1004337174989890;pinnacle;Asian Handicap;-1.0;2;1.454;1.467;2026-09-29T18:01:10.476Z
30.09.2026;21:00;Belgium;Nationale 1 VV;SK Roeselare;KVV Thes Sport Tessenderlo;id1004337174989890;pinnacle;Asian Handicap;-0.75;1;2.09;2.12;2026-09-29T18:01:10.476Z
30.09.2026;21:00;Belgium;Nationale 1 VV;SK Roeselare;KVV Thes Sport Tessenderlo;id1004337174989890;pinnacle;Asian Handicap;-0.75;2;1.666;1.684;2026-09-29T18:01:10.476Z
30.09.2026;21:00;Belgium;Nationale 1 VV;SK Roeselare;KVV Thes Sport Tessenderlo;id1004337174989890;pinnacle;Asian Handicap;-0.5;1;1.854;1.877;2026-09-29T18:01:10.476Z
30.09.2026;21:00;Belgium;Nationale 1 VV;SK Roeselare;KVV Thes Sport Tessenderlo;id1004337174989890;pinnacle;Asian Handicap;-0.5;2;1.884;1.909;2026-09-29T18:01:10.476Z
30.09.2026;21:00;Belgium;Nationale 1 VV;SK Roeselare;KVV Thes Sport Tessenderlo;id1004337174989890;pinnacle;Asian Handicap;-0.25;1;1.621;1.636;2026-09-29T18:01:10.476Z
30.09.2026;21:00;Belgium;Nationale 1 VV;SK Roeselare;KVV Thes Sport Tessenderlo;id1004337174989890;pinnacle;Asian Handicap;-0.25;2;2.17;2.2;2026-09-29T18:01:10.476Z
30.09.2026;21:00;Belgium;Nationale 1 VV;SK Roeselare;KVV Thes Sport Tessenderlo;id1004337174989890;pinnacle;Asian Handicap;0.0;1;1.387;1.4;2026-09-29T18:01:10.476Z
30.09.2026;21:00;Belgium;Nationale 1 VV;SK Roeselare;KVV Thes Sport Tessenderlo;id1004337174989890;pinnacle;Asian Handicap;0.0;2;2.72;2.77;2026-09-29T18:01:10.476Z
30.09.2026;21:00;Belgium;Nationale 1 VV;SK Roeselare;KVV Thes Sport Tessenderlo;id1004337174989890;pinnacle;Asian Handicap;0.25;1;1.302;1.313;2026-09-29T18:01:10.476Z
30.09.2026;21:00;Belgium;Nationale 1 VV;SK Roeselare;KVV Thes Sport Tessenderlo;id1004337174989890;pinnacle;Asian Handicap;0.25;2;3.12;3.19;2026-09-29T18:01:10.476Z
30.09.2026;21:15;Switzerland;1. Liga Classic;FC Wohlen;FC Schotz;id1003705172526136;bet365;Full Time Result;0.0;1;2.25;2.25;2026-09-29T18:13:08.761Z
30.09.2026;21:15;Switzerland;1. Liga Classic;FC Wohlen;FC Schotz;id1003705172526136;bet365;Full Time Result;0.0;X;3.7;3.7;2026-09-29T18:13:08.761Z
30.09.2026;21:15;Switzerland;1. Liga Classic;FC Wohlen;FC Schotz;id1003705172526136;bet365;Full Time Result;0.0;2;2.5;2.5;2026-09-29T18:13:08.761Z
30.09.2026;21:15;Switzerland;1. Liga Classic;FC Wohlen;FC Schotz;id1003705172526136;bet365;Over Under Full Time;2.5;Over;1.5;1.5;2026-09-29T18:13:08.761Z
30.09.2026;21:15;Switzerland;1. Liga Classic;FC Wohlen;FC Schotz;id1003705172526136;bet365;Over Under Full Time;2.5;Under;2.37;2.37;2026-09-29T18:13:08.761Z
30.09.2026;21:15;Switzerland;1. Liga Classic;FC Wohlen;FC Schotz;id1003705172526136;bet365;Double Chance Full Time;0.0;1X;1.41;1.41;2026-09-29T18:13:08.761Z
30.09.2026;21:15;Switzerland;1. Liga Classic;FC Wohlen;FC Schotz;id1003705172526136;bet365;Double Chance Full Time;0.0;12;1.19;1.19;2026-09-29T18:13:08.761Z
30.09.2026;21:15;Switzerland;1. Liga Classic;FC Wohlen;FC Schotz;id1003705172526136;bet365;Double Chance Full Time;0.0;2X;1.5;1.5;2026-09-29T18:13:08.761Z
30.09.2026;21:15;Switzerland;1. Liga Classic;FC Wohlen;FC Schotz;id1003705172526136;bet365;First Half Result;0.0;1;2.75;2.75;2026-09-29T18:13:08.761Z
30.09.2026;21:15;Switzerland;1. Liga Classic;FC Wohlen;FC Schotz;id1003705172526136;bet365;First Half Result;0.0;X;2.4;2.4;2026-09-29T18:13:08.761Z
30.09.2026;21:15;Switzerland;1. Liga Classic;FC Wohlen;FC Schotz;id1003705172526136;bet365;First Half Result;0.0;2;3.0;3.0;2026-09-29T18:13:08.761Z
30.09.2026;21:15;Switzerland;1. Liga Classic;FC Wohlen;FC Schotz;id1003705172526136;pinnacle;Full Time Result;0.0;1;2.31;2.31;2026-09-29T18:27:51.962Z
30.09.2026;21:15;Switzerland;1. Liga Classic;FC Wohlen;FC Schotz;id1003705172526136;pinnacle;Full Time Result;0.0;X;3.55;3.55;2026-09-29T18:27:51.962Z
30.09.2026;21:15;Switzerland;1. Liga Classic;FC Wohlen;FC Schotz;id1003705172526136;pinnacle;Full Time Result;0.0;2;2.57;2.57;2026-09-29T18:27:51.962Z
30.09.2026;21:15;Switzerland;1. Liga Classic;FC Wohlen;FC Schotz;id1003705172526136;pinnacle;Over Under Full Time;2.5;Over;1.51;1.51;2026-09-29T18:27:52.269Z
30.09.2026;21:15;Switzerland;1. Liga Classic;FC Wohlen;FC Schotz;id1003705172526136;pinnacle;Over Under Full Time;2.5;Under;2.38;2.38;2026-09-29T18:27:52.269Z
30.09.2026;21:15;Switzerland;1. Liga Classic;FC Wohlen;FC Schotz;id1003705172526136;pinnacle;Over Under Full Time;3.5;Over;2.26;2.26;2026-09-29T18:27:52.269Z
30.09.2026;21:15;Switzerland;1. Liga Classic;FC Wohlen;FC Schotz;id1003705172526136;pinnacle;Over Under Full Time;3.5;Under;1.561;1.561;2026-09-29T18:27:52.269Z
30.09.2026;21:15;Switzerland;1. Liga Classic;FC Wohlen;FC Schotz;id1003705172526136;pinnacle;Over Under Team 1 First Half;0.5;Over;1.763;1.775;2026-09-29T18:27:52.269Z
30.09.2026;21:15;Switzerland;1. Liga Classic;FC Wohlen;FC Schotz;id1003705172526136;pinnacle;Over Under Team 1 First Half;0.5;Under;1.925;1.943;2026-09-29T18:27:52.269Z
30.09.2026;21:15;Switzerland;1. Liga Classic;FC Wohlen;FC Schotz;id1003705172526136;pinnacle;Over Under Team 2 First Half;0.5;Over;1.854;1.854;2026-09-29T18:27:52.269Z
30.09.2026;21:15;Switzerland;1. Liga Classic;FC Wohlen;FC Schotz;id1003705172526136;pinnacle;Over Under Team 2 First Half;0.5;Under;1.826;1.826;2026-09-29T18:27:52.269Z
30.09.2026;21:15;Switzerland;1. Liga Classic;FC Wohlen;FC Schotz;id1003705172526136;pinnacle;Over Under Team 1;1.5;Over;1.9;1.9;2026-09-29T18:27:51.962Z
30.09.2026;21:15;Switzerland;1. Liga Classic;FC Wohlen;FC Schotz;id1003705172526136;pinnacle;Over Under Team 1;1.5;Under;1.84;1.84;2026-09-29T18:27:51.962Z
30.09.2026;21:15;Switzerland;1. Liga Classic;FC Wohlen;FC Schotz;id1003705172526136;pinnacle;Over Under Team 2;1.5;Over;2.009;2.009;2026-09-29T18:27:51.962Z
30.09.2026;21:15;Switzerland;1. Liga Classic;FC Wohlen;FC Schotz;id1003705172526136;pinnacle;Over Under Team 2;1.5;Under;1.719;1.719;2026-09-29T18:27:51.962Z
30.09.2026;21:15;Switzerland;1. Liga Classic;FC Wohlen;FC Schotz;id1003705172526136;pinnacle;Over Under First Half;1.5;Over;2.18;2.2;2026-09-29T18:27:52.269Z
30.09.2026;21:15;Switzerland;1. Liga Classic;FC Wohlen;FC Schotz;id1003705172526136;pinnacle;Over Under First Half;1.5;Under;1.591;1.602;2026-09-29T18:27:52.269Z
30.09.2026;21:15;Switzerland;1. Liga Classic;FC Wohlen;FC Schotz;id1003705172526136;pinnacle;Asian Handicap First Half;-0.5;1;2.71;2.71;2026-09-29T18:27:51.962Z
30.09.2026;21:15;Switzerland;1. Liga Classic;FC Wohlen;FC Schotz;id1003705172526136;pinnacle;Asian Handicap First Half;-0.5;2;1.392;1.392;2026-09-29T18:27:51.962Z
30.09.2026;21:15;Switzerland;1. Liga Classic;FC Wohlen;FC Schotz;id1003705172526136;pinnacle;Asian Handicap First Half;-0.25;1;2.27;2.27;2026-09-29T18:27:51.962Z
30.09.2026;21:15;Switzerland;1. Liga Classic;FC Wohlen;FC Schotz;id1003705172526136;pinnacle;Asian Handicap First Half;-0.25;2;1.571;1.571;2026-09-29T18:27:51.962Z
30.09.2026;21:15;Switzerland;1. Liga Classic;FC Wohlen;FC Schotz;id1003705172526136;pinnacle;Asian Handicap First Half;0.0;1;1.787;1.787;2026-09-29T18:27:51.962Z
30.09.2026;21:15;Switzerland;1. Liga Classic;FC Wohlen;FC Schotz;id1003705172526136;pinnacle;Asian Handicap First Half;0.0;2;1.961;1.961;2026-09-29T18:27:51.962Z
30.09.2026;21:15;Switzerland;1. Liga Classic;FC Wohlen;FC Schotz;id1003705172526136;pinnacle;Asian Handicap First Half;0.25;1;1.478;1.478;2026-09-29T18:27:51.962Z
30.09.2026;21:15;Switzerland;1. Liga Classic;FC Wohlen;FC Schotz;id1003705172526136;pinnacle;Asian Handicap First Half;0.25;2;2.49;2.49;2026-09-29T18:27:51.962Z
30.09.2026;21:15;Switzerland;1. Liga Classic;FC Wohlen;FC Schotz;id1003705172526136;pinnacle;Asian Handicap First Half;0.5;1;1.333;1.333;2026-09-29T18:27:51.962Z
30.09.2026;21:15;Switzerland;1. Liga Classic;FC Wohlen;FC Schotz;id1003705172526136;pinnacle;Asian Handicap First Half;0.5;2;2.96;2.96;2026-09-29T18:27:51.962Z
30.09.2026;21:15;Switzerland;1. Liga Classic;FC Wohlen;FC Schotz;id1003705172526136;pinnacle;Asian Handicap;-0.75;1;2.66;2.66;2026-09-29T18:27:51.962Z
30.09.2026;21:15;Switzerland;1. Liga Classic;FC Wohlen;FC Schotz;id1003705172526136;pinnacle;Asian Handicap;-0.75;2;1.413;1.413;2026-09-29T18:27:51.962Z
30.09.2026;21:15;Switzerland;1. Liga Classic;FC Wohlen;FC Schotz;id1003705172526136;pinnacle;Asian Handicap;-0.5;1;2.27;2.27;2026-09-29T18:27:51.962Z
30.09.2026;21:15;Switzerland;1. Liga Classic;FC Wohlen;FC Schotz;id1003705172526136;pinnacle;Asian Handicap;-0.5;2;1.558;1.558;2026-09-29T18:27:51.962Z
30.09.2026;21:15;Switzerland;1. Liga Classic;FC Wohlen;FC Schotz;id1003705172526136;pinnacle;Asian Handicap;-0.25;1;2.029;2.029;2026-09-29T18:27:51.962Z
30.09.2026;21:15;Switzerland;1. Liga Classic;FC Wohlen;FC Schotz;id1003705172526136;pinnacle;Asian Handicap;-0.25;2;1.719;1.719;2026-09-29T18:27:51.962Z
30.09.2026;21:15;Switzerland;1. Liga Classic;FC Wohlen;FC Schotz;id1003705172526136;pinnacle;Asian Handicap;0.0;1;1.781;1.781;2026-09-29T18:27:51.962Z
30.09.2026;21:15;Switzerland;1. Liga Classic;FC Wohlen;FC Schotz;id1003705172526136;pinnacle;Asian Handicap;0.0;2;1.99;1.99;2026-09-29T18:27:51.962Z
30.09.2026;21:15;Switzerland;1. Liga Classic;FC Wohlen;FC Schotz;id1003705172526136;pinnacle;Asian Handicap;0.25;1;1.581;1.581;2026-09-29T18:27:51.962Z
30.09.2026;21:15;Switzerland;1. Liga Classic;FC Wohlen;FC Schotz;id1003705172526136;pinnacle;Asian Handicap;0.25;2;2.27;2.27;2026-09-29T18:27:51.962Z
30.09.2026;21:15;Switzerland;1. Liga Classic;FC Wohlen;FC Schotz;id1003705172526136;pinnacle;Asian Handicap;0.5;1;1.456;1.456;2026-09-29T18:27:51.962Z
30.09.2026;21:15;Switzerland;1. Liga Classic;FC Wohlen;FC Schotz;id1003705172526136;pinnacle;Asian Handicap;0.5;2;2.53;2.53;2026-09-29T18:27:51.962Z
30.09.2026;21:15;Switzerland;1. Liga Classic;FC Wohlen;FC Schotz;id1003705172526136;pinnacle;Asian Handicap;0.75;1;1.328;1.328;2026-09-29T18:27:51.962Z
30.09.2026;21:15;Switzerland;1. Liga Classic;FC Wohlen;FC Schotz;id1003705172526136;pinnacle;Asian Handicap;0.75;2;3.02;3.02;2026-09-29T18:27:51.962Z
30.09.2026;21:45;England;National League;Eastleigh FC;Southend United;id1000017372740666;bet365;Full Time Result;0.0;1;4.1;4.1;2026-09-29T17:37:29.753Z
30.09.2026;21:45;England;National League;Eastleigh FC;Southend United;id1000017372740666;bet365;Full Time Result;0.0;X;3.8;3.8;2026-09-29T17:37:29.753Z
30.09.2026;21:45;England;National League;Eastleigh FC;Southend United;id1000017372740666;bet365;Full Time Result;0.0;2;1.67;1.67;2026-09-29T17:37:29.753Z
30.09.2026;21:45;England;National League;Eastleigh FC;Southend United;id1000017372740666;bet365;Over Under Full Time;2.5;Over;1.57;1.62;2026-09-29T17:58:55.498Z
30.09.2026;21:45;England;National League;Eastleigh FC;Southend United;id1000017372740666;bet365;Over Under Full Time;2.5;Under;2.3;2.2;2026-09-29T17:58:55.498Z
30.09.2026;21:45;England;National League;Eastleigh FC;Southend United;id1000017372740666;bet365;Over Under Full Time;3.5;Over;2.5;2.62;2026-09-29T17:58:55.498Z
30.09.2026;21:45;England;National League;Eastleigh FC;Southend United;id1000017372740666;bet365;Over Under Full Time;3.5;Under;1.47;1.41;2026-09-29T17:58:55.498Z
30.09.2026;21:45;England;National League;Eastleigh FC;Southend United;id1000017372740666;bet365;Over Under Full Time;4.5;Over;4.33;4.5;2026-09-29T17:58:55.498Z
30.09.2026;21:45;England;National League;Eastleigh FC;Southend United;id1000017372740666;bet365;Over Under Full Time;4.5;Under;1.17;1.15;2026-09-29T17:58:55.498Z
30.09.2026;21:45;England;National League;Eastleigh FC;Southend United;id1000017372740666;bet365;Double Chance Full Time;0.0;1X;1.97;1.97;2026-09-29T17:37:29.753Z
30.09.2026;21:45;England;National League;Eastleigh FC;Southend United;id1000017372740666;bet365;Double Chance Full Time;0.0;12;1.19;1.19;2026-09-29T17:37:29.753Z
30.09.2026;21:45;England;National League;Eastleigh FC;Southend United;id1000017372740666;bet365;Double Chance Full Time;0.0;2X;1.17;1.17;2026-09-29T17:37:29.753Z
30.09.2026;21:45;England;National League;Eastleigh FC;Southend United;id1000017372740666;bet365;First Half Result;0.0;1;4.5;4.33;2026-09-29T17:37:29.753Z
30.09.2026;21:45;England;National League;Eastleigh FC;Southend United;id1000017372740666;bet365;First Half Result;0.0;X;2.4;2.4;2026-09-29T17:37:29.753Z
30.09.2026;21:45;England;National League;Eastleigh FC;Southend United;id1000017372740666;bet365;First Half Result;0.0;2;2.25;2.3;2026-09-29T17:37:29.753Z
30.09.2026;21:45;England;National League;Eastleigh FC;Southend United;id1000017372740666;bet365;Second Half Result;0.0;1;4.0;3.75;2026-09-29T17:37:29.753Z
30.09.2026;21:45;England;National League;Eastleigh FC;Southend United;id1000017372740666;bet365;Second Half Result;0.0;X;2.75;2.62;2026-09-29T17:37:29.753Z
30.09.2026;21:45;England;National League;Eastleigh FC;Southend United;id1000017372740666;bet365;Second Half Result;0.0;2;1.97;2.1;2026-09-29T17:37:29.753Z
30.09.2026;21:45;England;National League;Eastleigh FC;Southend United;id1000017372740666;bet365;Over Under Team 1 First Half;0.5;Over;2.3;2.3;2026-09-29T17:37:29.753Z
30.09.2026;21:45;England;National League;Eastleigh FC;Southend United;id1000017372740666;bet365;Over Under Team 1 First Half;0.5;Under;1.54;1.54;2026-09-29T17:37:29.753Z
30.09.2026;21:45;England;National League;Eastleigh FC;Southend United;id1000017372740666;bet365;Over Under Team 1 First Half;1.5;Over;9.5;9.5;2026-09-29T17:37:29.753Z
30.09.2026;21:45;England;National League;Eastleigh FC;Southend United;id1000017372740666;bet365;Over Under Team 1 First Half;1.5;Under;1.052;1.052;2026-09-29T17:37:29.753Z
30.09.2026;21:45;England;National League;Eastleigh FC;Southend United;id1000017372740666;bet365;Over Under Team 1 First Half;2.5;Over;34.0;34.0;2026-09-29T17:37:29.753Z
30.09.2026;21:45;England;National League;Eastleigh FC;Southend United;id1000017372740666;bet365;Over Under Team 1 First Half;2.5;Under;1.008;1.008;2026-09-29T17:37:29.753Z
30.09.2026;21:45;England;National League;Eastleigh FC;Southend United;id1000017372740666;bet365;Over Under Team 1 First Half;3.5;Over;67.0;67.0;2026-09-29T17:37:29.753Z
30.09.2026;21:45;England;National League;Eastleigh FC;Southend United;id1000017372740666;bet365;Over Under Team 2 First Half;0.5;Over;1.58;1.63;2026-09-29T17:37:29.753Z
30.09.2026;21:45;England;National League;Eastleigh FC;Southend United;id1000017372740666;bet365;Over Under Team 2 First Half;0.5;Under;2.2;2.1;2026-09-29T17:37:29.753Z
30.09.2026;21:45;England;National League;Eastleigh FC;Southend United;id1000017372740666;bet365;Over Under Team 2 First Half;1.5;Over;4.33;4.5;2026-09-29T17:37:29.753Z
30.09.2026;21:45;England;National League;Eastleigh FC;Southend United;id1000017372740666;bet365;Over Under Team 2 First Half;1.5;Under;1.19;1.17;2026-09-29T17:37:29.753Z
30.09.2026;21:45;England;National League;Eastleigh FC;Southend United;id1000017372740666;bet365;Over Under Team 2 First Half;2.5;Over;13.0;15.0;2026-09-29T17:37:29.753Z
30.09.2026;21:45;England;National League;Eastleigh FC;Southend United;id1000017372740666;bet365;Over Under Team 2 First Half;2.5;Under;1.03;1.025;2026-09-29T17:37:29.753Z
30.09.2026;21:45;England;National League;Eastleigh FC;Southend United;id1000017372740666;bet365;Over Under Team 2 First Half;3.5;Over;34.0;34.0;2026-09-29T17:37:29.753Z
30.09.2026;21:45;England;National League;Eastleigh FC;Southend United;id1000017372740666;bet365;Over Under Team 1 Second Half;0.5;Over;1.87;1.92;2026-09-29T17:37:29.753Z
30.09.2026;21:45;England;National League;Eastleigh FC;Southend United;id1000017372740666;bet365;Over Under Team 1 Second Half;0.5;Under;1.77;1.77;2026-09-29T17:37:29.753Z
30.09.2026;21:45;England;National League;Eastleigh FC;Southend United;id1000017372740666;bet365;Over Under Team 1 Second Half;1.5;Over;6.5;6.5;2026-09-29T17:37:29.753Z
30.09.2026;21:45;England;National League;Eastleigh FC;Southend United;id1000017372740666;bet365;Over Under Team 1 Second Half;1.5;Under;1.091;1.091;2026-09-29T17:37:29.753Z
30.09.2026;21:45;England;National League;Eastleigh FC;Southend United;id1000017372740666;bet365;Over Under Team 1 Second Half;2.5;Over;23.0;23.0;2026-09-29T17:37:29.753Z
30.09.2026;21:45;England;National League;Eastleigh FC;Southend United;id1000017372740666;bet365;Over Under Team 1 Second Half;2.5;Under;1.016;1.016;2026-09-29T17:37:29.753Z
30.09.2026;21:45;England;National League;Eastleigh FC;Southend United;id1000017372740666;bet365;Over Under Team 1;0.5;Over;1.37;1.37;2026-09-29T17:37:29.753Z
30.09.2026;21:45;England;National League;Eastleigh FC;Southend United;id1000017372740666;bet365;Over Under Team 1;0.5;Under;2.75;2.75;2026-09-29T17:37:29.753Z
30.09.2026;21:45;England;National League;Eastleigh FC;Southend United;id1000017372740666;bet365;Over Under Team 1 Second Half;3.5;Over;41.0;51.0;2026-09-29T17:37:29.753Z
30.09.2026;21:45;England;National League;Eastleigh FC;Southend United;id1000017372740666;bet365;Over Under Team 2 Second Half;0.5;Over;1.41;1.47;2026-09-29T17:37:29.753Z
30.09.2026;21:45;England;National League;Eastleigh FC;Southend United;id1000017372740666;bet365;Over Under Team 2 Second Half;0.5;Under;2.62;2.5;2026-09-29T17:37:29.753Z
30.09.2026;21:45;England;National League;Eastleigh FC;Southend United;id1000017372740666;bet365;Over Under Team 2 Second Half;1.5;Over;3.2;3.4;2026-09-29T17:37:29.753Z
30.09.2026;21:45;England;National League;Eastleigh FC;Southend United;id1000017372740666;bet365;Over Under Team 2 Second Half;1.5;Under;1.3;1.27;2026-09-29T17:37:29.753Z
30.09.2026;21:45;England;National League;Eastleigh FC;Southend United;id1000017372740666;bet365;Over Under Team 2 Second Half;2.5;Over;9.0;9.5;2026-09-29T17:37:29.753Z
30.09.2026;21:45;England;National League;Eastleigh FC;Southend United;id1000017372740666;bet365;Over Under Team 2 Second Half;2.5;Under;1.052;1.045;2026-09-29T17:37:29.753Z
30.09.2026;21:45;England;National League;Eastleigh FC;Southend United;id1000017372740666;bet365;Over Under Team 2 Second Half;3.5;Over;23.0;23.0;2026-09-29T17:37:29.753Z
30.09.2026;21:45;England;National League;Eastleigh FC;Southend United;id1000017372740666;bet365;Over Under Team 2 Second Half;3.5;Under;1.012;1.01;2026-09-29T17:37:29.753Z
30.09.2026;21:45;England;National League;Eastleigh FC;Southend United;id1000017372740666;bet365;Over Under Team 2 Second Half;4.5;Over;41.0;41.0;2026-09-29T17:37:29.753Z
30.09.2026;21:45;England;National League;Eastleigh FC;Southend United;id1000017372740666;bet365;Over Under Team 1;1.5;Over;2.75;2.75;2026-09-29T17:37:29.753Z
30.09.2026;21:45;England;National League;Eastleigh FC;Southend United;id1000017372740666;bet365;Over Under Team 1;1.5;Under;1.37;1.37;2026-09-29T17:37:29.753Z
30.09.2026;21:45;England;National League;Eastleigh FC;Southend United;id1000017372740666;bet365;Over Under Team 1;2.5;Over;8.0;8.0;2026-09-29T17:37:29.753Z
30.09.2026;21:45;England;National League;Eastleigh FC;Southend United;id1000017372740666;bet365;Over Under Team 1;2.5;Under;1.068;1.068;2026-09-29T17:37:29.753Z
30.09.2026;21:45;England;National League;Eastleigh FC;Southend United;id1000017372740666;bet365;Over Under Team 1;3.5;Over;21.0;21.0;2026-09-29T17:37:29.753Z
30.09.2026;21:45;England;National League;Eastleigh FC;Southend United;id1000017372740666;bet365;Over Under Team 1;3.5;Under;1.012;1.012;2026-09-29T17:37:29.753Z
30.09.2026;21:45;England;National League;Eastleigh FC;Southend United;id1000017372740666;bet365;Over Under Team 1;4.5;Over;51.0;51.0;2026-09-29T17:37:29.753Z
30.09.2026;21:45;England;National League;Eastleigh FC;Southend United;id1000017372740666;bet365;Over Under Team 2;0.5;Over;1.1;1.11;2026-09-29T17:37:29.753Z
30.09.2026;21:45;England;National League;Eastleigh FC;Southend United;id1000017372740666;bet365;Over Under Team 2;0.5;Under;6.0;5.5;2026-09-29T17:37:29.753Z
30.09.2026;21:45;England;National League;Eastleigh FC;Southend United;id1000017372740666;bet365;Over Under Team 2;1.5;Over;1.58;1.63;2026-09-29T17:37:29.753Z
30.09.2026;21:45;England;National League;Eastleigh FC;Southend United;id1000017372740666;bet365;Over Under Team 2;1.5;Under;2.2;2.1;2026-09-29T17:37:29.753Z
30.09.2026;21:45;England;National League;Eastleigh FC;Southend United;id1000017372740666;bet365;Over Under Team 2;2.5;Over;3.0;3.25;2026-09-29T17:37:29.753Z
30.09.2026;21:45;England;National League;Eastleigh FC;Southend United;id1000017372740666;bet365;Over Under Team 2;2.5;Under;1.33;1.3;2026-09-29T17:37:29.753Z
30.09.2026;21:45;England;National League;Eastleigh FC;Southend United;id1000017372740666;bet365;Over Under Team 2;3.5;Over;6.5;7.0;2026-09-29T17:37:29.753Z
30.09.2026;21:45;England;National League;Eastleigh FC;Southend United;id1000017372740666;bet365;Over Under Team 2;3.5;Under;1.091;1.08;2026-09-29T17:37:29.753Z
30.09.2026;21:45;England;National League;Eastleigh FC;Southend United;id1000017372740666;bet365;Over Under Team 2;4.5;Over;15.0;17.0;2026-09-29T17:37:29.753Z
30.09.2026;21:45;England;National League;Eastleigh FC;Southend United;id1000017372740666;bet365;Over Under Team 2;4.5;Under;1.025;1.02;2026-09-29T17:37:29.753Z
30.09.2026;21:45;England;National League;Eastleigh FC;Southend United;id1000017372740666;bet365;Over Under First Half;0.5;Over;1.25;1.27;2026-09-29T17:37:29.753Z
30.09.2026;21:45;England;National League;Eastleigh FC;Southend United;id1000017372740666;bet365;Over Under First Half;0.5;Under;3.5;3.4;2026-09-29T17:37:29.753Z
30.09.2026;21:45;England;National League;Eastleigh FC;Southend United;id1000017372740666;bet365;Over Under First Half;1.5;Over;2.25;2.37;2026-09-29T17:37:29.753Z
30.09.2026;21:45;England;National League;Eastleigh FC;Southend United;id1000017372740666;bet365;Over Under First Half;1.5;Under;1.54;1.5;2026-09-29T17:37:29.753Z
30.09.2026;21:45;England;National League;Eastleigh FC;Southend United;id1000017372740666;bet365;Over Under First Half;2.5;Over;5.5;6.0;2026-09-29T17:37:29.753Z
30.09.2026;21:45;England;National League;Eastleigh FC;Southend United;id1000017372740666;bet365;Over Under First Half;2.5;Under;1.11;1.1;2026-09-29T17:37:29.753Z
30.09.2026;21:45;England;National League;Eastleigh FC;Southend United;id1000017372740666;bet365;Over Under First Half;3.5;Over;15.0;17.0;2026-09-29T17:37:29.753Z
30.09.2026;21:45;England;National League;Eastleigh FC;Southend United;id1000017372740666;bet365;Over Under First Half;3.5;Under;1.025;1.02;2026-09-29T17:37:29.753Z
30.09.2026;21:45;England;National League;Eastleigh FC;Southend United;id1000017372740666;bet365;Over Under First Half;4.5;Over;41.0;41.0;2026-09-29T17:37:29.753Z
30.09.2026;21:45;England;National League;Eastleigh FC;Southend United;id1000017372740666;bet365;Over Under Second Half;0.5;Over;1.13;1.15;2026-09-29T17:37:29.753Z
30.09.2026;21:45;England;National League;Eastleigh FC;Southend United;id1000017372740666;bet365;Over Under Second Half;0.5;Under;5.0;4.5;2026-09-29T17:37:29.753Z
30.09.2026;21:45;England;National League;Eastleigh FC;Southend United;id1000017372740666;bet365;Over Under Second Half;1.5;Over;1.77;1.8;2026-09-29T17:37:29.753Z
30.09.2026;21:45;England;National League;Eastleigh FC;Southend United;id1000017372740666;bet365;Over Under Second Half;1.5;Under;1.87;1.8;2026-09-29T17:37:29.753Z
30.09.2026;21:45;England;National League;Eastleigh FC;Southend United;id1000017372740666;bet365;Over Under Second Half;2.5;Over;3.5;3.75;2026-09-29T17:37:29.753Z
30.09.2026;21:45;England;National League;Eastleigh FC;Southend United;id1000017372740666;bet365;Over Under Second Half;2.5;Under;1.25;1.22;2026-09-29T17:37:29.753Z
30.09.2026;21:45;England;National League;Eastleigh FC;Southend United;id1000017372740666;bet365;Over Under Second Half;3.5;Over;9.0;9.0;2026-09-29T17:37:29.753Z
30.09.2026;21:45;England;National League;Eastleigh FC;Southend United;id1000017372740666;bet365;Over Under Second Half;3.5;Under;1.061;1.061;2026-09-29T17:37:29.753Z
30.09.2026;21:45;England;National League;Eastleigh FC;Southend United;id1000017372740666;bet365;Over Under Second Half;4.5;Over;21.0;21.0;2026-09-29T17:37:29.753Z
30.09.2026;21:45;England;National League;Eastleigh FC;Southend United;id1000017372740666;bet365;Over Under Second Half;4.5;Under;1.012;1.012;2026-09-29T17:37:29.753Z
30.09.2026;21:45;England;National League;Eastleigh FC;Southend United;id1000017372740666;bet365;Both Teams To Score;0.0;Yes;1.58;1.58;2026-09-29T17:37:29.753Z
30.09.2026;21:45;England;National League;Eastleigh FC;Southend United;id1000017372740666;bet365;Both Teams To Score;0.0;No;2.2;2.2;2026-09-29T17:37:29.753Z
30.09.2026;21:45;England;National League;Eastleigh FC;Southend United;id1000017372740666;bet365;Over Under Full Time;0.5;Over;1.025;1.025;2026-09-29T17:58:55.498Z
30.09.2026;21:45;England;National League;Eastleigh FC;Southend United;id1000017372740666;bet365;Over Under Full Time;0.5;Under;15.0;15.0;2026-09-29T17:58:55.498Z
30.09.2026;21:45;England;National League;Eastleigh FC;Southend United;id1000017372740666;bet365;Over Under Full Time;1.5;Over;1.15;1.17;2026-09-29T17:58:55.498Z
30.09.2026;21:45;England;National League;Eastleigh FC;Southend United;id1000017372740666;bet365;Over Under Full Time;1.5;Under;4.5;4.33;2026-09-29T17:58:55.498Z
30.09.2026;21:45;England;National League;Eastleigh FC;Southend United;id1000017372740666;pinnacle;Full Time Result;0.0;1;4.13;3.97;2026-09-29T18:47:36.328Z
30.09.2026;21:45;England;National League;Eastleigh FC;Southend United;id1000017372740666;pinnacle;Full Time Result;0.0;X;3.88;4.059;2026-09-29T18:47:36.328Z
30.09.2026;21:45;England;National League;Eastleigh FC;Southend United;id1000017372740666;pinnacle;Full Time Result;0.0;2;1.806;1.781;2026-09-29T18:47:36.328Z
30.09.2026;21:45;England;National League;Eastleigh FC;Southend United;id1000017372740666;pinnacle;Over Under Full Time;2.5;Over;1.689;1.649;2026-09-29T18:47:36.328Z
30.09.2026;21:45;England;National League;Eastleigh FC;Southend United;id1000017372740666;pinnacle;Over Under Full Time;2.5;Under;2.2;2.24;2026-09-29T18:47:36.328Z
30.09.2026;21:45;England;National League;Eastleigh FC;Southend United;id1000017372740666;pinnacle;Over Under Full Time;3.5;Over;2.67;2.62;2026-09-29T18:47:36.328Z
30.09.2026;21:45;England;National League;Eastleigh FC;Southend United;id1000017372740666;pinnacle;Over Under Full Time;3.5;Under;1.469;1.476;2026-09-29T18:47:36.328Z
30.09.2026;21:45;England;National League;Eastleigh FC;Southend United;id1000017372740666;pinnacle;Over Under Full Time;4.5;Over;4.85;4.7;2026-09-29T18:47:36.328Z
30.09.2026;21:45;England;National League;Eastleigh FC;Southend United;id1000017372740666;pinnacle;Over Under Full Time;4.5;Under;1.179;1.182;2026-09-29T18:47:36.328Z
30.09.2026;21:45;England;National League;Eastleigh FC;Southend United;id1000017372740666;pinnacle;First Half Result;0.0;1;4.56;4.48;2026-09-29T18:47:36.328Z
30.09.2026;21:45;England;National League;Eastleigh FC;Southend United;id1000017372740666;pinnacle;First Half Result;0.0;X;2.44;2.45;2026-09-29T18:47:36.328Z
30.09.2026;21:45;England;National League;Eastleigh FC;Southend United;id1000017372740666;pinnacle;First Half Result;0.0;2;2.34;2.32;2026-09-29T18:47:36.328Z
30.09.2026;21:45;England;National League;Eastleigh FC;Southend United;id1000017372740666;pinnacle;Over Under Team 1 First Half;0.5;Over;2.43;2.39;2026-09-29T18:47:36.328Z
30.09.2026;21:45;England;National League;Eastleigh FC;Southend United;id1000017372740666;pinnacle;Over Under Team 1 First Half;0.5;Under;1.549;1.555;2026-09-29T18:47:36.328Z
30.09.2026;21:45;England;National League;Eastleigh FC;Southend United;id1000017372740666;pinnacle;Over Under Team 2 First Half;0.5;Over;1.684;1.653;2026-09-29T18:47:36.328Z
30.09.2026;21:45;England;National League;Eastleigh FC;Southend United;id1000017372740666;pinnacle;Over Under Team 2 First Half;0.5;Under;2.16;2.15;2026-09-29T18:47:36.328Z
30.09.2026;21:45;England;National League;Eastleigh FC;Southend United;id1000017372740666;pinnacle;Over Under Team 1;0.5;Over;1.398;1.4;2026-09-29T18:47:36.328Z
30.09.2026;21:45;England;National League;Eastleigh FC;Southend United;id1000017372740666;pinnacle;Over Under Team 1;0.5;Under;2.96;2.92;2026-09-29T18:47:36.328Z
30.09.2026;21:45;England;National League;Eastleigh FC;Southend United;id1000017372740666;pinnacle;Over Under Team 1;1.5;Over;2.96;2.98;2026-09-29T18:47:36.328Z
30.09.2026;21:45;England;National League;Eastleigh FC;Southend United;id1000017372740666;pinnacle;Over Under Team 1;1.5;Under;1.373;1.362;2026-09-29T18:47:36.328Z
30.09.2026;21:45;England;National League;Eastleigh FC;Southend United;id1000017372740666;pinnacle;Over Under Team 2;1.5;Over;1.74;1.694;2026-09-29T18:47:36.328Z
30.09.2026;21:45;England;National League;Eastleigh FC;Southend United;id1000017372740666;pinnacle;Over Under Team 2;1.5;Under;2.09;2.1;2026-09-29T18:47:36.328Z
30.09.2026;21:45;England;National League;Eastleigh FC;Southend United;id1000017372740666;pinnacle;Over Under Team 2;2.5;Over;3.32;3.2;2026-09-29T18:47:36.328Z
30.09.2026;21:45;England;National League;Eastleigh FC;Southend United;id1000017372740666;pinnacle;Over Under Team 2;2.5;Under;1.309;1.306;2026-09-29T18:47:36.328Z
30.09.2026;21:45;England;National League;Eastleigh FC;Southend United;id1000017372740666;pinnacle;Over Under First Half;1.5;Over;2.52;2.47;2026-09-29T18:47:36.328Z
30.09.2026;21:45;England;National League;Eastleigh FC;Southend United;id1000017372740666;pinnacle;Over Under First Half;1.5;Under;1.526;1.534;2026-09-29T18:47:36.328Z
30.09.2026;21:45;England;National League;Eastleigh FC;Southend United;id1000017372740666;pinnacle;Asian Handicap First Half;-0.25;1;3.69;3.64;2026-09-29T18:47:36.328Z
30.09.2026;21:45;England;National League;Eastleigh FC;Southend United;id1000017372740666;pinnacle;Asian Handicap First Half;-0.25;2;1.277;1.276;2026-09-29T18:47:36.328Z
30.09.2026;21:45;England;National League;Eastleigh FC;Southend United;id1000017372740666;pinnacle;Asian Handicap First Half;0.0;1;2.84;2.82;2026-09-29T18:47:36.328Z
30.09.2026;21:45;England;National League;Eastleigh FC;Southend United;id1000017372740666;pinnacle;Asian Handicap First Half;0.0;2;1.427;1.425;2026-09-29T18:47:36.328Z
30.09.2026;21:45;England;National League;Eastleigh FC;Southend United;id1000017372740666;pinnacle;Asian Handicap First Half;0.25;1;1.934;1.925;2026-09-29T18:47:36.328Z
30.09.2026;21:45;England;National League;Eastleigh FC;Southend United;id1000017372740666;pinnacle;Asian Handicap First Half;0.25;2;1.884;1.877;2026-09-29T18:47:36.328Z
30.09.2026;21:45;England;National League;Eastleigh FC;Southend United;id1000017372740666;pinnacle;Asian Handicap First Half;0.5;1;1.606;1.602;2026-09-29T18:47:36.328Z
30.09.2026;21:45;England;National League;Eastleigh FC;Southend United;id1000017372740666;pinnacle;Asian Handicap First Half;0.5;2;2.33;2.31;2026-09-29T18:47:36.328Z
30.09.2026;21:45;England;National League;Eastleigh FC;Southend United;id1000017372740666;pinnacle;Asian Handicap First Half;0.75;1;1.39;1.387;2026-09-29T18:47:36.328Z
30.09.2026;21:45;England;National League;Eastleigh FC;Southend United;id1000017372740666;pinnacle;Asian Handicap First Half;0.75;2;2.98;2.96;2026-09-29T18:47:36.328Z
30.09.2026;21:45;England;National League;Eastleigh FC;Southend United;id1000017372740666;pinnacle;Asian Handicap;-0.5;1;4.09;3.75;2026-09-27T02:12:37.338Z
30.09.2026;21:45;England;National League;Eastleigh FC;Southend United;id1000017372740666;pinnacle;Asian Handicap;-0.5;2;1.243;1.257;2026-09-27T02:12:37.338Z
30.09.2026;21:45;England;National League;Eastleigh FC;Southend United;id1000017372740666;pinnacle;Asian Handicap;-0.25;1;3.62;3.51;2026-09-29T18:47:36.328Z
30.09.2026;21:45;England;National League;Eastleigh FC;Southend United;id1000017372740666;pinnacle;Asian Handicap;-0.25;2;1.293;1.3;2026-09-29T18:47:36.328Z
30.09.2026;21:45;England;National League;Eastleigh FC;Southend United;id1000017372740666;pinnacle;Asian Handicap;0.0;1;3.16;3.07;2026-09-29T18:47:36.328Z
30.09.2026;21:45;England;National League;Eastleigh FC;Southend United;id1000017372740666;pinnacle;Asian Handicap;0.0;2;1.371;1.371;2026-09-29T18:47:36.328Z
30.09.2026;21:45;England;National League;Eastleigh FC;Southend United;id1000017372740666;pinnacle;Asian Handicap;0.25;1;2.41;2.4;2026-09-29T18:47:36.328Z
30.09.2026;21:45;England;National League;Eastleigh FC;Southend United;id1000017372740666;pinnacle;Asian Handicap;0.25;2;1.588;1.578;2026-09-29T18:47:36.328Z
30.09.2026;21:45;England;National League;Eastleigh FC;Southend United;id1000017372740666;pinnacle;Asian Handicap;0.5;1;2.05;2.05;2026-09-29T18:47:36.328Z
30.09.2026;21:45;England;National League;Eastleigh FC;Southend United;id1000017372740666;pinnacle;Asian Handicap;0.5;2;1.813;1.781;2026-09-29T18:47:36.328Z
30.09.2026;21:45;England;National League;Eastleigh FC;Southend United;id1000017372740666;pinnacle;Asian Handicap;0.75;1;1.806;1.826;2026-09-29T18:47:36.328Z
30.09.2026;21:45;England;National League;Eastleigh FC;Southend United;id1000017372740666;pinnacle;Asian Handicap;0.75;2;2.04;2.02;2026-09-29T18:47:36.328Z
30.09.2026;21:45;England;National League;Eastleigh FC;Southend United;id1000017372740666;pinnacle;Over Under Full Time;1.5;Over;1.21;1.198;2026-09-29T18:47:36.328Z
30.09.2026;21:45;England;National League;Eastleigh FC;Southend United;id1000017372740666;pinnacle;Over Under Full Time;1.5;Under;4.37;4.46;2026-09-29T18:47:36.328Z
30.09.2026;21:45;England;National League;Eastleigh FC;Southend United;id1000017372740666;pinnacle;Asian Handicap;1.0;1;1.571;1.584;2026-09-29T18:47:36.328Z
30.09.2026;21:45;England;National League;Eastleigh FC;Southend United;id1000017372740666;pinnacle;Asian Handicap;1.0;2;2.45;2.4;2026-09-29T18:47:36.328Z
30.09.2026;21:45;England;National League;Eastleigh FC;Southend United;id1000017372740666;pinnacle;Asian Handicap;1.25;1;1.446;1.458;2026-09-29T18:47:36.328Z
30.09.2026;21:45;England;National League;Eastleigh FC;Southend United;id1000017372740666;pinnacle;Asian Handicap;1.25;2;2.79;2.74;2026-09-29T18:47:36.328Z
30.09.2026;21:45;England;National League;Eastleigh FC;Southend United;id1000017372740666;pinnacle;Asian Handicap;1.5;1;1.367;1.373;2026-09-29T18:47:36.328Z
30.09.2026;21:45;England;National League;Eastleigh FC;Southend United;id1000017372740666;pinnacle;Asian Handicap;1.5;2;3.14;3.07;2026-09-29T18:47:36.328Z
30.09.2026;21:45;England;National League;Eastleigh FC;Southend United;id1000017372740666;pinnacle;Asian Handicap;1.75;1;1.286;1.264;2026-09-29T18:47:36.328Z
30.09.2026;21:45;England;National League;Eastleigh FC;Southend United;id1000017372740666;pinnacle;Asian Handicap;1.75;2;3.4;3.81;2026-09-29T18:47:36.328Z
30.09.2026;21:45;England;National League;Tamworth FC;Sutton United;id1000017372740668;bet365;Full Time Result;0.0;1;2.15;2.25;2026-09-29T17:23:47.100Z
30.09.2026;21:45;England;National League;Tamworth FC;Sutton United;id1000017372740668;bet365;Full Time Result;0.0;X;3.6;3.6;2026-09-29T17:23:47.100Z
30.09.2026;21:45;England;National League;Tamworth FC;Sutton United;id1000017372740668;bet365;Full Time Result;0.0;2;2.8;2.7;2026-09-29T17:23:47.100Z
30.09.2026;21:45;England;National League;Tamworth FC;Sutton United;id1000017372740668;bet365;Over Under Full Time;2.5;Over;1.58;1.67;2026-09-29T17:23:47.100Z
30.09.2026;21:45;England;National League;Tamworth FC;Sutton United;id1000017372740668;bet365;Over Under Full Time;2.5;Under;2.25;2.1;2026-09-29T17:23:47.100Z
30.09.2026;21:45;England;National League;Tamworth FC;Sutton United;id1000017372740668;bet365;Over Under Full Time;3.5;Over;2.5;2.75;2026-09-29T17:23:47.100Z
30.09.2026;21:45;England;National League;Tamworth FC;Sutton United;id1000017372740668;bet365;Over Under Full Time;3.5;Under;1.47;1.37;2026-09-29T17:23:47.100Z
30.09.2026;21:45;England;National League;Tamworth FC;Sutton United;id1000017372740668;bet365;Over Under Full Time;4.5;Over;4.33;5.0;2026-09-29T17:23:47.100Z
30.09.2026;21:45;England;National League;Tamworth FC;Sutton United;id1000017372740668;bet365;Over Under Full Time;4.5;Under;1.17;1.13;2026-09-29T17:23:47.100Z
30.09.2026;21:45;England;National League;Tamworth FC;Sutton United;id1000017372740668;bet365;Double Chance Full Time;0.0;1X;1.33;1.41;2026-09-29T17:23:47.100Z
30.09.2026;21:45;England;National League;Tamworth FC;Sutton United;id1000017372740668;bet365;Double Chance Full Time;0.0;12;1.22;1.25;2026-09-29T17:23:47.100Z
30.09.2026;21:45;England;National League;Tamworth FC;Sutton United;id1000017372740668;bet365;Double Chance Full Time;0.0;2X;1.58;1.58;2026-09-29T17:23:47.100Z
30.09.2026;21:45;England;National League;Tamworth FC;Sutton United;id1000017372740668;bet365;First Half Result;0.0;1;2.75;2.87;2026-09-29T17:23:47.100Z
30.09.2026;21:45;England;National League;Tamworth FC;Sutton United;id1000017372740668;bet365;First Half Result;0.0;X;2.37;2.3;2026-09-29T17:23:47.100Z
30.09.2026;21:45;England;National League;Tamworth FC;Sutton United;id1000017372740668;bet365;First Half Result;0.0;2;3.4;3.25;2026-09-29T17:23:47.100Z
30.09.2026;21:45;England;National League;Tamworth FC;Sutton United;id1000017372740668;bet365;Second Half Result;0.0;1;2.5;2.6;2026-09-29T17:23:47.100Z
30.09.2026;21:45;England;National League;Tamworth FC;Sutton United;id1000017372740668;bet365;Second Half Result;0.0;X;2.62;2.6;2026-09-29T17:23:47.100Z
30.09.2026;21:45;England;National League;Tamworth FC;Sutton United;id1000017372740668;bet365;Second Half Result;0.0;2;3.0;3.0;2026-09-29T17:23:47.100Z
30.09.2026;21:45;England;National League;Tamworth FC;Sutton United;id1000017372740668;bet365;Over Under Team 1 First Half;0.5;Over;1.77;1.87;2026-09-29T17:23:47.100Z
30.09.2026;21:45;England;National League;Tamworth FC;Sutton United;id1000017372740668;bet365;Over Under Team 1 First Half;0.5;Under;1.87;1.77;2026-09-29T17:23:47.100Z
30.09.2026;21:45;England;National League;Tamworth FC;Sutton United;id1000017372740668;bet365;Over Under Team 1 First Half;1.5;Over;5.5;6.0;2026-09-29T17:23:47.100Z
30.09.2026;21:45;England;National League;Tamworth FC;Sutton United;id1000017372740668;bet365;Over Under Team 1 First Half;1.5;Under;1.11;1.091;2026-09-29T17:23:47.100Z
30.09.2026;21:45;England;National League;Tamworth FC;Sutton United;id1000017372740668;bet365;Over Under Team 1 First Half;2.5;Over;19.0;21.0;2026-09-29T17:23:47.100Z
30.09.2026;21:45;England;National League;Tamworth FC;Sutton United;id1000017372740668;bet365;Over Under Team 1 First Half;2.5;Under;1.02;1.016;2026-09-29T17:23:47.100Z
30.09.2026;21:45;England;National League;Tamworth FC;Sutton United;id1000017372740668;bet365;Over Under Team 1 First Half;3.5;Over;41.0;41.0;2026-09-29T17:23:47.100Z
30.09.2026;21:45;England;National League;Tamworth FC;Sutton United;id1000017372740668;bet365;Over Under Team 2 First Half;0.5;Over;1.97;1.97;2026-09-29T17:23:47.100Z
30.09.2026;21:45;England;National League;Tamworth FC;Sutton United;id1000017372740668;bet365;Over Under Team 2 First Half;0.5;Under;1.69;1.69;2026-09-29T17:23:47.100Z
30.09.2026;21:45;England;National League;Tamworth FC;Sutton United;id1000017372740668;bet365;Over Under Team 2 First Half;1.5;Over;7.0;7.0;2026-09-29T17:23:47.100Z
30.09.2026;21:45;England;National League;Tamworth FC;Sutton United;id1000017372740668;bet365;Over Under Team 2 First Half;1.5;Under;1.075;1.068;2026-09-29T17:23:47.100Z
30.09.2026;21:45;England;National League;Tamworth FC;Sutton United;id1000017372740668;bet365;Over Under Team 2 First Half;2.5;Over;23.0;26.0;2026-09-29T17:23:47.100Z
30.09.2026;21:45;England;National League;Tamworth FC;Sutton United;id1000017372740668;bet365;Over Under Team 2 First Half;2.5;Under;1.012;1.012;2026-09-29T17:23:47.100Z
30.09.2026;21:45;England;National League;Tamworth FC;Sutton United;id1000017372740668;bet365;Over Under Team 2 First Half;3.5;Over;51.0;51.0;2026-09-29T17:23:47.100Z
30.09.2026;21:45;England;National League;Tamworth FC;Sutton United;id1000017372740668;bet365;Over Under Team 1 Second Half;0.5;Over;1.54;1.58;2026-09-29T17:23:47.100Z
30.09.2026;21:45;England;National League;Tamworth FC;Sutton United;id1000017372740668;bet365;Over Under Team 1 Second Half;0.5;Under;2.3;2.2;2026-09-29T17:23:47.100Z
30.09.2026;21:45;England;National League;Tamworth FC;Sutton United;id1000017372740668;bet365;Over Under Team 1 Second Half;1.5;Over;4.0;4.33;2026-09-29T17:23:47.100Z
30.09.2026;21:45;England;National League;Tamworth FC;Sutton United;id1000017372740668;bet365;Over Under Team 1 Second Half;1.5;Under;1.22;1.17;2026-09-29T17:23:47.100Z
30.09.2026;21:45;England;National League;Tamworth FC;Sutton United;id1000017372740668;bet365;Over Under Team 1 Second Half;2.5;Over;12.0;15.0;2026-09-29T17:23:47.100Z
30.09.2026;21:45;England;National League;Tamworth FC;Sutton United;id1000017372740668;bet365;Over Under Team 1 Second Half;2.5;Under;1.032;1.03;2026-09-29T17:23:47.100Z
30.09.2026;21:45;England;National League;Tamworth FC;Sutton United;id1000017372740668;bet365;Over Under Team 1;0.5;Over;1.15;1.19;2026-09-29T17:23:47.100Z
30.09.2026;21:45;England;National League;Tamworth FC;Sutton United;id1000017372740668;bet365;Over Under Team 1;0.5;Under;4.5;4.0;2026-09-29T17:23:47.100Z
30.09.2026;21:45;England;National League;Tamworth FC;Sutton United;id1000017372740668;bet365;Over Under Team 1 Second Half;3.5;Over;29.0;34.0;2026-09-29T17:23:47.100Z
30.09.2026;21:45;England;National League;Tamworth FC;Sutton United;id1000017372740668;bet365;Over Under Team 1 Second Half;3.5;Under;1.008;1.008;2026-09-26T14:45:18.696Z
30.09.2026;21:45;England;National League;Tamworth FC;Sutton United;id1000017372740668;bet365;Over Under Team 1 Second Half;4.5;Over;51.0;51.0;2026-09-26T14:45:18.696Z
30.09.2026;21:45;England;National League;Tamworth FC;Sutton United;id1000017372740668;bet365;Over Under Team 2 Second Half;0.5;Over;1.63;1.69;2026-09-29T17:23:47.100Z
30.09.2026;21:45;England;National League;Tamworth FC;Sutton United;id1000017372740668;bet365;Over Under Team 2 Second Half;0.5;Under;2.02;1.97;2026-09-29T17:23:47.100Z
30.09.2026;21:45;England;National League;Tamworth FC;Sutton United;id1000017372740668;bet365;Over Under Team 2 Second Half;1.5;Over;4.75;5.0;2026-09-29T17:23:47.100Z
30.09.2026;21:45;England;National League;Tamworth FC;Sutton United;id1000017372740668;bet365;Over Under Team 2 Second Half;1.5;Under;1.15;1.13;2026-09-29T17:23:47.100Z
30.09.2026;21:45;England;National League;Tamworth FC;Sutton United;id1000017372740668;bet365;Over Under Team 2 Second Half;2.5;Over;15.0;17.0;2026-09-29T17:23:47.100Z
30.09.2026;21:45;England;National League;Tamworth FC;Sutton United;id1000017372740668;bet365;Over Under Team 2 Second Half;2.5;Under;1.025;1.025;2026-09-29T17:23:47.100Z
30.09.2026;21:45;England;National League;Tamworth FC;Sutton United;id1000017372740668;bet365;Over Under Team 2 Second Half;3.5;Over;34.0;41.0;2026-09-29T17:23:47.100Z
30.09.2026;21:45;England;National League;Tamworth FC;Sutton United;id1000017372740668;bet365;Over Under Team 1;1.5;Over;1.8;1.97;2026-09-29T17:23:47.100Z
30.09.2026;21:45;England;National League;Tamworth FC;Sutton United;id1000017372740668;bet365;Over Under Team 1;1.5;Under;1.8;1.69;2026-09-29T17:23:47.100Z
30.09.2026;21:45;England;National League;Tamworth FC;Sutton United;id1000017372740668;bet365;Over Under Team 1;2.5;Over;3.75;4.33;2026-09-29T17:23:47.100Z
30.09.2026;21:45;England;National League;Tamworth FC;Sutton United;id1000017372740668;bet365;Over Under Team 1;2.5;Under;1.22;1.17;2026-09-29T17:23:47.100Z
30.09.2026;21:45;England;National League;Tamworth FC;Sutton United;id1000017372740668;bet365;Over Under Team 1;3.5;Over;10.0;11.0;2026-09-29T17:23:47.100Z
30.09.2026;21:45;England;National League;Tamworth FC;Sutton United;id1000017372740668;bet365;Over Under Team 1;3.5;Under;1.052;1.04;2026-09-29T17:23:47.100Z
30.09.2026;21:45;England;National League;Tamworth FC;Sutton United;id1000017372740668;bet365;Over Under Team 1;4.5;Over;23.0;26.0;2026-09-29T17:23:47.100Z
30.09.2026;21:45;England;National League;Tamworth FC;Sutton United;id1000017372740668;bet365;Over Under Team 1;4.5;Under;1.01;1.008;2026-09-29T17:23:47.100Z
30.09.2026;21:45;England;National League;Tamworth FC;Sutton United;id1000017372740668;bet365;Over Under Team 2;0.5;Over;1.22;1.25;2026-09-29T17:23:47.100Z
30.09.2026;21:45;England;National League;Tamworth FC;Sutton United;id1000017372740668;bet365;Over Under Team 2;0.5;Under;3.75;3.5;2026-09-29T17:23:47.100Z
30.09.2026;21:45;England;National League;Tamworth FC;Sutton United;id1000017372740668;bet365;Over Under Team 2;1.5;Over;2.2;2.25;2026-09-29T17:23:47.100Z
30.09.2026;21:45;England;National League;Tamworth FC;Sutton United;id1000017372740668;bet365;Over Under Team 2;1.5;Under;1.58;1.54;2026-09-29T17:23:47.100Z
30.09.2026;21:45;England;National League;Tamworth FC;Sutton United;id1000017372740668;bet365;Over Under Team 2;2.5;Over;5.0;5.5;2026-09-29T17:23:47.100Z
30.09.2026;21:45;England;National League;Tamworth FC;Sutton United;id1000017372740668;bet365;Over Under Team 2;2.5;Under;1.13;1.11;2026-09-29T17:23:47.100Z
30.09.2026;21:45;England;National League;Tamworth FC;Sutton United;id1000017372740668;bet365;Over Under Team 2;3.5;Over;13.0;15.0;2026-09-29T17:23:47.100Z
30.09.2026;21:45;England;National League;Tamworth FC;Sutton United;id1000017372740668;bet365;Over Under Team 2;3.5;Under;1.032;1.025;2026-09-29T17:23:47.100Z
30.09.2026;21:45;England;National League;Tamworth FC;Sutton United;id1000017372740668;bet365;Over Under Team 2;4.5;Over;34.0;34.0;2026-09-29T17:23:47.100Z
30.09.2026;21:45;England;National League;Tamworth FC;Sutton United;id1000017372740668;bet365;Over Under First Half;0.5;Over;1.25;1.3;2026-09-29T17:23:47.100Z
30.09.2026;21:45;England;National League;Tamworth FC;Sutton United;id1000017372740668;bet365;Over Under First Half;0.5;Under;3.5;3.25;2026-09-29T17:23:47.100Z
30.09.2026;21:45;England;National League;Tamworth FC;Sutton United;id1000017372740668;bet365;Over Under First Half;1.5;Over;2.37;2.5;2026-09-29T17:23:47.100Z
30.09.2026;21:45;England;National League;Tamworth FC;Sutton United;id1000017372740668;bet365;Over Under First Half;1.5;Under;1.5;1.47;2026-09-29T17:23:47.100Z
30.09.2026;21:45;England;National League;Tamworth FC;Sutton United;id1000017372740668;bet365;Over Under First Half;2.5;Over;5.5;6.0;2026-09-29T17:23:47.100Z
30.09.2026;21:45;England;National League;Tamworth FC;Sutton United;id1000017372740668;bet365;Over Under First Half;2.5;Under;1.11;1.1;2026-09-29T17:23:47.100Z
30.09.2026;21:45;England;National League;Tamworth FC;Sutton United;id1000017372740668;bet365;Over Under First Half;3.5;Over;15.0;17.0;2026-09-29T17:23:47.100Z
30.09.2026;21:45;England;National League;Tamworth FC;Sutton United;id1000017372740668;bet365;Over Under First Half;3.5;Under;1.025;1.02;2026-09-29T17:23:47.100Z
30.09.2026;21:45;England;National League;Tamworth FC;Sutton United;id1000017372740668;bet365;Over Under First Half;4.5;Over;41.0;51.0;2026-09-29T17:23:47.100Z
30.09.2026;21:45;England;National League;Tamworth FC;Sutton United;id1000017372740668;bet365;Over Under Second Half;0.5;Over;1.13;1.17;2026-09-29T17:23:47.100Z
30.09.2026;21:45;England;National League;Tamworth FC;Sutton United;id1000017372740668;bet365;Over Under Second Half;0.5;Under;5.0;4.33;2026-09-29T17:23:47.100Z
30.09.2026;21:45;England;National League;Tamworth FC;Sutton United;id1000017372740668;bet365;Over Under Second Half;1.5;Over;1.77;1.87;2026-09-29T17:23:47.100Z
30.09.2026;21:45;England;National League;Tamworth FC;Sutton United;id1000017372740668;bet365;Over Under Second Half;1.5;Under;1.87;1.77;2026-09-29T17:23:47.100Z
30.09.2026;21:45;England;National League;Tamworth FC;Sutton United;id1000017372740668;bet365;Over Under Second Half;2.5;Over;3.5;4.0;2026-09-29T17:23:47.100Z
30.09.2026;21:45;England;National League;Tamworth FC;Sutton United;id1000017372740668;bet365;Over Under Second Half;2.5;Under;1.25;1.19;2026-09-29T17:23:47.100Z
30.09.2026;21:45;England;National League;Tamworth FC;Sutton United;id1000017372740668;bet365;Over Under Second Half;3.5;Over;9.0;10.0;2026-09-29T17:23:47.100Z
30.09.2026;21:45;England;National League;Tamworth FC;Sutton United;id1000017372740668;bet365;Over Under Second Half;3.5;Under;1.061;1.052;2026-09-29T17:23:47.100Z
30.09.2026;21:45;England;National League;Tamworth FC;Sutton United;id1000017372740668;bet365;Over Under Second Half;4.5;Over;21.0;23.0;2026-09-29T17:23:47.100Z
30.09.2026;21:45;England;National League;Tamworth FC;Sutton United;id1000017372740668;bet365;Over Under Second Half;4.5;Under;1.012;1.01;2026-09-29T17:23:47.100Z
30.09.2026;21:45;England;National League;Tamworth FC;Sutton United;id1000017372740668;bet365;Both Teams To Score;0.0;Yes;1.5;1.58;2026-09-29T17:23:47.100Z
30.09.2026;21:45;England;National League;Tamworth FC;Sutton United;id1000017372740668;bet365;Both Teams To Score;0.0;No;2.37;2.2;2026-09-29T17:23:47.100Z
30.09.2026;21:45;England;National League;Tamworth FC;Sutton United;id1000017372740668;bet365;Over Under Full Time;0.5;Over;1.025;1.032;2026-09-29T17:23:47.100Z
30.09.2026;21:45;England;National League;Tamworth FC;Sutton United;id1000017372740668;bet365;Over Under Full Time;0.5;Under;15.0;13.0;2026-09-29T17:23:47.100Z
30.09.2026;21:45;England;National League;Tamworth FC;Sutton United;id1000017372740668;bet365;Over Under Full Time;1.5;Over;1.15;1.19;2026-09-29T17:23:47.100Z
30.09.2026;21:45;England;National League;Tamworth FC;Sutton United;id1000017372740668;bet365;Over Under Full Time;1.5;Under;4.5;4.0;2026-09-29T17:23:47.100Z
30.09.2026;21:45;England;National League;Tamworth FC;Sutton United;id1000017372740668;pinnacle;Full Time Result;0.0;1;2.2;2.31;2026-09-29T18:47:36.655Z
30.09.2026;21:45;England;National League;Tamworth FC;Sutton United;id1000017372740668;pinnacle;Full Time Result;0.0;X;3.49;3.55;2026-09-29T18:47:36.655Z
30.09.2026;21:45;England;National League;Tamworth FC;Sutton United;id1000017372740668;pinnacle;Full Time Result;0.0;2;2.98;2.93;2026-09-29T18:47:36.655Z
30.09.2026;21:45;England;National League;Tamworth FC;Sutton United;id1000017372740668;pinnacle;Over Under Full Time;2.5;Over;1.632;1.636;2026-09-29T18:47:36.655Z
30.09.2026;21:45;England;National League;Tamworth FC;Sutton United;id1000017372740668;pinnacle;Over Under Full Time;2.5;Under;2.19;2.26;2026-09-29T18:47:36.655Z
30.09.2026;21:45;England;National League;Tamworth FC;Sutton United;id1000017372740668;pinnacle;Over Under Full Time;3.5;Over;2.52;2.46;2026-09-29T18:47:36.655Z
30.09.2026;21:45;England;National League;Tamworth FC;Sutton United;id1000017372740668;pinnacle;Over Under Full Time;3.5;Under;1.473;1.543;2026-09-29T18:47:36.655Z
30.09.2026;21:45;England;National League;Tamworth FC;Sutton United;id1000017372740668;pinnacle;European Handicap;2.0;1;1.123;1.134;2026-09-29T18:50:15.702Z
30.09.2026;21:45;England;National League;Tamworth FC;Sutton United;id1000017372740668;pinnacle;European Handicap;2.0;X;8.53;8.7;2026-09-29T18:50:15.702Z
30.09.2026;21:45;England;National League;Tamworth FC;Sutton United;id1000017372740668;pinnacle;European Handicap;2.0;2;13.54;13.61;2026-09-29T18:50:15.702Z
30.09.2026;21:45;England;National League;Tamworth FC;Sutton United;id1000017372740668;pinnacle;European Handicap;1.0;1;1.389;1.406;2026-09-29T18:50:15.702Z
30.09.2026;21:45;England;National League;Tamworth FC;Sutton United;id1000017372740668;pinnacle;European Handicap;1.0;X;5.02;5.17;2026-09-29T18:50:15.702Z
30.09.2026;21:45;England;National League;Tamworth FC;Sutton United;id1000017372740668;pinnacle;European Handicap;1.0;2;5.92;5.84;2026-09-29T18:50:15.702Z
30.09.2026;21:45;England;National League;Tamworth FC;Sutton United;id1000017372740668;pinnacle;Over Under Full Time;4.5;Over;4.34;4.23;2026-09-29T18:47:36.655Z
30.09.2026;21:45;England;National League;Tamworth FC;Sutton United;id1000017372740668;pinnacle;Over Under Full Time;4.5;Under;1.181;1.215;2026-09-29T18:47:36.655Z
30.09.2026;21:45;England;National League;Tamworth FC;Sutton United;id1000017372740668;pinnacle;European Handicap;-1.0;1;4.36;4.25;2026-09-29T18:50:15.702Z
30.09.2026;21:45;England;National League;Tamworth FC;Sutton United;id1000017372740668;pinnacle;European Handicap;-1.0;X;4.45;4.57;2026-09-29T18:50:15.702Z
30.09.2026;21:45;England;National League;Tamworth FC;Sutton United;id1000017372740668;pinnacle;European Handicap;-1.0;2;1.584;1.617;2026-09-29T18:50:15.702Z
30.09.2026;21:45;England;National League;Tamworth FC;Sutton United;id1000017372740668;pinnacle;European Handicap;-2.0;1;9.49;9.19;2026-09-29T18:50:15.702Z
30.09.2026;21:45;England;National League;Tamworth FC;Sutton United;id1000017372740668;pinnacle;European Handicap;-2.0;X;6.76;6.82;2026-09-29T18:50:15.702Z
30.09.2026;21:45;England;National League;Tamworth FC;Sutton United;id1000017372740668;pinnacle;European Handicap;-2.0;2;1.2;1.22;2026-09-29T18:50:15.702Z
30.09.2026;21:45;England;National League;Tamworth FC;Sutton United;id1000017372740668;pinnacle;First Half Result;0.0;1;2.77;2.81;2026-09-29T18:47:36.655Z
30.09.2026;21:45;England;National League;Tamworth FC;Sutton United;id1000017372740668;pinnacle;First Half Result;0.0;X;2.42;2.44;2026-09-29T18:47:36.655Z
30.09.2026;21:45;England;National League;Tamworth FC;Sutton United;id1000017372740668;pinnacle;First Half Result;0.0;2;3.56;3.4;2026-09-29T18:47:36.655Z
30.09.2026;21:45;England;National League;Tamworth FC;Sutton United;id1000017372740668;pinnacle;Over Under Team 1 First Half;0.5;Over;1.813;1.806;2026-09-29T18:47:36.655Z
30.09.2026;21:45;England;National League;Tamworth FC;Sutton United;id1000017372740668;pinnacle;Over Under Team 1 First Half;0.5;Under;1.98;1.97;2026-09-29T18:47:36.655Z
30.09.2026;21:45;England;National League;Tamworth FC;Sutton United;id1000017372740668;pinnacle;Over Under Team 2 First Half;0.5;Over;2.08;1.99;2026-09-29T18:47:36.655Z
30.09.2026;21:45;England;National League;Tamworth FC;Sutton United;id1000017372740668;pinnacle;Over Under Team 2 First Half;0.5;Under;1.735;1.763;2026-09-29T18:47:36.655Z
30.09.2026;21:45;England;National League;Tamworth FC;Sutton United;id1000017372740668;pinnacle;Over Under Team 1;1.5;Over;1.917;1.952;2026-09-29T18:47:36.655Z
30.09.2026;21:45;England;National League;Tamworth FC;Sutton United;id1000017372740668;pinnacle;Over Under Team 1;1.5;Under;1.806;1.833;2026-09-29T18:47:36.655Z
30.09.2026;21:45;England;National League;Tamworth FC;Sutton United;id1000017372740668;pinnacle;Over Under Team 1;2.5;Over;3.85;3.91;2026-09-29T18:47:36.655Z
30.09.2026;21:45;England;National League;Tamworth FC;Sutton United;id1000017372740668;pinnacle;Over Under Team 1;2.5;Under;1.212;1.23;2026-09-29T18:47:36.655Z
30.09.2026;21:45;England;National League;Tamworth FC;Sutton United;id1000017372740668;pinnacle;Over Under Team 2;0.5;Over;1.26;1.245;2026-09-29T18:47:36.655Z
30.09.2026;21:45;England;National League;Tamworth FC;Sutton United;id1000017372740668;pinnacle;Over Under Team 2;0.5;Under;3.69;3.65;2026-09-29T18:47:36.655Z
30.09.2026;21:45;England;National League;Tamworth FC;Sutton United;id1000017372740668;pinnacle;Over Under Team 2;1.5;Over;2.38;2.3;2026-09-29T18:47:36.655Z
30.09.2026;21:45;England;National League;Tamworth FC;Sutton United;id1000017372740668;pinnacle;Over Under Team 2;1.5;Under;1.581;1.584;2026-09-29T18:47:36.655Z
30.09.2026;21:45;England;National League;Tamworth FC;Sutton United;id1000017372740668;pinnacle;Over Under First Half;1.5;Over;2.46;2.39;2026-09-29T18:47:36.655Z
30.09.2026;21:45;England;National League;Tamworth FC;Sutton United;id1000017372740668;pinnacle;Over Under First Half;1.5;Under;1.549;1.568;2026-09-29T18:47:36.655Z
30.09.2026;21:45;England;National League;Tamworth FC;Sutton United;id1000017372740668;pinnacle;Both Teams To Score First Half;0.0;Yes;3.89;3.72;2026-09-29T18:50:15.702Z
30.09.2026;21:45;England;National League;Tamworth FC;Sutton United;id1000017372740668;pinnacle;Both Teams To Score First Half;0.0;No;1.226;1.256;2026-09-29T18:50:15.702Z
30.09.2026;21:45;England;National League;Tamworth FC;Sutton United;id1000017372740668;pinnacle;Both Teams To Score;0.0;Yes;1.552;1.512;2026-09-29T18:50:15.702Z
30.09.2026;21:45;England;National League;Tamworth FC;Sutton United;id1000017372740668;pinnacle;Both Teams To Score;0.0;No;2.37;2.52;2026-09-29T18:50:15.702Z
30.09.2026;21:45;England;National League;Tamworth FC;Sutton United;id1000017372740668;pinnacle;Asian Handicap First Half;-0.5;1;2.68;2.79;2026-09-29T18:47:36.655Z
30.09.2026;21:45;England;National League;Tamworth FC;Sutton United;id1000017372740668;pinnacle;Asian Handicap First Half;-0.5;2;1.42;1.427;2026-09-29T18:47:36.655Z
30.09.2026;21:45;England;National League;Tamworth FC;Sutton United;id1000017372740668;pinnacle;Asian Handicap First Half;-0.25;1;2.18;2.26;2026-09-29T18:47:36.655Z
30.09.2026;21:45;England;National League;Tamworth FC;Sutton United;id1000017372740668;pinnacle;Asian Handicap First Half;-0.25;2;1.625;1.625;2026-09-29T18:47:36.655Z
30.09.2026;21:45;England;National League;Tamworth FC;Sutton United;id1000017372740668;pinnacle;Asian Handicap First Half;0.0;1;1.653;1.729;2026-09-29T18:47:36.655Z
30.09.2026;21:45;England;National League;Tamworth FC;Sutton United;id1000017372740668;pinnacle;Asian Handicap First Half;0.0;2;2.15;2.11;2026-09-29T18:47:36.655Z
30.09.2026;21:45;England;National League;Tamworth FC;Sutton United;id1000017372740668;pinnacle;Asian Handicap First Half;0.25;1;1.393;1.442;2026-09-29T18:47:36.655Z
30.09.2026;21:45;England;National League;Tamworth FC;Sutton United;id1000017372740668;pinnacle;Asian Handicap First Half;0.25;2;2.8;2.75;2026-09-29T18:47:36.655Z
30.09.2026;21:45;England;National League;Tamworth FC;Sutton United;id1000017372740668;pinnacle;Asian Handicap First Half;0.5;1;1.276;1.312;2026-09-29T18:47:36.655Z
30.09.2026;21:45;England;National League;Tamworth FC;Sutton United;id1000017372740668;pinnacle;Asian Handicap First Half;0.5;2;3.43;3.37;2026-09-29T18:47:36.655Z
30.09.2026;21:45;England;National League;Tamworth FC;Sutton United;id1000017372740668;pinnacle;Asian Handicap;-1.25;1;3.68;3.91;2026-09-29T18:47:36.655Z
30.09.2026;21:45;England;National League;Tamworth FC;Sutton United;id1000017372740668;pinnacle;Asian Handicap;-1.25;2;1.251;1.253;2026-09-29T18:47:36.655Z
30.09.2026;21:45;England;National League;Tamworth FC;Sutton United;id1000017372740668;pinnacle;Asian Handicap;-1.0;1;3.29;3.51;2026-09-29T18:47:36.655Z
30.09.2026;21:45;England;National League;Tamworth FC;Sutton United;id1000017372740668;pinnacle;Asian Handicap;-1.0;2;1.302;1.301;2026-09-29T18:47:36.655Z
30.09.2026;21:45;England;National League;Tamworth FC;Sutton United;id1000017372740668;pinnacle;Asian Handicap;-0.75;1;2.58;2.73;2026-09-29T18:47:36.655Z
30.09.2026;21:45;England;National League;Tamworth FC;Sutton United;id1000017372740668;pinnacle;Asian Handicap;-0.75;2;1.469;1.462;2026-09-29T18:47:36.655Z
30.09.2026;21:45;England;National League;Tamworth FC;Sutton United;id1000017372740668;pinnacle;Asian Handicap;-0.5;1;2.2;2.31;2026-09-29T18:47:36.655Z
30.09.2026;21:45;England;National League;Tamworth FC;Sutton United;id1000017372740668;pinnacle;Asian Handicap;-0.5;2;1.636;1.625;2026-09-29T18:47:36.655Z
30.09.2026;21:45;England;National League;Tamworth FC;Sutton United;id1000017372740668;pinnacle;Asian Handicap;-0.25;1;1.917;2.02;2026-09-29T18:47:36.655Z
30.09.2026;21:45;England;National League;Tamworth FC;Sutton United;id1000017372740668;pinnacle;Asian Handicap;-0.25;2;1.847;1.826;2026-09-29T18:47:36.655Z
30.09.2026;21:45;England;National League;Tamworth FC;Sutton United;id1000017372740668;pinnacle;Asian Handicap;0.0;1;1.625;1.704;2026-09-29T18:47:36.655Z
30.09.2026;21:45;England;National League;Tamworth FC;Sutton United;id1000017372740668;pinnacle;Asian Handicap;0.0;2;2.22;2.17;2026-09-29T18:47:36.655Z
30.09.2026;21:45;England;National League;Tamworth FC;Sutton United;id1000017372740668;pinnacle;Asian Handicap;0.25;1;1.462;1.52;2026-09-29T18:47:36.655Z
30.09.2026;21:45;England;National League;Tamworth FC;Sutton United;id1000017372740668;pinnacle;Asian Handicap;0.25;2;2.6;2.55;2026-09-29T18:47:36.655Z
30.09.2026;21:45;England;National League;Tamworth FC;Sutton United;id1000017372740668;pinnacle;Asian Handicap;0.5;1;1.362;1.406;2026-09-29T18:47:36.655Z
30.09.2026;21:45;England;National League;Tamworth FC;Sutton United;id1000017372740668;pinnacle;Asian Handicap;0.5;2;2.96;2.91;2026-09-29T18:47:36.655Z
30.09.2026;21:45;England;National League;Tamworth FC;Sutton United;id1000017372740668;pinnacle;Asian Handicap;0.75;1;1.252;1.289;2026-09-29T18:47:36.655Z
30.09.2026;21:45;England;National League;Tamworth FC;Sutton United;id1000017372740668;pinnacle;Asian Handicap;0.75;2;3.67;3.59;2026-09-29T18:47:36.655Z
30.09.2026;21:45;England;National League;Tamworth FC;Sutton United;id1000017372740668;pinnacle;Over Under Full Time;1.5;Over;1.182;1.191;2026-09-29T18:47:36.655Z
30.09.2026;21:45;England;National League;Tamworth FC;Sutton United;id1000017372740668;pinnacle;Over Under Full Time;1.5;Under;4.33;4.55;2026-09-29T18:47:36.655Z
30.09.2026;22:00;Spain;Copa de SM La Reina;CD Samper;CD Getafe;id1002486474620870;bet365;Full Time Result;0.0;1;2.6;2.6;2026-09-29T18:14:44.889Z
30.09.2026;22:00;Spain;Copa de SM La Reina;CD Samper;CD Getafe;id1002486474620870;bet365;Full Time Result;0.0;X;3.4;3.4;2026-09-29T18:14:44.889Z
30.09.2026;22:00;Spain;Copa de SM La Reina;CD Samper;CD Getafe;id1002486474620870;bet365;Full Time Result;0.0;2;2.3;2.3;2026-09-29T18:14:44.889Z
30.09.2026;22:00;Spain;Copa de SM La Reina;CD Samper;CD Getafe;id1002486474620870;bet365;Over Under Full Time;2.5;Over;1.77;1.77;2026-09-29T18:14:44.889Z
30.09.2026;22:00;Spain;Copa de SM La Reina;CD Samper;CD Getafe;id1002486474620870;bet365;Over Under Full Time;2.5;Under;1.97;1.97;2026-09-29T18:14:44.889Z
30.09.2026;22:00;Spain;Copa de SM La Reina;CD Samper;CD Getafe;id1002486474620870;bet365;Double Chance Full Time;0.0;1X;1.47;1.47;2026-09-29T18:14:44.889Z
30.09.2026;22:00;Spain;Copa de SM La Reina;CD Samper;CD Getafe;id1002486474620870;bet365;Double Chance Full Time;0.0;12;1.22;1.22;2026-09-29T18:14:44.889Z
30.09.2026;22:00;Spain;Copa de SM La Reina;CD Samper;CD Getafe;id1002486474620870;bet365;Double Chance Full Time;0.0;2X;1.37;1.37;2026-09-29T18:14:44.889Z
30.09.2026;22:00;Spain;Copa de SM La Reina;CD Samper;CD Getafe;id1002486474620870;bet365;First Half Result;0.0;1;3.2;3.2;2026-09-29T18:14:44.889Z
30.09.2026;22:00;Spain;Copa de SM La Reina;CD Samper;CD Getafe;id1002486474620870;bet365;First Half Result;0.0;X;2.2;2.2;2026-09-29T18:14:44.889Z
30.09.2026;22:00;Spain;Copa de SM La Reina;CD Samper;CD Getafe;id1002486474620870;bet365;First Half Result;0.0;2;2.87;2.87;2026-09-29T18:14:44.889Z
30.09.2026;22:00;Uruguay;Copa Uruguay;Cerro Largo FC;Club Atletico Rentistas;id1003712774507944;bet365;Full Time Result;0.0;1;1.45;1.58;2026-09-29T17:23:06.410Z
30.09.2026;22:00;Uruguay;Copa Uruguay;Cerro Largo FC;Club Atletico Rentistas;id1003712774507944;bet365;Full Time Result;0.0;X;4.1;3.4;2026-09-29T17:23:06.410Z
30.09.2026;22:00;Uruguay;Copa Uruguay;Cerro Largo FC;Club Atletico Rentistas;id1003712774507944;bet365;Full Time Result;0.0;2;5.0;4.75;2026-09-29T17:23:06.410Z
30.09.2026;22:00;Uruguay;Copa Uruguay;Cerro Largo FC;Club Atletico Rentistas;id1003712774507944;bet365;Over Under Full Time;2.5;Over;1.97;2.04;2026-09-29T18:04:58.222Z
30.09.2026;22:00;Uruguay;Copa Uruguay;Cerro Largo FC;Club Atletico Rentistas;id1003712774507944;bet365;Over Under Full Time;2.5;Under;1.77;1.69;2026-09-29T18:04:58.222Z
30.09.2026;22:00;Uruguay;Copa Uruguay;Cerro Largo FC;Club Atletico Rentistas;id1003712774507944;bet365;Over Under Full Time;3.5;Over;3.4;3.5;2026-09-29T18:04:58.222Z
30.09.2026;22:00;Uruguay;Copa Uruguay;Cerro Largo FC;Club Atletico Rentistas;id1003712774507944;bet365;Over Under Full Time;3.5;Under;1.27;1.25;2026-09-29T18:04:58.222Z
30.09.2026;22:00;Uruguay;Copa Uruguay;Cerro Largo FC;Club Atletico Rentistas;id1003712774507944;bet365;Over Under Full Time;4.5;Over;6.0;6.5;2026-09-29T18:04:58.222Z
30.09.2026;22:00;Uruguay;Copa Uruguay;Cerro Largo FC;Club Atletico Rentistas;id1003712774507944;bet365;Over Under Full Time;4.5;Under;1.091;1.08;2026-09-29T18:04:58.222Z
30.09.2026;22:00;Uruguay;Copa Uruguay;Cerro Largo FC;Club Atletico Rentistas;id1003712774507944;bet365;Double Chance Full Time;0.0;1X;1.091;1.1;2026-09-29T17:23:06.410Z
30.09.2026;22:00;Uruguay;Copa Uruguay;Cerro Largo FC;Club Atletico Rentistas;id1003712774507944;bet365;Double Chance Full Time;0.0;12;1.13;1.22;2026-09-29T17:23:06.410Z
30.09.2026;22:00;Uruguay;Copa Uruguay;Cerro Largo FC;Club Atletico Rentistas;id1003712774507944;bet365;Double Chance Full Time;0.0;2X;2.4;2.1;2026-09-29T17:23:06.410Z
30.09.2026;22:00;Uruguay;Copa Uruguay;Cerro Largo FC;Club Atletico Rentistas;id1003712774507944;bet365;First Half Result;0.0;1;1.97;2.25;2026-09-29T17:23:06.410Z
30.09.2026;22:00;Uruguay;Copa Uruguay;Cerro Largo FC;Club Atletico Rentistas;id1003712774507944;bet365;First Half Result;0.0;X;2.2;2.1;2026-09-29T17:23:06.410Z
30.09.2026;22:00;Uruguay;Copa Uruguay;Cerro Largo FC;Club Atletico Rentistas;id1003712774507944;bet365;First Half Result;0.0;2;6.5;5.0;2026-09-29T17:23:06.410Z
30.09.2026;22:00;Uruguay;Copa Uruguay;Cerro Largo FC;Club Atletico Rentistas;id1003712774507944;bet365;Second Half Result;0.0;1;1.8;1.97;2026-09-29T17:23:06.410Z
30.09.2026;22:00;Uruguay;Copa Uruguay;Cerro Largo FC;Club Atletico Rentistas;id1003712774507944;bet365;Second Half Result;0.0;X;2.62;2.5;2026-09-29T17:23:06.410Z
30.09.2026;22:00;Uruguay;Copa Uruguay;Cerro Largo FC;Club Atletico Rentistas;id1003712774507944;bet365;Second Half Result;0.0;2;5.5;4.5;2026-09-29T17:23:06.410Z
30.09.2026;22:00;Uruguay;Copa Uruguay;Cerro Largo FC;Club Atletico Rentistas;id1003712774507944;bet365;Over Under Team 1 First Half;0.5;Over;1.8;1.77;2026-09-29T17:23:06.410Z
30.09.2026;22:00;Uruguay;Copa Uruguay;Cerro Largo FC;Club Atletico Rentistas;id1003712774507944;bet365;Over Under Team 1 First Half;0.5;Under;1.8;1.87;2026-09-29T17:23:06.410Z
30.09.2026;22:00;Uruguay;Copa Uruguay;Cerro Largo FC;Club Atletico Rentistas;id1003712774507944;bet365;Over Under Team 1 First Half;1.5;Over;5.5;5.0;2026-09-29T17:23:06.410Z
30.09.2026;22:00;Uruguay;Copa Uruguay;Cerro Largo FC;Club Atletico Rentistas;id1003712774507944;bet365;Over Under Team 1 First Half;1.5;Under;1.11;1.13;2026-09-29T17:23:06.410Z
30.09.2026;22:00;Uruguay;Copa Uruguay;Cerro Largo FC;Club Atletico Rentistas;id1003712774507944;bet365;Over Under Team 1 First Half;2.5;Over;17.0;15.0;2026-09-29T17:23:06.410Z
30.09.2026;22:00;Uruguay;Copa Uruguay;Cerro Largo FC;Club Atletico Rentistas;id1003712774507944;bet365;Over Under Team 1 First Half;2.5;Under;1.02;1.025;2026-09-29T17:23:06.410Z
30.09.2026;22:00;Uruguay;Copa Uruguay;Cerro Largo FC;Club Atletico Rentistas;id1003712774507944;bet365;Over Under Team 1 First Half;3.5;Over;34.0;34.0;2026-09-29T17:23:06.410Z
30.09.2026;22:00;Uruguay;Copa Uruguay;Cerro Largo FC;Club Atletico Rentistas;id1003712774507944;bet365;Over Under Team 2 First Half;0.5;Over;3.4;3.25;2026-09-29T17:23:06.410Z
30.09.2026;22:00;Uruguay;Copa Uruguay;Cerro Largo FC;Club Atletico Rentistas;id1003712774507944;bet365;Over Under Team 2 First Half;0.5;Under;1.27;1.3;2026-09-29T17:23:06.410Z
30.09.2026;22:00;Uruguay;Copa Uruguay;Cerro Largo FC;Club Atletico Rentistas;id1003712774507944;bet365;Over Under Team 2 First Half;1.5;Over;19.0;15.0;2026-09-29T17:23:06.410Z
30.09.2026;22:00;Uruguay;Copa Uruguay;Cerro Largo FC;Club Atletico Rentistas;id1003712774507944;bet365;Over Under Team 2 First Half;1.5;Under;1.02;1.025;2026-09-29T17:23:06.410Z
30.09.2026;22:00;Uruguay;Copa Uruguay;Cerro Largo FC;Club Atletico Rentistas;id1003712774507944;bet365;Over Under Team 2 First Half;2.5;Over;51.0;41.0;2026-09-29T17:23:06.410Z
30.09.2026;22:00;Uruguay;Copa Uruguay;Cerro Largo FC;Club Atletico Rentistas;id1003712774507944;bet365;Over Under Team 1 Second Half;0.5;Over;1.63;1.58;2026-09-29T17:23:06.410Z
30.09.2026;22:00;Uruguay;Copa Uruguay;Cerro Largo FC;Club Atletico Rentistas;id1003712774507944;bet365;Over Under Team 1 Second Half;0.5;Under;2.1;2.2;2026-09-29T17:23:06.410Z
30.09.2026;22:00;Uruguay;Copa Uruguay;Cerro Largo FC;Club Atletico Rentistas;id1003712774507944;bet365;Over Under Team 1 Second Half;1.5;Over;4.0;3.75;2026-09-29T17:23:06.410Z
30.09.2026;22:00;Uruguay;Copa Uruguay;Cerro Largo FC;Club Atletico Rentistas;id1003712774507944;bet365;Over Under Team 1 Second Half;1.5;Under;1.19;1.25;2026-09-29T17:23:06.410Z
30.09.2026;22:00;Uruguay;Copa Uruguay;Cerro Largo FC;Club Atletico Rentistas;id1003712774507944;bet365;Over Under Team 1 Second Half;2.5;Over;11.0;10.0;2026-09-29T17:23:06.410Z
30.09.2026;22:00;Uruguay;Copa Uruguay;Cerro Largo FC;Club Atletico Rentistas;id1003712774507944;bet365;Over Under Team 1 Second Half;2.5;Under;1.037;1.045;2026-09-29T17:23:06.410Z
30.09.2026;22:00;Uruguay;Copa Uruguay;Cerro Largo FC;Club Atletico Rentistas;id1003712774507944;bet365;Over Under Team 1;0.5;Over;1.22;1.17;2026-09-29T17:23:06.410Z
30.09.2026;22:00;Uruguay;Copa Uruguay;Cerro Largo FC;Club Atletico Rentistas;id1003712774507944;bet365;Over Under Team 1;0.5;Under;3.75;4.33;2026-09-29T17:23:06.410Z
30.09.2026;22:00;Uruguay;Copa Uruguay;Cerro Largo FC;Club Atletico Rentistas;id1003712774507944;bet365;Over Under Team 1 Second Half;3.5;Over;23.0;21.0;2026-09-29T17:23:06.410Z
30.09.2026;22:00;Uruguay;Copa Uruguay;Cerro Largo FC;Club Atletico Rentistas;id1003712774507944;bet365;Over Under Team 1 Second Half;3.5;Under;1.01;1.012;2026-09-29T17:23:06.410Z
30.09.2026;22:00;Uruguay;Copa Uruguay;Cerro Largo FC;Club Atletico Rentistas;id1003712774507944;bet365;Over Under Team 1 Second Half;4.5;Over;41.0;41.0;2026-09-29T17:23:06.410Z
30.09.2026;22:00;Uruguay;Copa Uruguay;Cerro Largo FC;Club Atletico Rentistas;id1003712774507944;bet365;Over Under Team 2 Second Half;0.5;Over;2.75;2.62;2026-09-29T17:23:06.410Z
30.09.2026;22:00;Uruguay;Copa Uruguay;Cerro Largo FC;Club Atletico Rentistas;id1003712774507944;bet365;Over Under Team 2 Second Half;0.5;Under;1.37;1.41;2026-09-29T17:23:06.410Z
30.09.2026;22:00;Uruguay;Copa Uruguay;Cerro Largo FC;Club Atletico Rentistas;id1003712774507944;bet365;Over Under Team 2 Second Half;1.5;Over;11.0;9.5;2026-09-29T17:23:06.410Z
30.09.2026;22:00;Uruguay;Copa Uruguay;Cerro Largo FC;Club Atletico Rentistas;id1003712774507944;bet365;Over Under Team 2 Second Half;1.5;Under;1.04;1.052;2026-09-29T17:23:06.410Z
30.09.2026;22:00;Uruguay;Copa Uruguay;Cerro Largo FC;Club Atletico Rentistas;id1003712774507944;bet365;Over Under Team 2 Second Half;2.5;Over;29.0;26.0;2026-09-29T17:23:06.410Z
30.09.2026;22:00;Uruguay;Copa Uruguay;Cerro Largo FC;Club Atletico Rentistas;id1003712774507944;bet365;Over Under Team 2 Second Half;2.5;Under;1.008;1.01;2026-09-29T17:23:06.410Z
30.09.2026;22:00;Uruguay;Copa Uruguay;Cerro Largo FC;Club Atletico Rentistas;id1003712774507944;bet365;Over Under Team 2 Second Half;3.5;Over;51.0;51.0;2026-09-29T17:23:06.410Z
30.09.2026;22:00;Uruguay;Copa Uruguay;Cerro Largo FC;Club Atletico Rentistas;id1003712774507944;bet365;Over Under Team 1;1.5;Over;1.97;1.8;2026-09-29T17:23:06.410Z
30.09.2026;22:00;Uruguay;Copa Uruguay;Cerro Largo FC;Club Atletico Rentistas;id1003712774507944;bet365;Over Under Team 1;1.5;Under;1.69;1.8;2026-09-29T17:23:06.410Z
30.09.2026;22:00;Uruguay;Copa Uruguay;Cerro Largo FC;Club Atletico Rentistas;id1003712774507944;bet365;Over Under Team 1;2.5;Over;4.0;3.75;2026-09-29T17:23:06.410Z
30.09.2026;22:00;Uruguay;Copa Uruguay;Cerro Largo FC;Club Atletico Rentistas;id1003712774507944;bet365;Over Under Team 1;2.5;Under;1.19;1.22;2026-09-29T17:23:06.410Z
30.09.2026;22:00;Uruguay;Copa Uruguay;Cerro Largo FC;Club Atletico Rentistas;id1003712774507944;bet365;Over Under Team 1;3.5;Over;7.5;7.0;2026-09-29T17:23:06.410Z
30.09.2026;22:00;Uruguay;Copa Uruguay;Cerro Largo FC;Club Atletico Rentistas;id1003712774507944;bet365;Over Under Team 1;3.5;Under;1.061;1.068;2026-09-29T17:23:06.410Z
30.09.2026;22:00;Uruguay;Copa Uruguay;Cerro Largo FC;Club Atletico Rentistas;id1003712774507944;bet365;Over Under Team 1;4.5;Over;11.0;10.5;2026-09-29T17:23:06.410Z
30.09.2026;22:00;Uruguay;Copa Uruguay;Cerro Largo FC;Club Atletico Rentistas;id1003712774507944;bet365;Over Under Team 1;4.5;Under;1.016;1.02;2026-09-29T17:23:06.410Z
30.09.2026;22:00;Uruguay;Copa Uruguay;Cerro Largo FC;Club Atletico Rentistas;id1003712774507944;bet365;Over Under Team 2;0.5;Over;1.8;1.69;2026-09-29T17:23:06.410Z
30.09.2026;22:00;Uruguay;Copa Uruguay;Cerro Largo FC;Club Atletico Rentistas;id1003712774507944;bet365;Over Under Team 2;0.5;Under;1.8;1.97;2026-09-29T17:23:06.410Z
30.09.2026;22:00;Uruguay;Copa Uruguay;Cerro Largo FC;Club Atletico Rentistas;id1003712774507944;bet365;Over Under Team 2;1.5;Over;4.5;4.33;2026-09-29T17:23:06.410Z
30.09.2026;22:00;Uruguay;Copa Uruguay;Cerro Largo FC;Club Atletico Rentistas;id1003712774507944;bet365;Over Under Team 2;1.5;Under;1.13;1.17;2026-09-29T17:23:06.410Z
30.09.2026;22:00;Uruguay;Copa Uruguay;Cerro Largo FC;Club Atletico Rentistas;id1003712774507944;bet365;Over Under Team 2;2.5;Over;10.0;9.0;2026-09-29T17:23:06.410Z
30.09.2026;22:00;Uruguay;Copa Uruguay;Cerro Largo FC;Club Atletico Rentistas;id1003712774507944;bet365;Over Under Team 2;2.5;Under;1.025;1.032;2026-09-29T17:23:06.410Z
30.09.2026;22:00;Uruguay;Copa Uruguay;Cerro Largo FC;Club Atletico Rentistas;id1003712774507944;bet365;Over Under Team 2;3.5;Over;17.0;17.0;2026-09-29T17:23:06.410Z
30.09.2026;22:00;Uruguay;Copa Uruguay;Cerro Largo FC;Club Atletico Rentistas;id1003712774507944;bet365;Over Under First Half;0.5;Over;1.47;1.41;2026-09-29T17:23:06.410Z
30.09.2026;22:00;Uruguay;Copa Uruguay;Cerro Largo FC;Club Atletico Rentistas;id1003712774507944;bet365;Over Under First Half;0.5;Under;2.5;2.62;2026-09-29T17:23:06.410Z
30.09.2026;22:00;Uruguay;Copa Uruguay;Cerro Largo FC;Club Atletico Rentistas;id1003712774507944;bet365;Over Under First Half;1.5;Over;3.25;3.0;2026-09-29T17:23:06.410Z
30.09.2026;22:00;Uruguay;Copa Uruguay;Cerro Largo FC;Club Atletico Rentistas;id1003712774507944;bet365;Over Under First Half;1.5;Under;1.3;1.33;2026-09-29T17:23:06.410Z
30.09.2026;22:00;Uruguay;Copa Uruguay;Cerro Largo FC;Club Atletico Rentistas;id1003712774507944;bet365;Over Under First Half;2.5;Over;7.5;7.0;2026-09-29T17:23:06.410Z
30.09.2026;22:00;Uruguay;Copa Uruguay;Cerro Largo FC;Club Atletico Rentistas;id1003712774507944;bet365;Over Under First Half;2.5;Under;1.061;1.068;2026-09-29T17:23:06.410Z
30.09.2026;22:00;Uruguay;Copa Uruguay;Cerro Largo FC;Club Atletico Rentistas;id1003712774507944;bet365;Over Under First Half;3.5;Over;13.0;12.0;2026-09-29T17:23:06.410Z
30.09.2026;22:00;Uruguay;Copa Uruguay;Cerro Largo FC;Club Atletico Rentistas;id1003712774507944;bet365;Over Under First Half;3.5;Under;1.01;1.012;2026-09-29T17:23:06.410Z
30.09.2026;22:00;Uruguay;Copa Uruguay;Cerro Largo FC;Club Atletico Rentistas;id1003712774507944;bet365;Over Under First Half;4.5;Over;41.0;21.0;2026-09-29T17:23:06.410Z
30.09.2026;22:00;Uruguay;Copa Uruguay;Cerro Largo FC;Club Atletico Rentistas;id1003712774507944;bet365;Over Under Second Half;0.5;Over;1.3;1.25;2026-09-29T17:23:06.410Z
30.09.2026;22:00;Uruguay;Copa Uruguay;Cerro Largo FC;Club Atletico Rentistas;id1003712774507944;bet365;Over Under Second Half;0.5;Under;3.25;3.5;2026-09-29T17:23:06.410Z
30.09.2026;22:00;Uruguay;Copa Uruguay;Cerro Largo FC;Club Atletico Rentistas;id1003712774507944;bet365;Over Under Second Half;1.5;Over;2.5;2.25;2026-09-29T17:23:06.410Z
30.09.2026;22:00;Uruguay;Copa Uruguay;Cerro Largo FC;Club Atletico Rentistas;id1003712774507944;bet365;Over Under Second Half;1.5;Under;1.47;1.54;2026-09-29T17:23:06.410Z
30.09.2026;22:00;Uruguay;Copa Uruguay;Cerro Largo FC;Club Atletico Rentistas;id1003712774507944;bet365;Over Under Second Half;2.5;Over;6.0;5.0;2026-09-29T17:23:06.410Z
30.09.2026;22:00;Uruguay;Copa Uruguay;Cerro Largo FC;Club Atletico Rentistas;id1003712774507944;bet365;Over Under Second Half;2.5;Under;1.1;1.13;2026-09-29T17:23:06.410Z
30.09.2026;22:00;Uruguay;Copa Uruguay;Cerro Largo FC;Club Atletico Rentistas;id1003712774507944;bet365;Over Under Second Half;3.5;Over;15.0;13.0;2026-09-29T17:23:06.410Z
30.09.2026;22:00;Uruguay;Copa Uruguay;Cerro Largo FC;Club Atletico Rentistas;id1003712774507944;bet365;Over Under Second Half;3.5;Under;1.025;1.032;2026-09-29T17:23:06.410Z
30.09.2026;22:00;Uruguay;Copa Uruguay;Cerro Largo FC;Club Atletico Rentistas;id1003712774507944;bet365;Over Under Second Half;4.5;Over;34.0;29.0;2026-09-29T17:23:06.410Z
30.09.2026;22:00;Uruguay;Copa Uruguay;Cerro Largo FC;Club Atletico Rentistas;id1003712774507944;bet365;Both Teams To Score;0.0;Yes;2.37;2.2;2026-09-29T17:23:06.410Z
30.09.2026;22:00;Uruguay;Copa Uruguay;Cerro Largo FC;Club Atletico Rentistas;id1003712774507944;bet365;Both Teams To Score;0.0;No;1.5;1.58;2026-09-29T17:23:06.410Z
30.09.2026;22:00;Uruguay;Copa Uruguay;Cerro Largo FC;Club Atletico Rentistas;id1003712774507944;bet365;Over Under Full Time;0.5;Over;1.025;1.052;2026-09-29T18:04:58.222Z
30.09.2026;22:00;Uruguay;Copa Uruguay;Cerro Largo FC;Club Atletico Rentistas;id1003712774507944;bet365;Over Under Full Time;0.5;Under;9.5;8.0;2026-09-29T18:04:58.222Z
30.09.2026;22:00;Uruguay;Copa Uruguay;Cerro Largo FC;Club Atletico Rentistas;id1003712774507944;bet365;Over Under Full Time;1.5;Over;1.3;1.3;2026-09-29T18:04:58.222Z
30.09.2026;22:00;Uruguay;Copa Uruguay;Cerro Largo FC;Club Atletico Rentistas;id1003712774507944;bet365;Over Under Full Time;1.5;Under;3.25;3.25;2026-09-29T18:04:58.222Z
30.09.2026;22:00;Uruguay;Copa Uruguay;Cerro Largo FC;Club Atletico Rentistas;id1003712774507944;pinnacle;Full Time Result;0.0;1;1.462;1.709;2026-09-29T19:03:20.563Z
30.09.2026;22:00;Uruguay;Copa Uruguay;Cerro Largo FC;Club Atletico Rentistas;id1003712774507944;pinnacle;Full Time Result;0.0;X;3.71;3.17;2026-09-29T19:03:20.563Z
30.09.2026;22:00;Uruguay;Copa Uruguay;Cerro Largo FC;Club Atletico Rentistas;id1003712774507944;pinnacle;Full Time Result;0.0;2;5.76;4.31;2026-09-29T19:03:20.563Z
30.09.2026;22:00;Uruguay;Copa Uruguay;Cerro Largo FC;Club Atletico Rentistas;id1003712774507944;pinnacle;Over Under Full Time;2.5;Over;2.009;2.16;2026-09-29T19:03:20.563Z
30.09.2026;22:00;Uruguay;Copa Uruguay;Cerro Largo FC;Club Atletico Rentistas;id1003712774507944;pinnacle;Over Under Full Time;2.5;Under;1.699;1.595;2026-09-29T19:03:20.563Z
30.09.2026;22:00;Uruguay;Copa Uruguay;Cerro Largo FC;Club Atletico Rentistas;id1003712774507944;pinnacle;Over Under Team 1 First Half;0.5;Over;1.632;1.793;2026-09-29T10:01:09.553Z
30.09.2026;22:00;Uruguay;Copa Uruguay;Cerro Largo FC;Club Atletico Rentistas;id1003712774507944;pinnacle;Over Under Team 1 First Half;0.5;Under;2.06;1.862;2026-09-29T10:01:09.553Z
30.09.2026;22:00;Uruguay;Copa Uruguay;Cerro Largo FC;Club Atletico Rentistas;id1003712774507944;pinnacle;Over Under Team 2 First Half;0.5;Over;2.72;2.72;2026-09-28T19:04:39.512Z
30.09.2026;22:00;Uruguay;Copa Uruguay;Cerro Largo FC;Club Atletico Rentistas;id1003712774507944;pinnacle;Over Under Team 2 First Half;0.5;Under;1.406;1.404;2026-09-28T19:04:39.512Z
30.09.2026;22:00;Uruguay;Copa Uruguay;Cerro Largo FC;Club Atletico Rentistas;id1003712774507944;pinnacle;Over Under Team 1;1.5;Over;1.714;1.961;2026-09-29T10:01:09.553Z
30.09.2026;22:00;Uruguay;Copa Uruguay;Cerro Largo FC;Club Atletico Rentistas;id1003712774507944;pinnacle;Over Under Team 1;1.5;Under;2.0;1.735;2026-09-29T10:01:09.553Z
30.09.2026;22:00;Uruguay;Copa Uruguay;Cerro Largo FC;Club Atletico Rentistas;id1003712774507944;pinnacle;Over Under Team 2;0.5;Over;1.847;1.689;2026-09-29T10:01:09.553Z
30.09.2026;22:00;Uruguay;Copa Uruguay;Cerro Largo FC;Club Atletico Rentistas;id1003712774507944;pinnacle;Over Under Team 2;0.5;Under;1.819;2.029;2026-09-29T10:01:09.553Z
30.09.2026;22:00;Uruguay;Copa Uruguay;Cerro Largo FC;Club Atletico Rentistas;id1003712774507944;pinnacle;Over Under First Half;0.5;Over;1.381;1.425;2026-09-29T10:01:09.553Z
30.09.2026;22:00;Uruguay;Copa Uruguay;Cerro Largo FC;Club Atletico Rentistas;id1003712774507944;pinnacle;Over Under First Half;0.5;Under;2.6;2.49;2026-09-29T10:01:09.553Z
30.09.2026;22:00;Uruguay;Copa Uruguay;Cerro Largo FC;Club Atletico Rentistas;id1003712774507944;pinnacle;Over Under First Half;1.5;Over;2.81;3.01;2026-09-29T10:01:09.553Z
30.09.2026;22:00;Uruguay;Copa Uruguay;Cerro Largo FC;Club Atletico Rentistas;id1003712774507944;pinnacle;Over Under First Half;1.5;Under;1.326;1.294;2026-09-29T10:01:09.553Z
30.09.2026;22:00;Uruguay;Copa Uruguay;Cerro Largo FC;Club Atletico Rentistas;id1003712774507944;pinnacle;Asian Handicap;-1.75;1;2.8;2.8;2026-09-28T19:00:38.177Z
30.09.2026;22:00;Uruguay;Copa Uruguay;Cerro Largo FC;Club Atletico Rentistas;id1003712774507944;pinnacle;Asian Handicap;-1.75;2;1.353;1.353;2026-09-28T19:00:38.177Z
30.09.2026;22:00;Uruguay;Copa Uruguay;Cerro Largo FC;Club Atletico Rentistas;id1003712774507944;pinnacle;Asian Handicap First Half;-1.0;1;3.54;3.54;2026-09-28T19:00:38.177Z
30.09.2026;22:00;Uruguay;Copa Uruguay;Cerro Largo FC;Club Atletico Rentistas;id1003712774507944;pinnacle;Asian Handicap First Half;-1.0;2;1.22;1.22;2026-09-28T19:00:38.177Z
30.09.2026;22:00;Uruguay;Copa Uruguay;Cerro Largo FC;Club Atletico Rentistas;id1003712774507944;pinnacle;Asian Handicap First Half;-0.75;1;2.4;2.79;2026-09-29T10:01:09.553Z
30.09.2026;22:00;Uruguay;Copa Uruguay;Cerro Largo FC;Club Atletico Rentistas;id1003712774507944;pinnacle;Asian Handicap First Half;-0.75;2;1.483;1.34;2026-09-29T10:01:09.553Z
30.09.2026;22:00;Uruguay;Copa Uruguay;Cerro Largo FC;Club Atletico Rentistas;id1003712774507944;pinnacle;Asian Handicap;-1.5;1;2.35;2.84;2026-09-29T19:03:20.563Z
30.09.2026;22:00;Uruguay;Copa Uruguay;Cerro Largo FC;Club Atletico Rentistas;id1003712774507944;pinnacle;Asian Handicap;-1.5;2;1.495;1.336;2026-09-29T19:03:20.563Z
30.09.2026;22:00;Uruguay;Copa Uruguay;Cerro Largo FC;Club Atletico Rentistas;id1003712774507944;pinnacle;Asian Handicap First Half;-0.5;1;1.961;2.21;2026-09-29T10:01:09.553Z
30.09.2026;22:00;Uruguay;Copa Uruguay;Cerro Largo FC;Club Atletico Rentistas;id1003712774507944;pinnacle;Asian Handicap First Half;-0.5;2;1.746;1.555;2026-09-29T10:01:09.553Z
30.09.2026;22:00;Uruguay;Copa Uruguay;Cerro Largo FC;Club Atletico Rentistas;id1003712774507944;pinnacle;Asian Handicap First Half;-0.25;1;1.571;1.781;2026-09-29T10:01:09.553Z
30.09.2026;22:00;Uruguay;Copa Uruguay;Cerro Largo FC;Club Atletico Rentistas;id1003712774507944;pinnacle;Asian Handicap First Half;-0.25;2;2.2;1.909;2026-09-29T10:01:09.553Z
30.09.2026;22:00;Uruguay;Copa Uruguay;Cerro Largo FC;Club Atletico Rentistas;id1003712774507944;pinnacle;Asian Handicap First Half;0.0;1;1.18;1.297;2026-09-29T10:01:09.553Z
30.09.2026;22:00;Uruguay;Copa Uruguay;Cerro Largo FC;Club Atletico Rentistas;id1003712774507944;pinnacle;Asian Handicap First Half;0.0;2;3.93;3.06;2026-09-29T10:01:09.553Z
30.09.2026;22:00;Uruguay;Copa Uruguay;Cerro Largo FC;Club Atletico Rentistas;id1003712774507944;pinnacle;Asian Handicap First Half;0.25;1;1.188;1.174;2026-09-29T10:01:09.553Z
30.09.2026;22:00;Uruguay;Copa Uruguay;Cerro Largo FC;Club Atletico Rentistas;id1003712774507944;pinnacle;Asian Handicap First Half;0.25;2;3.85;3.94;2026-09-29T10:01:09.553Z
30.09.2026;22:00;Uruguay;Copa Uruguay;Cerro Largo FC;Club Atletico Rentistas;id1003712774507944;pinnacle;Asian Handicap;-1.25;1;2.09;2.54;2026-09-29T19:03:20.563Z
30.09.2026;22:00;Uruguay;Copa Uruguay;Cerro Largo FC;Club Atletico Rentistas;id1003712774507944;pinnacle;Asian Handicap;-1.25;2;1.645;1.414;2026-09-29T19:03:20.563Z
30.09.2026;22:00;Uruguay;Copa Uruguay;Cerro Largo FC;Club Atletico Rentistas;id1003712774507944;pinnacle;Asian Handicap;-1.0;1;1.806;2.26;2026-09-29T19:03:20.563Z
30.09.2026;22:00;Uruguay;Copa Uruguay;Cerro Largo FC;Club Atletico Rentistas;id1003712774507944;pinnacle;Asian Handicap;-1.0;2;1.9;1.543;2026-09-29T19:03:20.563Z
30.09.2026;22:00;Uruguay;Copa Uruguay;Cerro Largo FC;Club Atletico Rentistas;id1003712774507944;pinnacle;Asian Handicap;-0.75;1;1.584;1.917;2026-09-29T19:03:20.563Z
30.09.2026;22:00;Uruguay;Copa Uruguay;Cerro Largo FC;Club Atletico Rentistas;id1003712774507944;pinnacle;Asian Handicap;-0.75;2;2.19;1.781;2026-09-29T19:03:20.563Z
30.09.2026;22:00;Uruguay;Copa Uruguay;Cerro Largo FC;Club Atletico Rentistas;id1003712774507944;pinnacle;Asian Handicap;-0.5;1;1.45;1.704;2026-09-29T19:03:20.563Z
30.09.2026;22:00;Uruguay;Copa Uruguay;Cerro Largo FC;Club Atletico Rentistas;id1003712774507944;pinnacle;Asian Handicap;-0.5;2;2.46;1.99;2026-09-29T19:03:20.563Z
30.09.2026;22:00;Uruguay;Copa Uruguay;Cerro Largo FC;Club Atletico Rentistas;id1003712774507944;pinnacle;Asian Handicap;-0.25;1;1.295;1.478;2026-09-29T19:03:20.563Z
30.09.2026;22:00;Uruguay;Copa Uruguay;Cerro Largo FC;Club Atletico Rentistas;id1003712774507944;pinnacle;Asian Handicap;-0.25;2;3.08;2.37;2026-09-29T19:03:20.563Z
30.09.2026;22:00;Uruguay;Copa Uruguay;Cerro Largo FC;Club Atletico Rentistas;id1003712774507944;pinnacle;Asian Handicap;0.0;1;1.282;1.26;2026-09-29T19:03:20.563Z
30.09.2026;22:00;Uruguay;Copa Uruguay;Cerro Largo FC;Club Atletico Rentistas;id1003712774507944;pinnacle;Asian Handicap;0.0;2;3.15;3.25;2026-09-29T19:03:20.563Z
30.09.2026;22:00;Uruguay;Copa Uruguay;Cerro Largo FC;Club Atletico Rentistas;id1003712774507944;pinnacle;Asian Handicap;0.25;1;1.313;1.229;2026-09-28T19:06:01.242Z
30.09.2026;22:00;Uruguay;Copa Uruguay;Cerro Largo FC;Club Atletico Rentistas;id1003712774507944;pinnacle;Asian Handicap;0.25;2;2.98;3.47;2026-09-28T19:06:01.242Z
30.09.2026;22:00;Uruguay;Copa Uruguay;Cerro Largo FC;Club Atletico Rentistas;id1003712774507944;pinnacle;Asian Handicap;0.5;1;1.243;1.2;2026-09-28T19:05:04.699Z
30.09.2026;22:00;Uruguay;Copa Uruguay;Cerro Largo FC;Club Atletico Rentistas;id1003712774507944;pinnacle;Asian Handicap;0.5;2;3.41;3.98;2026-09-28T19:05:04.699Z
30.09.2026;22:00;Uruguay;Copa Uruguay;Cerro Largo FC;Club Atletico Rentistas;id1003712774507944;pinnacle;Over Under Full Time;1.5;Over;1.315;1.353;2026-09-29T19:03:20.563Z
30.09.2026;22:00;Uruguay;Copa Uruguay;Cerro Largo FC;Club Atletico Rentistas;id1003712774507944;pinnacle;Over Under Full Time;1.5;Under;2.97;2.76;2026-09-29T19:03:20.563Z
30.09.2026;22:00;Uruguay;Copa Uruguay;Defensor Sporting;Plaza Colonia;id1003712774507942;bet365;Full Time Result;0.0;1;1.63;1.63;2026-09-29T17:23:01.907Z
30.09.2026;22:00;Uruguay;Copa Uruguay;Defensor Sporting;Plaza Colonia;id1003712774507942;bet365;Full Time Result;0.0;X;3.5;3.5;2026-09-29T17:23:01.907Z
30.09.2026;22:00;Uruguay;Copa Uruguay;Defensor Sporting;Plaza Colonia;id1003712774507942;bet365;Full Time Result;0.0;2;4.33;4.33;2026-09-29T17:23:01.907Z
30.09.2026;22:00;Uruguay;Copa Uruguay;Defensor Sporting;Plaza Colonia;id1003712774507942;bet365;Over Under Full Time;2.5;Over;2.35;2.35;2026-09-29T17:23:01.907Z
30.09.2026;22:00;Uruguay;Copa Uruguay;Defensor Sporting;Plaza Colonia;id1003712774507942;bet365;Over Under Full Time;2.5;Under;1.54;1.54;2026-09-29T17:23:01.907Z
30.09.2026;22:00;Uruguay;Copa Uruguay;Defensor Sporting;Plaza Colonia;id1003712774507942;bet365;Over Under Full Time;3.5;Over;4.33;4.33;2026-09-29T17:23:01.907Z
30.09.2026;22:00;Uruguay;Copa Uruguay;Defensor Sporting;Plaza Colonia;id1003712774507942;bet365;Over Under Full Time;3.5;Under;1.17;1.17;2026-09-29T17:23:01.907Z
30.09.2026;22:00;Uruguay;Copa Uruguay;Defensor Sporting;Plaza Colonia;id1003712774507942;bet365;Over Under Full Time;4.5;Over;8.0;8.0;2026-09-29T17:23:01.907Z
30.09.2026;22:00;Uruguay;Copa Uruguay;Defensor Sporting;Plaza Colonia;id1003712774507942;bet365;Over Under Full Time;4.5;Under;1.052;1.052;2026-09-29T17:23:01.907Z
30.09.2026;22:00;Uruguay;Copa Uruguay;Defensor Sporting;Plaza Colonia;id1003712774507942;bet365;Double Chance Full Time;0.0;1X;1.11;1.11;2026-09-29T17:23:01.907Z
30.09.2026;22:00;Uruguay;Copa Uruguay;Defensor Sporting;Plaza Colonia;id1003712774507942;bet365;Double Chance Full Time;0.0;12;1.19;1.19;2026-09-29T17:23:01.907Z
30.09.2026;22:00;Uruguay;Copa Uruguay;Defensor Sporting;Plaza Colonia;id1003712774507942;bet365;Double Chance Full Time;0.0;2X;1.97;1.97;2026-09-29T17:23:01.907Z
30.09.2026;22:00;Uruguay;Copa Uruguay;Defensor Sporting;Plaza Colonia;id1003712774507942;bet365;First Half Result;0.0;1;2.3;2.3;2026-09-29T17:23:01.907Z
30.09.2026;22:00;Uruguay;Copa Uruguay;Defensor Sporting;Plaza Colonia;id1003712774507942;bet365;First Half Result;0.0;X;1.97;1.97;2026-09-29T17:23:01.907Z
30.09.2026;22:00;Uruguay;Copa Uruguay;Defensor Sporting;Plaza Colonia;id1003712774507942;bet365;First Half Result;0.0;2;5.5;5.5;2026-09-29T17:23:01.907Z
30.09.2026;22:00;Uruguay;Copa Uruguay;Defensor Sporting;Plaza Colonia;id1003712774507942;bet365;Second Half Result;0.0;1;2.1;2.1;2026-09-29T17:23:01.907Z
30.09.2026;22:00;Uruguay;Copa Uruguay;Defensor Sporting;Plaza Colonia;id1003712774507942;bet365;Second Half Result;0.0;X;2.37;2.37;2026-09-29T17:23:01.907Z
30.09.2026;22:00;Uruguay;Copa Uruguay;Defensor Sporting;Plaza Colonia;id1003712774507942;bet365;Second Half Result;0.0;2;4.75;4.75;2026-09-29T17:23:01.907Z
30.09.2026;22:00;Uruguay;Copa Uruguay;Defensor Sporting;Plaza Colonia;id1003712774507942;bet365;Over Under Team 1 First Half;0.5;Over;1.87;1.87;2026-09-29T17:23:01.907Z
30.09.2026;22:00;Uruguay;Copa Uruguay;Defensor Sporting;Plaza Colonia;id1003712774507942;bet365;Over Under Team 1 First Half;0.5;Under;1.77;1.77;2026-09-29T17:23:01.907Z
30.09.2026;22:00;Uruguay;Copa Uruguay;Defensor Sporting;Plaza Colonia;id1003712774507942;bet365;Over Under Team 1 First Half;1.5;Over;6.0;6.0;2026-09-29T17:23:01.907Z
30.09.2026;22:00;Uruguay;Copa Uruguay;Defensor Sporting;Plaza Colonia;id1003712774507942;bet365;Over Under Team 1 First Half;1.5;Under;1.1;1.1;2026-09-29T17:23:01.907Z
30.09.2026;22:00;Uruguay;Copa Uruguay;Defensor Sporting;Plaza Colonia;id1003712774507942;bet365;Over Under Team 1 First Half;2.5;Over;19.0;19.0;2026-09-29T17:23:01.907Z
30.09.2026;22:00;Uruguay;Copa Uruguay;Defensor Sporting;Plaza Colonia;id1003712774507942;bet365;Over Under Team 1 First Half;2.5;Under;1.02;1.02;2026-09-29T17:23:01.907Z
30.09.2026;22:00;Uruguay;Copa Uruguay;Defensor Sporting;Plaza Colonia;id1003712774507942;bet365;Over Under Team 1 First Half;3.5;Over;41.0;41.0;2026-09-29T17:23:01.907Z
30.09.2026;22:00;Uruguay;Copa Uruguay;Defensor Sporting;Plaza Colonia;id1003712774507942;bet365;Over Under Team 2 First Half;0.5;Over;3.4;3.4;2026-09-29T17:23:01.907Z
30.09.2026;22:00;Uruguay;Copa Uruguay;Defensor Sporting;Plaza Colonia;id1003712774507942;bet365;Over Under Team 2 First Half;0.5;Under;1.27;1.27;2026-09-29T17:23:01.907Z
30.09.2026;22:00;Uruguay;Copa Uruguay;Defensor Sporting;Plaza Colonia;id1003712774507942;bet365;Over Under Team 2 First Half;1.5;Over;19.0;19.0;2026-09-29T17:23:01.907Z
30.09.2026;22:00;Uruguay;Copa Uruguay;Defensor Sporting;Plaza Colonia;id1003712774507942;bet365;Over Under Team 2 First Half;1.5;Under;1.02;1.02;2026-09-29T17:23:01.907Z
30.09.2026;22:00;Uruguay;Copa Uruguay;Defensor Sporting;Plaza Colonia;id1003712774507942;bet365;Over Under Team 2 First Half;2.5;Over;51.0;51.0;2026-09-29T17:23:01.907Z
30.09.2026;22:00;Uruguay;Copa Uruguay;Defensor Sporting;Plaza Colonia;id1003712774507942;bet365;Over Under Team 1 Second Half;0.5;Over;1.69;1.69;2026-09-29T17:23:01.907Z
30.09.2026;22:00;Uruguay;Copa Uruguay;Defensor Sporting;Plaza Colonia;id1003712774507942;bet365;Over Under Team 1 Second Half;0.5;Under;1.97;1.97;2026-09-29T17:23:01.907Z
30.09.2026;22:00;Uruguay;Copa Uruguay;Defensor Sporting;Plaza Colonia;id1003712774507942;bet365;Over Under Team 1 Second Half;1.5;Over;4.33;4.33;2026-09-29T17:23:01.907Z
30.09.2026;22:00;Uruguay;Copa Uruguay;Defensor Sporting;Plaza Colonia;id1003712774507942;bet365;Over Under Team 1 Second Half;1.5;Under;1.17;1.17;2026-09-29T17:23:01.907Z
30.09.2026;22:00;Uruguay;Copa Uruguay;Defensor Sporting;Plaza Colonia;id1003712774507942;bet365;Over Under Team 1 Second Half;2.5;Over;12.0;12.0;2026-09-29T17:23:01.907Z
30.09.2026;22:00;Uruguay;Copa Uruguay;Defensor Sporting;Plaza Colonia;id1003712774507942;bet365;Over Under Team 1 Second Half;2.5;Under;1.032;1.032;2026-09-29T17:23:01.907Z
30.09.2026;22:00;Uruguay;Copa Uruguay;Defensor Sporting;Plaza Colonia;id1003712774507942;bet365;Over Under Team 1;0.5;Over;1.22;1.22;2026-09-29T17:23:01.907Z
30.09.2026;22:00;Uruguay;Copa Uruguay;Defensor Sporting;Plaza Colonia;id1003712774507942;bet365;Over Under Team 1;0.5;Under;3.75;3.75;2026-09-29T17:23:01.907Z
30.09.2026;22:00;Uruguay;Copa Uruguay;Defensor Sporting;Plaza Colonia;id1003712774507942;bet365;Over Under Team 1 Second Half;3.5;Over;26.0;26.0;2026-09-29T17:23:01.907Z
30.09.2026;22:00;Uruguay;Copa Uruguay;Defensor Sporting;Plaza Colonia;id1003712774507942;bet365;Over Under Team 1 Second Half;3.5;Under;1.008;1.008;2026-09-29T17:23:01.907Z
30.09.2026;22:00;Uruguay;Copa Uruguay;Defensor Sporting;Plaza Colonia;id1003712774507942;bet365;Over Under Team 1 Second Half;4.5;Over;41.0;41.0;2026-09-29T17:23:01.907Z
30.09.2026;22:00;Uruguay;Copa Uruguay;Defensor Sporting;Plaza Colonia;id1003712774507942;bet365;Over Under Team 2 Second Half;0.5;Over;2.87;2.87;2026-09-29T17:23:01.907Z
30.09.2026;22:00;Uruguay;Copa Uruguay;Defensor Sporting;Plaza Colonia;id1003712774507942;bet365;Over Under Team 2 Second Half;0.5;Under;1.33;1.33;2026-09-29T17:23:01.907Z
30.09.2026;22:00;Uruguay;Copa Uruguay;Defensor Sporting;Plaza Colonia;id1003712774507942;bet365;Over Under Team 2 Second Half;1.5;Over;11.0;11.0;2026-09-29T17:23:01.907Z
30.09.2026;22:00;Uruguay;Copa Uruguay;Defensor Sporting;Plaza Colonia;id1003712774507942;bet365;Over Under Team 2 Second Half;1.5;Under;1.04;1.04;2026-09-29T17:23:01.907Z
30.09.2026;22:00;Uruguay;Copa Uruguay;Defensor Sporting;Plaza Colonia;id1003712774507942;bet365;Over Under Team 2 Second Half;2.5;Over;29.0;29.0;2026-09-29T17:23:01.907Z
30.09.2026;22:00;Uruguay;Copa Uruguay;Defensor Sporting;Plaza Colonia;id1003712774507942;bet365;Over Under Team 2 Second Half;2.5;Under;1.008;1.008;2026-09-29T17:23:01.907Z
30.09.2026;22:00;Uruguay;Copa Uruguay;Defensor Sporting;Plaza Colonia;id1003712774507942;bet365;Over Under Team 2 Second Half;3.5;Over;51.0;51.0;2026-09-29T17:23:01.907Z
30.09.2026;22:00;Uruguay;Copa Uruguay;Defensor Sporting;Plaza Colonia;id1003712774507942;bet365;Over Under Team 1;1.5;Over;2.1;2.1;2026-09-29T17:23:01.907Z
30.09.2026;22:00;Uruguay;Copa Uruguay;Defensor Sporting;Plaza Colonia;id1003712774507942;bet365;Over Under Team 1;1.5;Under;1.63;1.63;2026-09-29T17:23:01.907Z
30.09.2026;22:00;Uruguay;Copa Uruguay;Defensor Sporting;Plaza Colonia;id1003712774507942;bet365;Over Under Team 1;2.5;Over;4.33;4.33;2026-09-29T17:23:01.907Z
30.09.2026;22:00;Uruguay;Copa Uruguay;Defensor Sporting;Plaza Colonia;id1003712774507942;bet365;Over Under Team 1;2.5;Under;1.17;1.17;2026-09-29T17:23:01.907Z
30.09.2026;22:00;Uruguay;Copa Uruguay;Defensor Sporting;Plaza Colonia;id1003712774507942;bet365;Over Under Team 1;3.5;Over;8.0;8.0;2026-09-29T17:23:01.907Z
30.09.2026;22:00;Uruguay;Copa Uruguay;Defensor Sporting;Plaza Colonia;id1003712774507942;bet365;Over Under Team 1;3.5;Under;1.052;1.052;2026-09-29T17:23:01.907Z
30.09.2026;22:00;Uruguay;Copa Uruguay;Defensor Sporting;Plaza Colonia;id1003712774507942;bet365;Over Under Team 1;4.5;Over;12.0;12.0;2026-09-29T17:23:01.907Z
30.09.2026;22:00;Uruguay;Copa Uruguay;Defensor Sporting;Plaza Colonia;id1003712774507942;bet365;Over Under Team 1;4.5;Under;1.012;1.012;2026-09-29T17:23:01.907Z
30.09.2026;22:00;Uruguay;Copa Uruguay;Defensor Sporting;Plaza Colonia;id1003712774507942;bet365;Over Under Team 2;0.5;Over;1.8;1.8;2026-09-29T17:23:01.907Z
30.09.2026;22:00;Uruguay;Copa Uruguay;Defensor Sporting;Plaza Colonia;id1003712774507942;bet365;Over Under Team 2;0.5;Under;1.8;1.8;2026-09-29T17:23:01.907Z
30.09.2026;22:00;Uruguay;Copa Uruguay;Defensor Sporting;Plaza Colonia;id1003712774507942;bet365;Over Under Team 2;1.5;Over;4.5;4.5;2026-09-29T17:23:01.907Z
30.09.2026;22:00;Uruguay;Copa Uruguay;Defensor Sporting;Plaza Colonia;id1003712774507942;bet365;Over Under Team 2;1.5;Under;1.13;1.13;2026-09-29T17:23:01.907Z
30.09.2026;22:00;Uruguay;Copa Uruguay;Defensor Sporting;Plaza Colonia;id1003712774507942;bet365;Over Under Team 2;2.5;Over;10.0;10.0;2026-09-29T17:23:01.907Z
30.09.2026;22:00;Uruguay;Copa Uruguay;Defensor Sporting;Plaza Colonia;id1003712774507942;bet365;Over Under Team 2;2.5;Under;1.025;1.025;2026-09-29T17:23:01.907Z
30.09.2026;22:00;Uruguay;Copa Uruguay;Defensor Sporting;Plaza Colonia;id1003712774507942;bet365;Over Under Team 2;3.5;Over;17.0;17.0;2026-09-29T17:23:01.907Z
30.09.2026;22:00;Uruguay;Copa Uruguay;Defensor Sporting;Plaza Colonia;id1003712774507942;bet365;Over Under First Half;0.5;Over;1.47;1.47;2026-09-29T17:23:01.907Z
30.09.2026;22:00;Uruguay;Copa Uruguay;Defensor Sporting;Plaza Colonia;id1003712774507942;bet365;Over Under First Half;0.5;Under;2.5;2.5;2026-09-29T17:23:01.907Z
30.09.2026;22:00;Uruguay;Copa Uruguay;Defensor Sporting;Plaza Colonia;id1003712774507942;bet365;Over Under First Half;1.5;Over;3.5;3.5;2026-09-29T17:23:01.907Z
30.09.2026;22:00;Uruguay;Copa Uruguay;Defensor Sporting;Plaza Colonia;id1003712774507942;bet365;Over Under First Half;1.5;Under;1.25;1.25;2026-09-29T17:23:01.907Z
30.09.2026;22:00;Uruguay;Copa Uruguay;Defensor Sporting;Plaza Colonia;id1003712774507942;bet365;Over Under First Half;2.5;Over;8.0;8.0;2026-09-29T17:23:01.907Z
30.09.2026;22:00;Uruguay;Copa Uruguay;Defensor Sporting;Plaza Colonia;id1003712774507942;bet365;Over Under First Half;2.5;Under;1.052;1.052;2026-09-29T17:23:01.907Z
30.09.2026;22:00;Uruguay;Copa Uruguay;Defensor Sporting;Plaza Colonia;id1003712774507942;bet365;Over Under First Half;3.5;Over;15.0;15.0;2026-09-29T17:23:01.907Z
30.09.2026;22:00;Uruguay;Copa Uruguay;Defensor Sporting;Plaza Colonia;id1003712774507942;bet365;Over Under First Half;3.5;Under;1.008;1.008;2026-09-29T17:23:01.907Z
30.09.2026;22:00;Uruguay;Copa Uruguay;Defensor Sporting;Plaza Colonia;id1003712774507942;bet365;Over Under First Half;4.5;Over;41.0;41.0;2026-09-29T17:23:01.907Z
30.09.2026;22:00;Uruguay;Copa Uruguay;Defensor Sporting;Plaza Colonia;id1003712774507942;bet365;Over Under Second Half;0.5;Over;1.33;1.33;2026-09-29T17:23:01.907Z
30.09.2026;22:00;Uruguay;Copa Uruguay;Defensor Sporting;Plaza Colonia;id1003712774507942;bet365;Over Under Second Half;0.5;Under;3.0;3.0;2026-09-29T17:23:01.907Z
30.09.2026;22:00;Uruguay;Copa Uruguay;Defensor Sporting;Plaza Colonia;id1003712774507942;bet365;Over Under Second Half;1.5;Over;2.62;2.62;2026-09-29T17:23:01.907Z
30.09.2026;22:00;Uruguay;Copa Uruguay;Defensor Sporting;Plaza Colonia;id1003712774507942;bet365;Over Under Second Half;1.5;Under;1.41;1.41;2026-09-29T17:23:01.907Z
30.09.2026;22:00;Uruguay;Copa Uruguay;Defensor Sporting;Plaza Colonia;id1003712774507942;bet365;Over Under Second Half;2.5;Over;6.0;6.0;2026-09-29T17:23:01.907Z
30.09.2026;22:00;Uruguay;Copa Uruguay;Defensor Sporting;Plaza Colonia;id1003712774507942;bet365;Over Under Second Half;2.5;Under;1.1;1.1;2026-09-29T17:23:01.907Z
30.09.2026;22:00;Uruguay;Copa Uruguay;Defensor Sporting;Plaza Colonia;id1003712774507942;bet365;Over Under Second Half;3.5;Over;17.0;17.0;2026-09-29T17:23:01.907Z
30.09.2026;22:00;Uruguay;Copa Uruguay;Defensor Sporting;Plaza Colonia;id1003712774507942;bet365;Over Under Second Half;3.5;Under;1.02;1.02;2026-09-29T17:23:01.907Z
30.09.2026;22:00;Uruguay;Copa Uruguay;Defensor Sporting;Plaza Colonia;id1003712774507942;bet365;Over Under Second Half;4.5;Over;41.0;41.0;2026-09-29T17:23:01.907Z
30.09.2026;22:00;Uruguay;Copa Uruguay;Defensor Sporting;Plaza Colonia;id1003712774507942;bet365;Both Teams To Score;0.0;Yes;2.5;2.5;2026-09-29T17:23:01.907Z
30.09.2026;22:00;Uruguay;Copa Uruguay;Defensor Sporting;Plaza Colonia;id1003712774507942;bet365;Both Teams To Score;0.0;No;1.47;1.47;2026-09-29T17:23:01.907Z
30.09.2026;22:00;Uruguay;Copa Uruguay;Defensor Sporting;Plaza Colonia;id1003712774507942;bet365;Over Under Full Time;0.5;Over;1.068;1.068;2026-09-29T17:23:01.907Z
30.09.2026;22:00;Uruguay;Copa Uruguay;Defensor Sporting;Plaza Colonia;id1003712774507942;bet365;Over Under Full Time;0.5;Under;7.0;7.0;2026-09-29T17:23:01.907Z
30.09.2026;22:00;Uruguay;Copa Uruguay;Defensor Sporting;Plaza Colonia;id1003712774507942;bet365;Over Under Full Time;1.5;Over;1.41;1.41;2026-09-29T17:23:01.907Z
30.09.2026;22:00;Uruguay;Copa Uruguay;Defensor Sporting;Plaza Colonia;id1003712774507942;bet365;Over Under Full Time;1.5;Under;2.62;2.62;2026-09-29T17:23:01.907Z
30.09.2026;22:00;Uruguay;Copa Uruguay;Defensor Sporting;Plaza Colonia;id1003712774507942;pinnacle;Full Time Result;0.0;1;1.719;1.729;2026-09-29T19:02:17.496Z
30.09.2026;22:00;Uruguay;Copa Uruguay;Defensor Sporting;Plaza Colonia;id1003712774507942;pinnacle;Full Time Result;0.0;X;3.11;3.2;2026-09-29T19:02:17.496Z
30.09.2026;22:00;Uruguay;Copa Uruguay;Defensor Sporting;Plaza Colonia;id1003712774507942;pinnacle;Full Time Result;0.0;2;4.5;4.65;2026-09-29T19:02:17.496Z
30.09.2026;22:00;Uruguay;Copa Uruguay;Defensor Sporting;Plaza Colonia;id1003712774507942;pinnacle;Over Under Full Time;2.5;Over;2.36;2.37;2026-09-29T19:02:17.496Z
30.09.2026;22:00;Uruguay;Copa Uruguay;Defensor Sporting;Plaza Colonia;id1003712774507942;pinnacle;Over Under Full Time;2.5;Under;1.471;1.512;2026-09-29T19:02:17.496Z
30.09.2026;22:00;Uruguay;Copa Uruguay;Defensor Sporting;Plaza Colonia;id1003712774507942;pinnacle;Over Under Team 1 First Half;0.5;Over;1.884;1.892;2026-09-29T10:01:09.553Z
30.09.2026;22:00;Uruguay;Copa Uruguay;Defensor Sporting;Plaza Colonia;id1003712774507942;pinnacle;Over Under Team 1 First Half;0.5;Under;1.781;1.819;2026-09-29T10:01:09.553Z
30.09.2026;22:00;Uruguay;Copa Uruguay;Defensor Sporting;Plaza Colonia;id1003712774507942;pinnacle;Over Under Team 1;1.5;Over;2.12;2.13;2026-09-29T10:01:09.553Z
30.09.2026;22:00;Uruguay;Copa Uruguay;Defensor Sporting;Plaza Colonia;id1003712774507942;pinnacle;Over Under Team 1;1.5;Under;1.617;1.666;2026-09-29T10:01:09.553Z
30.09.2026;22:00;Uruguay;Copa Uruguay;Defensor Sporting;Plaza Colonia;id1003712774507942;pinnacle;Over Under Team 2;0.5;Over;1.769;1.787;2026-09-29T10:01:09.553Z
30.09.2026;22:00;Uruguay;Copa Uruguay;Defensor Sporting;Plaza Colonia;id1003712774507942;pinnacle;Over Under Team 2;0.5;Under;1.9;1.961;2026-09-29T10:01:09.553Z
30.09.2026;22:00;Uruguay;Copa Uruguay;Defensor Sporting;Plaza Colonia;id1003712774507942;pinnacle;Over Under First Half;0.5;Over;1.502;1.502;2026-09-29T10:01:09.553Z
30.09.2026;22:00;Uruguay;Copa Uruguay;Defensor Sporting;Plaza Colonia;id1003712774507942;pinnacle;Over Under First Half;0.5;Under;2.35;2.42;2026-09-29T10:01:09.553Z
30.09.2026;22:00;Uruguay;Copa Uruguay;Defensor Sporting;Plaza Colonia;id1003712774507942;pinnacle;Asian Handicap First Half;-0.75;1;2.94;2.97;2026-09-29T10:01:09.553Z
30.09.2026;22:00;Uruguay;Copa Uruguay;Defensor Sporting;Plaza Colonia;id1003712774507942;pinnacle;Asian Handicap First Half;-0.75;2;1.314;1.332;2026-09-29T10:01:09.553Z
30.09.2026;22:00;Uruguay;Copa Uruguay;Defensor Sporting;Plaza Colonia;id1003712774507942;pinnacle;Asian Handicap;-1.5;1;3.08;3.1;2026-09-29T19:02:17.496Z
30.09.2026;22:00;Uruguay;Copa Uruguay;Defensor Sporting;Plaza Colonia;id1003712774507942;pinnacle;Asian Handicap;-1.5;2;1.294;1.312;2026-09-29T19:02:17.496Z
30.09.2026;22:00;Uruguay;Copa Uruguay;Defensor Sporting;Plaza Colonia;id1003712774507942;pinnacle;Asian Handicap First Half;-0.5;1;2.3;2.32;2026-09-29T10:01:09.553Z
30.09.2026;22:00;Uruguay;Copa Uruguay;Defensor Sporting;Plaza Colonia;id1003712774507942;pinnacle;Asian Handicap First Half;-0.5;2;1.523;1.546;2026-09-29T10:01:09.553Z
30.09.2026;22:00;Uruguay;Copa Uruguay;Defensor Sporting;Plaza Colonia;id1003712774507942;pinnacle;Asian Handicap First Half;-0.25;1;1.826;1.84;2026-09-29T10:01:09.553Z
30.09.2026;22:00;Uruguay;Copa Uruguay;Defensor Sporting;Plaza Colonia;id1003712774507942;pinnacle;Asian Handicap First Half;-0.25;2;1.869;1.9;2026-09-29T10:01:09.553Z
30.09.2026;22:00;Uruguay;Copa Uruguay;Defensor Sporting;Plaza Colonia;id1003712774507942;pinnacle;Asian Handicap First Half;0.0;1;1.301;1.31;2026-09-29T10:01:09.553Z
30.09.2026;22:00;Uruguay;Copa Uruguay;Defensor Sporting;Plaza Colonia;id1003712774507942;pinnacle;Asian Handicap First Half;0.0;2;3.09;3.16;2026-09-29T10:01:09.553Z
30.09.2026;22:00;Uruguay;Copa Uruguay;Defensor Sporting;Plaza Colonia;id1003712774507942;pinnacle;Asian Handicap First Half;0.25;1;1.17;1.179;2026-09-29T10:01:09.553Z
30.09.2026;22:00;Uruguay;Copa Uruguay;Defensor Sporting;Plaza Colonia;id1003712774507942;pinnacle;Asian Handicap First Half;0.25;2;4.059;4.17;2026-09-29T10:01:09.553Z
30.09.2026;22:00;Uruguay;Copa Uruguay;Defensor Sporting;Plaza Colonia;id1003712774507942;pinnacle;Asian Handicap;-1.25;1;2.73;2.75;2026-09-29T19:02:17.496Z
30.09.2026;22:00;Uruguay;Copa Uruguay;Defensor Sporting;Plaza Colonia;id1003712774507942;pinnacle;Asian Handicap;-1.25;2;1.37;1.39;2026-09-29T19:02:17.496Z
30.09.2026;22:00;Uruguay;Copa Uruguay;Defensor Sporting;Plaza Colonia;id1003712774507942;pinnacle;Asian Handicap;-1.0;1;2.39;2.4;2026-09-29T19:02:17.496Z
30.09.2026;22:00;Uruguay;Copa Uruguay;Defensor Sporting;Plaza Colonia;id1003712774507942;pinnacle;Asian Handicap;-1.0;2;1.497;1.523;2026-09-29T19:02:17.496Z
30.09.2026;22:00;Uruguay;Copa Uruguay;Defensor Sporting;Plaza Colonia;id1003712774507942;pinnacle;Asian Handicap;-0.75;1;1.961;1.97;2026-09-29T19:02:17.496Z
30.09.2026;22:00;Uruguay;Copa Uruguay;Defensor Sporting;Plaza Colonia;id1003712774507942;pinnacle;Asian Handicap;-0.75;2;1.757;1.793;2026-09-29T19:02:17.496Z
30.09.2026;22:00;Uruguay;Copa Uruguay;Defensor Sporting;Plaza Colonia;id1003712774507942;pinnacle;Asian Handicap;-0.5;1;1.714;1.724;2026-09-29T19:02:17.496Z
30.09.2026;22:00;Uruguay;Copa Uruguay;Defensor Sporting;Plaza Colonia;id1003712774507942;pinnacle;Asian Handicap;-0.5;2;1.99;2.029;2026-09-29T19:02:17.496Z
30.09.2026;22:00;Uruguay;Copa Uruguay;Defensor Sporting;Plaza Colonia;id1003712774507942;pinnacle;Asian Handicap;-0.25;1;1.478;1.487;2026-09-29T19:02:17.496Z
30.09.2026;22:00;Uruguay;Copa Uruguay;Defensor Sporting;Plaza Colonia;id1003712774507942;pinnacle;Asian Handicap;-0.25;2;2.39;2.44;2026-09-29T19:02:17.496Z
30.09.2026;22:00;Uruguay;Copa Uruguay;Defensor Sporting;Plaza Colonia;id1003712774507942;pinnacle;Asian Handicap;0.0;1;1.252;1.26;2026-09-29T19:02:17.496Z
30.09.2026;22:00;Uruguay;Copa Uruguay;Defensor Sporting;Plaza Colonia;id1003712774507942;pinnacle;Asian Handicap;0.0;2;3.35;3.44;2026-09-29T19:02:17.496Z
30.09.2026;22:00;Uruguay;Copa Uruguay;Defensor Sporting;Plaza Colonia;id1003712774507942;pinnacle;Over Under Full Time;1.5;Over;1.434;1.436;2026-09-29T19:02:17.496Z
30.09.2026;22:00;Uruguay;Copa Uruguay;Defensor Sporting;Plaza Colonia;id1003712774507942;pinnacle;Over Under Full Time;1.5;Under;2.46;2.58;2026-09-29T19:02:17.496Z
30.09.2026;22:00;Guatemala;Primera Division;Deportivo Coatepeque;Quiche FC;id1004800074508412;bet365;Full Time Result;0.0;1;1.77;1.77;2026-09-29T18:21:09.891Z
30.09.2026;22:00;Guatemala;Primera Division;Deportivo Coatepeque;Quiche FC;id1004800074508412;bet365;Full Time Result;0.0;X;3.25;3.25;2026-09-29T18:21:09.891Z
30.09.2026;22:00;Guatemala;Primera Division;Deportivo Coatepeque;Quiche FC;id1004800074508412;bet365;Full Time Result;0.0;2;4.1;4.1;2026-09-29T18:21:09.891Z
30.09.2026;22:00;Guatemala;Primera Division;Deportivo Coatepeque;Quiche FC;id1004800074508412;bet365;Over Under Full Time;2.5;Over;2.15;2.15;2026-09-29T19:01:14.303Z
30.09.2026;22:00;Guatemala;Primera Division;Deportivo Coatepeque;Quiche FC;id1004800074508412;bet365;Over Under Full Time;2.5;Under;1.63;1.63;2026-09-29T19:01:14.303Z
30.09.2026;22:00;Guatemala;Primera Division;Deportivo Coatepeque;Quiche FC;id1004800074508412;bet365;Double Chance Full Time;0.0;1X;1.13;1.13;2026-09-29T18:21:09.891Z
30.09.2026;22:00;Guatemala;Primera Division;Deportivo Coatepeque;Quiche FC;id1004800074508412;bet365;Double Chance Full Time;0.0;12;1.22;1.22;2026-09-29T18:21:09.891Z
30.09.2026;22:00;Guatemala;Primera Division;Deportivo Coatepeque;Quiche FC;id1004800074508412;bet365;Double Chance Full Time;0.0;2X;1.8;1.8;2026-09-29T18:21:09.891Z
30.09.2026;22:00;Guatemala;Primera Division;Deportivo Coatepeque;Quiche FC;id1004800074508412;bet365;First Half Result;0.0;1;2.4;2.4;2026-09-29T18:21:09.891Z
30.09.2026;22:00;Guatemala;Primera Division;Deportivo Coatepeque;Quiche FC;id1004800074508412;bet365;First Half Result;0.0;X;2.1;2.1;2026-09-29T18:21:09.891Z
30.09.2026;22:00;Guatemala;Primera Division;Deportivo Coatepeque;Quiche FC;id1004800074508412;bet365;First Half Result;0.0;2;4.5;4.5;2026-09-29T18:21:09.891Z
30.09.2026;22:30;Venezuela;Segunda Division;Atletico El Vigia;Zamora FC Barinas II;id1001730274938538;bet365;Full Time Result;0.0;1;2.62;2.62;2026-09-29T18:14:40.538Z
30.09.2026;22:30;Venezuela;Segunda Division;Atletico El Vigia;Zamora FC Barinas II;id1001730274938538;bet365;Full Time Result;0.0;X;3.4;3.4;2026-09-29T18:14:40.538Z
30.09.2026;22:30;Venezuela;Segunda Division;Atletico El Vigia;Zamora FC Barinas II;id1001730274938538;bet365;Full Time Result;0.0;2;2.25;2.25;2026-09-29T18:14:40.538Z
30.09.2026;22:30;Venezuela;Segunda Division;Atletico El Vigia;Zamora FC Barinas II;id1001730274938538;bet365;Over Under Full Time;2.5;Over;1.72;1.72;2026-09-29T18:19:39.647Z
30.09.2026;22:30;Venezuela;Segunda Division;Atletico El Vigia;Zamora FC Barinas II;id1001730274938538;bet365;Over Under Full Time;2.5;Under;2.02;2.02;2026-09-29T18:19:39.647Z
30.09.2026;22:30;Venezuela;Segunda Division;Atletico El Vigia;Zamora FC Barinas II;id1001730274938538;bet365;Double Chance Full Time;0.0;1X;1.5;1.5;2026-09-29T18:14:40.538Z
30.09.2026;22:30;Venezuela;Segunda Division;Atletico El Vigia;Zamora FC Barinas II;id1001730274938538;bet365;Double Chance Full Time;0.0;12;1.22;1.22;2026-09-29T18:14:40.538Z
30.09.2026;22:30;Venezuela;Segunda Division;Atletico El Vigia;Zamora FC Barinas II;id1001730274938538;bet365;Double Chance Full Time;0.0;2X;1.37;1.37;2026-09-29T18:14:40.538Z
30.09.2026;22:30;Venezuela;Segunda Division;Atletico El Vigia;Zamora FC Barinas II;id1001730274938538;bet365;First Half Result;0.0;1;3.1;3.1;2026-09-29T18:14:40.538Z
30.09.2026;22:30;Venezuela;Segunda Division;Atletico El Vigia;Zamora FC Barinas II;id1001730274938538;bet365;First Half Result;0.0;X;2.25;2.25;2026-09-29T18:14:40.538Z
30.09.2026;22:30;Venezuela;Segunda Division;Atletico El Vigia;Zamora FC Barinas II;id1001730274938538;bet365;First Half Result;0.0;2;2.87;2.87;2026-09-29T18:14:40.538Z
30.09.2026;23:00;Peru;Liga 1;Cienciano;Los Chankas CYC;id1000040674272460;bet365;Full Time Result;0.0;1;1.41;1.37;2026-09-29T17:23:54.432Z
30.09.2026;23:00;Peru;Liga 1;Cienciano;Los Chankas CYC;id1000040674272460;bet365;Full Time Result;0.0;X;4.2;5.0;2026-09-29T17:23:54.432Z
30.09.2026;23:00;Peru;Liga 1;Cienciano;Los Chankas CYC;id1000040674272460;bet365;Full Time Result;0.0;2;6.25;6.25;2026-09-29T17:23:54.432Z
30.09.2026;23:00;Peru;Liga 1;Cienciano;Los Chankas CYC;id1000040674272460;bet365;Over Under Full Time;2.5;Over;1.5;1.41;2026-09-29T18:55:33.030Z
30.09.2026;23:00;Peru;Liga 1;Cienciano;Los Chankas CYC;id1000040674272460;bet365;Over Under Full Time;2.5;Under;2.4;2.7;2026-09-29T18:55:33.030Z
30.09.2026;23:00;Peru;Liga 1;Cienciano;Los Chankas CYC;id1000040674272460;bet365;Over Under Full Time;3.5;Over;2.25;2.1;2026-09-29T18:55:33.030Z
30.09.2026;23:00;Peru;Liga 1;Cienciano;Los Chankas CYC;id1000040674272460;bet365;Over Under Full Time;3.5;Under;1.54;1.63;2026-09-29T18:55:33.030Z
30.09.2026;23:00;Peru;Liga 1;Cienciano;Los Chankas CYC;id1000040674272460;bet365;Over Under Full Time;4.5;Over;4.0;3.5;2026-09-29T18:55:33.030Z
30.09.2026;23:00;Peru;Liga 1;Cienciano;Los Chankas CYC;id1000040674272460;bet365;Over Under Full Time;4.5;Under;1.19;1.25;2026-09-29T18:55:33.030Z
30.09.2026;23:00;Peru;Liga 1;Cienciano;Los Chankas CYC;id1000040674272460;bet365;Double Chance Full Time;0.0;1X;1.061;1.1;2026-09-29T17:23:54.432Z
30.09.2026;23:00;Peru;Liga 1;Cienciano;Los Chankas CYC;id1000040674272460;bet365;Double Chance Full Time;0.0;12;1.13;1.13;2026-09-29T17:23:54.432Z
30.09.2026;23:00;Peru;Liga 1;Cienciano;Los Chankas CYC;id1000040674272460;bet365;Double Chance Full Time;0.0;2X;3.0;2.75;2026-09-29T17:23:54.432Z
30.09.2026;23:00;Peru;Liga 1;Cienciano;Los Chankas CYC;id1000040674272460;bet365;First Half Result;0.0;1;1.77;1.8;2026-09-29T17:23:54.432Z
30.09.2026;23:00;Peru;Liga 1;Cienciano;Los Chankas CYC;id1000040674272460;bet365;First Half Result;0.0;X;2.62;2.75;2026-09-29T17:23:54.432Z
30.09.2026;23:00;Peru;Liga 1;Cienciano;Los Chankas CYC;id1000040674272460;bet365;First Half Result;0.0;2;6.5;6.0;2026-09-29T17:23:54.432Z
30.09.2026;23:00;Peru;Liga 1;Cienciano;Los Chankas CYC;id1000040674272460;bet365;Second Half Result;0.0;1;1.58;1.63;2026-09-29T17:23:54.432Z
30.09.2026;23:00;Peru;Liga 1;Cienciano;Los Chankas CYC;id1000040674272460;bet365;Second Half Result;0.0;X;3.0;3.0;2026-09-29T17:23:54.432Z
30.09.2026;23:00;Peru;Liga 1;Cienciano;Los Chankas CYC;id1000040674272460;bet365;Second Half Result;0.0;2;6.0;5.5;2026-09-29T17:23:54.432Z
30.09.2026;23:00;Peru;Liga 1;Cienciano;Los Chankas CYC;id1000040674272460;bet365;Over Under Team 1 First Half;0.5;Over;1.41;1.41;2026-09-29T17:23:54.432Z
30.09.2026;23:00;Peru;Liga 1;Cienciano;Los Chankas CYC;id1000040674272460;bet365;Over Under Team 1 First Half;0.5;Under;2.62;2.62;2026-09-29T17:23:54.432Z
30.09.2026;23:00;Peru;Liga 1;Cienciano;Los Chankas CYC;id1000040674272460;bet365;Over Under Team 1 First Half;1.5;Over;3.2;3.2;2026-09-29T17:23:54.432Z
30.09.2026;23:00;Peru;Liga 1;Cienciano;Los Chankas CYC;id1000040674272460;bet365;Over Under Team 1 First Half;1.5;Under;1.3;1.3;2026-09-29T17:23:54.432Z
30.09.2026;23:00;Peru;Liga 1;Cienciano;Los Chankas CYC;id1000040674272460;bet365;Over Under Team 1 First Half;2.5;Over;9.0;9.0;2026-09-29T17:23:54.432Z
30.09.2026;23:00;Peru;Liga 1;Cienciano;Los Chankas CYC;id1000040674272460;bet365;Over Under Team 1 First Half;2.5;Under;1.052;1.052;2026-09-29T17:23:54.432Z
30.09.2026;23:00;Peru;Liga 1;Cienciano;Los Chankas CYC;id1000040674272460;bet365;Over Under Team 1 First Half;3.5;Over;23.0;23.0;2026-09-29T17:23:54.432Z
30.09.2026;23:00;Peru;Liga 1;Cienciano;Los Chankas CYC;id1000040674272460;bet365;Over Under Team 1 First Half;3.5;Under;1.012;1.012;2026-09-29T17:23:54.432Z
30.09.2026;23:00;Peru;Liga 1;Cienciano;Los Chankas CYC;id1000040674272460;bet365;Over Under Team 1 First Half;4.5;Over;41.0;41.0;2026-09-29T17:23:54.432Z
30.09.2026;23:00;Peru;Liga 1;Cienciano;Los Chankas CYC;id1000040674272460;bet365;Over Under Team 2 First Half;0.5;Over;2.87;2.62;2026-09-29T17:23:54.432Z
30.09.2026;23:00;Peru;Liga 1;Cienciano;Los Chankas CYC;id1000040674272460;bet365;Over Under Team 2 First Half;0.5;Under;1.33;1.41;2026-09-29T17:23:54.432Z
30.09.2026;23:00;Peru;Liga 1;Cienciano;Los Chankas CYC;id1000040674272460;bet365;Over Under Team 2 First Half;1.5;Over;15.0;13.0;2026-09-29T17:23:54.432Z
30.09.2026;23:00;Peru;Liga 1;Cienciano;Los Chankas CYC;id1000040674272460;bet365;Over Under Team 2 First Half;1.5;Under;1.03;1.037;2026-09-29T17:23:54.432Z
30.09.2026;23:00;Peru;Liga 1;Cienciano;Los Chankas CYC;id1000040674272460;bet365;Over Under Team 2 First Half;2.5;Over;41.0;41.0;2026-09-29T17:23:54.432Z
30.09.2026;23:00;Peru;Liga 1;Cienciano;Los Chankas CYC;id1000040674272460;bet365;Over Under Team 1 Second Half;0.5;Over;1.27;1.27;2026-09-29T17:23:54.432Z
30.09.2026;23:00;Peru;Liga 1;Cienciano;Los Chankas CYC;id1000040674272460;bet365;Over Under Team 1 Second Half;0.5;Under;3.4;3.4;2026-09-29T17:23:54.432Z
30.09.2026;23:00;Peru;Liga 1;Cienciano;Los Chankas CYC;id1000040674272460;bet365;Over Under Team 1 Second Half;1.5;Over;2.5;2.5;2026-09-29T17:23:54.432Z
30.09.2026;23:00;Peru;Liga 1;Cienciano;Los Chankas CYC;id1000040674272460;bet365;Over Under Team 1 Second Half;1.5;Under;1.5;1.5;2026-09-29T17:23:54.432Z
30.09.2026;23:00;Peru;Liga 1;Cienciano;Los Chankas CYC;id1000040674272460;bet365;Over Under Team 1 Second Half;2.5;Over;6.0;6.0;2026-09-29T17:23:54.432Z
30.09.2026;23:00;Peru;Liga 1;Cienciano;Los Chankas CYC;id1000040674272460;bet365;Over Under Team 1 Second Half;2.5;Under;1.1;1.1;2026-09-29T17:23:54.432Z
30.09.2026;23:00;Peru;Liga 1;Cienciano;Los Chankas CYC;id1000040674272460;bet365;Over Under Team 1;0.5;Over;1.052;1.061;2026-09-29T17:23:54.432Z
30.09.2026;23:00;Peru;Liga 1;Cienciano;Los Chankas CYC;id1000040674272460;bet365;Over Under Team 1;0.5;Under;10.0;9.0;2026-09-29T17:23:54.432Z
30.09.2026;23:00;Peru;Liga 1;Cienciano;Los Chankas CYC;id1000040674272460;bet365;Over Under Team 1 Second Half;3.5;Over;15.0;15.0;2026-09-29T17:23:54.432Z
30.09.2026;23:00;Peru;Liga 1;Cienciano;Los Chankas CYC;id1000040674272460;bet365;Over Under Team 1 Second Half;3.5;Under;1.025;1.025;2026-09-29T17:23:54.432Z
30.09.2026;23:00;Peru;Liga 1;Cienciano;Los Chankas CYC;id1000040674272460;bet365;Over Under Team 1 Second Half;4.5;Over;34.0;34.0;2026-09-29T17:23:54.432Z
30.09.2026;23:00;Peru;Liga 1;Cienciano;Los Chankas CYC;id1000040674272460;bet365;Over Under Team 2 Second Half;0.5;Over;2.37;2.2;2026-09-29T17:23:54.432Z
30.09.2026;23:00;Peru;Liga 1;Cienciano;Los Chankas CYC;id1000040674272460;bet365;Over Under Team 2 Second Half;0.5;Under;1.5;1.58;2026-09-29T17:23:54.432Z
30.09.2026;23:00;Peru;Liga 1;Cienciano;Los Chankas CYC;id1000040674272460;bet365;Over Under Team 2 Second Half;1.5;Over;9.5;8.0;2026-09-29T17:23:54.432Z
30.09.2026;23:00;Peru;Liga 1;Cienciano;Los Chankas CYC;id1000040674272460;bet365;Over Under Team 2 Second Half;1.5;Under;1.052;1.061;2026-09-29T17:23:54.432Z
30.09.2026;23:00;Peru;Liga 1;Cienciano;Los Chankas CYC;id1000040674272460;bet365;Over Under Team 2 Second Half;2.5;Over;34.0;29.0;2026-09-29T17:23:54.432Z
30.09.2026;23:00;Peru;Liga 1;Cienciano;Los Chankas CYC;id1000040674272460;bet365;Over Under Team 2 Second Half;2.5;Under;1.008;1.01;2026-09-29T17:23:54.432Z
30.09.2026;23:00;Peru;Liga 1;Cienciano;Los Chankas CYC;id1000040674272460;bet365;Over Under Team 2 Second Half;3.5;Over;67.0;51.0;2026-09-29T17:23:54.432Z
30.09.2026;23:00;Peru;Liga 1;Cienciano;Los Chankas CYC;id1000040674272460;bet365;Over Under Team 1;1.5;Over;1.33;1.33;2026-09-29T17:23:54.432Z
30.09.2026;23:00;Peru;Liga 1;Cienciano;Los Chankas CYC;id1000040674272460;bet365;Over Under Team 1;1.5;Under;3.0;3.0;2026-09-29T17:23:54.432Z
30.09.2026;23:00;Peru;Liga 1;Cienciano;Los Chankas CYC;id1000040674272460;bet365;Over Under Team 1;2.5;Over;2.2;2.2;2026-09-29T17:23:54.432Z
30.09.2026;23:00;Peru;Liga 1;Cienciano;Los Chankas CYC;id1000040674272460;bet365;Over Under Team 1;2.5;Under;1.58;1.58;2026-09-29T17:23:54.432Z
30.09.2026;23:00;Peru;Liga 1;Cienciano;Los Chankas CYC;id1000040674272460;bet365;Over Under Team 1;3.5;Over;4.0;4.0;2026-09-29T17:23:54.432Z
30.09.2026;23:00;Peru;Liga 1;Cienciano;Los Chankas CYC;id1000040674272460;bet365;Over Under Team 1;3.5;Under;1.19;1.19;2026-09-29T17:23:54.432Z
30.09.2026;23:00;Peru;Liga 1;Cienciano;Los Chankas CYC;id1000040674272460;bet365;Over Under Team 1;4.5;Over;9.0;9.0;2026-09-29T17:23:54.432Z
30.09.2026;23:00;Peru;Liga 1;Cienciano;Los Chankas CYC;id1000040674272460;bet365;Over Under Team 1;4.5;Under;1.061;1.061;2026-09-29T17:23:54.432Z
30.09.2026;23:00;Peru;Liga 1;Cienciano;Los Chankas CYC;id1000040674272460;bet365;Over Under Team 2;0.5;Over;1.58;1.47;2026-09-29T17:23:54.432Z
30.09.2026;23:00;Peru;Liga 1;Cienciano;Los Chankas CYC;id1000040674272460;bet365;Over Under Team 2;0.5;Under;2.2;2.5;2026-09-29T17:23:54.432Z
30.09.2026;23:00;Peru;Liga 1;Cienciano;Los Chankas CYC;id1000040674272460;bet365;Over Under Team 2;1.5;Over;4.0;3.5;2026-09-29T17:23:54.432Z
30.09.2026;23:00;Peru;Liga 1;Cienciano;Los Chankas CYC;id1000040674272460;bet365;Over Under Team 2;1.5;Under;1.19;1.25;2026-09-29T17:23:54.432Z
30.09.2026;23:00;Peru;Liga 1;Cienciano;Los Chankas CYC;id1000040674272460;bet365;Over Under Team 2;2.5;Over;13.0;11.0;2026-09-29T17:23:54.432Z
30.09.2026;23:00;Peru;Liga 1;Cienciano;Los Chankas CYC;id1000040674272460;bet365;Over Under Team 2;2.5;Under;1.032;1.04;2026-09-29T17:23:54.432Z
30.09.2026;23:00;Peru;Liga 1;Cienciano;Los Chankas CYC;id1000040674272460;bet365;Over Under Team 2;3.5;Over;41.0;29.0;2026-09-29T17:23:54.432Z
30.09.2026;23:00;Peru;Liga 1;Cienciano;Los Chankas CYC;id1000040674272460;bet365;Over Under First Half;0.5;Over;1.22;1.19;2026-09-29T17:23:54.432Z
30.09.2026;23:00;Peru;Liga 1;Cienciano;Los Chankas CYC;id1000040674272460;bet365;Over Under First Half;0.5;Under;3.75;4.0;2026-09-29T17:23:54.432Z
30.09.2026;23:00;Peru;Liga 1;Cienciano;Los Chankas CYC;id1000040674272460;bet365;Over Under First Half;1.5;Over;2.2;2.1;2026-09-29T17:23:54.432Z
30.09.2026;23:00;Peru;Liga 1;Cienciano;Los Chankas CYC;id1000040674272460;bet365;Over Under First Half;1.5;Under;1.58;1.63;2026-09-29T17:23:54.432Z
30.09.2026;23:00;Peru;Liga 1;Cienciano;Los Chankas CYC;id1000040674272460;bet365;Over Under First Half;2.5;Over;5.0;4.5;2026-09-29T17:23:54.432Z
30.09.2026;23:00;Peru;Liga 1;Cienciano;Los Chankas CYC;id1000040674272460;bet365;Over Under First Half;2.5;Under;1.13;1.15;2026-09-29T17:23:54.432Z
30.09.2026;23:00;Peru;Liga 1;Cienciano;Los Chankas CYC;id1000040674272460;bet365;Over Under First Half;3.5;Over;13.0;13.0;2026-09-29T17:23:54.432Z
30.09.2026;23:00;Peru;Liga 1;Cienciano;Los Chankas CYC;id1000040674272460;bet365;Over Under First Half;3.5;Under;1.032;1.032;2026-09-29T17:23:54.432Z
30.09.2026;23:00;Peru;Liga 1;Cienciano;Los Chankas CYC;id1000040674272460;bet365;Over Under First Half;4.5;Over;29.0;29.0;2026-09-29T17:23:54.432Z
30.09.2026;23:00;Peru;Liga 1;Cienciano;Los Chankas CYC;id1000040674272460;bet365;Over Under Second Half;0.5;Over;1.11;1.11;2026-09-29T17:23:54.432Z
30.09.2026;23:00;Peru;Liga 1;Cienciano;Los Chankas CYC;id1000040674272460;bet365;Over Under Second Half;0.5;Under;5.5;5.5;2026-09-29T17:23:54.432Z
30.09.2026;23:00;Peru;Liga 1;Cienciano;Los Chankas CYC;id1000040674272460;bet365;Over Under Second Half;1.5;Over;1.69;1.63;2026-09-29T17:23:54.432Z
30.09.2026;23:00;Peru;Liga 1;Cienciano;Los Chankas CYC;id1000040674272460;bet365;Over Under Second Half;1.5;Under;1.97;2.1;2026-09-29T17:23:54.432Z
30.09.2026;23:00;Peru;Liga 1;Cienciano;Los Chankas CYC;id1000040674272460;bet365;Over Under Second Half;2.5;Over;3.4;3.25;2026-09-29T17:23:54.432Z
30.09.2026;23:00;Peru;Liga 1;Cienciano;Los Chankas CYC;id1000040674272460;bet365;Over Under Second Half;2.5;Under;1.27;1.3;2026-09-29T17:23:54.432Z
30.09.2026;23:00;Peru;Liga 1;Cienciano;Los Chankas CYC;id1000040674272460;bet365;Over Under Second Half;3.5;Over;8.0;7.0;2026-09-29T17:23:54.432Z
30.09.2026;23:00;Peru;Liga 1;Cienciano;Los Chankas CYC;id1000040674272460;bet365;Over Under Second Half;3.5;Under;1.068;1.08;2026-09-29T17:23:54.432Z
30.09.2026;23:00;Peru;Liga 1;Cienciano;Los Chankas CYC;id1000040674272460;bet365;Over Under Second Half;4.5;Over;19.0;17.0;2026-09-29T17:23:54.432Z
30.09.2026;23:00;Peru;Liga 1;Cienciano;Los Chankas CYC;id1000040674272460;bet365;Over Under Second Half;4.5;Under;1.016;1.02;2026-09-29T17:23:54.432Z
30.09.2026;23:00;Peru;Liga 1;Cienciano;Los Chankas CYC;id1000040674272460;bet365;Both Teams To Score;0.0;Yes;1.63;1.63;2026-09-29T17:23:54.432Z
30.09.2026;23:00;Peru;Liga 1;Cienciano;Los Chankas CYC;id1000040674272460;bet365;Both Teams To Score;0.0;No;2.1;2.1;2026-09-29T17:23:54.432Z
30.09.2026;23:00;Peru;Liga 1;Cienciano;Los Chankas CYC;id1000040674272460;bet365;Over Under Full Time;0.5;Over;1.02;1.012;2026-09-29T18:55:33.030Z
30.09.2026;23:00;Peru;Liga 1;Cienciano;Los Chankas CYC;id1000040674272460;bet365;Over Under Full Time;0.5;Under;17.0;21.0;2026-09-29T18:55:33.030Z
30.09.2026;23:00;Peru;Liga 1;Cienciano;Los Chankas CYC;id1000040674272460;bet365;Over Under Full Time;1.5;Over;1.13;1.1;2026-09-29T18:55:33.030Z
30.09.2026;23:00;Peru;Liga 1;Cienciano;Los Chankas CYC;id1000040674272460;bet365;Over Under Full Time;1.5;Under;5.0;6.0;2026-09-29T18:55:33.030Z
30.09.2026;23:00;Peru;Liga 1;Cienciano;Los Chankas CYC;id1000040674272460;pinnacle;Full Time Result;0.0;1;1.371;1.393;2026-09-29T17:02:33.948Z
30.09.2026;23:00;Peru;Liga 1;Cienciano;Los Chankas CYC;id1000040674272460;pinnacle;Full Time Result;0.0;X;4.92;4.76;2026-09-29T17:02:33.948Z
30.09.2026;23:00;Peru;Liga 1;Cienciano;Los Chankas CYC;id1000040674272460;pinnacle;Full Time Result;0.0;2;6.87;6.37;2026-09-29T17:02:33.948Z
30.09.2026;23:00;Peru;Liga 1;Cienciano;Los Chankas CYC;id1000040674272460;pinnacle;Over Under Full Time;2.5;Over;1.465;1.452;2026-09-29T17:02:33.948Z
30.09.2026;23:00;Peru;Liga 1;Cienciano;Los Chankas CYC;id1000040674272460;pinnacle;Over Under Full Time;2.5;Under;2.58;2.59;2026-09-29T17:02:33.948Z
30.09.2026;23:00;Peru;Liga 1;Cienciano;Los Chankas CYC;id1000040674272460;pinnacle;Over Under Full Time;3.5;Over;2.19;2.16;2026-09-29T17:02:33.948Z
30.09.2026;23:00;Peru;Liga 1;Cienciano;Los Chankas CYC;id1000040674272460;pinnacle;Over Under Full Time;3.5;Under;1.653;1.657;2026-09-29T17:02:33.948Z
30.09.2026;23:00;Peru;Liga 1;Cienciano;Los Chankas CYC;id1000040674272460;pinnacle;Double Chance Full Time;0.0;12;1.172;1.175;2026-09-29T17:02:36.647Z
30.09.2026;23:00;Peru;Liga 1;Cienciano;Los Chankas CYC;id1000040674272460;pinnacle;Double Chance Full Time;0.0;2X;3.05;2.91;2026-09-29T17:02:36.647Z
30.09.2026;23:00;Peru;Liga 1;Cienciano;Los Chankas CYC;id1000040674272460;pinnacle;First Half Result;0.0;1;1.74;1.757;2026-09-29T17:02:33.948Z
30.09.2026;23:00;Peru;Liga 1;Cienciano;Los Chankas CYC;id1000040674272460;pinnacle;First Half Result;0.0;X;2.67;2.65;2026-09-29T17:02:33.948Z
30.09.2026;23:00;Peru;Liga 1;Cienciano;Los Chankas CYC;id1000040674272460;pinnacle;First Half Result;0.0;2;5.93;5.62;2026-09-29T17:02:33.948Z
30.09.2026;23:00;Peru;Liga 1;Cienciano;Los Chankas CYC;id1000040674272460;pinnacle;Over Under Team 1 First Half;0.5;Over;1.408;1.408;2026-09-29T17:02:33.948Z
30.09.2026;23:00;Peru;Liga 1;Cienciano;Los Chankas CYC;id1000040674272460;pinnacle;Over Under Team 1 First Half;0.5;Under;2.65;2.62;2026-09-29T17:02:33.948Z
30.09.2026;23:00;Peru;Liga 1;Cienciano;Los Chankas CYC;id1000040674272460;pinnacle;Over Under Team 2 First Half;0.5;Over;2.66;2.64;2026-09-29T10:01:09.553Z
30.09.2026;23:00;Peru;Liga 1;Cienciano;Los Chankas CYC;id1000040674272460;pinnacle;Over Under Team 2 First Half;0.5;Under;1.406;1.403;2026-09-29T10:01:09.553Z
30.09.2026;23:00;Peru;Liga 1;Cienciano;Los Chankas CYC;id1000040674272460;pinnacle;Over Under Team 1;2.5;Over;2.19;2.21;2026-09-29T17:02:33.948Z
30.09.2026;23:00;Peru;Liga 1;Cienciano;Los Chankas CYC;id1000040674272460;pinnacle;Over Under Team 1;2.5;Under;1.657;1.632;2026-09-29T17:02:33.948Z
30.09.2026;23:00;Peru;Liga 1;Cienciano;Los Chankas CYC;id1000040674272460;pinnacle;Over Under Team 2;0.5;Over;1.561;1.523;2026-09-29T17:02:33.948Z
30.09.2026;23:00;Peru;Liga 1;Cienciano;Los Chankas CYC;id1000040674272460;pinnacle;Over Under Team 2;0.5;Under;2.38;2.45;2026-09-29T17:02:33.948Z
30.09.2026;23:00;Peru;Liga 1;Cienciano;Los Chankas CYC;id1000040674272460;pinnacle;Both Teams To Score;0.0;Yes;1.666;1.666;2026-09-29T17:02:36.647Z
30.09.2026;23:00;Peru;Liga 1;Cienciano;Los Chankas CYC;id1000040674272460;pinnacle;Both Teams To Score;0.0;No;2.15;2.15;2026-09-29T17:02:36.647Z
30.09.2026;23:00;Peru;Liga 1;Cienciano;Los Chankas CYC;id1000040674272460;pinnacle;Asian Handicap;-2.0;1;2.79;2.83;2026-09-29T17:02:33.948Z
30.09.2026;23:00;Peru;Liga 1;Cienciano;Los Chankas CYC;id1000040674272460;pinnacle;Asian Handicap;-2.0;2;1.414;1.393;2026-09-29T17:02:33.948Z
30.09.2026;23:00;Peru;Liga 1;Cienciano;Los Chankas CYC;id1000040674272460;pinnacle;Asian Handicap;-1.75;1;2.3;2.32;2026-09-29T17:02:33.948Z
30.09.2026;23:00;Peru;Liga 1;Cienciano;Los Chankas CYC;id1000040674272460;pinnacle;Asian Handicap;-1.75;2;1.609;1.568;2026-09-29T17:02:33.948Z
30.09.2026;23:00;Peru;Liga 1;Cienciano;Los Chankas CYC;id1000040674272460;pinnacle;Asian Handicap;-1.5;1;2.029;2.04;2026-09-29T17:02:33.948Z
30.09.2026;23:00;Peru;Liga 1;Cienciano;Los Chankas CYC;id1000040674272460;pinnacle;Asian Handicap;-1.5;2;1.806;1.751;2026-09-29T17:02:33.948Z
30.09.2026;23:00;Peru;Liga 1;Cienciano;Los Chankas CYC;id1000040674272460;pinnacle;Asian Handicap First Half;-0.5;1;1.74;1.757;2026-09-29T17:02:33.948Z
30.09.2026;23:00;Peru;Liga 1;Cienciano;Los Chankas CYC;id1000040674272460;pinnacle;Asian Handicap First Half;-0.5;2;1.99;1.952;2026-09-29T17:02:33.948Z
30.09.2026;23:00;Peru;Liga 1;Cienciano;Los Chankas CYC;id1000040674272460;pinnacle;Asian Handicap;-1.25;1;1.787;1.833;2026-09-29T17:02:33.948Z
30.09.2026;23:00;Peru;Liga 1;Cienciano;Los Chankas CYC;id1000040674272460;pinnacle;Asian Handicap;-1.25;2;2.009;1.97;2026-09-29T17:02:33.948Z
30.09.2026;23:00;Peru;Liga 1;Cienciano;Los Chankas CYC;id1000040674272460;pinnacle;Asian Handicap;-1.0;1;1.549;1.595;2026-09-29T17:02:33.948Z
30.09.2026;23:00;Peru;Liga 1;Cienciano;Los Chankas CYC;id1000040674272460;pinnacle;Asian Handicap;-1.0;2;2.38;2.31;2026-09-29T17:02:33.948Z
30.09.2026;23:00;Peru;Liga 1;Cienciano;Los Chankas CYC;id1000040674272460;pinnacle;Asian Handicap;-0.75;1;1.436;1.46;2026-09-29T17:02:33.948Z
30.09.2026;23:00;Peru;Liga 1;Cienciano;Los Chankas CYC;id1000040674272460;pinnacle;Asian Handicap;-0.75;2;2.71;2.59;2026-09-29T17:02:33.948Z
30.09.2026;23:00;Peru;Liga 1;Cienciano;Los Chankas CYC;id1000040674272460;pinnacle;Asian Handicap;-0.5;1;1.383;1.38;2026-09-29T17:02:33.948Z
30.09.2026;23:00;Peru;Liga 1;Cienciano;Los Chankas CYC;id1000040674272460;pinnacle;Asian Handicap;-0.5;2;2.88;2.89;2026-09-29T17:02:33.948Z
30.09.2026;23:00;Paraguay;Copa Paraguay;Independiente Campo Grande;Nacional Asuncion;id1002900374598540;bet365;Full Time Result;0.0;1;4.0;4.0;2026-09-29T18:14:53.808Z
30.09.2026;23:00;Paraguay;Copa Paraguay;Independiente Campo Grande;Nacional Asuncion;id1002900374598540;bet365;Full Time Result;0.0;X;3.5;3.5;2026-09-29T18:14:53.808Z
30.09.2026;23:00;Paraguay;Copa Paraguay;Independiente Campo Grande;Nacional Asuncion;id1002900374598540;bet365;Full Time Result;0.0;2;1.69;1.69;2026-09-29T18:14:53.808Z
30.09.2026;23:00;Paraguay;Copa Paraguay;Independiente Campo Grande;Nacional Asuncion;id1002900374598540;bet365;Over Under Full Time;2.5;Over;1.77;1.77;2026-09-29T18:14:53.808Z
30.09.2026;23:00;Paraguay;Copa Paraguay;Independiente Campo Grande;Nacional Asuncion;id1002900374598540;bet365;Over Under Full Time;2.5;Under;1.97;1.97;2026-09-29T18:14:53.808Z
30.09.2026;23:00;Paraguay;Copa Paraguay;Independiente Campo Grande;Nacional Asuncion;id1002900374598540;bet365;Double Chance Full Time;0.0;1X;1.87;1.87;2026-09-29T18:14:53.808Z
30.09.2026;23:00;Paraguay;Copa Paraguay;Independiente Campo Grande;Nacional Asuncion;id1002900374598540;bet365;Double Chance Full Time;0.0;12;1.19;1.19;2026-09-29T18:14:53.808Z
30.09.2026;23:00;Paraguay;Copa Paraguay;Independiente Campo Grande;Nacional Asuncion;id1002900374598540;bet365;Double Chance Full Time;0.0;2X;1.13;1.13;2026-09-29T18:14:53.808Z
30.09.2026;23:00;Paraguay;Copa Paraguay;Independiente Campo Grande;Nacional Asuncion;id1002900374598540;bet365;First Half Result;0.0;1;4.33;4.33;2026-09-29T18:14:53.808Z
30.09.2026;23:00;Paraguay;Copa Paraguay;Independiente Campo Grande;Nacional Asuncion;id1002900374598540;bet365;First Half Result;0.0;X;2.25;2.25;2026-09-29T18:14:53.808Z
30.09.2026;23:00;Paraguay;Copa Paraguay;Independiente Campo Grande;Nacional Asuncion;id1002900374598540;bet365;First Half Result;0.0;2;2.3;2.3;2026-09-29T18:14:53.808Z
