tarih;saat;ulke;lig;ev;deplasman;fixtureId;sirket;market;cizgi;secim;acilis_oran;son_oran;degisim_utc
28.09.2026;16:00;Greece;Super League 2;Athens Kallithea FC;Asteras Tripolis B;id1000018674172416;bet365;Full Time Result;0.0;1;1.57;1.57;2026-09-28T01:23:37.420Z
28.09.2026;16:00;Greece;Super League 2;Athens Kallithea FC;Asteras Tripolis B;id1000018674172416;bet365;Full Time Result;0.0;X;3.4;3.5;2026-09-28T00:06:06.731Z
28.09.2026;16:00;Greece;Super League 2;Athens Kallithea FC;Asteras Tripolis B;id1000018674172416;bet365;Full Time Result;0.0;2;5.5;5.75;2026-09-28T00:06:06.731Z
28.09.2026;16:00;Greece;Super League 2;Athens Kallithea FC;Asteras Tripolis B;id1000018674172416;bet365;Over Under Full Time;2.5;Over;2.35;2.3;2026-09-28T01:23:37.420Z
28.09.2026;16:00;Greece;Super League 2;Athens Kallithea FC;Asteras Tripolis B;id1000018674172416;bet365;Over Under Full Time;2.5;Under;1.54;1.57;2026-09-28T01:23:37.420Z
28.09.2026;16:00;Greece;Super League 2;Athens Kallithea FC;Asteras Tripolis B;id1000018674172416;bet365;Double Chance Full Time;0.0;1X;1.1;1.1;2026-09-28T00:06:06.731Z
28.09.2026;16:00;Greece;Super League 2;Athens Kallithea FC;Asteras Tripolis B;id1000018674172416;bet365;Double Chance Full Time;0.0;12;1.27;1.25;2026-09-28T00:06:06.731Z
28.09.2026;16:00;Greece;Super League 2;Athens Kallithea FC;Asteras Tripolis B;id1000018674172416;bet365;Double Chance Full Time;0.0;2X;2.2;2.2;2026-09-28T00:06:06.731Z
28.09.2026;16:00;Greece;Super League 2;Athens Kallithea FC;Asteras Tripolis B;id1000018674172416;bet365;First Half Result;0.0;1;2.25;2.2;2026-09-28T00:06:06.731Z
28.09.2026;16:00;Greece;Super League 2;Athens Kallithea FC;Asteras Tripolis B;id1000018674172416;bet365;First Half Result;0.0;X;1.97;2.02;2026-09-28T00:06:06.731Z
28.09.2026;16:00;Greece;Super League 2;Athens Kallithea FC;Asteras Tripolis B;id1000018674172416;bet365;First Half Result;0.0;2;6.0;6.0;2026-09-28T00:06:06.731Z
28.09.2026;16:00;Greece;Super League 2;Athens Kallithea FC;Asteras Tripolis B;id1000018674172416;pinnacle;Full Time Result;0.0;1;1.675;1.645;2026-09-28T01:02:19.021Z
28.09.2026;16:00;Greece;Super League 2;Athens Kallithea FC;Asteras Tripolis B;id1000018674172416;pinnacle;Full Time Result;0.0;X;3.2;3.32;2026-09-28T01:02:19.021Z
28.09.2026;16:00;Greece;Super League 2;Athens Kallithea FC;Asteras Tripolis B;id1000018674172416;pinnacle;Full Time Result;0.0;2;4.74;5.09;2026-09-28T01:02:19.021Z
28.09.2026;16:00;Greece;Super League 2;Athens Kallithea FC;Asteras Tripolis B;id1000018674172416;pinnacle;Over Under Full Time;2.5;Over;2.27;2.27;2026-09-28T01:02:19.021Z
28.09.2026;16:00;Greece;Super League 2;Athens Kallithea FC;Asteras Tripolis B;id1000018674172416;pinnacle;Over Under Full Time;2.5;Under;1.555;1.578;2026-09-28T01:02:19.021Z
28.09.2026;16:00;Greece;Super League 2;Athens Kallithea FC;Asteras Tripolis B;id1000018674172416;pinnacle;Over Under Team 1 First Half;0.5;Over;1.826;1.793;2026-09-27T22:39:28.272Z
28.09.2026;16:00;Greece;Super League 2;Athens Kallithea FC;Asteras Tripolis B;id1000018674172416;pinnacle;Over Under Team 1 First Half;0.5;Under;1.854;1.917;2026-09-27T22:39:28.272Z
28.09.2026;16:00;Greece;Super League 2;Athens Kallithea FC;Asteras Tripolis B;id1000018674172416;pinnacle;Over Under Team 1;1.5;Over;2.02;1.99;2026-09-27T22:39:28.272Z
28.09.2026;16:00;Greece;Super League 2;Athens Kallithea FC;Asteras Tripolis B;id1000018674172416;pinnacle;Over Under Team 1;1.5;Under;1.714;1.763;2026-09-27T22:39:28.272Z
28.09.2026;16:00;Greece;Super League 2;Athens Kallithea FC;Asteras Tripolis B;id1000018674172416;pinnacle;Over Under Team 2;0.5;Over;1.769;1.813;2026-09-27T22:39:28.272Z
28.09.2026;16:00;Greece;Super League 2;Athens Kallithea FC;Asteras Tripolis B;id1000018674172416;pinnacle;Over Under Team 2;0.5;Under;1.943;1.934;2026-09-27T22:39:28.272Z
28.09.2026;16:00;Greece;Super League 2;Athens Kallithea FC;Asteras Tripolis B;id1000018674172416;pinnacle;Over Under First Half;0.5;Over;1.469;1.46;2026-09-27T22:39:28.272Z
28.09.2026;16:00;Greece;Super League 2;Athens Kallithea FC;Asteras Tripolis B;id1000018674172416;pinnacle;Over Under First Half;0.5;Under;2.46;2.54;2026-09-27T22:39:28.272Z
28.09.2026;16:00;Greece;Super League 2;Athens Kallithea FC;Asteras Tripolis B;id1000018674172416;pinnacle;Asian Handicap First Half;-0.75;1;2.82;2.75;2026-09-27T22:39:28.272Z
28.09.2026;16:00;Greece;Super League 2;Athens Kallithea FC;Asteras Tripolis B;id1000018674172416;pinnacle;Asian Handicap First Half;-0.75;2;1.348;1.381;2026-09-27T22:39:28.272Z
28.09.2026;16:00;Greece;Super League 2;Athens Kallithea FC;Asteras Tripolis B;id1000018674172416;pinnacle;Asian Handicap;-1.5;1;2.97;2.87;2026-09-28T01:02:19.021Z
28.09.2026;16:00;Greece;Super League 2;Athens Kallithea FC;Asteras Tripolis B;id1000018674172416;pinnacle;Asian Handicap;-1.5;2;1.34;1.361;2026-09-28T01:02:19.021Z
28.09.2026;16:00;Greece;Super League 2;Athens Kallithea FC;Asteras Tripolis B;id1000018674172416;pinnacle;Asian Handicap First Half;-0.5;1;2.23;2.18;2026-09-27T22:39:28.272Z
28.09.2026;16:00;Greece;Super League 2;Athens Kallithea FC;Asteras Tripolis B;id1000018674172416;pinnacle;Asian Handicap First Half;-0.5;2;1.568;1.613;2026-09-27T22:39:28.272Z
28.09.2026;16:00;Greece;Super League 2;Athens Kallithea FC;Asteras Tripolis B;id1000018674172416;pinnacle;Asian Handicap First Half;-0.25;1;1.781;1.746;2026-09-27T22:39:28.272Z
28.09.2026;16:00;Greece;Super League 2;Athens Kallithea FC;Asteras Tripolis B;id1000018674172416;pinnacle;Asian Handicap First Half;-0.25;2;1.934;2.009;2026-09-27T22:39:28.272Z
28.09.2026;16:00;Greece;Super League 2;Athens Kallithea FC;Asteras Tripolis B;id1000018674172416;pinnacle;Asian Handicap First Half;0.0;1;1.284;1.269;2026-09-27T22:39:28.272Z
28.09.2026;16:00;Greece;Super League 2;Athens Kallithea FC;Asteras Tripolis B;id1000018674172416;pinnacle;Asian Handicap First Half;0.0;2;3.23;3.42;2026-09-27T22:39:28.272Z
28.09.2026;16:00;Greece;Super League 2;Athens Kallithea FC;Asteras Tripolis B;id1000018674172416;pinnacle;Asian Handicap First Half;0.25;1;1.166;1.161;2026-09-27T22:39:28.272Z
28.09.2026;16:00;Greece;Super League 2;Athens Kallithea FC;Asteras Tripolis B;id1000018674172416;pinnacle;Asian Handicap First Half;0.25;2;4.18;4.42;2026-09-27T22:39:28.272Z
28.09.2026;16:00;Greece;Super League 2;Athens Kallithea FC;Asteras Tripolis B;id1000018674172416;pinnacle;Asian Handicap;-1.25;1;2.62;2.53;2026-09-28T01:02:19.021Z
28.09.2026;16:00;Greece;Super League 2;Athens Kallithea FC;Asteras Tripolis B;id1000018674172416;pinnacle;Asian Handicap;-1.25;2;1.425;1.454;2026-09-28T01:02:19.021Z
28.09.2026;16:00;Greece;Super League 2;Athens Kallithea FC;Asteras Tripolis B;id1000018674172416;pinnacle;Asian Handicap;-1.0;1;2.29;2.2;2026-09-28T01:02:19.021Z
28.09.2026;16:00;Greece;Super League 2;Athens Kallithea FC;Asteras Tripolis B;id1000018674172416;pinnacle;Asian Handicap;-1.0;2;1.571;1.617;2026-09-28T01:02:19.021Z
28.09.2026;16:00;Greece;Super League 2;Athens Kallithea FC;Asteras Tripolis B;id1000018674172416;pinnacle;Asian Handicap;-0.75;1;1.892;1.854;2026-09-28T01:02:19.021Z
28.09.2026;16:00;Greece;Super League 2;Athens Kallithea FC;Asteras Tripolis B;id1000018674172416;pinnacle;Asian Handicap;-0.75;2;1.892;1.9;2026-09-28T01:02:19.021Z
28.09.2026;16:00;Greece;Super League 2;Athens Kallithea FC;Asteras Tripolis B;id1000018674172416;pinnacle;Asian Handicap;-0.5;1;1.684;1.641;2026-09-28T01:02:19.021Z
28.09.2026;16:00;Greece;Super League 2;Athens Kallithea FC;Asteras Tripolis B;id1000018674172416;pinnacle;Asian Handicap;-0.5;2;2.08;2.15;2026-09-28T01:02:19.021Z
28.09.2026;16:00;Greece;Super League 2;Athens Kallithea FC;Asteras Tripolis B;id1000018674172416;pinnacle;Asian Handicap;-0.25;1;1.456;1.423;2026-09-28T01:02:19.021Z
28.09.2026;16:00;Greece;Super League 2;Athens Kallithea FC;Asteras Tripolis B;id1000018674172416;pinnacle;Asian Handicap;-0.25;2;2.52;2.63;2026-09-28T01:02:19.021Z
28.09.2026;16:00;Greece;Super League 2;Athens Kallithea FC;Asteras Tripolis B;id1000018674172416;pinnacle;Asian Handicap;0.0;1;1.238;1.216;2026-09-28T01:02:19.021Z
28.09.2026;16:00;Greece;Super League 2;Athens Kallithea FC;Asteras Tripolis B;id1000018674172416;pinnacle;Asian Handicap;0.0;2;3.61;3.81;2026-09-28T01:02:19.021Z
28.09.2026;16:00;Greece;Super League 2;Athens Kallithea FC;Asteras Tripolis B;id1000018674172416;pinnacle;Over Under Full Time;1.5;Over;1.4;1.401;2026-09-28T01:02:19.021Z
28.09.2026;16:00;Greece;Super League 2;Athens Kallithea FC;Asteras Tripolis B;id1000018674172416;pinnacle;Over Under Full Time;1.5;Under;2.65;2.71;2026-09-28T01:02:19.021Z
28.09.2026;16:00;Greece;Super League 2;Athens Kallithea FC;Asteras Tripolis B;id1000018674172416;sisal.it;Full Time Result;0.0;1;1.55;1.6;2026-09-27T21:38:43.697Z
28.09.2026;16:00;Greece;Super League 2;Athens Kallithea FC;Asteras Tripolis B;id1000018674172416;sisal.it;Full Time Result;0.0;X;3.5;3.4;2026-09-27T21:38:43.697Z
28.09.2026;16:00;Greece;Super League 2;Athens Kallithea FC;Asteras Tripolis B;id1000018674172416;sisal.it;Full Time Result;0.0;2;5.25;5.25;2026-09-27T21:38:43.697Z
28.09.2026;16:00;Greece;Super League 2;Athens Kallithea FC;Asteras Tripolis B;id1000018674172416;sisal.it;Over Under Full Time;2.5;Over;2.2;2.2;2026-09-22T09:39:39.141Z
28.09.2026;16:00;Greece;Super League 2;Athens Kallithea FC;Asteras Tripolis B;id1000018674172416;sisal.it;Over Under Full Time;2.5;Under;1.5;1.5;2026-09-22T09:39:39.141Z
28.09.2026;16:00;Greece;Super League 2;Athens Kallithea FC;Asteras Tripolis B;id1000018674172416;sisal.it;Over Under Full Time;3.5;Over;3.75;4.0;2026-09-28T01:02:40.539Z
28.09.2026;16:00;Greece;Super League 2;Athens Kallithea FC;Asteras Tripolis B;id1000018674172416;sisal.it;Over Under Full Time;3.5;Under;1.16;1.16;2026-09-27T20:47:19.898Z
28.09.2026;16:00;Greece;Super League 2;Athens Kallithea FC;Asteras Tripolis B;id1000018674172416;sisal.it;Over Under Full Time;4.5;Over;7.0;7.5;2026-09-27T20:47:19.898Z
28.09.2026;16:00;Greece;Super League 2;Athens Kallithea FC;Asteras Tripolis B;id1000018674172416;sisal.it;Over Under Full Time;4.5;Under;1.02;1.03;2026-09-27T20:47:19.898Z
28.09.2026;16:00;Greece;Super League 2;Athens Kallithea FC;Asteras Tripolis B;id1000018674172416;sisal.it;European Handicap;-1.0;1;2.75;2.9;2026-09-27T21:38:43.697Z
28.09.2026;16:00;Greece;Super League 2;Athens Kallithea FC;Asteras Tripolis B;id1000018674172416;sisal.it;European Handicap;-1.0;X;3.1;3.1;2026-09-22T09:39:39.141Z
28.09.2026;16:00;Greece;Super League 2;Athens Kallithea FC;Asteras Tripolis B;id1000018674172416;sisal.it;European Handicap;-1.0;2;2.2;2.1;2026-09-27T21:38:43.697Z
28.09.2026;16:00;Greece;Super League 2;Athens Kallithea FC;Asteras Tripolis B;id1000018674172416;sisal.it;Double Chance Full Time;0.0;1X;1.1;1.12;2026-09-27T21:38:43.697Z
28.09.2026;16:00;Greece;Super League 2;Athens Kallithea FC;Asteras Tripolis B;id1000018674172416;sisal.it;Double Chance Full Time;0.0;12;1.22;1.25;2026-09-23T01:54:08.486Z
28.09.2026;16:00;Greece;Super League 2;Athens Kallithea FC;Asteras Tripolis B;id1000018674172416;sisal.it;Double Chance Full Time;0.0;2X;2.1;2.1;2026-09-27T21:38:43.697Z
28.09.2026;16:00;Greece;Super League 2;Athens Kallithea FC;Asteras Tripolis B;id1000018674172416;sisal.it;Double Chance First Half;0.0;1X;1.05;1.04;2026-09-27T21:38:43.697Z
28.09.2026;16:00;Greece;Super League 2;Athens Kallithea FC;Asteras Tripolis B;id1000018674172416;sisal.it;Double Chance First Half;0.0;12;1.54;1.55;2026-09-27T20:47:19.898Z
28.09.2026;16:00;Greece;Super League 2;Athens Kallithea FC;Asteras Tripolis B;id1000018674172416;sisal.it;Double Chance First Half;0.0;2X;1.47;1.42;2026-09-27T21:38:43.697Z
28.09.2026;16:00;Greece;Super League 2;Athens Kallithea FC;Asteras Tripolis B;id1000018674172416;sisal.it;First Half Result;0.0;1;2.2;2.25;2026-09-27T21:38:43.697Z
28.09.2026;16:00;Greece;Super League 2;Athens Kallithea FC;Asteras Tripolis B;id1000018674172416;sisal.it;First Half Result;0.0;X;2.05;2.0;2026-09-23T01:54:08.486Z
28.09.2026;16:00;Greece;Super League 2;Athens Kallithea FC;Asteras Tripolis B;id1000018674172416;sisal.it;First Half Result;0.0;2;5.5;5.25;2026-09-27T21:38:43.697Z
28.09.2026;16:00;Greece;Super League 2;Athens Kallithea FC;Asteras Tripolis B;id1000018674172416;sisal.it;Over Under Team 1;0.5;Over;1.15;1.16;2026-09-27T20:47:19.898Z
28.09.2026;16:00;Greece;Super League 2;Athens Kallithea FC;Asteras Tripolis B;id1000018674172416;sisal.it;Over Under Team 1;0.5;Under;4.0;3.75;2026-09-27T20:47:19.898Z
28.09.2026;16:00;Greece;Super League 2;Athens Kallithea FC;Asteras Tripolis B;id1000018674172416;sisal.it;Over Under Team 1;1.5;Over;1.85;1.9;2026-09-27T21:38:43.697Z
28.09.2026;16:00;Greece;Super League 2;Athens Kallithea FC;Asteras Tripolis B;id1000018674172416;sisal.it;Over Under Team 1;1.5;Under;1.72;1.67;2026-09-27T21:38:43.697Z
28.09.2026;16:00;Greece;Super League 2;Athens Kallithea FC;Asteras Tripolis B;id1000018674172416;sisal.it;Over Under Team 1;2.5;Over;3.6;3.75;2026-09-27T21:38:43.697Z
28.09.2026;16:00;Greece;Super League 2;Athens Kallithea FC;Asteras Tripolis B;id1000018674172416;sisal.it;Over Under Team 1;2.5;Under;1.18;1.16;2026-09-27T13:22:09.155Z
28.09.2026;16:00;Greece;Super League 2;Athens Kallithea FC;Asteras Tripolis B;id1000018674172416;sisal.it;Over Under Team 1;3.5;Over;7.5;7.5;2026-09-27T20:47:19.898Z
28.09.2026;16:00;Greece;Super League 2;Athens Kallithea FC;Asteras Tripolis B;id1000018674172416;sisal.it;Over Under Team 1;3.5;Under;1.01;1.01;2026-09-27T21:38:43.697Z
28.09.2026;16:00;Greece;Super League 2;Athens Kallithea FC;Asteras Tripolis B;id1000018674172416;sisal.it;Over Under Team 1;4.5;Over;12.0;15.0;2026-09-27T13:22:09.155Z
28.09.2026;16:00;Greece;Super League 2;Athens Kallithea FC;Asteras Tripolis B;id1000018674172416;sisal.it;Over Under Team 2;0.5;Over;1.75;1.72;2026-09-27T21:38:43.697Z
28.09.2026;16:00;Greece;Super League 2;Athens Kallithea FC;Asteras Tripolis B;id1000018674172416;sisal.it;Over Under Team 2;0.5;Under;1.8;1.85;2026-09-27T21:38:43.697Z
28.09.2026;16:00;Greece;Super League 2;Athens Kallithea FC;Asteras Tripolis B;id1000018674172416;sisal.it;Over Under Team 2;1.5;Over;4.5;4.5;2026-09-27T21:38:43.697Z
28.09.2026;16:00;Greece;Super League 2;Athens Kallithea FC;Asteras Tripolis B;id1000018674172416;sisal.it;Over Under Team 2;1.5;Under;1.12;1.12;2026-09-27T21:38:43.697Z
28.09.2026;16:00;Greece;Super League 2;Athens Kallithea FC;Asteras Tripolis B;id1000018674172416;sisal.it;Over Under Team 2;2.5;Over;12.0;12.0;2026-09-27T21:38:43.697Z
28.09.2026;16:00;Greece;Super League 2;Athens Kallithea FC;Asteras Tripolis B;id1000018674172416;sisal.it;Over Under Team 2;3.5;Over;25.0;25.0;2026-09-27T21:38:43.697Z
28.09.2026;16:00;Greece;Super League 2;Athens Kallithea FC;Asteras Tripolis B;id1000018674172416;sisal.it;Over Under Team 2;4.5;Over;25.0;25.0;2026-09-22T09:39:39.141Z
28.09.2026;16:00;Greece;Super League 2;Athens Kallithea FC;Asteras Tripolis B;id1000018674172416;sisal.it;Over Under First Half;0.5;Over;1.42;1.42;2026-09-27T20:47:19.898Z
28.09.2026;16:00;Greece;Super League 2;Athens Kallithea FC;Asteras Tripolis B;id1000018674172416;sisal.it;Over Under First Half;0.5;Under;2.4;2.4;2026-09-27T20:47:19.898Z
28.09.2026;16:00;Greece;Super League 2;Athens Kallithea FC;Asteras Tripolis B;id1000018674172416;sisal.it;Over Under First Half;1.5;Over;3.0;3.0;2026-09-22T09:39:39.141Z
28.09.2026;16:00;Greece;Super League 2;Athens Kallithea FC;Asteras Tripolis B;id1000018674172416;sisal.it;Over Under First Half;1.5;Under;1.25;1.25;2026-09-22T09:39:39.141Z
28.09.2026;16:00;Greece;Super League 2;Athens Kallithea FC;Asteras Tripolis B;id1000018674172416;sisal.it;Over Under First Half;2.5;Over;7.0;7.0;2026-09-27T20:47:19.898Z
28.09.2026;16:00;Greece;Super League 2;Athens Kallithea FC;Asteras Tripolis B;id1000018674172416;sisal.it;Over Under First Half;2.5;Under;1.02;1.02;2026-09-27T20:47:19.898Z
28.09.2026;16:00;Greece;Super League 2;Athens Kallithea FC;Asteras Tripolis B;id1000018674172416;sisal.it;Over Under First Half;3.5;Over;15.0;15.0;2026-09-22T09:39:39.141Z
28.09.2026;16:00;Greece;Super League 2;Athens Kallithea FC;Asteras Tripolis B;id1000018674172416;sisal.it;Over Under First Half;4.5;Over;25.0;25.0;2026-09-22T09:39:39.141Z
28.09.2026;16:00;Greece;Super League 2;Athens Kallithea FC;Asteras Tripolis B;id1000018674172416;sisal.it;Both Teams To Score;0.0;Yes;2.2;2.1;2026-09-27T20:47:19.898Z
28.09.2026;16:00;Greece;Super League 2;Athens Kallithea FC;Asteras Tripolis B;id1000018674172416;sisal.it;Both Teams To Score;0.0;No;1.6;1.6;2026-09-27T20:47:19.898Z
28.09.2026;16:00;Greece;Super League 2;Athens Kallithea FC;Asteras Tripolis B;id1000018674172416;sisal.it;Over Under Full Time;0.5;Over;1.03;1.05;2026-09-27T13:22:09.155Z
28.09.2026;16:00;Greece;Super League 2;Athens Kallithea FC;Asteras Tripolis B;id1000018674172416;sisal.it;Over Under Full Time;0.5;Under;6.5;6.5;2026-09-27T13:22:09.155Z
28.09.2026;16:00;Greece;Super League 2;Athens Kallithea FC;Asteras Tripolis B;id1000018674172416;sisal.it;Over Under Full Time;1.5;Over;1.36;1.38;2026-09-27T20:47:19.898Z
28.09.2026;16:00;Greece;Super League 2;Athens Kallithea FC;Asteras Tripolis B;id1000018674172416;sisal.it;Over Under Full Time;1.5;Under;2.6;2.6;2026-09-27T20:47:19.898Z
28.09.2026;16:00;Greece;Super League 2;Athens Kallithea FC;Asteras Tripolis B;id1000018674172416;tipico;Full Time Result;0.0;1;1.55;1.55;2026-09-27T22:59:26.639Z
28.09.2026;16:00;Greece;Super League 2;Athens Kallithea FC;Asteras Tripolis B;id1000018674172416;tipico;Full Time Result;0.0;X;3.3;3.4;2026-09-27T22:59:26.639Z
28.09.2026;16:00;Greece;Super League 2;Athens Kallithea FC;Asteras Tripolis B;id1000018674172416;tipico;Full Time Result;0.0;2;5.3;5.0;2026-09-27T22:59:26.639Z
28.09.2026;16:00;Greece;Super League 2;Athens Kallithea FC;Asteras Tripolis B;id1000018674172416;tipico;Over Under Full Time;2.5;Over;2.3;2.2;2026-09-27T22:59:26.639Z
28.09.2026;16:00;Greece;Super League 2;Athens Kallithea FC;Asteras Tripolis B;id1000018674172416;tipico;Over Under Full Time;2.5;Under;1.55;1.6;2026-09-27T22:59:26.639Z
28.09.2026;16:00;Greece;Super League 2;Athens Kallithea FC;Asteras Tripolis B;id1000018674172416;tipico;Over Under Full Time;3.5;Over;4.0;3.8;2026-09-27T22:59:26.639Z
28.09.2026;16:00;Greece;Super League 2;Athens Kallithea FC;Asteras Tripolis B;id1000018674172416;tipico;Over Under Full Time;3.5;Under;1.2;1.22;2026-09-27T22:59:26.639Z
28.09.2026;16:00;Greece;Super League 2;Athens Kallithea FC;Asteras Tripolis B;id1000018674172416;tipico;European Handicap;1.0;1;1.14;1.08;2026-09-27T22:59:26.639Z
28.09.2026;16:00;Greece;Super League 2;Athens Kallithea FC;Asteras Tripolis B;id1000018674172416;tipico;European Handicap;1.0;X;6.7;6.7;2026-09-27T22:59:26.639Z
28.09.2026;16:00;Greece;Super League 2;Athens Kallithea FC;Asteras Tripolis B;id1000018674172416;tipico;European Handicap;1.0;2;9.0;16.0;2026-09-27T22:59:26.639Z
28.09.2026;16:00;Greece;Super League 2;Athens Kallithea FC;Asteras Tripolis B;id1000018674172416;tipico;European Handicap;-1.0;1;2.95;2.85;2026-09-27T22:59:26.639Z
28.09.2026;16:00;Greece;Super League 2;Athens Kallithea FC;Asteras Tripolis B;id1000018674172416;tipico;European Handicap;-1.0;X;3.2;3.2;2026-09-27T18:28:16.912Z
28.09.2026;16:00;Greece;Super League 2;Athens Kallithea FC;Asteras Tripolis B;id1000018674172416;tipico;European Handicap;-1.0;2;2.05;2.1;2026-09-27T22:59:26.639Z
28.09.2026;16:00;Greece;Super League 2;Athens Kallithea FC;Asteras Tripolis B;id1000018674172416;tipico;European Handicap;-2.0;1;5.8;5.2;2026-09-27T22:59:26.639Z
28.09.2026;16:00;Greece;Super League 2;Athens Kallithea FC;Asteras Tripolis B;id1000018674172416;tipico;European Handicap;-2.0;X;4.7;4.9;2026-09-27T22:59:26.639Z
28.09.2026;16:00;Greece;Super League 2;Athens Kallithea FC;Asteras Tripolis B;id1000018674172416;tipico;European Handicap;-2.0;2;1.33;1.35;2026-09-27T22:59:26.639Z
28.09.2026;16:00;Greece;Super League 2;Athens Kallithea FC;Asteras Tripolis B;id1000018674172416;tipico;Double Chance Full Time;0.0;1X;1.04;1.02;2026-09-27T23:52:37.865Z
28.09.2026;16:00;Greece;Super League 2;Athens Kallithea FC;Asteras Tripolis B;id1000018674172416;tipico;Double Chance Full Time;0.0;12;1.22;1.25;2026-09-27T23:52:37.865Z
28.09.2026;16:00;Greece;Super League 2;Athens Kallithea FC;Asteras Tripolis B;id1000018674172416;tipico;Double Chance Full Time;0.0;2X;2.05;2.05;2026-09-27T22:59:26.639Z
28.09.2026;16:00;Greece;Super League 2;Athens Kallithea FC;Asteras Tripolis B;id1000018674172416;tipico;First Half Result;0.0;1;2.15;2.2;2026-09-27T18:28:16.912Z
28.09.2026;16:00;Greece;Super League 2;Athens Kallithea FC;Asteras Tripolis B;id1000018674172416;tipico;First Half Result;0.0;X;1.95;1.95;2026-09-27T18:28:16.912Z
28.09.2026;16:00;Greece;Super League 2;Athens Kallithea FC;Asteras Tripolis B;id1000018674172416;tipico;First Half Result;0.0;2;5.5;5.2;2026-09-27T18:28:16.912Z
28.09.2026;16:00;Greece;Super League 2;Athens Kallithea FC;Asteras Tripolis B;id1000018674172416;tipico;Second Half Result;0.0;1;2.1;2.15;2026-09-27T18:28:16.912Z
28.09.2026;16:00;Greece;Super League 2;Athens Kallithea FC;Asteras Tripolis B;id1000018674172416;tipico;Second Half Result;0.0;X;2.4;2.35;2026-09-27T22:59:26.639Z
28.09.2026;16:00;Greece;Super League 2;Athens Kallithea FC;Asteras Tripolis B;id1000018674172416;tipico;Second Half Result;0.0;2;5.0;5.0;2026-09-27T22:59:26.639Z
28.09.2026;16:00;Greece;Super League 2;Athens Kallithea FC;Asteras Tripolis B;id1000018674172416;tipico;Over Under Team 1;1.5;Over;1.97;1.9;2026-09-27T22:59:26.639Z
28.09.2026;16:00;Greece;Super League 2;Athens Kallithea FC;Asteras Tripolis B;id1000018674172416;tipico;Over Under Team 1;1.5;Under;1.72;1.75;2026-09-27T22:59:26.639Z
28.09.2026;16:00;Greece;Super League 2;Athens Kallithea FC;Asteras Tripolis B;id1000018674172416;tipico;Over Under Team 2;0.5;Over;1.8;1.75;2026-09-27T18:28:16.912Z
28.09.2026;16:00;Greece;Super League 2;Athens Kallithea FC;Asteras Tripolis B;id1000018674172416;tipico;Over Under Team 2;0.5;Under;1.87;1.93;2026-09-27T18:28:16.912Z
28.09.2026;16:00;Greece;Super League 2;Athens Kallithea FC;Asteras Tripolis B;id1000018674172416;tipico;European Handicap First Half;-1.0;1;6.5;6.5;2026-09-27T22:59:26.639Z
28.09.2026;16:00;Greece;Super League 2;Athens Kallithea FC;Asteras Tripolis B;id1000018674172416;tipico;European Handicap First Half;-1.0;X;2.95;2.95;2026-09-27T22:59:26.639Z
28.09.2026;16:00;Greece;Super League 2;Athens Kallithea FC;Asteras Tripolis B;id1000018674172416;tipico;European Handicap First Half;-1.0;2;1.52;1.52;2026-09-27T22:59:26.639Z
28.09.2026;16:00;Greece;Super League 2;Athens Kallithea FC;Asteras Tripolis B;id1000018674172416;tipico;Over Under First Half;0.5;Over;1.5;1.45;2026-09-27T18:28:16.912Z
28.09.2026;16:00;Greece;Super League 2;Athens Kallithea FC;Asteras Tripolis B;id1000018674172416;tipico;Over Under First Half;0.5;Under;2.35;2.45;2026-09-27T18:28:16.912Z
28.09.2026;16:00;Greece;Super League 2;Athens Kallithea FC;Asteras Tripolis B;id1000018674172416;tipico;Over Under First Half;1.5;Over;3.1;3.1;2026-09-27T18:28:16.912Z
28.09.2026;16:00;Greece;Super League 2;Athens Kallithea FC;Asteras Tripolis B;id1000018674172416;tipico;Over Under First Half;1.5;Under;1.3;1.3;2026-09-27T18:28:16.912Z
28.09.2026;16:00;Greece;Super League 2;Athens Kallithea FC;Asteras Tripolis B;id1000018674172416;tipico;Both Teams To Score First Half;0.0;Yes;5.5;5.5;2026-09-27T18:28:16.912Z
28.09.2026;16:00;Greece;Super League 2;Athens Kallithea FC;Asteras Tripolis B;id1000018674172416;tipico;Both Teams To Score First Half;0.0;No;1.1;1.09;2026-09-27T18:28:16.912Z
28.09.2026;16:00;Greece;Super League 2;Athens Kallithea FC;Asteras Tripolis B;id1000018674172416;tipico;Both Teams To Score;0.0;Yes;2.2;2.0;2026-09-27T18:28:16.912Z
28.09.2026;16:00;Greece;Super League 2;Athens Kallithea FC;Asteras Tripolis B;id1000018674172416;tipico;Both Teams To Score;0.0;No;1.57;1.67;2026-09-27T18:28:16.912Z
28.09.2026;16:00;Greece;Super League 2;Athens Kallithea FC;Asteras Tripolis B;id1000018674172416;tipico;Over Under Full Time;0.5;Over;1.08;1.05;2026-09-27T18:28:16.912Z
28.09.2026;16:00;Greece;Super League 2;Athens Kallithea FC;Asteras Tripolis B;id1000018674172416;tipico;Over Under Full Time;0.5;Under;6.5;7.5;2026-09-27T18:28:16.912Z
28.09.2026;16:00;Greece;Super League 2;Athens Kallithea FC;Asteras Tripolis B;id1000018674172416;tipico;Over Under Full Time;1.5;Over;1.4;1.37;2026-09-27T18:28:16.912Z
28.09.2026;16:00;Greece;Super League 2;Athens Kallithea FC;Asteras Tripolis B;id1000018674172416;tipico;Over Under Full Time;1.5;Under;2.7;2.8;2026-09-27T18:28:16.912Z
28.09.2026;16:00;Greece;Super League 2;Athens Kallithea FC;Asteras Tripolis B;id1000018674172416;stoiximan;Full Time Result;0.0;1;1.62;1.62;2026-09-27T22:44:47.162Z
28.09.2026;16:00;Greece;Super League 2;Athens Kallithea FC;Asteras Tripolis B;id1000018674172416;stoiximan;Full Time Result;0.0;X;3.4;3.4;2026-09-27T22:44:47.162Z
28.09.2026;16:00;Greece;Super League 2;Athens Kallithea FC;Asteras Tripolis B;id1000018674172416;stoiximan;Full Time Result;0.0;2;5.5;5.5;2026-09-27T22:44:47.162Z
28.09.2026;16:00;Greece;Super League 2;Athens Kallithea FC;Asteras Tripolis B;id1000018674172416;stoiximan;Over Under Full Time;2.5;Over;2.25;2.25;2026-09-27T15:47:25.222Z
28.09.2026;16:00;Greece;Super League 2;Athens Kallithea FC;Asteras Tripolis B;id1000018674172416;stoiximan;Over Under Full Time;2.5;Under;1.55;1.55;2026-09-27T15:47:25.222Z
28.09.2026;16:00;Greece;Super League 2;Athens Kallithea FC;Asteras Tripolis B;id1000018674172416;stoiximan;Over Under Full Time;3.5;Over;3.9;3.95;2026-09-27T21:14:01.745Z
28.09.2026;16:00;Greece;Super League 2;Athens Kallithea FC;Asteras Tripolis B;id1000018674172416;stoiximan;Over Under Full Time;3.5;Under;1.2;1.2;2026-09-27T22:37:38.592Z
28.09.2026;16:00;Greece;Super League 2;Athens Kallithea FC;Asteras Tripolis B;id1000018674172416;stoiximan;Over Under Full Time;4.5;Over;6.6;6.7;2026-09-27T15:47:25.222Z
28.09.2026;16:00;Greece;Super League 2;Athens Kallithea FC;Asteras Tripolis B;id1000018674172416;stoiximan;Over Under Full Time;4.5;Under;1.06;1.06;2026-09-27T15:47:25.222Z
28.09.2026;16:00;Greece;Super League 2;Athens Kallithea FC;Asteras Tripolis B;id1000018674172416;stoiximan;European Handicap;-1.0;1;2.87;2.85;2026-09-27T22:44:47.162Z
28.09.2026;16:00;Greece;Super League 2;Athens Kallithea FC;Asteras Tripolis B;id1000018674172416;stoiximan;European Handicap;-1.0;X;3.25;3.25;2026-09-27T21:30:18.187Z
28.09.2026;16:00;Greece;Super League 2;Athens Kallithea FC;Asteras Tripolis B;id1000018674172416;stoiximan;European Handicap;-1.0;2;2.22;2.22;2026-09-27T22:44:47.162Z
28.09.2026;16:00;Greece;Super League 2;Athens Kallithea FC;Asteras Tripolis B;id1000018674172416;stoiximan;First Half Result;0.0;1;2.27;2.25;2026-09-27T22:44:47.162Z
28.09.2026;16:00;Greece;Super League 2;Athens Kallithea FC;Asteras Tripolis B;id1000018674172416;stoiximan;First Half Result;0.0;X;1.98;1.98;2026-09-27T22:37:38.592Z
28.09.2026;16:00;Greece;Super League 2;Athens Kallithea FC;Asteras Tripolis B;id1000018674172416;stoiximan;First Half Result;0.0;2;5.8;5.9;2026-09-27T22:44:47.162Z
28.09.2026;16:00;Greece;Super League 2;Athens Kallithea FC;Asteras Tripolis B;id1000018674172416;stoiximan;Second Half Result;0.0;1;1.98;1.98;2026-09-27T22:44:47.162Z
28.09.2026;16:00;Greece;Super League 2;Athens Kallithea FC;Asteras Tripolis B;id1000018674172416;stoiximan;Second Half Result;0.0;X;2.35;2.35;2026-09-27T21:14:01.745Z
28.09.2026;16:00;Greece;Super League 2;Athens Kallithea FC;Asteras Tripolis B;id1000018674172416;stoiximan;Second Half Result;0.0;2;5.2;5.2;2026-09-27T22:37:38.592Z
28.09.2026;16:00;Greece;Super League 2;Athens Kallithea FC;Asteras Tripolis B;id1000018674172416;stoiximan;Over Under Team 1 First Half;0.5;Over;1.88;1.88;2026-09-27T21:30:18.187Z
28.09.2026;16:00;Greece;Super League 2;Athens Kallithea FC;Asteras Tripolis B;id1000018674172416;stoiximan;Over Under Team 1 First Half;0.5;Under;1.83;1.83;2026-09-27T22:44:47.162Z
28.09.2026;16:00;Greece;Super League 2;Athens Kallithea FC;Asteras Tripolis B;id1000018674172416;stoiximan;Over Under Team 2 First Half;0.5;Over;3.3;3.3;2026-09-27T22:44:47.162Z
28.09.2026;16:00;Greece;Super League 2;Athens Kallithea FC;Asteras Tripolis B;id1000018674172416;stoiximan;Over Under Team 2 First Half;0.5;Under;1.29;1.29;2026-09-27T22:37:38.592Z
28.09.2026;16:00;Greece;Super League 2;Athens Kallithea FC;Asteras Tripolis B;id1000018674172416;stoiximan;Over Under Team 1;1.5;Over;1.98;1.98;2026-09-27T21:30:18.187Z
28.09.2026;16:00;Greece;Super League 2;Athens Kallithea FC;Asteras Tripolis B;id1000018674172416;stoiximan;Over Under Team 1;1.5;Under;1.75;1.75;2026-09-27T21:30:18.187Z
28.09.2026;16:00;Greece;Super League 2;Athens Kallithea FC;Asteras Tripolis B;id1000018674172416;stoiximan;Over Under Team 2;0.5;Over;1.85;1.85;2026-09-27T22:44:47.162Z
28.09.2026;16:00;Greece;Super League 2;Athens Kallithea FC;Asteras Tripolis B;id1000018674172416;stoiximan;Over Under Team 2;0.5;Under;1.85;1.85;2026-09-27T22:44:47.162Z
28.09.2026;16:00;Greece;Super League 2;Athens Kallithea FC;Asteras Tripolis B;id1000018674172416;stoiximan;Over Under First Half;0.5;Over;1.5;1.5;2026-09-27T22:44:47.162Z
28.09.2026;16:00;Greece;Super League 2;Athens Kallithea FC;Asteras Tripolis B;id1000018674172416;stoiximan;Over Under First Half;0.5;Under;2.22;2.22;2026-09-27T22:44:47.162Z
28.09.2026;16:00;Greece;Super League 2;Athens Kallithea FC;Asteras Tripolis B;id1000018674172416;stoiximan;Over Under First Half;1.5;Over;3.05;3.05;2026-09-27T22:44:47.162Z
28.09.2026;16:00;Greece;Super League 2;Athens Kallithea FC;Asteras Tripolis B;id1000018674172416;stoiximan;Over Under First Half;1.5;Under;1.27;1.27;2026-09-27T22:44:47.162Z
28.09.2026;16:00;Greece;Super League 2;Athens Kallithea FC;Asteras Tripolis B;id1000018674172416;stoiximan;Over Under First Half;2.5;Over;5.8;5.8;2026-09-27T15:47:25.222Z
28.09.2026;16:00;Greece;Super League 2;Athens Kallithea FC;Asteras Tripolis B;id1000018674172416;stoiximan;Over Under First Half;2.5;Under;1.05;1.05;2026-09-27T15:47:25.222Z
28.09.2026;16:00;Greece;Super League 2;Athens Kallithea FC;Asteras Tripolis B;id1000018674172416;stoiximan;Over Under Second Half;1.5;Over;2.35;2.35;2026-09-27T22:37:38.592Z
28.09.2026;16:00;Greece;Super League 2;Athens Kallithea FC;Asteras Tripolis B;id1000018674172416;stoiximan;Over Under Second Half;1.5;Under;1.5;1.5;2026-09-27T15:47:25.222Z
28.09.2026;16:00;Greece;Super League 2;Athens Kallithea FC;Asteras Tripolis B;id1000018674172416;stoiximan;Both Teams To Score;0.0;Yes;2.2;2.22;2026-09-27T22:37:38.592Z
28.09.2026;16:00;Greece;Super League 2;Athens Kallithea FC;Asteras Tripolis B;id1000018674172416;stoiximan;Both Teams To Score;0.0;No;1.57;1.57;2026-09-27T22:37:38.592Z
28.09.2026;16:00;Greece;Super League 2;Athens Kallithea FC;Asteras Tripolis B;id1000018674172416;stoiximan;Over Under Full Time;0.5;Over;1.09;1.09;2026-09-27T15:47:25.222Z
28.09.2026;16:00;Greece;Super League 2;Athens Kallithea FC;Asteras Tripolis B;id1000018674172416;stoiximan;Over Under Full Time;0.5;Under;5.7;5.7;2026-09-27T22:44:47.162Z
28.09.2026;16:00;Greece;Super League 2;Athens Kallithea FC;Asteras Tripolis B;id1000018674172416;stoiximan;Asian Handicap First Half;-0.25;1;1.78;1.78;2026-09-27T21:30:18.187Z
28.09.2026;16:00;Greece;Super League 2;Athens Kallithea FC;Asteras Tripolis B;id1000018674172416;stoiximan;Asian Handicap First Half;-0.25;2;1.9;1.9;2026-09-27T22:44:47.162Z
28.09.2026;16:00;Greece;Super League 2;Athens Kallithea FC;Asteras Tripolis B;id1000018674172416;stoiximan;Asian Handicap;-0.75;1;1.8;1.78;2026-09-27T22:44:47.162Z
28.09.2026;16:00;Greece;Super League 2;Athens Kallithea FC;Asteras Tripolis B;id1000018674172416;stoiximan;Asian Handicap;-0.75;2;1.91;1.93;2026-09-27T22:44:47.162Z
28.09.2026;16:00;Greece;Super League 2;Athens Kallithea FC;Asteras Tripolis B;id1000018674172416;stoiximan;Over Under Full Time;1.5;Over;1.44;1.44;2026-09-27T15:47:25.222Z
28.09.2026;16:00;Greece;Super League 2;Athens Kallithea FC;Asteras Tripolis B;id1000018674172416;stoiximan;Over Under Full Time;1.5;Under;2.55;2.55;2026-09-27T15:47:25.222Z
28.09.2026;16:00;Greece;Super League 2;Athens Kallithea FC;Asteras Tripolis B;id1000018674172416;superbet;Full Time Result;0.0;1;1.62;1.66;2026-09-28T01:51:53.048Z
28.09.2026;16:00;Greece;Super League 2;Athens Kallithea FC;Asteras Tripolis B;id1000018674172416;superbet;Full Time Result;0.0;X;3.5;3.4;2026-09-28T01:51:53.048Z
28.09.2026;16:00;Greece;Super League 2;Athens Kallithea FC;Asteras Tripolis B;id1000018674172416;superbet;Full Time Result;0.0;2;5.35;5.1;2026-09-28T01:51:53.048Z
28.09.2026;16:00;Greece;Super League 2;Athens Kallithea FC;Asteras Tripolis B;id1000018674172416;superbet;Over Under Full Time;2.5;Over;2.32;2.32;2026-09-28T01:51:53.048Z
28.09.2026;16:00;Greece;Super League 2;Athens Kallithea FC;Asteras Tripolis B;id1000018674172416;superbet;Over Under Full Time;2.5;Under;1.54;1.54;2026-09-28T01:51:53.048Z
28.09.2026;16:00;Greece;Super League 2;Athens Kallithea FC;Asteras Tripolis B;id1000018674172416;superbet;Over Under Full Time;3.5;Over;4.3;4.25;2026-09-28T01:51:53.048Z
28.09.2026;16:00;Greece;Super League 2;Athens Kallithea FC;Asteras Tripolis B;id1000018674172416;superbet;Over Under Full Time;3.5;Under;1.18;1.18;2026-09-28T01:51:53.048Z
28.09.2026;16:00;Greece;Super League 2;Athens Kallithea FC;Asteras Tripolis B;id1000018674172416;superbet;European Handicap;2.0;1;1.01;1.02;2026-09-28T01:51:53.048Z
28.09.2026;16:00;Greece;Super League 2;Athens Kallithea FC;Asteras Tripolis B;id1000018674172416;superbet;European Handicap;2.0;X;16.0;15.0;2026-09-28T01:51:53.048Z
28.09.2026;16:00;Greece;Super League 2;Athens Kallithea FC;Asteras Tripolis B;id1000018674172416;superbet;European Handicap;2.0;2;45.0;39.0;2026-09-28T01:51:53.048Z
28.09.2026;16:00;Greece;Super League 2;Athens Kallithea FC;Asteras Tripolis B;id1000018674172416;superbet;European Handicap;1.0;1;1.13;1.15;2026-09-28T01:51:53.048Z
28.09.2026;16:00;Greece;Super League 2;Athens Kallithea FC;Asteras Tripolis B;id1000018674172416;superbet;European Handicap;1.0;X;6.5;6.3;2026-09-28T01:51:53.048Z
28.09.2026;16:00;Greece;Super League 2;Athens Kallithea FC;Asteras Tripolis B;id1000018674172416;superbet;European Handicap;1.0;2;14.0;12.0;2026-09-28T01:51:53.048Z
28.09.2026;16:00;Greece;Super League 2;Athens Kallithea FC;Asteras Tripolis B;id1000018674172416;superbet;Over Under Full Time;4.5;Over;8.4;8.4;2026-09-28T01:51:53.048Z
28.09.2026;16:00;Greece;Super League 2;Athens Kallithea FC;Asteras Tripolis B;id1000018674172416;superbet;Over Under Full Time;4.5;Under;1.04;1.04;2026-09-28T01:51:53.048Z
28.09.2026;16:00;Greece;Super League 2;Athens Kallithea FC;Asteras Tripolis B;id1000018674172416;superbet;European Handicap;-1.0;1;2.82;2.95;2026-09-28T01:51:53.048Z
28.09.2026;16:00;Greece;Super League 2;Athens Kallithea FC;Asteras Tripolis B;id1000018674172416;superbet;European Handicap;-1.0;X;3.2;3.25;2026-09-28T01:51:53.048Z
28.09.2026;16:00;Greece;Super League 2;Athens Kallithea FC;Asteras Tripolis B;id1000018674172416;superbet;European Handicap;-1.0;2;2.2;2.1;2026-09-28T01:51:53.048Z
28.09.2026;16:00;Greece;Super League 2;Athens Kallithea FC;Asteras Tripolis B;id1000018674172416;superbet;European Handicap;-2.0;1;5.75;6.1;2026-09-28T01:51:53.048Z
28.09.2026;16:00;Greece;Super League 2;Athens Kallithea FC;Asteras Tripolis B;id1000018674172416;superbet;European Handicap;-2.0;X;4.5;4.65;2026-09-28T01:51:53.048Z
28.09.2026;16:00;Greece;Super League 2;Athens Kallithea FC;Asteras Tripolis B;id1000018674172416;superbet;European Handicap;-2.0;2;1.38;1.35;2026-09-28T01:51:53.048Z
28.09.2026;16:00;Greece;Super League 2;Athens Kallithea FC;Asteras Tripolis B;id1000018674172416;superbet;Double Chance Full Time;0.0;1X;1.11;1.12;2026-09-28T01:51:53.048Z
28.09.2026;16:00;Greece;Super League 2;Athens Kallithea FC;Asteras Tripolis B;id1000018674172416;superbet;Double Chance Full Time;0.0;12;1.25;1.25;2026-09-28T01:51:53.048Z
28.09.2026;16:00;Greece;Super League 2;Athens Kallithea FC;Asteras Tripolis B;id1000018674172416;superbet;Double Chance Full Time;0.0;2X;2.1;2.05;2026-09-28T01:51:53.048Z
28.09.2026;16:00;Greece;Super League 2;Athens Kallithea FC;Asteras Tripolis B;id1000018674172416;superbet;Double Chance First Half;0.0;1X;1.09;1.1;2026-09-28T01:51:53.048Z
28.09.2026;16:00;Greece;Super League 2;Athens Kallithea FC;Asteras Tripolis B;id1000018674172416;superbet;Double Chance First Half;0.0;12;1.62;1.63;2026-09-28T01:51:53.048Z
28.09.2026;16:00;Greece;Super League 2;Athens Kallithea FC;Asteras Tripolis B;id1000018674172416;superbet;Double Chance First Half;0.0;2X;1.55;1.52;2026-09-28T01:51:53.048Z
28.09.2026;16:00;Greece;Super League 2;Athens Kallithea FC;Asteras Tripolis B;id1000018674172416;superbet;Double Chance Second Half;0.0;1X;1.11;1.12;2026-09-28T01:51:53.048Z
28.09.2026;16:00;Greece;Super League 2;Athens Kallithea FC;Asteras Tripolis B;id1000018674172416;superbet;Double Chance Second Half;0.0;12;1.49;1.5;2026-09-28T01:51:53.048Z
28.09.2026;16:00;Greece;Super League 2;Athens Kallithea FC;Asteras Tripolis B;id1000018674172416;superbet;Double Chance Second Half;0.0;2X;1.65;1.62;2026-09-28T01:51:53.048Z
28.09.2026;16:00;Greece;Super League 2;Athens Kallithea FC;Asteras Tripolis B;id1000018674172416;superbet;First Half Result;0.0;1;2.25;2.3;2026-09-28T01:51:53.048Z
28.09.2026;16:00;Greece;Super League 2;Athens Kallithea FC;Asteras Tripolis B;id1000018674172416;superbet;First Half Result;0.0;X;2.1;2.1;2026-09-28T01:51:53.048Z
28.09.2026;16:00;Greece;Super League 2;Athens Kallithea FC;Asteras Tripolis B;id1000018674172416;superbet;First Half Result;0.0;2;5.85;5.6;2026-09-28T01:51:53.048Z
28.09.2026;16:00;Greece;Super League 2;Athens Kallithea FC;Asteras Tripolis B;id1000018674172416;superbet;Second Half Result;0.0;1;2.07;2.12;2026-09-28T01:51:53.048Z
28.09.2026;16:00;Greece;Super League 2;Athens Kallithea FC;Asteras Tripolis B;id1000018674172416;superbet;Second Half Result;0.0;X;2.37;2.37;2026-09-28T01:51:53.048Z
28.09.2026;16:00;Greece;Super League 2;Athens Kallithea FC;Asteras Tripolis B;id1000018674172416;superbet;Second Half Result;0.0;2;5.35;5.1;2026-09-28T01:51:53.048Z
28.09.2026;16:00;Greece;Super League 2;Athens Kallithea FC;Asteras Tripolis B;id1000018674172416;superbet;Over Under Team 1 First Half;0.5;Over;1.82;1.85;2026-09-28T01:51:53.048Z
28.09.2026;16:00;Greece;Super League 2;Athens Kallithea FC;Asteras Tripolis B;id1000018674172416;superbet;Over Under Team 1 First Half;0.5;Under;1.88;1.85;2026-09-28T01:51:53.048Z
28.09.2026;16:00;Greece;Super League 2;Athens Kallithea FC;Asteras Tripolis B;id1000018674172416;superbet;Over Under Team 1 First Half;1.5;Over;5.0;5.1;2026-09-28T01:51:53.048Z
28.09.2026;16:00;Greece;Super League 2;Athens Kallithea FC;Asteras Tripolis B;id1000018674172416;superbet;Over Under Team 1 First Half;1.5;Under;1.14;1.13;2026-09-28T01:51:53.048Z
28.09.2026;16:00;Greece;Super League 2;Athens Kallithea FC;Asteras Tripolis B;id1000018674172416;superbet;Over Under Team 1 First Half;2.5;Over;15.0;16.0;2026-09-28T01:51:53.048Z
28.09.2026;16:00;Greece;Super League 2;Athens Kallithea FC;Asteras Tripolis B;id1000018674172416;superbet;Over Under Team 1 First Half;2.5;Under;1.01;1.008;2026-09-28T01:51:53.048Z
28.09.2026;16:00;Greece;Super League 2;Athens Kallithea FC;Asteras Tripolis B;id1000018674172416;superbet;Over Under Team 2 First Half;0.5;Over;3.35;3.2;2026-09-28T01:51:53.048Z
28.09.2026;16:00;Greece;Super League 2;Athens Kallithea FC;Asteras Tripolis B;id1000018674172416;superbet;Over Under Team 2 First Half;0.5;Under;1.28;1.3;2026-09-28T01:51:53.048Z
28.09.2026;16:00;Greece;Super League 2;Athens Kallithea FC;Asteras Tripolis B;id1000018674172416;superbet;Over Under Team 2 First Half;1.5;Over;15.0;14.0;2026-09-28T01:51:53.048Z
28.09.2026;16:00;Greece;Super League 2;Athens Kallithea FC;Asteras Tripolis B;id1000018674172416;superbet;Over Under Team 2 First Half;1.5;Under;1.01;1.01;2026-09-28T01:51:53.048Z
28.09.2026;16:00;Greece;Super League 2;Athens Kallithea FC;Asteras Tripolis B;id1000018674172416;superbet;Over Under Team 2 First Half;2.5;Over;70.0;65.0;2026-09-28T01:51:53.048Z
28.09.2026;16:00;Greece;Super League 2;Athens Kallithea FC;Asteras Tripolis B;id1000018674172416;superbet;Over Under Team 1 Second Half;0.5;Over;1.61;1.64;2026-09-28T01:51:53.048Z
28.09.2026;16:00;Greece;Super League 2;Athens Kallithea FC;Asteras Tripolis B;id1000018674172416;superbet;Over Under Team 1 Second Half;0.5;Under;2.17;2.12;2026-09-28T01:51:53.048Z
28.09.2026;16:00;Greece;Super League 2;Athens Kallithea FC;Asteras Tripolis B;id1000018674172416;superbet;Over Under Team 1 Second Half;1.5;Over;3.9;4.0;2026-09-28T01:51:53.048Z
28.09.2026;16:00;Greece;Super League 2;Athens Kallithea FC;Asteras Tripolis B;id1000018674172416;superbet;Over Under Team 1 Second Half;1.5;Under;1.21;1.2;2026-09-28T01:51:53.048Z
28.09.2026;16:00;Greece;Super League 2;Athens Kallithea FC;Asteras Tripolis B;id1000018674172416;superbet;Over Under Team 1 Second Half;2.5;Over;10.0;12.0;2026-09-28T01:51:53.048Z
28.09.2026;16:00;Greece;Super League 2;Athens Kallithea FC;Asteras Tripolis B;id1000018674172416;superbet;Over Under Team 1 Second Half;2.5;Under;1.03;1.02;2026-09-28T01:51:53.048Z
28.09.2026;16:00;Greece;Super League 2;Athens Kallithea FC;Asteras Tripolis B;id1000018674172416;superbet;Over Under Team 1;0.5;Over;1.2;1.21;2026-09-28T01:51:53.048Z
28.09.2026;16:00;Greece;Super League 2;Athens Kallithea FC;Asteras Tripolis B;id1000018674172416;superbet;Over Under Team 1;0.5;Under;4.1;3.9;2026-09-28T01:51:53.048Z
28.09.2026;16:00;Greece;Super League 2;Athens Kallithea FC;Asteras Tripolis B;id1000018674172416;superbet;Over Under Team 2 Second Half;0.5;Over;2.75;2.65;2026-09-28T01:51:53.048Z
28.09.2026;16:00;Greece;Super League 2;Athens Kallithea FC;Asteras Tripolis B;id1000018674172416;superbet;Over Under Team 2 Second Half;0.5;Under;1.39;1.43;2026-09-28T01:51:53.048Z
28.09.2026;16:00;Greece;Super League 2;Athens Kallithea FC;Asteras Tripolis B;id1000018674172416;superbet;Over Under Team 2 Second Half;1.5;Over;10.0;10.0;2026-09-28T01:51:53.048Z
28.09.2026;16:00;Greece;Super League 2;Athens Kallithea FC;Asteras Tripolis B;id1000018674172416;superbet;Over Under Team 2 Second Half;1.5;Under;1.03;1.03;2026-09-28T01:51:53.048Z
28.09.2026;16:00;Greece;Super League 2;Athens Kallithea FC;Asteras Tripolis B;id1000018674172416;superbet;Over Under Team 2 Second Half;2.5;Over;45.0;45.0;2026-09-28T01:51:53.048Z
28.09.2026;16:00;Greece;Super League 2;Athens Kallithea FC;Asteras Tripolis B;id1000018674172416;superbet;Over Under Team 1;1.5;Over;1.97;2.02;2026-09-28T01:51:53.048Z
28.09.2026;16:00;Greece;Super League 2;Athens Kallithea FC;Asteras Tripolis B;id1000018674172416;superbet;Over Under Team 1;1.5;Under;1.74;1.7;2026-09-28T01:51:53.048Z
28.09.2026;16:00;Greece;Super League 2;Athens Kallithea FC;Asteras Tripolis B;id1000018674172416;superbet;Over Under Team 1;2.5;Over;4.0;4.2;2026-09-28T01:51:53.048Z
28.09.2026;16:00;Greece;Super League 2;Athens Kallithea FC;Asteras Tripolis B;id1000018674172416;superbet;Over Under Team 1;2.5;Under;1.2;1.19;2026-09-28T01:51:53.048Z
28.09.2026;16:00;Greece;Super League 2;Athens Kallithea FC;Asteras Tripolis B;id1000018674172416;superbet;Over Under Team 1;3.5;Over;8.7;9.3;2026-09-28T01:51:53.048Z
28.09.2026;16:00;Greece;Super League 2;Athens Kallithea FC;Asteras Tripolis B;id1000018674172416;superbet;Over Under Team 1;3.5;Under;1.04;1.04;2026-09-28T01:51:53.048Z
28.09.2026;16:00;Greece;Super League 2;Athens Kallithea FC;Asteras Tripolis B;id1000018674172416;superbet;Over Under Team 1;4.5;Over;21.0;22.0;2026-09-28T01:51:53.048Z
28.09.2026;16:00;Greece;Super League 2;Athens Kallithea FC;Asteras Tripolis B;id1000018674172416;superbet;Over Under Team 1;4.5;Under;1.002;1.002;2026-09-28T01:51:53.048Z
28.09.2026;16:00;Greece;Super League 2;Athens Kallithea FC;Asteras Tripolis B;id1000018674172416;superbet;Over Under Team 2;0.5;Over;1.87;1.8;2026-09-28T01:51:53.048Z
28.09.2026;16:00;Greece;Super League 2;Athens Kallithea FC;Asteras Tripolis B;id1000018674172416;superbet;Over Under Team 2;0.5;Under;1.83;1.92;2026-09-28T01:51:53.048Z
28.09.2026;16:00;Greece;Super League 2;Athens Kallithea FC;Asteras Tripolis B;id1000018674172416;superbet;Over Under Team 2;1.5;Over;5.25;5.0;2026-09-28T01:51:53.048Z
28.09.2026;16:00;Greece;Super League 2;Athens Kallithea FC;Asteras Tripolis B;id1000018674172416;superbet;Over Under Team 2;1.5;Under;1.12;1.14;2026-09-28T01:51:53.048Z
28.09.2026;16:00;Greece;Super League 2;Athens Kallithea FC;Asteras Tripolis B;id1000018674172416;superbet;European Handicap First Half;2.0;X;24.0;22.0;2026-09-28T01:51:53.048Z
28.09.2026;16:00;Greece;Super League 2;Athens Kallithea FC;Asteras Tripolis B;id1000018674172416;superbet;European Handicap First Half;2.0;2;75.0;75.0;2026-09-28T01:51:53.048Z
28.09.2026;16:00;Greece;Super League 2;Athens Kallithea FC;Asteras Tripolis B;id1000018674172416;superbet;European Handicap First Half;1.0;1;1.11;1.11;2026-09-28T01:51:53.048Z
28.09.2026;16:00;Greece;Super League 2;Athens Kallithea FC;Asteras Tripolis B;id1000018674172416;superbet;European Handicap First Half;1.0;X;6.0;5.9;2026-09-28T01:51:53.048Z
28.09.2026;16:00;Greece;Super League 2;Athens Kallithea FC;Asteras Tripolis B;id1000018674172416;superbet;European Handicap First Half;1.0;2;22.0;21.0;2026-09-28T01:51:53.048Z
28.09.2026;16:00;Greece;Super League 2;Athens Kallithea FC;Asteras Tripolis B;id1000018674172416;superbet;European Handicap First Half;-1.0;1;5.8;6.0;2026-09-28T01:51:53.048Z
28.09.2026;16:00;Greece;Super League 2;Athens Kallithea FC;Asteras Tripolis B;id1000018674172416;superbet;European Handicap First Half;-1.0;X;3.0;3.05;2026-09-28T01:51:53.048Z
28.09.2026;16:00;Greece;Super League 2;Athens Kallithea FC;Asteras Tripolis B;id1000018674172416;superbet;European Handicap First Half;-1.0;2;1.59;1.56;2026-09-28T01:51:53.048Z
28.09.2026;16:00;Greece;Super League 2;Athens Kallithea FC;Asteras Tripolis B;id1000018674172416;superbet;European Handicap First Half;-2.0;1;17.0;18.0;2026-09-28T01:51:53.048Z
28.09.2026;16:00;Greece;Super League 2;Athens Kallithea FC;Asteras Tripolis B;id1000018674172416;superbet;European Handicap First Half;-2.0;X;6.9;7.1;2026-09-28T01:51:53.048Z
28.09.2026;16:00;Greece;Super League 2;Athens Kallithea FC;Asteras Tripolis B;id1000018674172416;superbet;European Handicap First Half;-2.0;2;1.09;1.08;2026-09-28T01:51:53.048Z
28.09.2026;16:00;Greece;Super League 2;Athens Kallithea FC;Asteras Tripolis B;id1000018674172416;superbet;Over Under Team 2;2.5;Over;17.0;16.0;2026-09-28T01:51:53.048Z
28.09.2026;16:00;Greece;Super League 2;Athens Kallithea FC;Asteras Tripolis B;id1000018674172416;superbet;Over Under Team 2;2.5;Under;1.008;1.01;2026-09-28T01:51:53.048Z
28.09.2026;16:00;Greece;Super League 2;Athens Kallithea FC;Asteras Tripolis B;id1000018674172416;superbet;European Handicap Second Half;1.0;1;1.13;1.14;2026-09-28T01:51:53.048Z
28.09.2026;16:00;Greece;Super League 2;Athens Kallithea FC;Asteras Tripolis B;id1000018674172416;superbet;European Handicap Second Half;1.0;X;5.7;5.55;2026-09-28T01:51:53.048Z
28.09.2026;16:00;Greece;Super League 2;Athens Kallithea FC;Asteras Tripolis B;id1000018674172416;superbet;European Handicap Second Half;1.0;2;18.0;17.0;2026-09-28T01:51:53.048Z
28.09.2026;16:00;Greece;Super League 2;Athens Kallithea FC;Asteras Tripolis B;id1000018674172416;superbet;European Handicap Second Half;-1.0;1;4.85;5.1;2026-09-28T01:51:53.048Z
28.09.2026;16:00;Greece;Super League 2;Athens Kallithea FC;Asteras Tripolis B;id1000018674172416;superbet;European Handicap Second Half;-1.0;X;3.0;3.05;2026-09-28T01:51:53.048Z
28.09.2026;16:00;Greece;Super League 2;Athens Kallithea FC;Asteras Tripolis B;id1000018674172416;superbet;European Handicap Second Half;-1.0;2;1.69;1.64;2026-09-28T01:51:53.048Z
28.09.2026;16:00;Greece;Super League 2;Athens Kallithea FC;Asteras Tripolis B;id1000018674172416;superbet;European Handicap Second Half;-2.0;1;13.0;14.0;2026-09-28T01:51:53.048Z
28.09.2026;16:00;Greece;Super League 2;Athens Kallithea FC;Asteras Tripolis B;id1000018674172416;superbet;European Handicap Second Half;-2.0;X;6.1;6.3;2026-09-28T01:51:53.048Z
28.09.2026;16:00;Greece;Super League 2;Athens Kallithea FC;Asteras Tripolis B;id1000018674172416;superbet;European Handicap Second Half;-2.0;2;1.13;1.12;2026-09-28T01:51:53.048Z
28.09.2026;16:00;Greece;Super League 2;Athens Kallithea FC;Asteras Tripolis B;id1000018674172416;superbet;Over Under Team 2;3.5;Over;55.0;50.0;2026-09-28T01:51:53.048Z
28.09.2026;16:00;Greece;Super League 2;Athens Kallithea FC;Asteras Tripolis B;id1000018674172416;superbet;Over Under Team 2;4.5;Over;100.0;100.0;2026-09-28T01:51:53.048Z
28.09.2026;16:00;Greece;Super League 2;Athens Kallithea FC;Asteras Tripolis B;id1000018674172416;superbet;Over Under First Half;0.5;Over;1.47;1.47;2026-09-28T01:51:53.048Z
28.09.2026;16:00;Greece;Super League 2;Athens Kallithea FC;Asteras Tripolis B;id1000018674172416;superbet;Over Under First Half;0.5;Under;2.5;2.5;2026-09-28T01:51:53.048Z
28.09.2026;16:00;Greece;Super League 2;Athens Kallithea FC;Asteras Tripolis B;id1000018674172416;superbet;Over Under First Half;1.5;Over;3.2;3.2;2026-09-28T01:51:53.048Z
28.09.2026;16:00;Greece;Super League 2;Athens Kallithea FC;Asteras Tripolis B;id1000018674172416;superbet;Over Under First Half;1.5;Under;1.3;1.3;2026-09-28T01:51:53.048Z
28.09.2026;16:00;Greece;Super League 2;Athens Kallithea FC;Asteras Tripolis B;id1000018674172416;superbet;Over Under First Half;2.5;Over;8.1;8.1;2026-09-28T01:51:53.048Z
28.09.2026;16:00;Greece;Super League 2;Athens Kallithea FC;Asteras Tripolis B;id1000018674172416;superbet;Over Under First Half;2.5;Under;1.05;1.05;2026-09-28T01:51:53.048Z
28.09.2026;16:00;Greece;Super League 2;Athens Kallithea FC;Asteras Tripolis B;id1000018674172416;superbet;Over Under First Half;3.5;Over;23.0;23.0;2026-09-28T01:51:53.048Z
28.09.2026;16:00;Greece;Super League 2;Athens Kallithea FC;Asteras Tripolis B;id1000018674172416;superbet;Over Under First Half;3.5;Under;1.002;1.002;2026-09-28T01:51:53.048Z
28.09.2026;16:00;Greece;Super League 2;Athens Kallithea FC;Asteras Tripolis B;id1000018674172416;superbet;Over Under First Half;4.5;Over;65.0;65.0;2026-09-28T01:51:53.048Z
28.09.2026;16:00;Greece;Super League 2;Athens Kallithea FC;Asteras Tripolis B;id1000018674172416;superbet;Over Under Second Half;0.5;Over;1.32;1.32;2026-09-28T01:51:53.048Z
28.09.2026;16:00;Greece;Super League 2;Athens Kallithea FC;Asteras Tripolis B;id1000018674172416;superbet;Over Under Second Half;0.5;Under;3.1;3.1;2026-09-28T01:51:53.048Z
28.09.2026;16:00;Greece;Super League 2;Athens Kallithea FC;Asteras Tripolis B;id1000018674172416;superbet;Over Under Second Half;1.5;Over;2.5;2.5;2026-09-28T01:51:53.048Z
28.09.2026;16:00;Greece;Super League 2;Athens Kallithea FC;Asteras Tripolis B;id1000018674172416;superbet;Over Under Second Half;1.5;Under;1.47;1.47;2026-09-28T01:51:53.048Z
28.09.2026;16:00;Greece;Super League 2;Athens Kallithea FC;Asteras Tripolis B;id1000018674172416;superbet;Over Under Second Half;2.5;Over;5.75;5.75;2026-09-28T01:51:53.048Z
28.09.2026;16:00;Greece;Super League 2;Athens Kallithea FC;Asteras Tripolis B;id1000018674172416;superbet;Over Under Second Half;2.5;Under;1.1;1.1;2026-09-28T01:51:53.048Z
28.09.2026;16:00;Greece;Super League 2;Athens Kallithea FC;Asteras Tripolis B;id1000018674172416;superbet;Over Under Second Half;3.5;Over;15.0;14.0;2026-09-28T01:51:53.048Z
28.09.2026;16:00;Greece;Super League 2;Athens Kallithea FC;Asteras Tripolis B;id1000018674172416;superbet;Over Under Second Half;3.5;Under;1.01;1.01;2026-09-28T01:51:53.048Z
28.09.2026;16:00;Greece;Super League 2;Athens Kallithea FC;Asteras Tripolis B;id1000018674172416;superbet;Over Under Second Half;4.5;Over;40.0;40.0;2026-09-28T01:51:53.048Z
28.09.2026;16:00;Greece;Super League 2;Athens Kallithea FC;Asteras Tripolis B;id1000018674172416;superbet;Both Teams To Score First Half;0.0;Yes;5.75;5.6;2026-09-28T01:51:53.048Z
28.09.2026;16:00;Greece;Super League 2;Athens Kallithea FC;Asteras Tripolis B;id1000018674172416;superbet;Both Teams To Score First Half;0.0;No;1.1;1.11;2026-09-28T01:51:53.048Z
28.09.2026;16:00;Greece;Super League 2;Athens Kallithea FC;Asteras Tripolis B;id1000018674172416;superbet;Both Teams To Score Second Half;0.0;Yes;4.4;4.2;2026-09-28T01:51:53.048Z
28.09.2026;16:00;Greece;Super League 2;Athens Kallithea FC;Asteras Tripolis B;id1000018674172416;superbet;Both Teams To Score Second Half;0.0;No;1.17;1.19;2026-09-28T01:51:53.048Z
28.09.2026;16:00;Greece;Super League 2;Athens Kallithea FC;Asteras Tripolis B;id1000018674172416;superbet;Both Teams To Score;0.0;Yes;2.3;2.25;2026-09-28T01:51:53.048Z
28.09.2026;16:00;Greece;Super League 2;Athens Kallithea FC;Asteras Tripolis B;id1000018674172416;superbet;Both Teams To Score;0.0;No;1.55;1.58;2026-09-28T01:51:53.048Z
28.09.2026;16:00;Greece;Super League 2;Athens Kallithea FC;Asteras Tripolis B;id1000018674172416;superbet;Asian Handicap First Half;-1.5;1;5.8;6.0;2026-09-28T01:51:53.048Z
28.09.2026;16:00;Greece;Super League 2;Athens Kallithea FC;Asteras Tripolis B;id1000018674172416;superbet;Asian Handicap First Half;-1.5;2;1.09;1.08;2026-09-28T01:51:53.048Z
28.09.2026;16:00;Greece;Super League 2;Athens Kallithea FC;Asteras Tripolis B;id1000018674172416;superbet;Over Under Full Time;0.5;Over;1.07;1.07;2026-09-28T01:51:53.048Z
28.09.2026;16:00;Greece;Super League 2;Athens Kallithea FC;Asteras Tripolis B;id1000018674172416;superbet;Over Under Full Time;0.5;Under;6.8;6.8;2026-09-28T01:51:53.048Z
28.09.2026;16:00;Greece;Super League 2;Athens Kallithea FC;Asteras Tripolis B;id1000018674172416;superbet;Asian Handicap;-1.5;1;2.82;2.95;2026-09-28T01:51:53.048Z
28.09.2026;16:00;Greece;Super League 2;Athens Kallithea FC;Asteras Tripolis B;id1000018674172416;superbet;Asian Handicap;-1.5;2;1.38;1.35;2026-09-28T01:51:53.048Z
28.09.2026;16:00;Greece;Super League 2;Athens Kallithea FC;Asteras Tripolis B;id1000018674172416;superbet;Asian Handicap First Half;-0.5;1;2.17;2.22;2026-09-28T01:51:53.048Z
28.09.2026;16:00;Greece;Super League 2;Athens Kallithea FC;Asteras Tripolis B;id1000018674172416;superbet;Asian Handicap First Half;-0.5;2;1.59;1.56;2026-09-28T01:51:53.048Z
28.09.2026;16:00;Greece;Super League 2;Athens Kallithea FC;Asteras Tripolis B;id1000018674172416;superbet;Asian Handicap First Half;0.5;1;1.11;1.12;2026-09-28T01:51:53.048Z
28.09.2026;16:00;Greece;Super League 2;Athens Kallithea FC;Asteras Tripolis B;id1000018674172416;superbet;Asian Handicap First Half;0.5;2;5.4;5.15;2026-09-28T01:51:53.048Z
28.09.2026;16:00;Greece;Super League 2;Athens Kallithea FC;Asteras Tripolis B;id1000018674172416;superbet;Asian Handicap First Half;1.5;2;22.0;21.0;2026-09-28T01:51:53.048Z
28.09.2026;16:00;Greece;Super League 2;Athens Kallithea FC;Asteras Tripolis B;id1000018674172416;superbet;Asian Handicap;-1.25;1;2.42;2.55;2026-09-28T01:51:53.048Z
28.09.2026;16:00;Greece;Super League 2;Athens Kallithea FC;Asteras Tripolis B;id1000018674172416;superbet;Asian Handicap;-1.25;2;1.46;1.42;2026-09-28T01:51:53.048Z
28.09.2026;16:00;Greece;Super League 2;Athens Kallithea FC;Asteras Tripolis B;id1000018674172416;superbet;Asian Handicap;-1.0;1;2.1;2.22;2026-09-28T01:51:53.048Z
28.09.2026;16:00;Greece;Super League 2;Athens Kallithea FC;Asteras Tripolis B;id1000018674172416;superbet;Asian Handicap;-1.0;2;1.63;1.57;2026-09-28T01:51:53.048Z
28.09.2026;16:00;Greece;Super League 2;Athens Kallithea FC;Asteras Tripolis B;id1000018674172416;superbet;Asian Handicap;-0.75;1;1.78;1.85;2026-09-28T01:51:53.048Z
28.09.2026;16:00;Greece;Super League 2;Athens Kallithea FC;Asteras Tripolis B;id1000018674172416;superbet;Asian Handicap;-0.75;2;1.92;1.85;2026-09-28T01:51:53.048Z
28.09.2026;16:00;Greece;Super League 2;Athens Kallithea FC;Asteras Tripolis B;id1000018674172416;superbet;Asian Handicap Second Half;-1.5;1;4.85;5.1;2026-09-28T01:51:53.048Z
28.09.2026;16:00;Greece;Super League 2;Athens Kallithea FC;Asteras Tripolis B;id1000018674172416;superbet;Asian Handicap Second Half;-1.5;2;1.13;1.12;2026-09-28T01:51:53.048Z
28.09.2026;16:00;Greece;Super League 2;Athens Kallithea FC;Asteras Tripolis B;id1000018674172416;superbet;Asian Handicap;-0.5;1;1.6;1.65;2026-09-28T01:51:53.048Z
28.09.2026;16:00;Greece;Super League 2;Athens Kallithea FC;Asteras Tripolis B;id1000018674172416;superbet;Asian Handicap;-0.5;2;2.2;2.1;2026-09-28T01:51:53.048Z
28.09.2026;16:00;Greece;Super League 2;Athens Kallithea FC;Asteras Tripolis B;id1000018674172416;superbet;Asian Handicap Second Half;-0.5;1;2.0;2.07;2026-09-28T01:51:53.048Z
28.09.2026;16:00;Greece;Super League 2;Athens Kallithea FC;Asteras Tripolis B;id1000018674172416;superbet;Asian Handicap Second Half;-0.5;2;1.69;1.64;2026-09-28T01:51:53.048Z
28.09.2026;16:00;Greece;Super League 2;Athens Kallithea FC;Asteras Tripolis B;id1000018674172416;superbet;Asian Handicap Second Half;0.5;1;1.13;1.14;2026-09-28T01:51:53.048Z
28.09.2026;16:00;Greece;Super League 2;Athens Kallithea FC;Asteras Tripolis B;id1000018674172416;superbet;Asian Handicap Second Half;0.5;2;4.9;4.75;2026-09-28T01:51:53.048Z
28.09.2026;16:00;Greece;Super League 2;Athens Kallithea FC;Asteras Tripolis B;id1000018674172416;superbet;Asian Handicap Second Half;1.5;1;1.002;1.004;2026-09-28T01:51:53.048Z
28.09.2026;16:00;Greece;Super League 2;Athens Kallithea FC;Asteras Tripolis B;id1000018674172416;superbet;Asian Handicap Second Half;1.5;2;18.0;17.0;2026-09-28T01:51:53.048Z
28.09.2026;16:00;Greece;Super League 2;Athens Kallithea FC;Asteras Tripolis B;id1000018674172416;superbet;Asian Handicap;-0.25;1;1.38;1.43;2026-09-28T01:51:53.048Z
28.09.2026;16:00;Greece;Super League 2;Athens Kallithea FC;Asteras Tripolis B;id1000018674172416;superbet;Asian Handicap;-0.25;2;2.65;2.52;2026-09-28T01:51:53.048Z
28.09.2026;16:00;Greece;Super League 2;Athens Kallithea FC;Asteras Tripolis B;id1000018674172416;superbet;Asian Handicap;0.0;1;1.18;1.2;2026-09-28T01:51:53.048Z
28.09.2026;16:00;Greece;Super League 2;Athens Kallithea FC;Asteras Tripolis B;id1000018674172416;superbet;Asian Handicap;0.0;2;3.75;3.6;2026-09-28T01:51:53.048Z
28.09.2026;16:00;Greece;Super League 2;Athens Kallithea FC;Asteras Tripolis B;id1000018674172416;superbet;Asian Handicap;0.5;1;1.13;1.15;2026-09-28T01:51:53.048Z
28.09.2026;16:00;Greece;Super League 2;Athens Kallithea FC;Asteras Tripolis B;id1000018674172416;superbet;Asian Handicap;0.5;2;5.1;4.85;2026-09-28T01:51:53.048Z
28.09.2026;16:00;Greece;Super League 2;Athens Kallithea FC;Asteras Tripolis B;id1000018674172416;superbet;Over Under Full Time;1.5;Over;1.43;1.43;2026-09-28T01:51:53.048Z
28.09.2026;16:00;Greece;Super League 2;Athens Kallithea FC;Asteras Tripolis B;id1000018674172416;superbet;Over Under Full Time;1.5;Under;2.62;2.65;2026-09-28T01:51:53.048Z
28.09.2026;16:00;Greece;Super League 2;Athens Kallithea FC;Asteras Tripolis B;id1000018674172416;superbet;Asian Handicap;1.5;1;1.01;1.02;2026-09-28T01:51:53.048Z
28.09.2026;16:00;Greece;Super League 2;Athens Kallithea FC;Asteras Tripolis B;id1000018674172416;superbet;Asian Handicap;1.5;2;14.0;13.0;2026-09-28T01:51:53.048Z
28.09.2026;16:00;Greece;Super League 2;Athens Kallithea FC;Asteras Tripolis B;id1000018674172416;betano;Full Time Result;0.0;1;1.62;1.62;2026-09-28T00:11:32.825Z
28.09.2026;16:00;Greece;Super League 2;Athens Kallithea FC;Asteras Tripolis B;id1000018674172416;betano;Full Time Result;0.0;X;3.4;3.4;2026-09-28T00:11:32.825Z
28.09.2026;16:00;Greece;Super League 2;Athens Kallithea FC;Asteras Tripolis B;id1000018674172416;betano;Full Time Result;0.0;2;5.5;5.5;2026-09-28T00:11:32.825Z
28.09.2026;16:00;Greece;Super League 2;Athens Kallithea FC;Asteras Tripolis B;id1000018674172416;betano;Over Under Full Time;2.5;Over;2.25;2.25;2026-09-28T00:11:32.825Z
28.09.2026;16:00;Greece;Super League 2;Athens Kallithea FC;Asteras Tripolis B;id1000018674172416;betano;Over Under Full Time;2.5;Under;1.55;1.55;2026-09-28T00:11:32.825Z
28.09.2026;16:00;Greece;Super League 2;Athens Kallithea FC;Asteras Tripolis B;id1000018674172416;betano;Over Under Full Time;3.5;Over;3.9;3.95;2026-09-28T00:11:32.825Z
28.09.2026;16:00;Greece;Super League 2;Athens Kallithea FC;Asteras Tripolis B;id1000018674172416;betano;Over Under Full Time;3.5;Under;1.2;1.2;2026-09-28T00:11:32.825Z
28.09.2026;16:00;Greece;Super League 2;Athens Kallithea FC;Asteras Tripolis B;id1000018674172416;betano;Over Under Full Time;4.5;Over;6.6;6.7;2026-09-28T00:11:32.825Z
28.09.2026;16:00;Greece;Super League 2;Athens Kallithea FC;Asteras Tripolis B;id1000018674172416;betano;Over Under Full Time;4.5;Under;1.06;1.06;2026-09-28T00:11:32.825Z
28.09.2026;16:00;Greece;Super League 2;Athens Kallithea FC;Asteras Tripolis B;id1000018674172416;betano;European Handicap;-1.0;1;2.87;2.85;2026-09-28T00:11:32.825Z
28.09.2026;16:00;Greece;Super League 2;Athens Kallithea FC;Asteras Tripolis B;id1000018674172416;betano;European Handicap;-1.0;X;3.25;3.25;2026-09-28T00:11:32.825Z
28.09.2026;16:00;Greece;Super League 2;Athens Kallithea FC;Asteras Tripolis B;id1000018674172416;betano;European Handicap;-1.0;2;2.22;2.22;2026-09-28T00:11:32.825Z
28.09.2026;16:00;Greece;Super League 2;Athens Kallithea FC;Asteras Tripolis B;id1000018674172416;betano;Double Chance Full Time;0.0;1X;1.14;1.14;2026-09-28T00:11:32.825Z
28.09.2026;16:00;Greece;Super League 2;Athens Kallithea FC;Asteras Tripolis B;id1000018674172416;betano;Double Chance Full Time;0.0;12;1.26;1.26;2026-09-28T00:11:32.825Z
28.09.2026;16:00;Greece;Super League 2;Athens Kallithea FC;Asteras Tripolis B;id1000018674172416;betano;Double Chance Full Time;0.0;2X;2.22;2.22;2026-09-28T00:11:32.825Z
28.09.2026;16:00;Greece;Super League 2;Athens Kallithea FC;Asteras Tripolis B;id1000018674172416;betano;Double Chance First Half;0.0;1X;1.13;1.13;2026-09-28T00:11:32.825Z
28.09.2026;16:00;Greece;Super League 2;Athens Kallithea FC;Asteras Tripolis B;id1000018674172416;betano;Double Chance First Half;0.0;12;1.65;1.65;2026-09-28T00:11:32.825Z
28.09.2026;16:00;Greece;Super League 2;Athens Kallithea FC;Asteras Tripolis B;id1000018674172416;betano;Double Chance First Half;0.0;2X;1.57;1.6;2026-09-28T00:11:32.825Z
28.09.2026;16:00;Greece;Super League 2;Athens Kallithea FC;Asteras Tripolis B;id1000018674172416;betano;First Half Result;0.0;1;2.27;2.25;2026-09-28T00:11:32.825Z
28.09.2026;16:00;Greece;Super League 2;Athens Kallithea FC;Asteras Tripolis B;id1000018674172416;betano;First Half Result;0.0;X;1.98;1.98;2026-09-28T00:11:32.825Z
28.09.2026;16:00;Greece;Super League 2;Athens Kallithea FC;Asteras Tripolis B;id1000018674172416;betano;First Half Result;0.0;2;5.8;5.9;2026-09-28T00:11:32.825Z
28.09.2026;16:00;Greece;Super League 2;Athens Kallithea FC;Asteras Tripolis B;id1000018674172416;betano;Second Half Result;0.0;1;1.98;1.98;2026-09-28T00:11:32.825Z
28.09.2026;16:00;Greece;Super League 2;Athens Kallithea FC;Asteras Tripolis B;id1000018674172416;betano;Second Half Result;0.0;X;2.35;2.35;2026-09-28T00:11:32.825Z
28.09.2026;16:00;Greece;Super League 2;Athens Kallithea FC;Asteras Tripolis B;id1000018674172416;betano;Second Half Result;0.0;2;5.2;5.2;2026-09-28T00:11:32.825Z
28.09.2026;16:00;Greece;Super League 2;Athens Kallithea FC;Asteras Tripolis B;id1000018674172416;betano;Over Under Team 1 First Half;0.5;Over;1.88;1.88;2026-09-28T00:11:32.825Z
28.09.2026;16:00;Greece;Super League 2;Athens Kallithea FC;Asteras Tripolis B;id1000018674172416;betano;Over Under Team 1 First Half;0.5;Under;1.83;1.83;2026-09-28T00:11:32.825Z
28.09.2026;16:00;Greece;Super League 2;Athens Kallithea FC;Asteras Tripolis B;id1000018674172416;betano;Over Under Team 2 First Half;0.5;Over;3.3;3.3;2026-09-28T00:11:32.825Z
28.09.2026;16:00;Greece;Super League 2;Athens Kallithea FC;Asteras Tripolis B;id1000018674172416;betano;Over Under Team 2 First Half;0.5;Under;1.29;1.29;2026-09-28T00:11:32.825Z
28.09.2026;16:00;Greece;Super League 2;Athens Kallithea FC;Asteras Tripolis B;id1000018674172416;betano;Over Under Team 1;1.5;Over;1.98;1.98;2026-09-28T00:11:32.825Z
28.09.2026;16:00;Greece;Super League 2;Athens Kallithea FC;Asteras Tripolis B;id1000018674172416;betano;Over Under Team 1;1.5;Under;1.75;1.75;2026-09-28T00:11:32.825Z
28.09.2026;16:00;Greece;Super League 2;Athens Kallithea FC;Asteras Tripolis B;id1000018674172416;betano;Over Under Team 2;0.5;Over;1.85;1.85;2026-09-28T00:11:32.825Z
28.09.2026;16:00;Greece;Super League 2;Athens Kallithea FC;Asteras Tripolis B;id1000018674172416;betano;Over Under Team 2;0.5;Under;1.85;1.85;2026-09-28T00:11:32.825Z
28.09.2026;16:00;Greece;Super League 2;Athens Kallithea FC;Asteras Tripolis B;id1000018674172416;betano;Over Under First Half;0.5;Over;1.5;1.5;2026-09-28T00:11:32.825Z
28.09.2026;16:00;Greece;Super League 2;Athens Kallithea FC;Asteras Tripolis B;id1000018674172416;betano;Over Under First Half;0.5;Under;2.22;2.22;2026-09-28T00:11:32.825Z
28.09.2026;16:00;Greece;Super League 2;Athens Kallithea FC;Asteras Tripolis B;id1000018674172416;betano;Over Under First Half;1.5;Over;3.05;3.05;2026-09-28T00:11:32.825Z
28.09.2026;16:00;Greece;Super League 2;Athens Kallithea FC;Asteras Tripolis B;id1000018674172416;betano;Over Under First Half;1.5;Under;1.27;1.27;2026-09-28T00:11:32.825Z
28.09.2026;16:00;Greece;Super League 2;Athens Kallithea FC;Asteras Tripolis B;id1000018674172416;betano;Over Under First Half;2.5;Over;5.8;5.8;2026-09-28T00:11:32.825Z
28.09.2026;16:00;Greece;Super League 2;Athens Kallithea FC;Asteras Tripolis B;id1000018674172416;betano;Over Under First Half;2.5;Under;1.05;1.05;2026-09-28T00:11:32.825Z
28.09.2026;16:00;Greece;Super League 2;Athens Kallithea FC;Asteras Tripolis B;id1000018674172416;betano;Over Under Second Half;1.5;Over;2.35;2.35;2026-09-28T00:11:32.825Z
28.09.2026;16:00;Greece;Super League 2;Athens Kallithea FC;Asteras Tripolis B;id1000018674172416;betano;Over Under Second Half;1.5;Under;1.5;1.5;2026-09-28T00:11:32.825Z
28.09.2026;16:00;Greece;Super League 2;Athens Kallithea FC;Asteras Tripolis B;id1000018674172416;betano;Both Teams To Score;0.0;Yes;2.2;2.22;2026-09-28T00:11:32.825Z
28.09.2026;16:00;Greece;Super League 2;Athens Kallithea FC;Asteras Tripolis B;id1000018674172416;betano;Both Teams To Score;0.0;No;1.57;1.57;2026-09-28T00:11:32.825Z
28.09.2026;16:00;Greece;Super League 2;Athens Kallithea FC;Asteras Tripolis B;id1000018674172416;betano;Over Under Full Time;0.5;Over;1.09;1.09;2026-09-28T00:11:32.825Z
28.09.2026;16:00;Greece;Super League 2;Athens Kallithea FC;Asteras Tripolis B;id1000018674172416;betano;Over Under Full Time;0.5;Under;5.7;5.7;2026-09-28T00:11:32.825Z
28.09.2026;16:00;Greece;Super League 2;Athens Kallithea FC;Asteras Tripolis B;id1000018674172416;betano;Asian Handicap First Half;-0.25;1;1.78;1.78;2026-09-28T00:11:32.825Z
28.09.2026;16:00;Greece;Super League 2;Athens Kallithea FC;Asteras Tripolis B;id1000018674172416;betano;Asian Handicap First Half;-0.25;2;1.9;1.9;2026-09-28T00:11:32.825Z
28.09.2026;16:00;Greece;Super League 2;Athens Kallithea FC;Asteras Tripolis B;id1000018674172416;betano;Asian Handicap;-0.75;1;1.8;1.78;2026-09-28T00:11:32.825Z
28.09.2026;16:00;Greece;Super League 2;Athens Kallithea FC;Asteras Tripolis B;id1000018674172416;betano;Asian Handicap;-0.75;2;1.91;1.93;2026-09-28T00:11:32.825Z
28.09.2026;16:00;Greece;Super League 2;Athens Kallithea FC;Asteras Tripolis B;id1000018674172416;betano;Over Under Full Time;1.5;Over;1.44;1.44;2026-09-28T00:11:32.825Z
28.09.2026;16:00;Greece;Super League 2;Athens Kallithea FC;Asteras Tripolis B;id1000018674172416;betano;Over Under Full Time;1.5;Under;2.55;2.55;2026-09-28T00:11:32.825Z
28.09.2026;16:00;Greece;Super League 2;GS Marko;Panthrakikos FC Komotini;id1000018674172424;bet365;Full Time Result;0.0;1;1.47;1.51;2026-09-27T22:57:00.052Z
28.09.2026;16:00;Greece;Super League 2;GS Marko;Panthrakikos FC Komotini;id1000018674172424;bet365;Full Time Result;0.0;X;3.75;3.9;2026-09-27T22:57:00.052Z
28.09.2026;16:00;Greece;Super League 2;GS Marko;Panthrakikos FC Komotini;id1000018674172424;bet365;Full Time Result;0.0;2;6.0;5.75;2026-09-27T22:57:00.052Z
28.09.2026;16:00;Greece;Super League 2;GS Marko;Panthrakikos FC Komotini;id1000018674172424;bet365;Over Under Full Time;2.5;Over;1.82;2.02;2026-09-27T22:57:00.052Z
28.09.2026;16:00;Greece;Super League 2;GS Marko;Panthrakikos FC Komotini;id1000018674172424;bet365;Over Under Full Time;2.5;Under;1.92;1.72;2026-09-27T22:57:00.052Z
28.09.2026;16:00;Greece;Super League 2;GS Marko;Panthrakikos FC Komotini;id1000018674172424;bet365;Double Chance Full Time;0.0;1X;1.068;1.1;2026-09-27T22:57:00.052Z
28.09.2026;16:00;Greece;Super League 2;GS Marko;Panthrakikos FC Komotini;id1000018674172424;bet365;Double Chance Full Time;0.0;12;1.17;1.22;2026-09-27T22:57:00.052Z
28.09.2026;16:00;Greece;Super League 2;GS Marko;Panthrakikos FC Komotini;id1000018674172424;bet365;Double Chance Full Time;0.0;2X;2.3;2.37;2026-09-27T22:57:00.052Z
28.09.2026;16:00;Greece;Super League 2;GS Marko;Panthrakikos FC Komotini;id1000018674172424;bet365;First Half Result;0.0;1;1.97;2.02;2026-09-27T22:57:00.052Z
28.09.2026;16:00;Greece;Super League 2;GS Marko;Panthrakikos FC Komotini;id1000018674172424;bet365;First Half Result;0.0;X;2.25;2.2;2026-09-27T22:57:00.052Z
28.09.2026;16:00;Greece;Super League 2;GS Marko;Panthrakikos FC Komotini;id1000018674172424;bet365;First Half Result;0.0;2;5.5;6.0;2026-09-27T22:57:00.052Z
28.09.2026;16:00;Greece;Super League 2;GS Marko;Panthrakikos FC Komotini;id1000018674172424;pinnacle;Full Time Result;0.0;1;1.442;1.52;2026-09-28T01:01:22.709Z
28.09.2026;16:00;Greece;Super League 2;GS Marko;Panthrakikos FC Komotini;id1000018674172424;pinnacle;Full Time Result;0.0;X;3.96;3.67;2026-09-28T01:01:22.709Z
28.09.2026;16:00;Greece;Super League 2;GS Marko;Panthrakikos FC Komotini;id1000018674172424;pinnacle;Full Time Result;0.0;2;6.25;5.67;2026-09-28T01:01:22.709Z
28.09.2026;16:00;Greece;Super League 2;GS Marko;Panthrakikos FC Komotini;id1000018674172424;pinnacle;Over Under Full Time;2.5;Over;1.869;2.02;2026-09-28T01:01:22.709Z
28.09.2026;16:00;Greece;Super League 2;GS Marko;Panthrakikos FC Komotini;id1000018674172424;pinnacle;Over Under Full Time;2.5;Under;1.917;1.729;2026-09-28T01:01:22.709Z
28.09.2026;16:00;Greece;Super League 2;GS Marko;Panthrakikos FC Komotini;id1000018674172424;pinnacle;Over Under Team 1 First Half;0.5;Over;1.581;1.657;2026-09-27T13:52:59.347Z
28.09.2026;16:00;Greece;Super League 2;GS Marko;Panthrakikos FC Komotini;id1000018674172424;pinnacle;Over Under Team 1 First Half;0.5;Under;2.2;2.1;2026-09-27T13:52:59.347Z
28.09.2026;16:00;Greece;Super League 2;GS Marko;Panthrakikos FC Komotini;id1000018674172424;pinnacle;Over Under Team 1;1.5;Over;1.613;1.806;2026-09-27T13:11:49.965Z
28.09.2026;16:00;Greece;Super League 2;GS Marko;Panthrakikos FC Komotini;id1000018674172424;pinnacle;Over Under Team 1;1.5;Under;2.18;1.934;2026-09-27T13:11:49.965Z
28.09.2026;16:00;Greece;Super League 2;GS Marko;Panthrakikos FC Komotini;id1000018674172424;pinnacle;Over Under Team 2;0.5;Over;1.806;1.826;2026-09-27T13:11:49.965Z
28.09.2026;16:00;Greece;Super League 2;GS Marko;Panthrakikos FC Komotini;id1000018674172424;pinnacle;Over Under Team 2;0.5;Under;1.909;1.917;2026-09-27T13:11:49.965Z
28.09.2026;16:00;Greece;Super League 2;GS Marko;Panthrakikos FC Komotini;id1000018674172424;pinnacle;Over Under First Half;0.5;Over;1.347;1.386;2026-09-27T13:52:59.347Z
28.09.2026;16:00;Greece;Super League 2;GS Marko;Panthrakikos FC Komotini;id1000018674172424;pinnacle;Over Under First Half;0.5;Under;2.83;2.73;2026-09-27T13:52:59.347Z
28.09.2026;16:00;Greece;Super League 2;GS Marko;Panthrakikos FC Komotini;id1000018674172424;pinnacle;Over Under First Half;1.5;Over;2.66;2.85;2026-09-27T13:52:59.347Z
28.09.2026;16:00;Greece;Super League 2;GS Marko;Panthrakikos FC Komotini;id1000018674172424;pinnacle;Over Under First Half;1.5;Under;1.389;1.355;2026-09-27T13:52:59.347Z
28.09.2026;16:00;Greece;Super League 2;GS Marko;Panthrakikos FC Komotini;id1000018674172424;pinnacle;Asian Handicap;-2.0;1;3.41;3.41;2026-09-27T13:11:34.612Z
28.09.2026;16:00;Greece;Super League 2;GS Marko;Panthrakikos FC Komotini;id1000018674172424;pinnacle;Asian Handicap;-2.0;2;1.264;1.264;2026-09-27T13:11:34.612Z
28.09.2026;16:00;Greece;Super League 2;GS Marko;Panthrakikos FC Komotini;id1000018674172424;pinnacle;Asian Handicap;-1.75;1;2.65;2.96;2026-09-28T01:01:22.709Z
28.09.2026;16:00;Greece;Super League 2;GS Marko;Panthrakikos FC Komotini;id1000018674172424;pinnacle;Asian Handicap;-1.75;2;1.418;1.34;2026-09-28T01:01:22.709Z
28.09.2026;16:00;Greece;Super League 2;GS Marko;Panthrakikos FC Komotini;id1000018674172424;pinnacle;Asian Handicap First Half;-1.0;1;3.28;3.71;2026-09-27T13:52:59.347Z
28.09.2026;16:00;Greece;Super League 2;GS Marko;Panthrakikos FC Komotini;id1000018674172424;pinnacle;Asian Handicap First Half;-1.0;2;1.261;1.221;2026-09-27T13:52:59.347Z
28.09.2026;16:00;Greece;Super League 2;GS Marko;Panthrakikos FC Komotini;id1000018674172424;pinnacle;Asian Handicap First Half;-0.75;1;2.29;2.47;2026-09-27T13:52:59.347Z
28.09.2026;16:00;Greece;Super League 2;GS Marko;Panthrakikos FC Komotini;id1000018674172424;pinnacle;Asian Handicap First Half;-0.75;2;1.54;1.485;2026-09-27T13:52:59.347Z
28.09.2026;16:00;Greece;Super League 2;GS Marko;Panthrakikos FC Komotini;id1000018674172424;pinnacle;Asian Handicap;-1.5;1;2.27;2.48;2026-09-28T01:01:22.709Z
28.09.2026;16:00;Greece;Super League 2;GS Marko;Panthrakikos FC Komotini;id1000018674172424;pinnacle;Asian Handicap;-1.5;2;1.581;1.473;2026-09-28T01:01:22.709Z
28.09.2026;16:00;Greece;Super League 2;GS Marko;Panthrakikos FC Komotini;id1000018674172424;pinnacle;Asian Handicap First Half;-0.5;1;1.892;2.009;2026-09-27T13:52:59.347Z
28.09.2026;16:00;Greece;Super League 2;GS Marko;Panthrakikos FC Komotini;id1000018674172424;pinnacle;Asian Handicap First Half;-0.5;2;1.819;1.751;2026-09-27T13:52:59.347Z
28.09.2026;16:00;Greece;Super League 2;GS Marko;Panthrakikos FC Komotini;id1000018674172424;pinnacle;Asian Handicap First Half;-0.25;1;1.534;1.609;2026-09-27T13:52:59.347Z
28.09.2026;16:00;Greece;Super League 2;GS Marko;Panthrakikos FC Komotini;id1000018674172424;pinnacle;Asian Handicap First Half;-0.25;2;2.3;2.19;2026-09-27T13:52:59.347Z
28.09.2026;16:00;Greece;Super League 2;GS Marko;Panthrakikos FC Komotini;id1000018674172424;pinnacle;Asian Handicap First Half;0.0;1;1.174;1.209;2026-09-27T13:52:59.347Z
28.09.2026;16:00;Greece;Super League 2;GS Marko;Panthrakikos FC Komotini;id1000018674172424;pinnacle;Asian Handicap First Half;0.0;2;4.08;3.82;2026-09-27T13:52:59.347Z
28.09.2026;16:00;Greece;Super League 2;GS Marko;Panthrakikos FC Komotini;id1000018674172424;pinnacle;Asian Handicap;-1.25;1;2.0;2.21;2026-09-28T01:01:22.709Z
28.09.2026;16:00;Greece;Super League 2;GS Marko;Panthrakikos FC Komotini;id1000018674172424;pinnacle;Asian Handicap;-1.25;2;1.793;1.613;2026-09-28T01:01:22.709Z
28.09.2026;16:00;Greece;Super League 2;GS Marko;Panthrakikos FC Komotini;id1000018674172424;pinnacle;Asian Handicap;-1.0;1;1.729;1.917;2026-09-28T01:01:22.709Z
28.09.2026;16:00;Greece;Super League 2;GS Marko;Panthrakikos FC Komotini;id1000018674172424;pinnacle;Asian Handicap;-1.0;2;2.02;1.84;2026-09-28T01:01:22.709Z
28.09.2026;16:00;Greece;Super League 2;GS Marko;Panthrakikos FC Komotini;id1000018674172424;pinnacle;Asian Handicap;-0.75;1;1.54;1.657;2026-09-28T01:01:22.709Z
28.09.2026;16:00;Greece;Super League 2;GS Marko;Panthrakikos FC Komotini;id1000018674172424;pinnacle;Asian Handicap;-0.75;2;2.31;2.12;2026-09-28T01:01:22.709Z
28.09.2026;16:00;Greece;Super League 2;GS Marko;Panthrakikos FC Komotini;id1000018674172424;pinnacle;Asian Handicap;-0.5;1;1.429;1.507;2026-09-28T01:01:22.709Z
28.09.2026;16:00;Greece;Super League 2;GS Marko;Panthrakikos FC Komotini;id1000018674172424;pinnacle;Asian Handicap;-0.5;2;2.61;2.39;2026-09-28T01:01:22.709Z
28.09.2026;16:00;Greece;Super League 2;GS Marko;Panthrakikos FC Komotini;id1000018674172424;pinnacle;Asian Handicap;-0.25;1;1.337;1.337;2026-09-28T01:01:22.709Z
28.09.2026;16:00;Greece;Super League 2;GS Marko;Panthrakikos FC Komotini;id1000018674172424;pinnacle;Asian Handicap;-0.25;2;2.97;2.97;2026-09-28T01:01:22.709Z
28.09.2026;16:00;Greece;Super League 2;GS Marko;Panthrakikos FC Komotini;id1000018674172424;pinnacle;Over Under Full Time;1.5;Over;1.328;1.328;2026-09-28T01:01:22.709Z
28.09.2026;16:00;Greece;Super League 2;GS Marko;Panthrakikos FC Komotini;id1000018674172424;pinnacle;Over Under Full Time;1.5;Under;3.02;3.02;2026-09-28T01:01:22.709Z
28.09.2026;16:00;Greece;Super League 2;GS Marko;Panthrakikos FC Komotini;id1000018674172424;sisal.it;Full Time Result;0.0;1;1.45;1.48;2026-09-27T17:29:40.195Z
28.09.2026;16:00;Greece;Super League 2;GS Marko;Panthrakikos FC Komotini;id1000018674172424;sisal.it;Full Time Result;0.0;X;3.75;3.75;2026-09-27T13:24:43.667Z
28.09.2026;16:00;Greece;Super League 2;GS Marko;Panthrakikos FC Komotini;id1000018674172424;sisal.it;Full Time Result;0.0;2;6.0;6.0;2026-09-24T23:06:55.582Z
28.09.2026;16:00;Greece;Super League 2;GS Marko;Panthrakikos FC Komotini;id1000018674172424;sisal.it;Over Under Full Time;2.5;Over;1.85;1.9;2026-09-27T13:38:45.118Z
28.09.2026;16:00;Greece;Super League 2;GS Marko;Panthrakikos FC Komotini;id1000018674172424;sisal.it;Over Under Full Time;2.5;Under;1.72;1.7;2026-09-27T13:38:45.118Z
28.09.2026;16:00;Greece;Super League 2;GS Marko;Panthrakikos FC Komotini;id1000018674172424;sisal.it;Over Under Full Time;3.5;Over;3.0;3.25;2026-09-27T20:20:57.666Z
28.09.2026;16:00;Greece;Super League 2;GS Marko;Panthrakikos FC Komotini;id1000018674172424;sisal.it;Over Under Full Time;3.5;Under;1.25;1.25;2026-09-28T01:01:37.616Z
28.09.2026;16:00;Greece;Super League 2;GS Marko;Panthrakikos FC Komotini;id1000018674172424;sisal.it;Over Under Full Time;4.5;Over;5.5;6.0;2026-09-27T13:38:45.118Z
28.09.2026;16:00;Greece;Super League 2;GS Marko;Panthrakikos FC Komotini;id1000018674172424;sisal.it;Over Under Full Time;4.5;Under;1.06;1.06;2026-09-27T13:38:45.118Z
28.09.2026;16:00;Greece;Super League 2;GS Marko;Panthrakikos FC Komotini;id1000018674172424;sisal.it;European Handicap;-1.0;1;2.35;2.45;2026-09-27T17:29:40.195Z
28.09.2026;16:00;Greece;Super League 2;GS Marko;Panthrakikos FC Komotini;id1000018674172424;sisal.it;European Handicap;-1.0;X;3.1;3.2;2026-09-27T17:29:40.195Z
28.09.2026;16:00;Greece;Super League 2;GS Marko;Panthrakikos FC Komotini;id1000018674172424;sisal.it;European Handicap;-1.0;2;2.5;2.4;2026-09-27T17:29:40.195Z
28.09.2026;16:00;Greece;Super League 2;GS Marko;Panthrakikos FC Komotini;id1000018674172424;sisal.it;Double Chance Full Time;0.0;1X;1.07;1.08;2026-09-27T17:29:40.195Z
28.09.2026;16:00;Greece;Super League 2;GS Marko;Panthrakikos FC Komotini;id1000018674172424;sisal.it;Double Chance Full Time;0.0;12;1.2;1.2;2026-09-27T13:24:43.667Z
28.09.2026;16:00;Greece;Super League 2;GS Marko;Panthrakikos FC Komotini;id1000018674172424;sisal.it;Double Chance Full Time;0.0;2X;2.4;2.3;2026-09-27T17:29:40.195Z
28.09.2026;16:00;Greece;Super League 2;GS Marko;Panthrakikos FC Komotini;id1000018674172424;sisal.it;Double Chance First Half;0.0;1X;1.02;1.03;2026-09-27T17:29:40.195Z
28.09.2026;16:00;Greece;Super League 2;GS Marko;Panthrakikos FC Komotini;id1000018674172424;sisal.it;Double Chance First Half;0.0;12;1.45;1.46;2026-09-27T17:29:40.195Z
28.09.2026;16:00;Greece;Super League 2;GS Marko;Panthrakikos FC Komotini;id1000018674172424;sisal.it;Double Chance First Half;0.0;2X;1.58;1.56;2026-09-27T17:29:40.195Z
28.09.2026;16:00;Greece;Super League 2;GS Marko;Panthrakikos FC Komotini;id1000018674172424;sisal.it;First Half Result;0.0;1;1.95;2.0;2026-09-27T17:29:40.195Z
28.09.2026;16:00;Greece;Super League 2;GS Marko;Panthrakikos FC Komotini;id1000018674172424;sisal.it;First Half Result;0.0;X;2.2;2.2;2026-09-27T13:24:43.667Z
28.09.2026;16:00;Greece;Super League 2;GS Marko;Panthrakikos FC Komotini;id1000018674172424;sisal.it;First Half Result;0.0;2;6.0;5.75;2026-09-27T17:29:40.195Z
28.09.2026;16:00;Greece;Super League 2;GS Marko;Panthrakikos FC Komotini;id1000018674172424;sisal.it;Over Under Team 1;0.5;Over;1.08;1.1;2026-09-27T17:29:40.195Z
28.09.2026;16:00;Greece;Super League 2;GS Marko;Panthrakikos FC Komotini;id1000018674172424;sisal.it;Over Under Team 1;0.5;Under;5.0;4.75;2026-09-27T17:29:40.195Z
28.09.2026;16:00;Greece;Super League 2;GS Marko;Panthrakikos FC Komotini;id1000018674172424;sisal.it;Over Under Team 1;1.5;Over;1.6;1.67;2026-09-27T17:29:40.195Z
28.09.2026;16:00;Greece;Super League 2;GS Marko;Panthrakikos FC Komotini;id1000018674172424;sisal.it;Over Under Team 1;1.5;Under;2.0;1.9;2026-09-27T17:29:40.195Z
28.09.2026;16:00;Greece;Super League 2;GS Marko;Panthrakikos FC Komotini;id1000018674172424;sisal.it;Over Under Team 1;2.5;Over;3.0;3.0;2026-09-27T13:38:45.118Z
28.09.2026;16:00;Greece;Super League 2;GS Marko;Panthrakikos FC Komotini;id1000018674172424;sisal.it;Over Under Team 1;2.5;Under;1.25;1.25;2026-09-27T13:38:45.118Z
28.09.2026;16:00;Greece;Super League 2;GS Marko;Panthrakikos FC Komotini;id1000018674172424;sisal.it;Over Under Team 1;3.5;Over;5.75;6.0;2026-09-27T17:29:40.195Z
28.09.2026;16:00;Greece;Super League 2;GS Marko;Panthrakikos FC Komotini;id1000018674172424;sisal.it;Over Under Team 1;3.5;Under;1.05;1.04;2026-09-27T17:29:40.195Z
28.09.2026;16:00;Greece;Super League 2;GS Marko;Panthrakikos FC Komotini;id1000018674172424;sisal.it;Over Under Team 1;4.5;Over;12.0;12.0;2026-09-27T13:38:45.118Z
28.09.2026;16:00;Greece;Super League 2;GS Marko;Panthrakikos FC Komotini;id1000018674172424;sisal.it;Over Under Team 2;0.5;Over;1.72;1.72;2026-09-27T20:20:57.666Z
28.09.2026;16:00;Greece;Super League 2;GS Marko;Panthrakikos FC Komotini;id1000018674172424;sisal.it;Over Under Team 2;0.5;Under;1.85;1.85;2026-09-27T20:20:57.666Z
28.09.2026;16:00;Greece;Super League 2;GS Marko;Panthrakikos FC Komotini;id1000018674172424;sisal.it;Over Under Team 2;1.5;Over;4.5;4.25;2026-09-27T17:29:40.195Z
28.09.2026;16:00;Greece;Super League 2;GS Marko;Panthrakikos FC Komotini;id1000018674172424;sisal.it;Over Under Team 2;1.5;Under;1.12;1.13;2026-09-27T17:29:40.195Z
28.09.2026;16:00;Greece;Super League 2;GS Marko;Panthrakikos FC Komotini;id1000018674172424;sisal.it;Over Under Team 2;2.5;Over;12.0;12.0;2026-09-27T20:20:57.666Z
28.09.2026;16:00;Greece;Super League 2;GS Marko;Panthrakikos FC Komotini;id1000018674172424;sisal.it;Over Under Team 2;3.5;Over;25.0;25.0;2026-09-27T20:20:57.666Z
28.09.2026;16:00;Greece;Super League 2;GS Marko;Panthrakikos FC Komotini;id1000018674172424;sisal.it;Over Under Team 2;4.5;Over;25.0;25.0;2026-09-22T09:39:39.878Z
28.09.2026;16:00;Greece;Super League 2;GS Marko;Panthrakikos FC Komotini;id1000018674172424;sisal.it;Over Under First Half;0.5;Over;1.33;1.36;2026-09-27T20:20:57.666Z
28.09.2026;16:00;Greece;Super League 2;GS Marko;Panthrakikos FC Komotini;id1000018674172424;sisal.it;Over Under First Half;0.5;Under;2.7;2.6;2026-09-27T20:20:57.666Z
28.09.2026;16:00;Greece;Super League 2;GS Marko;Panthrakikos FC Komotini;id1000018674172424;sisal.it;Over Under First Half;1.5;Over;2.6;2.75;2026-09-27T20:20:57.666Z
28.09.2026;16:00;Greece;Super League 2;GS Marko;Panthrakikos FC Komotini;id1000018674172424;sisal.it;Over Under First Half;1.5;Under;1.36;1.3;2026-09-27T20:20:57.666Z
28.09.2026;16:00;Greece;Super League 2;GS Marko;Panthrakikos FC Komotini;id1000018674172424;sisal.it;Over Under First Half;2.5;Over;6.0;6.0;2026-09-27T13:38:45.118Z
28.09.2026;16:00;Greece;Super League 2;GS Marko;Panthrakikos FC Komotini;id1000018674172424;sisal.it;Over Under First Half;2.5;Under;1.04;1.04;2026-09-27T13:38:45.118Z
28.09.2026;16:00;Greece;Super League 2;GS Marko;Panthrakikos FC Komotini;id1000018674172424;sisal.it;Over Under First Half;3.5;Over;12.0;12.0;2026-09-22T09:39:39.878Z
28.09.2026;16:00;Greece;Super League 2;GS Marko;Panthrakikos FC Komotini;id1000018674172424;sisal.it;Over Under First Half;4.5;Over;25.0;25.0;2026-09-27T13:24:43.667Z
28.09.2026;16:00;Greece;Super League 2;GS Marko;Panthrakikos FC Komotini;id1000018674172424;sisal.it;Both Teams To Score;0.0;Yes;2.0;2.0;2026-09-27T20:20:57.666Z
28.09.2026;16:00;Greece;Super League 2;GS Marko;Panthrakikos FC Komotini;id1000018674172424;sisal.it;Both Teams To Score;0.0;No;1.65;1.65;2026-09-27T20:20:57.666Z
28.09.2026;16:00;Greece;Super League 2;GS Marko;Panthrakikos FC Komotini;id1000018674172424;sisal.it;Over Under Full Time;0.5;Over;1.01;1.02;2026-09-27T13:24:43.667Z
28.09.2026;16:00;Greece;Super League 2;GS Marko;Panthrakikos FC Komotini;id1000018674172424;sisal.it;Over Under Full Time;0.5;Under;7.5;8.0;2026-09-27T13:02:34.321Z
28.09.2026;16:00;Greece;Super League 2;GS Marko;Panthrakikos FC Komotini;id1000018674172424;sisal.it;Over Under Full Time;1.5;Over;1.25;1.3;2026-09-27T20:20:57.666Z
28.09.2026;16:00;Greece;Super League 2;GS Marko;Panthrakikos FC Komotini;id1000018674172424;sisal.it;Over Under Full Time;1.5;Under;3.0;3.0;2026-09-27T20:20:57.666Z
28.09.2026;16:00;Greece;Super League 2;GS Marko;Panthrakikos FC Komotini;id1000018674172424;tipico;Full Time Result;0.0;1;1.47;1.45;2026-09-27T18:34:30.968Z
28.09.2026;16:00;Greece;Super League 2;GS Marko;Panthrakikos FC Komotini;id1000018674172424;tipico;Full Time Result;0.0;X;3.6;3.6;2026-09-27T18:34:30.968Z
28.09.2026;16:00;Greece;Super League 2;GS Marko;Panthrakikos FC Komotini;id1000018674172424;tipico;Full Time Result;0.0;2;5.5;5.8;2026-09-27T18:34:30.968Z
28.09.2026;16:00;Greece;Super League 2;GS Marko;Panthrakikos FC Komotini;id1000018674172424;tipico;Over Under Full Time;2.5;Over;1.83;1.93;2026-09-27T18:34:30.968Z
28.09.2026;16:00;Greece;Super League 2;GS Marko;Panthrakikos FC Komotini;id1000018674172424;tipico;Over Under Full Time;2.5;Under;1.85;1.75;2026-09-27T18:34:30.968Z
28.09.2026;16:00;Greece;Super League 2;GS Marko;Panthrakikos FC Komotini;id1000018674172424;tipico;Over Under Full Time;3.5;Over;3.0;3.2;2026-09-27T18:34:30.968Z
28.09.2026;16:00;Greece;Super League 2;GS Marko;Panthrakikos FC Komotini;id1000018674172424;tipico;Over Under Full Time;3.5;Under;1.33;1.3;2026-09-27T18:34:30.968Z
28.09.2026;16:00;Greece;Super League 2;GS Marko;Panthrakikos FC Komotini;id1000018674172424;tipico;Over Under Full Time;4.5;Over;5.2;7.0;2026-09-27T20:30:29.495Z
28.09.2026;16:00;Greece;Super League 2;GS Marko;Panthrakikos FC Komotini;id1000018674172424;tipico;Over Under Full Time;4.5;Under;1.12;1.06;2026-09-27T20:30:29.495Z
28.09.2026;16:00;Greece;Super League 2;GS Marko;Panthrakikos FC Komotini;id1000018674172424;tipico;European Handicap;-1.0;1;2.4;2.75;2026-09-27T22:06:28.452Z
28.09.2026;16:00;Greece;Super League 2;GS Marko;Panthrakikos FC Komotini;id1000018674172424;tipico;European Handicap;-1.0;X;3.2;2.95;2026-09-27T22:06:28.452Z
28.09.2026;16:00;Greece;Super League 2;GS Marko;Panthrakikos FC Komotini;id1000018674172424;tipico;European Handicap;-1.0;2;2.45;2.3;2026-09-27T22:06:28.452Z
28.09.2026;16:00;Greece;Super League 2;GS Marko;Panthrakikos FC Komotini;id1000018674172424;tipico;European Handicap;-2.0;1;4.1;4.3;2026-09-27T18:34:30.968Z
28.09.2026;16:00;Greece;Super League 2;GS Marko;Panthrakikos FC Komotini;id1000018674172424;tipico;European Handicap;-2.0;X;4.2;4.6;2026-09-27T18:34:30.968Z
28.09.2026;16:00;Greece;Super League 2;GS Marko;Panthrakikos FC Komotini;id1000018674172424;tipico;European Handicap;-2.0;2;1.52;1.45;2026-09-27T18:34:30.968Z
28.09.2026;16:00;Greece;Super League 2;GS Marko;Panthrakikos FC Komotini;id1000018674172424;tipico;Double Chance Full Time;0.0;1X;1.06;1.02;2026-09-27T23:53:49.769Z
28.09.2026;16:00;Greece;Super League 2;GS Marko;Panthrakikos FC Komotini;id1000018674172424;tipico;Double Chance Full Time;0.0;12;1.18;1.2;2026-09-28T01:37:21.288Z
28.09.2026;16:00;Greece;Super League 2;GS Marko;Panthrakikos FC Komotini;id1000018674172424;tipico;Double Chance Full Time;0.0;2X;2.1;2.3;2026-09-27T23:00:40.058Z
28.09.2026;16:00;Greece;Super League 2;GS Marko;Panthrakikos FC Komotini;id1000018674172424;tipico;First Half Result;0.0;1;1.95;2.15;2026-09-27T20:30:29.495Z
28.09.2026;16:00;Greece;Super League 2;GS Marko;Panthrakikos FC Komotini;id1000018674172424;tipico;First Half Result;0.0;X;2.15;1.9;2026-09-27T20:30:29.495Z
28.09.2026;16:00;Greece;Super League 2;GS Marko;Panthrakikos FC Komotini;id1000018674172424;tipico;First Half Result;0.0;2;5.5;6.0;2026-09-27T20:30:29.495Z
28.09.2026;16:00;Greece;Super League 2;GS Marko;Panthrakikos FC Komotini;id1000018674172424;tipico;Second Half Result;0.0;1;1.87;2.0;2026-09-27T20:30:29.495Z
28.09.2026;16:00;Greece;Super League 2;GS Marko;Panthrakikos FC Komotini;id1000018674172424;tipico;Second Half Result;0.0;X;2.65;2.5;2026-09-27T20:30:29.495Z
28.09.2026;16:00;Greece;Super League 2;GS Marko;Panthrakikos FC Komotini;id1000018674172424;tipico;Second Half Result;0.0;2;5.7;5.3;2026-09-27T18:34:30.968Z
28.09.2026;16:00;Greece;Super League 2;GS Marko;Panthrakikos FC Komotini;id1000018674172424;tipico;Over Under Team 1;1.5;Over;1.62;1.7;2026-09-27T18:34:30.968Z
28.09.2026;16:00;Greece;Super League 2;GS Marko;Panthrakikos FC Komotini;id1000018674172424;tipico;Over Under Team 1;1.5;Under;2.1;1.97;2026-09-27T18:34:30.968Z
28.09.2026;16:00;Greece;Super League 2;GS Marko;Panthrakikos FC Komotini;id1000018674172424;tipico;Over Under Team 2;0.5;Over;1.72;1.72;2026-09-28T01:03:32.177Z
28.09.2026;16:00;Greece;Super League 2;GS Marko;Panthrakikos FC Komotini;id1000018674172424;tipico;Over Under Team 2;0.5;Under;1.97;1.93;2026-09-27T18:34:30.968Z
28.09.2026;16:00;Greece;Super League 2;GS Marko;Panthrakikos FC Komotini;id1000018674172424;tipico;European Handicap First Half;-1.0;1;4.7;5.5;2026-09-27T20:30:29.495Z
28.09.2026;16:00;Greece;Super League 2;GS Marko;Panthrakikos FC Komotini;id1000018674172424;tipico;European Handicap First Half;-1.0;X;2.8;2.85;2026-09-27T18:34:30.968Z
28.09.2026;16:00;Greece;Super League 2;GS Marko;Panthrakikos FC Komotini;id1000018674172424;tipico;European Handicap First Half;-1.0;2;1.72;1.62;2026-09-27T20:30:29.495Z
28.09.2026;16:00;Greece;Super League 2;GS Marko;Panthrakikos FC Komotini;id1000018674172424;tipico;Over Under First Half;0.5;Over;1.35;1.37;2026-09-27T18:34:30.968Z
28.09.2026;16:00;Greece;Super League 2;GS Marko;Panthrakikos FC Komotini;id1000018674172424;tipico;Over Under First Half;0.5;Under;2.8;2.75;2026-09-27T18:34:30.968Z
28.09.2026;16:00;Greece;Super League 2;GS Marko;Panthrakikos FC Komotini;id1000018674172424;tipico;Over Under First Half;1.5;Over;2.5;2.75;2026-09-27T20:30:29.495Z
28.09.2026;16:00;Greece;Super League 2;GS Marko;Panthrakikos FC Komotini;id1000018674172424;tipico;Over Under First Half;1.5;Under;1.45;1.37;2026-09-27T20:30:29.495Z
28.09.2026;16:00;Greece;Super League 2;GS Marko;Panthrakikos FC Komotini;id1000018674172424;tipico;Both Teams To Score First Half;0.0;Yes;4.5;5.0;2026-09-27T20:30:29.495Z
28.09.2026;16:00;Greece;Super League 2;GS Marko;Panthrakikos FC Komotini;id1000018674172424;tipico;Both Teams To Score First Half;0.0;No;1.15;1.12;2026-09-27T20:30:29.495Z
28.09.2026;16:00;Greece;Super League 2;GS Marko;Panthrakikos FC Komotini;id1000018674172424;tipico;Both Teams To Score;0.0;Yes;1.93;1.97;2026-09-27T20:30:29.495Z
28.09.2026;16:00;Greece;Super League 2;GS Marko;Panthrakikos FC Komotini;id1000018674172424;tipico;Both Teams To Score;0.0;No;1.72;1.7;2026-09-27T20:30:29.495Z
28.09.2026;16:00;Greece;Super League 2;GS Marko;Panthrakikos FC Komotini;id1000018674172424;tipico;Over Under Full Time;1.5;Over;1.25;1.28;2026-09-27T18:34:30.968Z
28.09.2026;16:00;Greece;Super League 2;GS Marko;Panthrakikos FC Komotini;id1000018674172424;tipico;Over Under Full Time;1.5;Under;3.5;3.3;2026-09-27T18:34:30.968Z
28.09.2026;16:00;Greece;Super League 2;GS Marko;Panthrakikos FC Komotini;id1000018674172424;stoiximan;Full Time Result;0.0;1;1.5;1.53;2026-09-27T20:07:52.661Z
28.09.2026;16:00;Greece;Super League 2;GS Marko;Panthrakikos FC Komotini;id1000018674172424;stoiximan;Full Time Result;0.0;X;3.85;3.8;2026-09-27T19:50:57.519Z
28.09.2026;16:00;Greece;Super League 2;GS Marko;Panthrakikos FC Komotini;id1000018674172424;stoiximan;Full Time Result;0.0;2;6.0;5.7;2026-09-27T20:07:52.661Z
28.09.2026;16:00;Greece;Super League 2;GS Marko;Panthrakikos FC Komotini;id1000018674172424;stoiximan;Over Under Full Time;2.5;Over;1.93;1.98;2026-09-27T19:50:57.519Z
28.09.2026;16:00;Greece;Super League 2;GS Marko;Panthrakikos FC Komotini;id1000018674172424;stoiximan;Over Under Full Time;2.5;Under;1.75;1.72;2026-09-27T19:50:57.519Z
28.09.2026;16:00;Greece;Super League 2;GS Marko;Panthrakikos FC Komotini;id1000018674172424;stoiximan;Over Under Full Time;3.5;Over;3.2;3.3;2026-09-27T19:50:57.519Z
28.09.2026;16:00;Greece;Super League 2;GS Marko;Panthrakikos FC Komotini;id1000018674172424;stoiximan;Over Under Full Time;3.5;Under;1.28;1.27;2026-09-27T19:50:57.519Z
28.09.2026;16:00;Greece;Super League 2;GS Marko;Panthrakikos FC Komotini;id1000018674172424;stoiximan;Over Under Full Time;4.5;Over;5.5;5.6;2026-09-27T19:50:57.519Z
28.09.2026;16:00;Greece;Super League 2;GS Marko;Panthrakikos FC Komotini;id1000018674172424;stoiximan;Over Under Full Time;4.5;Under;1.1;1.1;2026-09-27T19:50:57.519Z
28.09.2026;16:00;Greece;Super League 2;GS Marko;Panthrakikos FC Komotini;id1000018674172424;stoiximan;European Handicap;-1.0;1;2.45;2.52;2026-09-27T17:23:41.291Z
28.09.2026;16:00;Greece;Super League 2;GS Marko;Panthrakikos FC Komotini;id1000018674172424;stoiximan;European Handicap;-1.0;X;3.35;3.35;2026-09-27T19:50:57.519Z
28.09.2026;16:00;Greece;Super League 2;GS Marko;Panthrakikos FC Komotini;id1000018674172424;stoiximan;European Handicap;-1.0;2;2.5;2.4;2026-09-27T17:23:41.291Z
28.09.2026;16:00;Greece;Super League 2;GS Marko;Panthrakikos FC Komotini;id1000018674172424;stoiximan;First Half Result;0.0;1;2.07;2.1;2026-09-27T20:07:52.661Z
28.09.2026;16:00;Greece;Super League 2;GS Marko;Panthrakikos FC Komotini;id1000018674172424;stoiximan;First Half Result;0.0;X;2.15;2.12;2026-09-27T17:23:41.291Z
28.09.2026;16:00;Greece;Super League 2;GS Marko;Panthrakikos FC Komotini;id1000018674172424;stoiximan;First Half Result;0.0;2;5.9;5.8;2026-09-27T20:07:52.661Z
28.09.2026;16:00;Greece;Super League 2;GS Marko;Panthrakikos FC Komotini;id1000018674172424;stoiximan;Second Half Result;0.0;1;1.82;1.87;2026-09-27T19:50:57.519Z
28.09.2026;16:00;Greece;Super League 2;GS Marko;Panthrakikos FC Komotini;id1000018674172424;stoiximan;Second Half Result;0.0;X;2.57;2.52;2026-09-27T20:07:52.661Z
28.09.2026;16:00;Greece;Super League 2;GS Marko;Panthrakikos FC Komotini;id1000018674172424;stoiximan;Second Half Result;0.0;2;5.5;5.3;2026-09-27T19:50:57.519Z
28.09.2026;16:00;Greece;Super League 2;GS Marko;Panthrakikos FC Komotini;id1000018674172424;stoiximan;Over Under Team 1 First Half;0.5;Over;1.72;1.75;2026-09-27T19:50:57.519Z
28.09.2026;16:00;Greece;Super League 2;GS Marko;Panthrakikos FC Komotini;id1000018674172424;stoiximan;Over Under Team 1 First Half;0.5;Under;2.02;1.98;2026-09-27T19:50:57.519Z
28.09.2026;16:00;Greece;Super League 2;GS Marko;Panthrakikos FC Komotini;id1000018674172424;stoiximan;Over Under Team 2 First Half;0.5;Over;3.15;3.15;2026-09-27T20:07:52.661Z
28.09.2026;16:00;Greece;Super League 2;GS Marko;Panthrakikos FC Komotini;id1000018674172424;stoiximan;Over Under Team 2 First Half;0.5;Under;1.31;1.32;2026-09-27T19:50:57.519Z
28.09.2026;16:00;Greece;Super League 2;GS Marko;Panthrakikos FC Komotini;id1000018674172424;stoiximan;Over Under Team 1;1.5;Over;1.72;1.75;2026-09-27T19:50:57.519Z
28.09.2026;16:00;Greece;Super League 2;GS Marko;Panthrakikos FC Komotini;id1000018674172424;stoiximan;Over Under Team 1;1.5;Under;2.02;1.95;2026-09-27T19:50:57.519Z
28.09.2026;16:00;Greece;Super League 2;GS Marko;Panthrakikos FC Komotini;id1000018674172424;stoiximan;Over Under Team 2;0.5;Over;1.78;1.78;2026-09-27T19:50:57.519Z
28.09.2026;16:00;Greece;Super League 2;GS Marko;Panthrakikos FC Komotini;id1000018674172424;stoiximan;Over Under Team 2;0.5;Under;1.93;1.93;2026-09-27T19:50:57.519Z
28.09.2026;16:00;Greece;Super League 2;GS Marko;Panthrakikos FC Komotini;id1000018674172424;stoiximan;Over Under First Half;0.5;Over;1.4;1.42;2026-09-27T20:07:52.661Z
28.09.2026;16:00;Greece;Super League 2;GS Marko;Panthrakikos FC Komotini;id1000018674172424;stoiximan;Over Under First Half;0.5;Under;2.45;2.42;2026-09-27T20:07:52.661Z
28.09.2026;16:00;Greece;Super League 2;GS Marko;Panthrakikos FC Komotini;id1000018674172424;stoiximan;Over Under First Half;1.5;Over;2.67;2.72;2026-09-27T19:50:57.519Z
28.09.2026;16:00;Greece;Super League 2;GS Marko;Panthrakikos FC Komotini;id1000018674172424;stoiximan;Over Under First Half;1.5;Under;1.34;1.33;2026-09-27T19:50:57.519Z
28.09.2026;16:00;Greece;Super League 2;GS Marko;Panthrakikos FC Komotini;id1000018674172424;stoiximan;Over Under First Half;2.5;Over;5.2;5.3;2026-09-27T19:50:57.519Z
28.09.2026;16:00;Greece;Super League 2;GS Marko;Panthrakikos FC Komotini;id1000018674172424;stoiximan;Over Under First Half;2.5;Under;1.08;1.07;2026-09-27T19:50:57.519Z
28.09.2026;16:00;Greece;Super League 2;GS Marko;Panthrakikos FC Komotini;id1000018674172424;stoiximan;Over Under Second Half;1.5;Over;2.07;2.12;2026-09-27T19:50:57.519Z
28.09.2026;16:00;Greece;Super League 2;GS Marko;Panthrakikos FC Komotini;id1000018674172424;stoiximan;Over Under Second Half;1.5;Under;1.65;1.62;2026-09-27T19:50:57.519Z
28.09.2026;16:00;Greece;Super League 2;GS Marko;Panthrakikos FC Komotini;id1000018674172424;stoiximan;Both Teams To Score;0.0;Yes;2.05;2.05;2026-09-27T20:07:52.661Z
28.09.2026;16:00;Greece;Super League 2;GS Marko;Panthrakikos FC Komotini;id1000018674172424;stoiximan;Both Teams To Score;0.0;No;1.65;1.65;2026-09-27T19:50:57.519Z
28.09.2026;16:00;Greece;Super League 2;GS Marko;Panthrakikos FC Komotini;id1000018674172424;stoiximan;Over Under Full Time;0.5;Over;1.06;1.07;2026-09-27T19:50:57.519Z
28.09.2026;16:00;Greece;Super League 2;GS Marko;Panthrakikos FC Komotini;id1000018674172424;stoiximan;Over Under Full Time;0.5;Under;6.7;6.6;2026-09-27T19:50:57.519Z
28.09.2026;16:00;Greece;Super League 2;GS Marko;Panthrakikos FC Komotini;id1000018674172424;stoiximan;Asian Handicap First Half;-0.5;1;2.05;2.05;2026-09-27T15:47:22.811Z
28.09.2026;16:00;Greece;Super League 2;GS Marko;Panthrakikos FC Komotini;id1000018674172424;stoiximan;Asian Handicap First Half;-0.5;2;1.67;1.67;2026-09-27T15:47:22.811Z
28.09.2026;16:00;Greece;Super League 2;GS Marko;Panthrakikos FC Komotini;id1000018674172424;stoiximan;Asian Handicap First Half;-0.25;1;1.67;1.7;2026-09-27T19:50:57.519Z
28.09.2026;16:00;Greece;Super League 2;GS Marko;Panthrakikos FC Komotini;id1000018674172424;stoiximan;Asian Handicap First Half;-0.25;2;2.02;2.0;2026-09-27T19:50:57.519Z
28.09.2026;16:00;Greece;Super League 2;GS Marko;Panthrakikos FC Komotini;id1000018674172424;stoiximan;Asian Handicap;-1.25;1;1.98;1.98;2026-09-27T04:22:31.335Z
28.09.2026;16:00;Greece;Super League 2;GS Marko;Panthrakikos FC Komotini;id1000018674172424;stoiximan;Asian Handicap;-1.25;2;1.75;1.75;2026-09-27T04:22:31.335Z
28.09.2026;16:00;Greece;Super League 2;GS Marko;Panthrakikos FC Komotini;id1000018674172424;stoiximan;Asian Handicap;-1.0;1;1.83;1.9;2026-09-27T17:23:41.291Z
28.09.2026;16:00;Greece;Super League 2;GS Marko;Panthrakikos FC Komotini;id1000018674172424;stoiximan;Asian Handicap;-1.0;2;1.87;1.82;2026-09-27T20:07:52.661Z
28.09.2026;16:00;Greece;Super League 2;GS Marko;Panthrakikos FC Komotini;id1000018674172424;stoiximan;Over Under Full Time;1.5;Over;1.32;1.33;2026-09-27T19:50:57.519Z
28.09.2026;16:00;Greece;Super League 2;GS Marko;Panthrakikos FC Komotini;id1000018674172424;stoiximan;Over Under Full Time;1.5;Under;3.0;2.95;2026-09-27T19:50:57.519Z
28.09.2026;16:00;Greece;Super League 2;GS Marko;Panthrakikos FC Komotini;id1000018674172424;superbet;Full Time Result;0.0;1;1.48;1.54;2026-09-28T01:52:32.637Z
28.09.2026;16:00;Greece;Super League 2;GS Marko;Panthrakikos FC Komotini;id1000018674172424;superbet;Full Time Result;0.0;X;3.85;3.8;2026-09-28T01:52:32.637Z
28.09.2026;16:00;Greece;Super League 2;GS Marko;Panthrakikos FC Komotini;id1000018674172424;superbet;Full Time Result;0.0;2;6.3;5.55;2026-09-28T01:52:32.637Z
28.09.2026;16:00;Greece;Super League 2;GS Marko;Panthrakikos FC Komotini;id1000018674172424;superbet;Over Under Full Time;2.5;Over;1.95;2.0;2026-09-28T01:52:32.637Z
28.09.2026;16:00;Greece;Super League 2;GS Marko;Panthrakikos FC Komotini;id1000018674172424;superbet;Over Under Full Time;2.5;Under;1.77;1.73;2026-09-28T01:52:32.637Z
28.09.2026;16:00;Greece;Super League 2;GS Marko;Panthrakikos FC Komotini;id1000018674172424;superbet;Over Under Full Time;3.5;Over;3.35;3.5;2026-09-28T01:52:32.637Z
28.09.2026;16:00;Greece;Super League 2;GS Marko;Panthrakikos FC Komotini;id1000018674172424;superbet;Over Under Full Time;3.5;Under;1.28;1.26;2026-09-28T01:52:32.637Z
28.09.2026;16:00;Greece;Super League 2;GS Marko;Panthrakikos FC Komotini;id1000018674172424;superbet;European Handicap;1.0;1;1.11;1.12;2026-09-28T01:52:32.637Z
28.09.2026;16:00;Greece;Super League 2;GS Marko;Panthrakikos FC Komotini;id1000018674172424;superbet;European Handicap;1.0;X;7.1;6.8;2026-09-28T01:52:32.637Z
28.09.2026;16:00;Greece;Super League 2;GS Marko;Panthrakikos FC Komotini;id1000018674172424;superbet;European Handicap;1.0;2;14.0;14.0;2026-09-28T01:52:32.637Z
28.09.2026;16:00;Greece;Super League 2;GS Marko;Panthrakikos FC Komotini;id1000018674172424;superbet;Over Under Full Time;4.5;Over;6.3;6.6;2026-09-28T01:52:32.637Z
28.09.2026;16:00;Greece;Super League 2;GS Marko;Panthrakikos FC Komotini;id1000018674172424;superbet;Over Under Full Time;4.5;Under;1.09;1.08;2026-09-28T01:52:32.637Z
28.09.2026;16:00;Greece;Super League 2;GS Marko;Panthrakikos FC Komotini;id1000018674172424;superbet;European Handicap;-1.0;1;2.42;2.5;2026-09-28T01:52:32.637Z
28.09.2026;16:00;Greece;Super League 2;GS Marko;Panthrakikos FC Komotini;id1000018674172424;superbet;European Handicap;-1.0;X;3.35;3.35;2026-09-28T01:52:32.637Z
28.09.2026;16:00;Greece;Super League 2;GS Marko;Panthrakikos FC Komotini;id1000018674172424;superbet;European Handicap;-1.0;2;2.45;2.35;2026-09-28T01:52:32.637Z
28.09.2026;16:00;Greece;Super League 2;GS Marko;Panthrakikos FC Komotini;id1000018674172424;superbet;European Handicap;-2.0;1;4.6;4.9;2026-09-28T01:52:32.637Z
28.09.2026;16:00;Greece;Super League 2;GS Marko;Panthrakikos FC Komotini;id1000018674172424;superbet;European Handicap;-2.0;X;4.25;4.35;2026-09-28T01:52:32.637Z
28.09.2026;16:00;Greece;Super League 2;GS Marko;Panthrakikos FC Komotini;id1000018674172424;superbet;European Handicap;-2.0;2;1.5;1.46;2026-09-28T01:52:32.637Z
28.09.2026;16:00;Greece;Super League 2;GS Marko;Panthrakikos FC Komotini;id1000018674172424;superbet;Double Chance Full Time;0.0;1X;1.07;1.1;2026-09-28T01:52:32.637Z
28.09.2026;16:00;Greece;Super League 2;GS Marko;Panthrakikos FC Komotini;id1000018674172424;superbet;Double Chance Full Time;0.0;12;1.2;1.21;2026-09-28T01:52:32.637Z
28.09.2026;16:00;Greece;Super League 2;GS Marko;Panthrakikos FC Komotini;id1000018674172424;superbet;Double Chance Full Time;0.0;2X;2.4;2.25;2026-09-28T01:52:32.637Z
28.09.2026;16:00;Greece;Super League 2;GS Marko;Panthrakikos FC Komotini;id1000018674172424;superbet;Double Chance First Half;0.0;1X;1.08;1.09;2026-09-28T01:52:32.637Z
28.09.2026;16:00;Greece;Super League 2;GS Marko;Panthrakikos FC Komotini;id1000018674172424;superbet;Double Chance First Half;0.0;12;1.52;1.55;2026-09-28T01:52:32.637Z
28.09.2026;16:00;Greece;Super League 2;GS Marko;Panthrakikos FC Komotini;id1000018674172424;superbet;Double Chance First Half;0.0;2X;1.67;1.63;2026-09-28T01:52:32.637Z
28.09.2026;16:00;Greece;Super League 2;GS Marko;Panthrakikos FC Komotini;id1000018674172424;superbet;Double Chance Second Half;0.0;1X;1.1;1.11;2026-09-28T01:52:32.637Z
28.09.2026;16:00;Greece;Super League 2;GS Marko;Panthrakikos FC Komotini;id1000018674172424;superbet;Double Chance Second Half;0.0;12;1.41;1.42;2026-09-28T01:52:32.637Z
28.09.2026;16:00;Greece;Super League 2;GS Marko;Panthrakikos FC Komotini;id1000018674172424;superbet;Double Chance Second Half;0.0;2X;1.77;1.74;2026-09-28T01:52:32.637Z
28.09.2026;16:00;Greece;Super League 2;GS Marko;Panthrakikos FC Komotini;id1000018674172424;superbet;First Half Result;0.0;1;2.05;2.1;2026-09-28T01:52:32.637Z
28.09.2026;16:00;Greece;Super League 2;GS Marko;Panthrakikos FC Komotini;id1000018674172424;superbet;First Half Result;0.0;X;2.32;2.25;2026-09-28T01:52:32.637Z
28.09.2026;16:00;Greece;Super League 2;GS Marko;Panthrakikos FC Komotini;id1000018674172424;superbet;First Half Result;0.0;2;6.0;5.9;2026-09-28T01:52:32.637Z
28.09.2026;16:00;Greece;Super League 2;GS Marko;Panthrakikos FC Komotini;id1000018674172424;superbet;Second Half Result;0.0;1;1.9;1.95;2026-09-28T01:52:32.637Z
28.09.2026;16:00;Greece;Super League 2;GS Marko;Panthrakikos FC Komotini;id1000018674172424;superbet;Second Half Result;0.0;X;2.6;2.6;2026-09-28T01:52:32.637Z
28.09.2026;16:00;Greece;Super League 2;GS Marko;Panthrakikos FC Komotini;id1000018674172424;superbet;Second Half Result;0.0;2;5.55;5.25;2026-09-28T01:52:32.637Z
28.09.2026;16:00;Greece;Super League 2;GS Marko;Panthrakikos FC Komotini;id1000018674172424;superbet;Over Under Team 1 First Half;0.5;Over;1.64;1.67;2026-09-28T01:52:32.637Z
28.09.2026;16:00;Greece;Super League 2;GS Marko;Panthrakikos FC Komotini;id1000018674172424;superbet;Over Under Team 1 First Half;0.5;Under;2.12;2.07;2026-09-28T01:52:32.637Z
28.09.2026;16:00;Greece;Super League 2;GS Marko;Panthrakikos FC Komotini;id1000018674172424;superbet;Over Under Team 1 First Half;1.5;Over;4.1;4.2;2026-09-28T01:52:32.637Z
28.09.2026;16:00;Greece;Super League 2;GS Marko;Panthrakikos FC Komotini;id1000018674172424;superbet;Over Under Team 1 First Half;1.5;Under;1.2;1.19;2026-09-28T01:52:32.637Z
28.09.2026;16:00;Greece;Super League 2;GS Marko;Panthrakikos FC Komotini;id1000018674172424;superbet;Over Under Team 1 First Half;2.5;Over;12.0;12.0;2026-09-28T01:52:32.637Z
28.09.2026;16:00;Greece;Super League 2;GS Marko;Panthrakikos FC Komotini;id1000018674172424;superbet;Over Under Team 1 First Half;2.5;Under;1.02;1.02;2026-09-28T01:52:32.637Z
28.09.2026;16:00;Greece;Super League 2;GS Marko;Panthrakikos FC Komotini;id1000018674172424;superbet;Over Under Team 2 First Half;0.5;Over;3.15;3.15;2026-09-28T01:52:32.637Z
28.09.2026;16:00;Greece;Super League 2;GS Marko;Panthrakikos FC Komotini;id1000018674172424;superbet;Over Under Team 2 First Half;0.5;Under;1.31;1.31;2026-09-28T01:52:32.637Z
28.09.2026;16:00;Greece;Super League 2;GS Marko;Panthrakikos FC Komotini;id1000018674172424;superbet;Over Under Team 2 First Half;1.5;Over;14.0;14.0;2026-09-28T01:52:32.637Z
28.09.2026;16:00;Greece;Super League 2;GS Marko;Panthrakikos FC Komotini;id1000018674172424;superbet;Over Under Team 2 First Half;1.5;Under;1.01;1.01;2026-09-28T01:52:32.637Z
28.09.2026;16:00;Greece;Super League 2;GS Marko;Panthrakikos FC Komotini;id1000018674172424;superbet;Over Under Team 2 First Half;2.5;Over;60.0;60.0;2026-09-28T01:52:32.637Z
28.09.2026;16:00;Greece;Super League 2;GS Marko;Panthrakikos FC Komotini;id1000018674172424;superbet;Over Under Team 1 Second Half;0.5;Over;1.48;1.5;2026-09-28T01:52:32.637Z
28.09.2026;16:00;Greece;Super League 2;GS Marko;Panthrakikos FC Komotini;id1000018674172424;superbet;Over Under Team 1 Second Half;0.5;Under;2.47;2.42;2026-09-28T01:52:32.637Z
28.09.2026;16:00;Greece;Super League 2;GS Marko;Panthrakikos FC Komotini;id1000018674172424;superbet;Over Under Team 1 Second Half;1.5;Over;3.25;3.4;2026-09-28T01:52:32.637Z
28.09.2026;16:00;Greece;Super League 2;GS Marko;Panthrakikos FC Komotini;id1000018674172424;superbet;Over Under Team 1 Second Half;1.5;Under;1.3;1.28;2026-09-28T01:52:32.637Z
28.09.2026;16:00;Greece;Super League 2;GS Marko;Panthrakikos FC Komotini;id1000018674172424;superbet;Over Under Team 1 Second Half;2.5;Over;8.2;8.5;2026-09-28T01:52:32.637Z
28.09.2026;16:00;Greece;Super League 2;GS Marko;Panthrakikos FC Komotini;id1000018674172424;superbet;Over Under Team 1 Second Half;2.5;Under;1.05;1.04;2026-09-28T01:52:32.637Z
28.09.2026;16:00;Greece;Super League 2;GS Marko;Panthrakikos FC Komotini;id1000018674172424;superbet;Over Under Team 1;0.5;Over;1.13;1.14;2026-09-28T01:52:32.637Z
28.09.2026;16:00;Greece;Super League 2;GS Marko;Panthrakikos FC Komotini;id1000018674172424;superbet;Over Under Team 1;0.5;Under;5.0;4.85;2026-09-28T01:52:32.637Z
28.09.2026;16:00;Greece;Super League 2;GS Marko;Panthrakikos FC Komotini;id1000018674172424;superbet;Over Under Team 2 Second Half;0.5;Over;2.6;2.55;2026-09-28T01:52:32.637Z
28.09.2026;16:00;Greece;Super League 2;GS Marko;Panthrakikos FC Komotini;id1000018674172424;superbet;Over Under Team 2 Second Half;0.5;Under;1.44;1.46;2026-09-28T01:52:32.637Z
28.09.2026;16:00;Greece;Super League 2;GS Marko;Panthrakikos FC Komotini;id1000018674172424;superbet;Over Under Team 2 Second Half;1.5;Over;9.5;9.3;2026-09-28T01:52:32.637Z
28.09.2026;16:00;Greece;Super League 2;GS Marko;Panthrakikos FC Komotini;id1000018674172424;superbet;Over Under Team 2 Second Half;1.5;Under;1.03;1.04;2026-09-28T01:52:32.637Z
28.09.2026;16:00;Greece;Super League 2;GS Marko;Panthrakikos FC Komotini;id1000018674172424;superbet;Over Under Team 2 Second Half;2.5;Over;40.0;40.0;2026-09-28T01:52:32.637Z
28.09.2026;16:00;Greece;Super League 2;GS Marko;Panthrakikos FC Komotini;id1000018674172424;superbet;Over Under Team 1;1.5;Over;1.7;1.76;2026-09-28T01:52:32.637Z
28.09.2026;16:00;Greece;Super League 2;GS Marko;Panthrakikos FC Komotini;id1000018674172424;superbet;Over Under Team 1;1.5;Under;2.02;1.95;2026-09-28T01:52:32.637Z
28.09.2026;16:00;Greece;Super League 2;GS Marko;Panthrakikos FC Komotini;id1000018674172424;superbet;Over Under Team 1;2.5;Over;3.15;3.25;2026-09-28T01:52:32.637Z
28.09.2026;16:00;Greece;Super League 2;GS Marko;Panthrakikos FC Komotini;id1000018674172424;superbet;Over Under Team 1;2.5;Under;1.31;1.29;2026-09-28T01:52:32.637Z
28.09.2026;16:00;Greece;Super League 2;GS Marko;Panthrakikos FC Komotini;id1000018674172424;superbet;Over Under Team 1;3.5;Over;6.5;6.8;2026-09-28T01:52:32.637Z
28.09.2026;16:00;Greece;Super League 2;GS Marko;Panthrakikos FC Komotini;id1000018674172424;superbet;Over Under Team 1;3.5;Under;1.08;1.07;2026-09-28T01:52:32.637Z
28.09.2026;16:00;Greece;Super League 2;GS Marko;Panthrakikos FC Komotini;id1000018674172424;superbet;Over Under Team 1;4.5;Over;15.0;16.0;2026-09-28T01:52:32.637Z
28.09.2026;16:00;Greece;Super League 2;GS Marko;Panthrakikos FC Komotini;id1000018674172424;superbet;Over Under Team 1;4.5;Under;1.01;1.008;2026-09-28T01:52:32.637Z
28.09.2026;16:00;Greece;Super League 2;GS Marko;Panthrakikos FC Komotini;id1000018674172424;superbet;Over Under Team 2;0.5;Over;1.77;1.74;2026-09-28T01:52:32.637Z
28.09.2026;16:00;Greece;Super League 2;GS Marko;Panthrakikos FC Komotini;id1000018674172424;superbet;Over Under Team 2;0.5;Under;1.95;1.97;2026-09-28T01:52:32.637Z
28.09.2026;16:00;Greece;Super League 2;GS Marko;Panthrakikos FC Komotini;id1000018674172424;superbet;Over Under Team 2;1.5;Over;4.8;4.7;2026-09-28T01:52:32.637Z
28.09.2026;16:00;Greece;Super League 2;GS Marko;Panthrakikos FC Komotini;id1000018674172424;superbet;Over Under Team 2;1.5;Under;1.15;1.15;2026-09-28T01:52:32.637Z
28.09.2026;16:00;Greece;Super League 2;GS Marko;Panthrakikos FC Komotini;id1000018674172424;superbet;European Handicap First Half;2.0;X;23.0;23.0;2026-09-28T01:52:32.637Z
28.09.2026;16:00;Greece;Super League 2;GS Marko;Panthrakikos FC Komotini;id1000018674172424;superbet;European Handicap First Half;2.0;2;75.0;75.0;2026-09-28T01:52:32.637Z
28.09.2026;16:00;Greece;Super League 2;GS Marko;Panthrakikos FC Komotini;id1000018674172424;superbet;European Handicap First Half;1.0;1;1.1;1.1;2026-09-28T01:52:32.637Z
28.09.2026;16:00;Greece;Super League 2;GS Marko;Panthrakikos FC Komotini;id1000018674172424;superbet;European Handicap First Half;1.0;X;6.2;6.1;2026-09-28T01:52:32.637Z
28.09.2026;16:00;Greece;Super League 2;GS Marko;Panthrakikos FC Komotini;id1000018674172424;superbet;European Handicap First Half;1.0;2;21.0;21.0;2026-09-28T01:52:32.637Z
28.09.2026;16:00;Greece;Super League 2;GS Marko;Panthrakikos FC Komotini;id1000018674172424;superbet;European Handicap First Half;-1.0;1;4.85;5.1;2026-09-28T01:52:32.637Z
28.09.2026;16:00;Greece;Super League 2;GS Marko;Panthrakikos FC Komotini;id1000018674172424;superbet;European Handicap First Half;-1.0;X;2.9;2.95;2026-09-28T01:52:32.637Z
28.09.2026;16:00;Greece;Super League 2;GS Marko;Panthrakikos FC Komotini;id1000018674172424;superbet;European Handicap First Half;-1.0;2;1.71;1.67;2026-09-28T01:52:32.637Z
28.09.2026;16:00;Greece;Super League 2;GS Marko;Panthrakikos FC Komotini;id1000018674172424;superbet;European Handicap First Half;-2.0;1;13.0;14.0;2026-09-28T01:52:32.637Z
28.09.2026;16:00;Greece;Super League 2;GS Marko;Panthrakikos FC Komotini;id1000018674172424;superbet;European Handicap First Half;-2.0;X;6.0;6.2;2026-09-28T01:52:32.637Z
28.09.2026;16:00;Greece;Super League 2;GS Marko;Panthrakikos FC Komotini;id1000018674172424;superbet;European Handicap First Half;-2.0;2;1.13;1.12;2026-09-28T01:52:32.637Z
28.09.2026;16:00;Greece;Super League 2;GS Marko;Panthrakikos FC Komotini;id1000018674172424;superbet;Over Under Team 2;2.5;Over;15.0;14.0;2026-09-28T01:52:32.637Z
28.09.2026;16:00;Greece;Super League 2;GS Marko;Panthrakikos FC Komotini;id1000018674172424;superbet;Over Under Team 2;2.5;Under;1.01;1.01;2026-09-28T01:52:32.637Z
28.09.2026;16:00;Greece;Super League 2;GS Marko;Panthrakikos FC Komotini;id1000018674172424;superbet;European Handicap Second Half;1.0;1;1.12;1.13;2026-09-28T01:52:32.637Z
28.09.2026;16:00;Greece;Super League 2;GS Marko;Panthrakikos FC Komotini;id1000018674172424;superbet;European Handicap Second Half;1.0;X;5.9;5.8;2026-09-28T01:52:32.637Z
28.09.2026;16:00;Greece;Super League 2;GS Marko;Panthrakikos FC Komotini;id1000018674172424;superbet;European Handicap Second Half;1.0;2;18.0;17.0;2026-09-28T01:52:32.637Z
28.09.2026;16:00;Greece;Super League 2;GS Marko;Panthrakikos FC Komotini;id1000018674172424;superbet;European Handicap Second Half;-1.0;1;4.1;4.2;2026-09-28T01:52:32.637Z
28.09.2026;16:00;Greece;Super League 2;GS Marko;Panthrakikos FC Komotini;id1000018674172424;superbet;European Handicap Second Half;-1.0;X;2.92;2.95;2026-09-28T01:52:32.637Z
28.09.2026;16:00;Greece;Super League 2;GS Marko;Panthrakikos FC Komotini;id1000018674172424;superbet;European Handicap Second Half;-1.0;2;1.82;1.78;2026-09-28T01:52:32.637Z
28.09.2026;16:00;Greece;Super League 2;GS Marko;Panthrakikos FC Komotini;id1000018674172424;superbet;European Handicap Second Half;-2.0;1;10.0;11.0;2026-09-28T01:52:32.637Z
28.09.2026;16:00;Greece;Super League 2;GS Marko;Panthrakikos FC Komotini;id1000018674172424;superbet;European Handicap Second Half;-2.0;X;5.4;5.6;2026-09-28T01:52:32.637Z
28.09.2026;16:00;Greece;Super League 2;GS Marko;Panthrakikos FC Komotini;id1000018674172424;superbet;European Handicap Second Half;-2.0;2;1.18;1.17;2026-09-28T01:52:32.637Z
28.09.2026;16:00;Greece;Super League 2;GS Marko;Panthrakikos FC Komotini;id1000018674172424;superbet;Over Under Team 2;3.5;Over;50.0;45.0;2026-09-28T01:52:32.637Z
28.09.2026;16:00;Greece;Super League 2;GS Marko;Panthrakikos FC Komotini;id1000018674172424;superbet;Over Under Team 2;4.5;Over;100.0;100.0;2026-09-28T01:52:32.637Z
28.09.2026;16:00;Greece;Super League 2;GS Marko;Panthrakikos FC Komotini;id1000018674172424;superbet;Over Under First Half;0.5;Over;1.37;1.39;2026-09-28T01:52:32.637Z
28.09.2026;16:00;Greece;Super League 2;GS Marko;Panthrakikos FC Komotini;id1000018674172424;superbet;Over Under First Half;0.5;Under;2.85;2.75;2026-09-28T01:52:32.637Z
28.09.2026;16:00;Greece;Super League 2;GS Marko;Panthrakikos FC Komotini;id1000018674172424;superbet;Over Under First Half;1.5;Over;2.75;2.77;2026-09-28T01:52:32.637Z
28.09.2026;16:00;Greece;Super League 2;GS Marko;Panthrakikos FC Komotini;id1000018674172424;superbet;Over Under First Half;1.5;Under;1.4;1.39;2026-09-28T01:52:32.637Z
28.09.2026;16:00;Greece;Super League 2;GS Marko;Panthrakikos FC Komotini;id1000018674172424;superbet;Over Under First Half;2.5;Over;6.5;6.8;2026-09-28T01:52:32.637Z
28.09.2026;16:00;Greece;Super League 2;GS Marko;Panthrakikos FC Komotini;id1000018674172424;superbet;Over Under First Half;2.5;Under;1.08;1.07;2026-09-28T01:52:32.637Z
28.09.2026;16:00;Greece;Super League 2;GS Marko;Panthrakikos FC Komotini;id1000018674172424;superbet;Over Under First Half;3.5;Over;17.0;18.0;2026-09-28T01:52:32.637Z
28.09.2026;16:00;Greece;Super League 2;GS Marko;Panthrakikos FC Komotini;id1000018674172424;superbet;Over Under First Half;3.5;Under;1.008;1.006;2026-09-28T01:52:32.637Z
28.09.2026;16:00;Greece;Super League 2;GS Marko;Panthrakikos FC Komotini;id1000018674172424;superbet;Over Under First Half;4.5;Over;50.0;50.0;2026-09-28T01:52:32.637Z
28.09.2026;16:00;Greece;Super League 2;GS Marko;Panthrakikos FC Komotini;id1000018674172424;superbet;Over Under Second Half;0.5;Over;1.25;1.25;2026-09-28T01:52:32.637Z
28.09.2026;16:00;Greece;Super League 2;GS Marko;Panthrakikos FC Komotini;id1000018674172424;superbet;Over Under Second Half;0.5;Under;3.6;3.55;2026-09-28T01:52:32.637Z
28.09.2026;16:00;Greece;Super League 2;GS Marko;Panthrakikos FC Komotini;id1000018674172424;superbet;Over Under Second Half;1.5;Over;2.17;2.2;2026-09-28T01:52:32.637Z
28.09.2026;16:00;Greece;Super League 2;GS Marko;Panthrakikos FC Komotini;id1000018674172424;superbet;Over Under Second Half;1.5;Under;1.61;1.6;2026-09-28T01:52:32.637Z
28.09.2026;16:00;Greece;Super League 2;GS Marko;Panthrakikos FC Komotini;id1000018674172424;superbet;Over Under Second Half;2.5;Over;4.65;4.8;2026-09-28T01:52:32.637Z
28.09.2026;16:00;Greece;Super League 2;GS Marko;Panthrakikos FC Komotini;id1000018674172424;superbet;Over Under Second Half;2.5;Under;1.16;1.15;2026-09-28T01:52:32.637Z
28.09.2026;16:00;Greece;Super League 2;GS Marko;Panthrakikos FC Komotini;id1000018674172424;superbet;Over Under Second Half;3.5;Over;10.0;12.0;2026-09-28T01:52:32.637Z
28.09.2026;16:00;Greece;Super League 2;GS Marko;Panthrakikos FC Komotini;id1000018674172424;superbet;Over Under Second Half;3.5;Under;1.03;1.02;2026-09-28T01:52:32.637Z
28.09.2026;16:00;Greece;Super League 2;GS Marko;Panthrakikos FC Komotini;id1000018674172424;superbet;Over Under Second Half;4.5;Over;27.0;29.0;2026-09-28T01:52:32.637Z
28.09.2026;16:00;Greece;Super League 2;GS Marko;Panthrakikos FC Komotini;id1000018674172424;superbet;Both Teams To Score First Half;0.0;Yes;5.0;5.1;2026-09-28T01:52:32.637Z
28.09.2026;16:00;Greece;Super League 2;GS Marko;Panthrakikos FC Komotini;id1000018674172424;superbet;Both Teams To Score First Half;0.0;No;1.13;1.13;2026-09-28T01:52:32.637Z
28.09.2026;16:00;Greece;Super League 2;GS Marko;Panthrakikos FC Komotini;id1000018674172424;superbet;Both Teams To Score Second Half;0.0;Yes;3.85;3.85;2026-09-28T01:52:32.637Z
28.09.2026;16:00;Greece;Super League 2;GS Marko;Panthrakikos FC Komotini;id1000018674172424;superbet;Both Teams To Score Second Half;0.0;No;1.22;1.22;2026-09-28T01:52:32.637Z
28.09.2026;16:00;Greece;Super League 2;GS Marko;Panthrakikos FC Komotini;id1000018674172424;superbet;Both Teams To Score;0.0;Yes;2.07;2.07;2026-09-28T01:52:32.637Z
28.09.2026;16:00;Greece;Super League 2;GS Marko;Panthrakikos FC Komotini;id1000018674172424;superbet;Both Teams To Score;0.0;No;1.68;1.67;2026-09-28T01:52:32.637Z
28.09.2026;16:00;Greece;Super League 2;GS Marko;Panthrakikos FC Komotini;id1000018674172424;superbet;Asian Handicap;-1.75;1;2.8;2.92;2026-09-28T01:52:32.637Z
28.09.2026;16:00;Greece;Super League 2;GS Marko;Panthrakikos FC Komotini;id1000018674172424;superbet;Asian Handicap;-1.75;2;1.34;1.31;2026-09-28T01:52:32.637Z
28.09.2026;16:00;Greece;Super League 2;GS Marko;Panthrakikos FC Komotini;id1000018674172424;superbet;Asian Handicap First Half;-1.5;1;4.85;5.1;2026-09-28T01:52:32.637Z
28.09.2026;16:00;Greece;Super League 2;GS Marko;Panthrakikos FC Komotini;id1000018674172424;superbet;Asian Handicap First Half;-1.5;2;1.13;1.12;2026-09-28T01:52:32.637Z
28.09.2026;16:00;Greece;Super League 2;GS Marko;Panthrakikos FC Komotini;id1000018674172424;superbet;Over Under Full Time;0.5;Over;1.04;1.05;2026-09-28T01:52:32.637Z
28.09.2026;16:00;Greece;Super League 2;GS Marko;Panthrakikos FC Komotini;id1000018674172424;superbet;Over Under Full Time;0.5;Under;8.4;8.2;2026-09-28T01:52:32.637Z
28.09.2026;16:00;Greece;Super League 2;GS Marko;Panthrakikos FC Komotini;id1000018674172424;superbet;Asian Handicap;-1.5;1;2.42;2.5;2026-09-28T01:52:32.637Z
28.09.2026;16:00;Greece;Super League 2;GS Marko;Panthrakikos FC Komotini;id1000018674172424;superbet;Asian Handicap;-1.5;2;1.5;1.47;2026-09-28T01:52:32.637Z
28.09.2026;16:00;Greece;Super League 2;GS Marko;Panthrakikos FC Komotini;id1000018674172424;superbet;Asian Handicap First Half;-0.5;1;1.97;2.02;2026-09-28T01:52:32.637Z
28.09.2026;16:00;Greece;Super League 2;GS Marko;Panthrakikos FC Komotini;id1000018674172424;superbet;Asian Handicap First Half;-0.5;2;1.71;1.68;2026-09-28T01:52:32.637Z
28.09.2026;16:00;Greece;Super League 2;GS Marko;Panthrakikos FC Komotini;id1000018674172424;superbet;Asian Handicap First Half;0.5;1;1.1;1.1;2026-09-28T01:52:32.637Z
28.09.2026;16:00;Greece;Super League 2;GS Marko;Panthrakikos FC Komotini;id1000018674172424;superbet;Asian Handicap First Half;0.5;2;5.5;5.45;2026-09-28T01:52:32.637Z
28.09.2026;16:00;Greece;Super League 2;GS Marko;Panthrakikos FC Komotini;id1000018674172424;superbet;Asian Handicap First Half;1.5;2;21.0;21.0;2026-09-28T01:52:32.637Z
28.09.2026;16:00;Greece;Super League 2;GS Marko;Panthrakikos FC Komotini;id1000018674172424;superbet;Asian Handicap;-1.25;1;2.12;2.2;2026-09-28T01:52:32.637Z
28.09.2026;16:00;Greece;Super League 2;GS Marko;Panthrakikos FC Komotini;id1000018674172424;superbet;Asian Handicap;-1.25;2;1.62;1.58;2026-09-28T01:52:32.637Z
28.09.2026;16:00;Greece;Super League 2;GS Marko;Panthrakikos FC Komotini;id1000018674172424;superbet;Asian Handicap;-1.0;1;1.85;1.92;2026-09-28T01:52:32.637Z
28.09.2026;16:00;Greece;Super League 2;GS Marko;Panthrakikos FC Komotini;id1000018674172424;superbet;Asian Handicap;-1.0;2;1.87;1.8;2026-09-28T01:52:32.637Z
28.09.2026;16:00;Greece;Super League 2;GS Marko;Panthrakikos FC Komotini;id1000018674172424;superbet;Asian Handicap;-0.75;1;1.61;1.66;2026-09-28T01:52:32.637Z
28.09.2026;16:00;Greece;Super League 2;GS Marko;Panthrakikos FC Komotini;id1000018674172424;superbet;Asian Handicap;-0.75;2;2.15;2.07;2026-09-28T01:52:32.637Z
28.09.2026;16:00;Greece;Super League 2;GS Marko;Panthrakikos FC Komotini;id1000018674172424;superbet;Asian Handicap Second Half;-1.5;1;4.1;4.2;2026-09-28T01:52:32.637Z
28.09.2026;16:00;Greece;Super League 2;GS Marko;Panthrakikos FC Komotini;id1000018674172424;superbet;Asian Handicap Second Half;-1.5;2;1.18;1.17;2026-09-28T01:52:32.637Z
28.09.2026;16:00;Greece;Super League 2;GS Marko;Panthrakikos FC Komotini;id1000018674172424;superbet;Asian Handicap;-0.5;1;1.49;1.53;2026-09-28T01:52:32.637Z
28.09.2026;16:00;Greece;Super League 2;GS Marko;Panthrakikos FC Komotini;id1000018674172424;superbet;Asian Handicap;-0.5;2;2.45;2.35;2026-09-28T01:52:32.637Z
28.09.2026;16:00;Greece;Super League 2;GS Marko;Panthrakikos FC Komotini;id1000018674172424;superbet;Asian Handicap Second Half;-0.5;1;1.85;1.88;2026-09-28T01:52:32.637Z
28.09.2026;16:00;Greece;Super League 2;GS Marko;Panthrakikos FC Komotini;id1000018674172424;superbet;Asian Handicap Second Half;-0.5;2;1.82;1.78;2026-09-28T01:52:32.637Z
28.09.2026;16:00;Greece;Super League 2;GS Marko;Panthrakikos FC Komotini;id1000018674172424;superbet;Asian Handicap Second Half;0.5;1;1.12;1.13;2026-09-28T01:52:32.637Z
28.09.2026;16:00;Greece;Super League 2;GS Marko;Panthrakikos FC Komotini;id1000018674172424;superbet;Asian Handicap Second Half;0.5;2;5.1;4.9;2026-09-28T01:52:32.637Z
28.09.2026;16:00;Greece;Super League 2;GS Marko;Panthrakikos FC Komotini;id1000018674172424;superbet;Asian Handicap Second Half;1.5;1;1.002;1.004;2026-09-28T01:52:32.637Z
28.09.2026;16:00;Greece;Super League 2;GS Marko;Panthrakikos FC Komotini;id1000018674172424;superbet;Asian Handicap Second Half;1.5;2;18.0;17.0;2026-09-28T01:52:32.637Z
28.09.2026;16:00;Greece;Super League 2;GS Marko;Panthrakikos FC Komotini;id1000018674172424;superbet;Asian Handicap;-0.25;1;1.31;1.34;2026-09-28T01:52:32.637Z
28.09.2026;16:00;Greece;Super League 2;GS Marko;Panthrakikos FC Komotini;id1000018674172424;superbet;Asian Handicap;-0.25;2;2.95;2.82;2026-09-28T01:52:32.637Z
28.09.2026;16:00;Greece;Super League 2;GS Marko;Panthrakikos FC Komotini;id1000018674172424;superbet;Asian Handicap;0.5;1;1.11;1.12;2026-09-28T01:52:32.637Z
28.09.2026;16:00;Greece;Super League 2;GS Marko;Panthrakikos FC Komotini;id1000018674172424;superbet;Asian Handicap;0.5;2;5.55;5.25;2026-09-28T01:52:32.637Z
28.09.2026;16:00;Greece;Super League 2;GS Marko;Panthrakikos FC Komotini;id1000018674172424;superbet;Over Under Full Time;1.5;Over;1.3;1.32;2026-09-28T01:52:32.637Z
28.09.2026;16:00;Greece;Super League 2;GS Marko;Panthrakikos FC Komotini;id1000018674172424;superbet;Over Under Full Time;1.5;Under;3.2;3.1;2026-09-28T01:52:32.637Z
28.09.2026;16:00;Greece;Super League 2;GS Marko;Panthrakikos FC Komotini;id1000018674172424;superbet;Asian Handicap;1.5;1;1.02;1.01;2026-09-28T01:52:32.637Z
28.09.2026;16:00;Greece;Super League 2;GS Marko;Panthrakikos FC Komotini;id1000018674172424;superbet;Asian Handicap;1.5;2;13.0;14.0;2026-09-28T01:52:32.637Z
28.09.2026;16:00;Greece;Super League 2;GS Marko;Panthrakikos FC Komotini;id1000018674172424;betano;Full Time Result;0.0;1;1.5;1.53;2026-09-28T00:10:43.012Z
28.09.2026;16:00;Greece;Super League 2;GS Marko;Panthrakikos FC Komotini;id1000018674172424;betano;Full Time Result;0.0;X;3.85;3.8;2026-09-28T00:10:43.012Z
28.09.2026;16:00;Greece;Super League 2;GS Marko;Panthrakikos FC Komotini;id1000018674172424;betano;Full Time Result;0.0;2;6.0;5.7;2026-09-28T00:10:43.012Z
28.09.2026;16:00;Greece;Super League 2;GS Marko;Panthrakikos FC Komotini;id1000018674172424;betano;Over Under Full Time;2.5;Over;1.93;1.98;2026-09-28T00:10:43.012Z
28.09.2026;16:00;Greece;Super League 2;GS Marko;Panthrakikos FC Komotini;id1000018674172424;betano;Over Under Full Time;2.5;Under;1.75;1.72;2026-09-28T00:10:43.012Z
28.09.2026;16:00;Greece;Super League 2;GS Marko;Panthrakikos FC Komotini;id1000018674172424;betano;Over Under Full Time;3.5;Over;3.2;3.3;2026-09-28T00:10:43.012Z
28.09.2026;16:00;Greece;Super League 2;GS Marko;Panthrakikos FC Komotini;id1000018674172424;betano;Over Under Full Time;3.5;Under;1.28;1.27;2026-09-28T00:10:43.012Z
28.09.2026;16:00;Greece;Super League 2;GS Marko;Panthrakikos FC Komotini;id1000018674172424;betano;Over Under Full Time;4.5;Over;5.5;5.6;2026-09-28T00:10:43.012Z
28.09.2026;16:00;Greece;Super League 2;GS Marko;Panthrakikos FC Komotini;id1000018674172424;betano;Over Under Full Time;4.5;Under;1.1;1.1;2026-09-28T00:10:43.012Z
28.09.2026;16:00;Greece;Super League 2;GS Marko;Panthrakikos FC Komotini;id1000018674172424;betano;European Handicap;-1.0;1;2.45;2.52;2026-09-28T00:10:43.012Z
28.09.2026;16:00;Greece;Super League 2;GS Marko;Panthrakikos FC Komotini;id1000018674172424;betano;European Handicap;-1.0;X;3.35;3.35;2026-09-28T00:10:43.012Z
28.09.2026;16:00;Greece;Super League 2;GS Marko;Panthrakikos FC Komotini;id1000018674172424;betano;European Handicap;-1.0;2;2.5;2.4;2026-09-28T00:10:43.012Z
28.09.2026;16:00;Greece;Super League 2;GS Marko;Panthrakikos FC Komotini;id1000018674172424;betano;Double Chance Full Time;0.0;1X;1.12;1.13;2026-09-28T00:10:43.012Z
28.09.2026;16:00;Greece;Super League 2;GS Marko;Panthrakikos FC Komotini;id1000018674172424;betano;Double Chance Full Time;0.0;12;1.21;1.22;2026-09-28T00:10:43.012Z
28.09.2026;16:00;Greece;Super League 2;GS Marko;Panthrakikos FC Komotini;id1000018674172424;betano;Double Chance Full Time;0.0;2X;2.5;2.4;2026-09-28T00:10:43.012Z
28.09.2026;16:00;Greece;Super League 2;GS Marko;Panthrakikos FC Komotini;id1000018674172424;betano;Double Chance First Half;0.0;1X;1.12;1.13;2026-09-28T00:10:43.012Z
28.09.2026;16:00;Greece;Super League 2;GS Marko;Panthrakikos FC Komotini;id1000018674172424;betano;Double Chance First Half;0.0;12;1.57;1.57;2026-09-28T00:10:43.012Z
28.09.2026;16:00;Greece;Super League 2;GS Marko;Panthrakikos FC Komotini;id1000018674172424;betano;Double Chance First Half;0.0;2X;1.7;1.67;2026-09-28T00:10:43.012Z
28.09.2026;16:00;Greece;Super League 2;GS Marko;Panthrakikos FC Komotini;id1000018674172424;betano;First Half Result;0.0;1;2.07;2.1;2026-09-28T00:10:43.012Z
28.09.2026;16:00;Greece;Super League 2;GS Marko;Panthrakikos FC Komotini;id1000018674172424;betano;First Half Result;0.0;X;2.15;2.12;2026-09-28T00:10:43.012Z
28.09.2026;16:00;Greece;Super League 2;GS Marko;Panthrakikos FC Komotini;id1000018674172424;betano;First Half Result;0.0;2;5.9;5.8;2026-09-28T00:10:43.012Z
28.09.2026;16:00;Greece;Super League 2;GS Marko;Panthrakikos FC Komotini;id1000018674172424;betano;Second Half Result;0.0;1;1.82;1.87;2026-09-28T00:10:43.012Z
28.09.2026;16:00;Greece;Super League 2;GS Marko;Panthrakikos FC Komotini;id1000018674172424;betano;Second Half Result;0.0;X;2.57;2.52;2026-09-28T00:10:43.012Z
28.09.2026;16:00;Greece;Super League 2;GS Marko;Panthrakikos FC Komotini;id1000018674172424;betano;Second Half Result;0.0;2;5.5;5.3;2026-09-28T00:10:43.012Z
28.09.2026;16:00;Greece;Super League 2;GS Marko;Panthrakikos FC Komotini;id1000018674172424;betano;Over Under Team 1 First Half;0.5;Over;1.72;1.75;2026-09-28T00:10:43.012Z
28.09.2026;16:00;Greece;Super League 2;GS Marko;Panthrakikos FC Komotini;id1000018674172424;betano;Over Under Team 1 First Half;0.5;Under;2.02;1.98;2026-09-28T00:10:43.012Z
28.09.2026;16:00;Greece;Super League 2;GS Marko;Panthrakikos FC Komotini;id1000018674172424;betano;Over Under Team 2 First Half;0.5;Over;3.15;3.15;2026-09-28T00:10:43.012Z
28.09.2026;16:00;Greece;Super League 2;GS Marko;Panthrakikos FC Komotini;id1000018674172424;betano;Over Under Team 2 First Half;0.5;Under;1.31;1.32;2026-09-28T00:10:43.012Z
28.09.2026;16:00;Greece;Super League 2;GS Marko;Panthrakikos FC Komotini;id1000018674172424;betano;Over Under Team 1;1.5;Over;1.72;1.75;2026-09-28T00:10:43.012Z
28.09.2026;16:00;Greece;Super League 2;GS Marko;Panthrakikos FC Komotini;id1000018674172424;betano;Over Under Team 1;1.5;Under;2.02;1.95;2026-09-28T00:10:43.012Z
28.09.2026;16:00;Greece;Super League 2;GS Marko;Panthrakikos FC Komotini;id1000018674172424;betano;Over Under Team 2;0.5;Over;1.78;1.78;2026-09-28T00:10:43.012Z
28.09.2026;16:00;Greece;Super League 2;GS Marko;Panthrakikos FC Komotini;id1000018674172424;betano;Over Under Team 2;0.5;Under;1.93;1.93;2026-09-28T00:10:43.012Z
28.09.2026;16:00;Greece;Super League 2;GS Marko;Panthrakikos FC Komotini;id1000018674172424;betano;Over Under First Half;0.5;Over;1.4;1.42;2026-09-28T00:10:43.012Z
28.09.2026;16:00;Greece;Super League 2;GS Marko;Panthrakikos FC Komotini;id1000018674172424;betano;Over Under First Half;0.5;Under;2.45;2.42;2026-09-28T00:10:43.012Z
28.09.2026;16:00;Greece;Super League 2;GS Marko;Panthrakikos FC Komotini;id1000018674172424;betano;Over Under First Half;1.5;Over;2.67;2.72;2026-09-28T00:10:43.012Z
28.09.2026;16:00;Greece;Super League 2;GS Marko;Panthrakikos FC Komotini;id1000018674172424;betano;Over Under First Half;1.5;Under;1.34;1.33;2026-09-28T00:10:43.012Z
28.09.2026;16:00;Greece;Super League 2;GS Marko;Panthrakikos FC Komotini;id1000018674172424;betano;Over Under First Half;2.5;Over;5.2;5.3;2026-09-28T00:10:43.012Z
28.09.2026;16:00;Greece;Super League 2;GS Marko;Panthrakikos FC Komotini;id1000018674172424;betano;Over Under First Half;2.5;Under;1.08;1.07;2026-09-28T00:10:43.012Z
28.09.2026;16:00;Greece;Super League 2;GS Marko;Panthrakikos FC Komotini;id1000018674172424;betano;Over Under Second Half;1.5;Over;2.07;2.12;2026-09-28T00:10:43.012Z
28.09.2026;16:00;Greece;Super League 2;GS Marko;Panthrakikos FC Komotini;id1000018674172424;betano;Over Under Second Half;1.5;Under;1.65;1.62;2026-09-28T00:10:43.012Z
28.09.2026;16:00;Greece;Super League 2;GS Marko;Panthrakikos FC Komotini;id1000018674172424;betano;Both Teams To Score;0.0;Yes;2.05;2.05;2026-09-28T00:10:43.012Z
28.09.2026;16:00;Greece;Super League 2;GS Marko;Panthrakikos FC Komotini;id1000018674172424;betano;Both Teams To Score;0.0;No;1.65;1.65;2026-09-28T00:10:43.012Z
28.09.2026;16:00;Greece;Super League 2;GS Marko;Panthrakikos FC Komotini;id1000018674172424;betano;Over Under Full Time;0.5;Over;1.06;1.07;2026-09-28T00:10:43.012Z
28.09.2026;16:00;Greece;Super League 2;GS Marko;Panthrakikos FC Komotini;id1000018674172424;betano;Over Under Full Time;0.5;Under;6.7;6.6;2026-09-28T00:10:43.012Z
28.09.2026;16:00;Greece;Super League 2;GS Marko;Panthrakikos FC Komotini;id1000018674172424;betano;Asian Handicap First Half;-0.5;1;2.05;2.05;2026-09-27T17:11:19.681Z
28.09.2026;16:00;Greece;Super League 2;GS Marko;Panthrakikos FC Komotini;id1000018674172424;betano;Asian Handicap First Half;-0.5;2;1.67;1.67;2026-09-27T17:11:19.681Z
28.09.2026;16:00;Greece;Super League 2;GS Marko;Panthrakikos FC Komotini;id1000018674172424;betano;Asian Handicap First Half;-0.25;1;1.67;1.7;2026-09-28T00:10:43.012Z
28.09.2026;16:00;Greece;Super League 2;GS Marko;Panthrakikos FC Komotini;id1000018674172424;betano;Asian Handicap First Half;-0.25;2;2.02;2.0;2026-09-28T00:10:43.012Z
28.09.2026;16:00;Greece;Super League 2;GS Marko;Panthrakikos FC Komotini;id1000018674172424;betano;Asian Handicap;-1.25;1;1.98;1.98;2026-09-27T13:10:28.708Z
28.09.2026;16:00;Greece;Super League 2;GS Marko;Panthrakikos FC Komotini;id1000018674172424;betano;Asian Handicap;-1.25;2;1.75;1.75;2026-09-27T13:10:28.708Z
28.09.2026;16:00;Greece;Super League 2;GS Marko;Panthrakikos FC Komotini;id1000018674172424;betano;Asian Handicap;-1.0;1;1.83;1.9;2026-09-28T00:10:43.012Z
28.09.2026;16:00;Greece;Super League 2;GS Marko;Panthrakikos FC Komotini;id1000018674172424;betano;Asian Handicap;-1.0;2;1.87;1.82;2026-09-28T00:10:43.012Z
28.09.2026;16:00;Greece;Super League 2;GS Marko;Panthrakikos FC Komotini;id1000018674172424;betano;Over Under Full Time;1.5;Over;1.32;1.33;2026-09-28T00:10:43.012Z
28.09.2026;16:00;Greece;Super League 2;GS Marko;Panthrakikos FC Komotini;id1000018674172424;betano;Over Under Full Time;1.5;Under;3.0;2.95;2026-09-28T00:10:43.012Z
28.09.2026;16:00;Serbia;Prva Liga;RFK Graficar Beograd;FK Teleoptik;id1000072172120900;bet365;Full Time Result;0.0;1;1.82;1.82;2026-09-28T00:03:52.947Z
28.09.2026;16:00;Serbia;Prva Liga;RFK Graficar Beograd;FK Teleoptik;id1000072172120900;bet365;Full Time Result;0.0;X;3.6;3.6;2026-09-28T00:03:52.947Z
28.09.2026;16:00;Serbia;Prva Liga;RFK Graficar Beograd;FK Teleoptik;id1000072172120900;bet365;Full Time Result;0.0;2;3.4;3.4;2026-09-28T00:03:52.947Z
28.09.2026;16:00;Serbia;Prva Liga;RFK Graficar Beograd;FK Teleoptik;id1000072172120900;bet365;Over Under Full Time;2.5;Over;1.72;1.72;2026-09-28T00:35:45.538Z
28.09.2026;16:00;Serbia;Prva Liga;RFK Graficar Beograd;FK Teleoptik;id1000072172120900;bet365;Over Under Full Time;2.5;Under;2.02;2.02;2026-09-28T00:35:45.538Z
28.09.2026;16:00;Serbia;Prva Liga;RFK Graficar Beograd;FK Teleoptik;id1000072172120900;bet365;Double Chance Full Time;0.0;1X;1.22;1.22;2026-09-28T00:03:52.947Z
28.09.2026;16:00;Serbia;Prva Liga;RFK Graficar Beograd;FK Teleoptik;id1000072172120900;bet365;Double Chance Full Time;0.0;12;1.19;1.19;2026-09-28T00:03:52.947Z
28.09.2026;16:00;Serbia;Prva Liga;RFK Graficar Beograd;FK Teleoptik;id1000072172120900;bet365;Double Chance Full Time;0.0;2X;1.77;1.77;2026-09-28T00:03:52.947Z
28.09.2026;16:00;Serbia;Prva Liga;RFK Graficar Beograd;FK Teleoptik;id1000072172120900;bet365;First Half Result;0.0;1;2.5;2.5;2026-09-28T00:03:52.947Z
28.09.2026;16:00;Serbia;Prva Liga;RFK Graficar Beograd;FK Teleoptik;id1000072172120900;bet365;First Half Result;0.0;X;2.3;2.3;2026-09-28T00:03:52.947Z
28.09.2026;16:00;Serbia;Prva Liga;RFK Graficar Beograd;FK Teleoptik;id1000072172120900;bet365;First Half Result;0.0;2;3.75;3.75;2026-09-28T00:03:52.947Z
28.09.2026;16:00;Serbia;Prva Liga;RFK Graficar Beograd;FK Teleoptik;id1000072172120900;sisal.it;Full Time Result;0.0;1;1.85;1.85;2026-09-27T13:21:05.871Z
28.09.2026;16:00;Serbia;Prva Liga;RFK Graficar Beograd;FK Teleoptik;id1000072172120900;sisal.it;Full Time Result;0.0;X;3.6;3.6;2026-09-27T13:21:05.871Z
28.09.2026;16:00;Serbia;Prva Liga;RFK Graficar Beograd;FK Teleoptik;id1000072172120900;sisal.it;Full Time Result;0.0;2;3.6;3.6;2026-09-27T13:21:05.871Z
28.09.2026;16:00;Serbia;Prva Liga;RFK Graficar Beograd;FK Teleoptik;id1000072172120900;sisal.it;Over Under Full Time;2.5;Over;1.72;1.72;2026-09-27T13:21:05.871Z
28.09.2026;16:00;Serbia;Prva Liga;RFK Graficar Beograd;FK Teleoptik;id1000072172120900;sisal.it;Over Under Full Time;2.5;Under;1.95;1.95;2026-09-27T13:21:05.871Z
28.09.2026;16:00;Serbia;Prva Liga;RFK Graficar Beograd;FK Teleoptik;id1000072172120900;sisal.it;Over Under Full Time;3.5;Over;2.6;2.6;2026-09-27T13:21:05.871Z
28.09.2026;16:00;Serbia;Prva Liga;RFK Graficar Beograd;FK Teleoptik;id1000072172120900;sisal.it;Over Under Full Time;3.5;Under;1.38;1.38;2026-09-27T13:21:05.871Z
28.09.2026;16:00;Serbia;Prva Liga;RFK Graficar Beograd;FK Teleoptik;id1000072172120900;sisal.it;Over Under Full Time;4.5;Over;4.75;4.75;2026-09-27T13:21:05.871Z
28.09.2026;16:00;Serbia;Prva Liga;RFK Graficar Beograd;FK Teleoptik;id1000072172120900;sisal.it;Over Under Full Time;4.5;Under;1.12;1.12;2026-09-27T13:21:05.871Z
28.09.2026;16:00;Serbia;Prva Liga;RFK Graficar Beograd;FK Teleoptik;id1000072172120900;sisal.it;European Handicap;-1.0;1;3.25;3.25;2026-09-27T13:21:05.871Z
28.09.2026;16:00;Serbia;Prva Liga;RFK Graficar Beograd;FK Teleoptik;id1000072172120900;sisal.it;European Handicap;-1.0;X;3.6;3.6;2026-09-27T13:21:05.871Z
28.09.2026;16:00;Serbia;Prva Liga;RFK Graficar Beograd;FK Teleoptik;id1000072172120900;sisal.it;European Handicap;-1.0;2;1.8;1.8;2026-09-27T13:21:05.871Z
28.09.2026;16:00;Serbia;Prva Liga;RFK Graficar Beograd;FK Teleoptik;id1000072172120900;sisal.it;Double Chance Full Time;0.0;1X;1.25;1.22;2026-09-27T16:24:55.303Z
28.09.2026;16:00;Serbia;Prva Liga;RFK Graficar Beograd;FK Teleoptik;id1000072172120900;sisal.it;Double Chance Full Time;0.0;12;1.22;1.22;2026-09-27T13:21:05.871Z
28.09.2026;16:00;Serbia;Prva Liga;RFK Graficar Beograd;FK Teleoptik;id1000072172120900;sisal.it;Double Chance Full Time;0.0;2X;1.75;1.75;2026-09-27T13:21:05.871Z
28.09.2026;16:00;Serbia;Prva Liga;RFK Graficar Beograd;FK Teleoptik;id1000072172120900;sisal.it;Double Chance First Half;0.0;1X;1.14;1.14;2026-09-27T13:21:05.871Z
28.09.2026;16:00;Serbia;Prva Liga;RFK Graficar Beograd;FK Teleoptik;id1000072172120900;sisal.it;Double Chance First Half;0.0;12;1.44;1.44;2026-09-27T13:21:05.871Z
28.09.2026;16:00;Serbia;Prva Liga;RFK Graficar Beograd;FK Teleoptik;id1000072172120900;sisal.it;Double Chance First Half;0.0;2X;1.38;1.38;2026-09-27T13:21:05.871Z
28.09.2026;16:00;Serbia;Prva Liga;RFK Graficar Beograd;FK Teleoptik;id1000072172120900;sisal.it;First Half Result;0.0;1;2.4;2.4;2026-09-27T13:21:05.871Z
28.09.2026;16:00;Serbia;Prva Liga;RFK Graficar Beograd;FK Teleoptik;id1000072172120900;sisal.it;First Half Result;0.0;X;2.25;2.25;2026-09-27T13:21:05.871Z
28.09.2026;16:00;Serbia;Prva Liga;RFK Graficar Beograd;FK Teleoptik;id1000072172120900;sisal.it;First Half Result;0.0;2;3.75;3.75;2026-09-27T13:21:05.871Z
28.09.2026;16:00;Serbia;Prva Liga;RFK Graficar Beograd;FK Teleoptik;id1000072172120900;sisal.it;Over Under First Half;0.5;Over;1.25;1.25;2026-09-27T13:21:05.871Z
28.09.2026;16:00;Serbia;Prva Liga;RFK Graficar Beograd;FK Teleoptik;id1000072172120900;sisal.it;Over Under First Half;0.5;Under;3.0;3.0;2026-09-27T13:21:05.871Z
28.09.2026;16:00;Serbia;Prva Liga;RFK Graficar Beograd;FK Teleoptik;id1000072172120900;sisal.it;Over Under First Half;1.5;Over;2.4;2.4;2026-09-27T13:21:05.871Z
28.09.2026;16:00;Serbia;Prva Liga;RFK Graficar Beograd;FK Teleoptik;id1000072172120900;sisal.it;Over Under First Half;1.5;Under;1.42;1.42;2026-09-27T13:21:05.871Z
28.09.2026;16:00;Serbia;Prva Liga;RFK Graficar Beograd;FK Teleoptik;id1000072172120900;sisal.it;Over Under First Half;2.5;Over;5.0;5.0;2026-09-27T13:21:05.871Z
28.09.2026;16:00;Serbia;Prva Liga;RFK Graficar Beograd;FK Teleoptik;id1000072172120900;sisal.it;Over Under First Half;2.5;Under;1.08;1.08;2026-09-27T13:21:05.871Z
28.09.2026;16:00;Serbia;Prva Liga;RFK Graficar Beograd;FK Teleoptik;id1000072172120900;sisal.it;Over Under First Half;3.5;Over;10.0;10.0;2026-09-27T13:21:05.871Z
28.09.2026;16:00;Serbia;Prva Liga;RFK Graficar Beograd;FK Teleoptik;id1000072172120900;sisal.it;Over Under First Half;4.5;Over;16.0;16.0;2026-09-27T13:21:05.871Z
28.09.2026;16:00;Serbia;Prva Liga;RFK Graficar Beograd;FK Teleoptik;id1000072172120900;sisal.it;Both Teams To Score;0.0;Yes;1.62;1.62;2026-09-27T13:21:05.871Z
28.09.2026;16:00;Serbia;Prva Liga;RFK Graficar Beograd;FK Teleoptik;id1000072172120900;sisal.it;Both Teams To Score;0.0;No;2.1;2.1;2026-09-27T13:21:05.871Z
28.09.2026;16:00;Serbia;Prva Liga;RFK Graficar Beograd;FK Teleoptik;id1000072172120900;sisal.it;Over Under Full Time;0.5;Over;1.01;1.01;2026-09-27T13:21:05.871Z
28.09.2026;16:00;Serbia;Prva Liga;RFK Graficar Beograd;FK Teleoptik;id1000072172120900;sisal.it;Over Under Full Time;0.5;Under;9.0;9.0;2026-09-27T13:21:05.871Z
28.09.2026;16:00;Serbia;Prva Liga;RFK Graficar Beograd;FK Teleoptik;id1000072172120900;sisal.it;Over Under Full Time;1.5;Over;1.2;1.2;2026-09-27T13:21:05.871Z
28.09.2026;16:00;Serbia;Prva Liga;RFK Graficar Beograd;FK Teleoptik;id1000072172120900;sisal.it;Over Under Full Time;1.5;Under;3.6;3.6;2026-09-27T13:21:05.871Z
28.09.2026;16:00;Serbia;Prva Liga;RFK Graficar Beograd;FK Teleoptik;id1000072172120900;tipico;Full Time Result;0.0;1;1.83;1.83;2026-09-27T18:09:32.356Z
28.09.2026;16:00;Serbia;Prva Liga;RFK Graficar Beograd;FK Teleoptik;id1000072172120900;tipico;Full Time Result;0.0;X;3.5;3.5;2026-09-27T18:09:32.356Z
28.09.2026;16:00;Serbia;Prva Liga;RFK Graficar Beograd;FK Teleoptik;id1000072172120900;tipico;Full Time Result;0.0;2;3.3;3.3;2026-09-27T18:09:32.356Z
28.09.2026;16:00;Serbia;Prva Liga;RFK Graficar Beograd;FK Teleoptik;id1000072172120900;tipico;Over Under Full Time;2.5;Over;1.75;1.75;2026-09-27T18:09:32.356Z
28.09.2026;16:00;Serbia;Prva Liga;RFK Graficar Beograd;FK Teleoptik;id1000072172120900;tipico;Over Under Full Time;2.5;Under;1.95;1.95;2026-09-27T18:09:32.356Z
28.09.2026;16:00;Serbia;Prva Liga;RFK Graficar Beograd;FK Teleoptik;id1000072172120900;tipico;Over Under Full Time;3.5;Over;2.85;2.8;2026-09-27T20:26:29.055Z
28.09.2026;16:00;Serbia;Prva Liga;RFK Graficar Beograd;FK Teleoptik;id1000072172120900;tipico;Over Under Full Time;3.5;Under;1.37;1.37;2026-09-27T18:09:32.356Z
28.09.2026;16:00;Serbia;Prva Liga;RFK Graficar Beograd;FK Teleoptik;id1000072172120900;tipico;European Handicap;1.0;1;1.25;1.2;2026-09-27T22:05:47.880Z
28.09.2026;16:00;Serbia;Prva Liga;RFK Graficar Beograd;FK Teleoptik;id1000072172120900;tipico;European Handicap;1.0;X;5.5;5.3;2026-09-27T22:05:47.880Z
28.09.2026;16:00;Serbia;Prva Liga;RFK Graficar Beograd;FK Teleoptik;id1000072172120900;tipico;European Handicap;1.0;2;6.5;8.5;2026-09-27T22:05:47.880Z
28.09.2026;16:00;Serbia;Prva Liga;RFK Graficar Beograd;FK Teleoptik;id1000072172120900;tipico;Over Under Full Time;4.5;Over;4.9;5.2;2026-09-27T23:53:12.470Z
28.09.2026;16:00;Serbia;Prva Liga;RFK Graficar Beograd;FK Teleoptik;id1000072172120900;tipico;Over Under Full Time;4.5;Under;1.14;1.12;2026-09-27T23:53:12.470Z
28.09.2026;16:00;Serbia;Prva Liga;RFK Graficar Beograd;FK Teleoptik;id1000072172120900;tipico;European Handicap;-1.0;1;3.3;3.3;2026-09-27T18:09:32.356Z
28.09.2026;16:00;Serbia;Prva Liga;RFK Graficar Beograd;FK Teleoptik;id1000072172120900;tipico;European Handicap;-1.0;X;3.8;3.8;2026-09-27T18:09:32.356Z
28.09.2026;16:00;Serbia;Prva Liga;RFK Graficar Beograd;FK Teleoptik;id1000072172120900;tipico;European Handicap;-1.0;2;1.75;1.75;2026-09-27T18:09:32.356Z
28.09.2026;16:00;Serbia;Prva Liga;RFK Graficar Beograd;FK Teleoptik;id1000072172120900;tipico;European Handicap;-2.0;1;7.2;7.2;2026-09-27T18:09:32.356Z
28.09.2026;16:00;Serbia;Prva Liga;RFK Graficar Beograd;FK Teleoptik;id1000072172120900;tipico;European Handicap;-2.0;X;5.3;5.3;2026-09-27T18:09:32.356Z
28.09.2026;16:00;Serbia;Prva Liga;RFK Graficar Beograd;FK Teleoptik;id1000072172120900;tipico;European Handicap;-2.0;2;1.25;1.25;2026-09-27T18:09:32.356Z
28.09.2026;16:00;Serbia;Prva Liga;RFK Graficar Beograd;FK Teleoptik;id1000072172120900;tipico;Double Chance Full Time;0.0;1X;1.17;1.17;2026-09-27T23:53:12.470Z
28.09.2026;16:00;Serbia;Prva Liga;RFK Graficar Beograd;FK Teleoptik;id1000072172120900;tipico;Double Chance Full Time;0.0;12;1.2;1.2;2026-09-27T23:53:12.470Z
28.09.2026;16:00;Serbia;Prva Liga;RFK Graficar Beograd;FK Teleoptik;id1000072172120900;tipico;Double Chance Full Time;0.0;2X;1.72;1.72;2026-09-27T18:09:32.356Z
28.09.2026;16:00;Serbia;Prva Liga;RFK Graficar Beograd;FK Teleoptik;id1000072172120900;tipico;First Half Result;0.0;1;2.45;2.45;2026-09-27T18:09:32.356Z
28.09.2026;16:00;Serbia;Prva Liga;RFK Graficar Beograd;FK Teleoptik;id1000072172120900;tipico;First Half Result;0.0;X;2.05;2.0;2026-09-27T20:26:29.055Z
28.09.2026;16:00;Serbia;Prva Liga;RFK Graficar Beograd;FK Teleoptik;id1000072172120900;tipico;First Half Result;0.0;2;3.8;4.0;2026-09-27T20:26:29.055Z
28.09.2026;16:00;Serbia;Prva Liga;RFK Graficar Beograd;FK Teleoptik;id1000072172120900;tipico;Second Half Result;0.0;1;2.3;2.3;2026-09-27T18:09:32.356Z
28.09.2026;16:00;Serbia;Prva Liga;RFK Graficar Beograd;FK Teleoptik;id1000072172120900;tipico;Second Half Result;0.0;X;2.65;2.65;2026-09-27T18:09:32.356Z
28.09.2026;16:00;Serbia;Prva Liga;RFK Graficar Beograd;FK Teleoptik;id1000072172120900;tipico;Second Half Result;0.0;2;3.6;3.6;2026-09-27T18:09:32.356Z
28.09.2026;16:00;Serbia;Prva Liga;RFK Graficar Beograd;FK Teleoptik;id1000072172120900;tipico;Over Under Team 1;1.5;Over;1.87;1.87;2026-09-27T18:09:32.356Z
28.09.2026;16:00;Serbia;Prva Liga;RFK Graficar Beograd;FK Teleoptik;id1000072172120900;tipico;Over Under Team 1;1.5;Under;1.8;1.8;2026-09-27T18:09:32.356Z
28.09.2026;16:00;Serbia;Prva Liga;RFK Graficar Beograd;FK Teleoptik;id1000072172120900;tipico;Over Under Team 2;0.5;Over;1.37;1.37;2026-09-27T18:09:32.356Z
28.09.2026;16:00;Serbia;Prva Liga;RFK Graficar Beograd;FK Teleoptik;id1000072172120900;tipico;Over Under Team 2;0.5;Under;2.75;2.75;2026-09-27T18:09:32.356Z
28.09.2026;16:00;Serbia;Prva Liga;RFK Graficar Beograd;FK Teleoptik;id1000072172120900;tipico;European Handicap First Half;-1.0;1;6.8;6.8;2026-09-27T18:09:32.356Z
28.09.2026;16:00;Serbia;Prva Liga;RFK Graficar Beograd;FK Teleoptik;id1000072172120900;tipico;European Handicap First Half;-1.0;X;3.2;3.2;2026-09-27T18:09:32.356Z
28.09.2026;16:00;Serbia;Prva Liga;RFK Graficar Beograd;FK Teleoptik;id1000072172120900;tipico;European Handicap First Half;-1.0;2;1.45;1.45;2026-09-27T18:09:32.356Z
28.09.2026;16:00;Serbia;Prva Liga;RFK Graficar Beograd;FK Teleoptik;id1000072172120900;tipico;Over Under First Half;0.5;Over;1.35;1.35;2026-09-27T18:09:32.356Z
28.09.2026;16:00;Serbia;Prva Liga;RFK Graficar Beograd;FK Teleoptik;id1000072172120900;tipico;Over Under First Half;0.5;Under;2.85;2.85;2026-09-27T18:09:32.356Z
28.09.2026;16:00;Serbia;Prva Liga;RFK Graficar Beograd;FK Teleoptik;id1000072172120900;tipico;Over Under First Half;1.5;Over;2.5;2.45;2026-09-27T22:05:47.880Z
28.09.2026;16:00;Serbia;Prva Liga;RFK Graficar Beograd;FK Teleoptik;id1000072172120900;tipico;Over Under First Half;1.5;Under;1.45;1.45;2026-09-27T18:09:32.356Z
28.09.2026;16:00;Serbia;Prva Liga;RFK Graficar Beograd;FK Teleoptik;id1000072172120900;tipico;Both Teams To Score First Half;0.0;Yes;3.9;3.8;2026-09-27T23:00:01.851Z
28.09.2026;16:00;Serbia;Prva Liga;RFK Graficar Beograd;FK Teleoptik;id1000072172120900;tipico;Both Teams To Score First Half;0.0;No;1.2;1.2;2026-09-27T18:09:32.356Z
28.09.2026;16:00;Serbia;Prva Liga;RFK Graficar Beograd;FK Teleoptik;id1000072172120900;tipico;Both Teams To Score;0.0;Yes;1.62;1.62;2026-09-27T18:09:32.356Z
28.09.2026;16:00;Serbia;Prva Liga;RFK Graficar Beograd;FK Teleoptik;id1000072172120900;tipico;Both Teams To Score;0.0;No;2.1;2.1;2026-09-27T18:09:32.356Z
28.09.2026;16:00;Serbia;Prva Liga;RFK Graficar Beograd;FK Teleoptik;id1000072172120900;tipico;Over Under Full Time;1.5;Over;1.25;1.25;2026-09-27T18:09:32.356Z
28.09.2026;16:00;Serbia;Prva Liga;RFK Graficar Beograd;FK Teleoptik;id1000072172120900;tipico;Over Under Full Time;1.5;Under;3.6;3.6;2026-09-27T18:09:32.356Z
28.09.2026;16:00;Serbia;Prva Liga;RFK Graficar Beograd;FK Teleoptik;id1000072172120900;stoiximan;Full Time Result;0.0;1;1.91;1.91;2026-09-27T14:39:12.705Z
28.09.2026;16:00;Serbia;Prva Liga;RFK Graficar Beograd;FK Teleoptik;id1000072172120900;stoiximan;Full Time Result;0.0;X;3.5;3.5;2026-09-27T14:39:12.705Z
28.09.2026;16:00;Serbia;Prva Liga;RFK Graficar Beograd;FK Teleoptik;id1000072172120900;stoiximan;Full Time Result;0.0;2;3.35;3.35;2026-09-27T22:16:57.165Z
28.09.2026;16:00;Serbia;Prva Liga;RFK Graficar Beograd;FK Teleoptik;id1000072172120900;stoiximan;Over Under Full Time;2.5;Over;1.7;1.7;2026-09-27T14:39:12.705Z
28.09.2026;16:00;Serbia;Prva Liga;RFK Graficar Beograd;FK Teleoptik;id1000072172120900;stoiximan;Over Under Full Time;2.5;Under;1.95;1.95;2026-09-27T14:39:12.705Z
28.09.2026;16:00;Serbia;Prva Liga;RFK Graficar Beograd;FK Teleoptik;id1000072172120900;stoiximan;First Half Result;0.0;1;2.47;2.47;2026-09-27T14:39:12.705Z
28.09.2026;16:00;Serbia;Prva Liga;RFK Graficar Beograd;FK Teleoptik;id1000072172120900;stoiximan;First Half Result;0.0;X;2.18;2.18;2026-09-27T14:39:12.705Z
28.09.2026;16:00;Serbia;Prva Liga;RFK Graficar Beograd;FK Teleoptik;id1000072172120900;stoiximan;First Half Result;0.0;2;3.8;3.75;2026-09-27T15:41:32.954Z
28.09.2026;16:00;Serbia;Prva Liga;RFK Graficar Beograd;FK Teleoptik;id1000072172120900;stoiximan;Second Half Result;0.0;1;2.22;2.2;2026-09-27T22:16:57.165Z
28.09.2026;16:00;Serbia;Prva Liga;RFK Graficar Beograd;FK Teleoptik;id1000072172120900;stoiximan;Second Half Result;0.0;X;2.57;2.57;2026-09-27T14:39:12.705Z
28.09.2026;16:00;Serbia;Prva Liga;RFK Graficar Beograd;FK Teleoptik;id1000072172120900;stoiximan;Second Half Result;0.0;2;3.45;3.5;2026-09-27T22:16:57.165Z
28.09.2026;16:00;Serbia;Prva Liga;RFK Graficar Beograd;FK Teleoptik;id1000072172120900;stoiximan;Over Under First Half;1.5;Over;2.37;2.37;2026-09-27T14:39:12.705Z
28.09.2026;16:00;Serbia;Prva Liga;RFK Graficar Beograd;FK Teleoptik;id1000072172120900;stoiximan;Over Under First Half;1.5;Under;1.42;1.42;2026-09-27T14:39:12.705Z
28.09.2026;16:00;Serbia;Prva Liga;RFK Graficar Beograd;FK Teleoptik;id1000072172120900;stoiximan;Asian Handicap First Half;-0.25;1;1.91;1.91;2026-09-27T14:39:12.705Z
28.09.2026;16:00;Serbia;Prva Liga;RFK Graficar Beograd;FK Teleoptik;id1000072172120900;stoiximan;Asian Handicap First Half;-0.25;2;1.65;1.65;2026-09-27T14:39:12.705Z
28.09.2026;16:00;Serbia;Prva Liga;RFK Graficar Beograd;FK Teleoptik;id1000072172120900;stoiximan;Asian Handicap;-0.5;1;1.83;1.83;2026-09-27T22:16:57.165Z
28.09.2026;16:00;Serbia;Prva Liga;RFK Graficar Beograd;FK Teleoptik;id1000072172120900;stoiximan;Asian Handicap;-0.5;2;1.78;1.78;2026-09-27T22:16:57.165Z
28.09.2026;16:00;Serbia;Prva Liga;RFK Graficar Beograd;FK Teleoptik;id1000072172120900;superbet;Full Time Result;0.0;1;1.82;1.9;2026-09-28T01:49:59.027Z
28.09.2026;16:00;Serbia;Prva Liga;RFK Graficar Beograd;FK Teleoptik;id1000072172120900;superbet;Full Time Result;0.0;X;3.3;3.45;2026-09-28T01:49:59.027Z
28.09.2026;16:00;Serbia;Prva Liga;RFK Graficar Beograd;FK Teleoptik;id1000072172120900;superbet;Full Time Result;0.0;2;3.85;3.35;2026-09-28T01:49:59.027Z
28.09.2026;16:00;Serbia;Prva Liga;RFK Graficar Beograd;FK Teleoptik;id1000072172120900;superbet;Over Under Full Time;2.5;Over;1.97;1.76;2026-09-28T01:49:59.027Z
28.09.2026;16:00;Serbia;Prva Liga;RFK Graficar Beograd;FK Teleoptik;id1000072172120900;superbet;Over Under Full Time;2.5;Under;1.75;1.95;2026-09-28T01:49:59.027Z
28.09.2026;16:00;Serbia;Prva Liga;RFK Graficar Beograd;FK Teleoptik;id1000072172120900;superbet;Over Under Full Time;3.5;Over;3.35;2.87;2026-09-28T01:49:59.027Z
28.09.2026;16:00;Serbia;Prva Liga;RFK Graficar Beograd;FK Teleoptik;id1000072172120900;superbet;Over Under Full Time;3.5;Under;1.28;1.37;2026-09-28T01:49:59.027Z
28.09.2026;16:00;Serbia;Prva Liga;RFK Graficar Beograd;FK Teleoptik;id1000072172120900;superbet;Over Under Full Time;4.5;Over;6.4;5.2;2026-09-28T01:49:59.027Z
28.09.2026;16:00;Serbia;Prva Liga;RFK Graficar Beograd;FK Teleoptik;id1000072172120900;superbet;Over Under Full Time;4.5;Under;1.08;1.13;2026-09-28T01:49:59.027Z
28.09.2026;16:00;Serbia;Prva Liga;RFK Graficar Beograd;FK Teleoptik;id1000072172120900;superbet;Double Chance Full Time;0.0;1X;1.17;1.23;2026-09-28T01:49:59.027Z
28.09.2026;16:00;Serbia;Prva Liga;RFK Graficar Beograd;FK Teleoptik;id1000072172120900;superbet;Double Chance Full Time;0.0;12;1.24;1.22;2026-09-28T01:49:59.027Z
28.09.2026;16:00;Serbia;Prva Liga;RFK Graficar Beograd;FK Teleoptik;id1000072172120900;superbet;Double Chance Full Time;0.0;2X;1.78;1.7;2026-09-28T01:49:59.027Z
28.09.2026;16:00;Serbia;Prva Liga;RFK Graficar Beograd;FK Teleoptik;id1000072172120900;superbet;Double Chance First Half;0.0;1X;1.14;1.17;2026-09-28T01:49:59.027Z
28.09.2026;16:00;Serbia;Prva Liga;RFK Graficar Beograd;FK Teleoptik;id1000072172120900;superbet;Double Chance First Half;0.0;12;1.57;1.51;2026-09-28T01:49:59.027Z
28.09.2026;16:00;Serbia;Prva Liga;RFK Graficar Beograd;FK Teleoptik;id1000072172120900;superbet;Double Chance First Half;0.0;2X;1.42;1.41;2026-09-28T01:49:59.027Z
28.09.2026;16:00;Serbia;Prva Liga;RFK Graficar Beograd;FK Teleoptik;id1000072172120900;superbet;Double Chance Second Half;0.0;1X;1.16;1.21;2026-09-28T01:49:59.027Z
28.09.2026;16:00;Serbia;Prva Liga;RFK Graficar Beograd;FK Teleoptik;id1000072172120900;superbet;Double Chance Second Half;0.0;12;1.43;1.39;2026-09-28T01:49:59.027Z
28.09.2026;16:00;Serbia;Prva Liga;RFK Graficar Beograd;FK Teleoptik;id1000072172120900;superbet;Double Chance Second Half;0.0;2X;1.51;1.48;2026-09-28T01:49:59.027Z
28.09.2026;16:00;Serbia;Prva Liga;RFK Graficar Beograd;FK Teleoptik;id1000072172120900;superbet;First Half Result;0.0;1;2.47;2.47;2026-09-28T01:49:59.027Z
28.09.2026;16:00;Serbia;Prva Liga;RFK Graficar Beograd;FK Teleoptik;id1000072172120900;superbet;First Half Result;0.0;X;2.12;2.22;2026-09-28T01:49:59.027Z
28.09.2026;16:00;Serbia;Prva Liga;RFK Graficar Beograd;FK Teleoptik;id1000072172120900;superbet;First Half Result;0.0;2;4.3;3.85;2026-09-28T01:49:59.027Z
28.09.2026;16:00;Serbia;Prva Liga;RFK Graficar Beograd;FK Teleoptik;id1000072172120900;superbet;Second Half Result;0.0;1;2.22;2.3;2026-09-28T01:49:59.027Z
28.09.2026;16:00;Serbia;Prva Liga;RFK Graficar Beograd;FK Teleoptik;id1000072172120900;superbet;Second Half Result;0.0;X;2.45;2.55;2026-09-28T01:49:59.027Z
28.09.2026;16:00;Serbia;Prva Liga;RFK Graficar Beograd;FK Teleoptik;id1000072172120900;superbet;Second Half Result;0.0;2;4.0;3.55;2026-09-28T01:49:59.027Z
28.09.2026;16:00;Serbia;Prva Liga;RFK Graficar Beograd;FK Teleoptik;id1000072172120900;superbet;Over Under Team 1 First Half;0.5;Over;1.87;1.77;2026-09-28T01:49:59.027Z
28.09.2026;16:00;Serbia;Prva Liga;RFK Graficar Beograd;FK Teleoptik;id1000072172120900;superbet;Over Under Team 1 First Half;0.5;Under;1.83;1.95;2026-09-28T01:49:59.027Z
28.09.2026;16:00;Serbia;Prva Liga;RFK Graficar Beograd;FK Teleoptik;id1000072172120900;superbet;Over Under Team 2 First Half;0.5;Over;2.65;2.3;2026-09-28T01:49:59.027Z
28.09.2026;16:00;Serbia;Prva Liga;RFK Graficar Beograd;FK Teleoptik;id1000072172120900;superbet;Over Under Team 2 First Half;0.5;Under;1.43;1.55;2026-09-28T01:49:59.027Z
28.09.2026;16:00;Serbia;Prva Liga;RFK Graficar Beograd;FK Teleoptik;id1000072172120900;superbet;Over Under Team 1 Second Half;0.5;Over;1.6;1.55;2026-09-28T01:49:59.027Z
28.09.2026;16:00;Serbia;Prva Liga;RFK Graficar Beograd;FK Teleoptik;id1000072172120900;superbet;Over Under Team 1 Second Half;0.5;Under;2.2;2.3;2026-09-28T01:49:59.027Z
28.09.2026;16:00;Serbia;Prva Liga;RFK Graficar Beograd;FK Teleoptik;id1000072172120900;superbet;Over Under Team 1;0.5;Over;1.19;1.18;2026-09-28T01:49:59.027Z
28.09.2026;16:00;Serbia;Prva Liga;RFK Graficar Beograd;FK Teleoptik;id1000072172120900;superbet;Over Under Team 1;0.5;Under;4.15;4.35;2026-09-28T01:49:59.027Z
28.09.2026;16:00;Serbia;Prva Liga;RFK Graficar Beograd;FK Teleoptik;id1000072172120900;superbet;Over Under Team 2 Second Half;0.5;Over;2.17;1.95;2026-09-28T01:49:59.027Z
28.09.2026;16:00;Serbia;Prva Liga;RFK Graficar Beograd;FK Teleoptik;id1000072172120900;superbet;Over Under Team 2 Second Half;0.5;Under;1.62;1.77;2026-09-28T01:49:59.027Z
28.09.2026;16:00;Serbia;Prva Liga;RFK Graficar Beograd;FK Teleoptik;id1000072172120900;superbet;Over Under Team 1;1.5;Over;1.95;1.88;2026-09-28T01:49:59.027Z
28.09.2026;16:00;Serbia;Prva Liga;RFK Graficar Beograd;FK Teleoptik;id1000072172120900;superbet;Over Under Team 1;1.5;Under;1.76;1.82;2026-09-28T01:49:59.027Z
28.09.2026;16:00;Serbia;Prva Liga;RFK Graficar Beograd;FK Teleoptik;id1000072172120900;superbet;Over Under Team 1;2.5;Over;4.0;3.7;2026-09-28T01:49:59.027Z
28.09.2026;16:00;Serbia;Prva Liga;RFK Graficar Beograd;FK Teleoptik;id1000072172120900;superbet;Over Under Team 1;2.5;Under;1.21;1.23;2026-09-28T01:49:59.027Z
28.09.2026;16:00;Serbia;Prva Liga;RFK Graficar Beograd;FK Teleoptik;id1000072172120900;superbet;Over Under Team 2;0.5;Over;1.51;1.38;2026-09-28T01:49:59.027Z
28.09.2026;16:00;Serbia;Prva Liga;RFK Graficar Beograd;FK Teleoptik;id1000072172120900;superbet;Over Under Team 2;0.5;Under;2.4;2.8;2026-09-28T01:49:59.027Z
28.09.2026;16:00;Serbia;Prva Liga;RFK Graficar Beograd;FK Teleoptik;id1000072172120900;superbet;Over Under Team 2;1.5;Over;3.4;2.8;2026-09-28T01:49:59.027Z
28.09.2026;16:00;Serbia;Prva Liga;RFK Graficar Beograd;FK Teleoptik;id1000072172120900;superbet;Over Under Team 2;1.5;Under;1.27;1.38;2026-09-28T01:49:59.027Z
28.09.2026;16:00;Serbia;Prva Liga;RFK Graficar Beograd;FK Teleoptik;id1000072172120900;superbet;Over Under Team 2;2.5;Over;8.7;6.7;2026-09-28T01:49:59.027Z
28.09.2026;16:00;Serbia;Prva Liga;RFK Graficar Beograd;FK Teleoptik;id1000072172120900;superbet;Over Under Team 2;2.5;Under;1.04;1.07;2026-09-28T01:49:59.027Z
28.09.2026;16:00;Serbia;Prva Liga;RFK Graficar Beograd;FK Teleoptik;id1000072172120900;superbet;Over Under First Half;0.5;Over;1.42;1.34;2026-09-28T01:49:59.027Z
28.09.2026;16:00;Serbia;Prva Liga;RFK Graficar Beograd;FK Teleoptik;id1000072172120900;superbet;Over Under First Half;0.5;Under;2.67;3.0;2026-09-28T01:49:59.027Z
28.09.2026;16:00;Serbia;Prva Liga;RFK Graficar Beograd;FK Teleoptik;id1000072172120900;superbet;Over Under First Half;1.5;Over;2.95;2.55;2026-09-28T01:49:59.027Z
28.09.2026;16:00;Serbia;Prva Liga;RFK Graficar Beograd;FK Teleoptik;id1000072172120900;superbet;Over Under First Half;1.5;Under;1.35;1.45;2026-09-28T01:49:59.027Z
28.09.2026;16:00;Serbia;Prva Liga;RFK Graficar Beograd;FK Teleoptik;id1000072172120900;superbet;Over Under First Half;2.5;Over;7.2;5.9;2026-09-28T01:49:59.027Z
28.09.2026;16:00;Serbia;Prva Liga;RFK Graficar Beograd;FK Teleoptik;id1000072172120900;superbet;Over Under First Half;2.5;Under;1.06;1.1;2026-09-28T01:49:59.027Z
28.09.2026;16:00;Serbia;Prva Liga;RFK Graficar Beograd;FK Teleoptik;id1000072172120900;superbet;Over Under Second Half;0.5;Over;1.25;1.21;2026-09-28T01:49:59.027Z
28.09.2026;16:00;Serbia;Prva Liga;RFK Graficar Beograd;FK Teleoptik;id1000072172120900;superbet;Over Under Second Half;0.5;Under;3.55;4.0;2026-09-28T01:49:59.027Z
28.09.2026;16:00;Serbia;Prva Liga;RFK Graficar Beograd;FK Teleoptik;id1000072172120900;superbet;Over Under Second Half;1.5;Over;2.17;2.0;2026-09-28T01:49:59.027Z
28.09.2026;16:00;Serbia;Prva Liga;RFK Graficar Beograd;FK Teleoptik;id1000072172120900;superbet;Over Under Second Half;1.5;Under;1.61;1.73;2026-09-28T01:49:59.027Z
28.09.2026;16:00;Serbia;Prva Liga;RFK Graficar Beograd;FK Teleoptik;id1000072172120900;superbet;Over Under Second Half;2.5;Over;4.7;4.1;2026-09-28T01:49:59.027Z
28.09.2026;16:00;Serbia;Prva Liga;RFK Graficar Beograd;FK Teleoptik;id1000072172120900;superbet;Over Under Second Half;2.5;Under;1.15;1.2;2026-09-28T01:49:59.027Z
28.09.2026;16:00;Serbia;Prva Liga;RFK Graficar Beograd;FK Teleoptik;id1000072172120900;superbet;Both Teams To Score First Half;0.0;Yes;4.8;4.1;2026-09-28T01:49:59.027Z
28.09.2026;16:00;Serbia;Prva Liga;RFK Graficar Beograd;FK Teleoptik;id1000072172120900;superbet;Both Teams To Score First Half;0.0;No;1.15;1.2;2026-09-28T01:49:59.027Z
28.09.2026;16:00;Serbia;Prva Liga;RFK Graficar Beograd;FK Teleoptik;id1000072172120900;superbet;Both Teams To Score Second Half;0.0;Yes;3.45;3.1;2026-09-28T01:49:59.027Z
28.09.2026;16:00;Serbia;Prva Liga;RFK Graficar Beograd;FK Teleoptik;id1000072172120900;superbet;Both Teams To Score Second Half;0.0;No;1.26;1.32;2026-09-28T01:49:59.027Z
28.09.2026;16:00;Serbia;Prva Liga;RFK Graficar Beograd;FK Teleoptik;id1000072172120900;superbet;Both Teams To Score;0.0;Yes;1.85;1.69;2026-09-28T01:49:59.027Z
28.09.2026;16:00;Serbia;Prva Liga;RFK Graficar Beograd;FK Teleoptik;id1000072172120900;superbet;Both Teams To Score;0.0;No;1.85;2.05;2026-09-28T01:49:59.027Z
28.09.2026;16:00;Serbia;Prva Liga;RFK Graficar Beograd;FK Teleoptik;id1000072172120900;superbet;Over Under Full Time;0.5;Over;1.05;1.03;2026-09-28T01:49:59.027Z
28.09.2026;16:00;Serbia;Prva Liga;RFK Graficar Beograd;FK Teleoptik;id1000072172120900;superbet;Over Under Full Time;0.5;Under;8.3;10.0;2026-09-28T01:49:59.027Z
28.09.2026;16:00;Serbia;Prva Liga;RFK Graficar Beograd;FK Teleoptik;id1000072172120900;superbet;Asian Handicap;-1.5;1;3.1;3.2;2026-09-28T01:49:59.027Z
28.09.2026;16:00;Serbia;Prva Liga;RFK Graficar Beograd;FK Teleoptik;id1000072172120900;superbet;Asian Handicap;-1.5;2;1.27;1.25;2026-09-28T01:49:59.027Z
28.09.2026;16:00;Serbia;Prva Liga;RFK Graficar Beograd;FK Teleoptik;id1000072172120900;superbet;Asian Handicap;-0.5;1;1.76;1.85;2026-09-28T01:49:59.027Z
28.09.2026;16:00;Serbia;Prva Liga;RFK Graficar Beograd;FK Teleoptik;id1000072172120900;superbet;Asian Handicap;-0.5;2;1.85;1.76;2026-09-28T01:49:59.027Z
28.09.2026;16:00;Serbia;Prva Liga;RFK Graficar Beograd;FK Teleoptik;id1000072172120900;superbet;Asian Handicap;0.5;1;1.2;1.26;2026-09-28T01:49:59.027Z
28.09.2026;16:00;Serbia;Prva Liga;RFK Graficar Beograd;FK Teleoptik;id1000072172120900;superbet;Asian Handicap;0.5;2;3.6;3.2;2026-09-28T01:49:59.027Z
28.09.2026;16:00;Serbia;Prva Liga;RFK Graficar Beograd;FK Teleoptik;id1000072172120900;superbet;Over Under Full Time;1.5;Over;1.3;1.24;2026-09-28T01:49:59.027Z
28.09.2026;16:00;Serbia;Prva Liga;RFK Graficar Beograd;FK Teleoptik;id1000072172120900;superbet;Over Under Full Time;1.5;Under;3.2;3.7;2026-09-28T01:49:59.027Z
28.09.2026;16:00;Serbia;Prva Liga;RFK Graficar Beograd;FK Teleoptik;id1000072172120900;superbet;Asian Handicap;1.5;1;1.03;1.05;2026-09-28T01:49:59.027Z
28.09.2026;16:00;Serbia;Prva Liga;RFK Graficar Beograd;FK Teleoptik;id1000072172120900;superbet;Asian Handicap;1.5;2;7.5;6.3;2026-09-28T01:49:59.027Z
28.09.2026;16:00;Serbia;Prva Liga;RFK Graficar Beograd;FK Teleoptik;id1000072172120900;betano;Full Time Result;0.0;1;1.91;1.91;2026-09-28T00:10:15.184Z
28.09.2026;16:00;Serbia;Prva Liga;RFK Graficar Beograd;FK Teleoptik;id1000072172120900;betano;Full Time Result;0.0;X;3.5;3.5;2026-09-28T00:10:15.184Z
28.09.2026;16:00;Serbia;Prva Liga;RFK Graficar Beograd;FK Teleoptik;id1000072172120900;betano;Full Time Result;0.0;2;3.35;3.35;2026-09-28T00:10:15.184Z
28.09.2026;16:00;Serbia;Prva Liga;RFK Graficar Beograd;FK Teleoptik;id1000072172120900;betano;Over Under Full Time;2.5;Over;1.7;1.7;2026-09-28T00:10:15.184Z
28.09.2026;16:00;Serbia;Prva Liga;RFK Graficar Beograd;FK Teleoptik;id1000072172120900;betano;Over Under Full Time;2.5;Under;1.95;1.95;2026-09-28T00:10:15.184Z
28.09.2026;16:00;Serbia;Prva Liga;RFK Graficar Beograd;FK Teleoptik;id1000072172120900;betano;Double Chance Full Time;0.0;1X;1.27;1.27;2026-09-28T00:10:15.184Z
28.09.2026;16:00;Serbia;Prva Liga;RFK Graficar Beograd;FK Teleoptik;id1000072172120900;betano;Double Chance Full Time;0.0;12;1.25;1.25;2026-09-28T00:10:15.184Z
28.09.2026;16:00;Serbia;Prva Liga;RFK Graficar Beograd;FK Teleoptik;id1000072172120900;betano;Double Chance Full Time;0.0;2X;1.72;1.72;2026-09-28T00:10:15.184Z
28.09.2026;16:00;Serbia;Prva Liga;RFK Graficar Beograd;FK Teleoptik;id1000072172120900;betano;Double Chance First Half;0.0;1X;1.23;1.23;2026-09-28T00:10:15.184Z
28.09.2026;16:00;Serbia;Prva Liga;RFK Graficar Beograd;FK Teleoptik;id1000072172120900;betano;Double Chance First Half;0.0;12;1.55;1.55;2026-09-28T00:10:15.184Z
28.09.2026;16:00;Serbia;Prva Liga;RFK Graficar Beograd;FK Teleoptik;id1000072172120900;betano;Double Chance First Half;0.0;2X;1.44;1.44;2026-09-28T00:10:15.184Z
28.09.2026;16:00;Serbia;Prva Liga;RFK Graficar Beograd;FK Teleoptik;id1000072172120900;betano;First Half Result;0.0;1;2.47;2.47;2026-09-28T00:10:15.184Z
28.09.2026;16:00;Serbia;Prva Liga;RFK Graficar Beograd;FK Teleoptik;id1000072172120900;betano;First Half Result;0.0;X;2.18;2.18;2026-09-28T00:10:15.184Z
28.09.2026;16:00;Serbia;Prva Liga;RFK Graficar Beograd;FK Teleoptik;id1000072172120900;betano;First Half Result;0.0;2;3.8;3.75;2026-09-28T00:10:15.184Z
28.09.2026;16:00;Serbia;Prva Liga;RFK Graficar Beograd;FK Teleoptik;id1000072172120900;betano;Second Half Result;0.0;1;2.22;2.2;2026-09-28T00:10:15.184Z
28.09.2026;16:00;Serbia;Prva Liga;RFK Graficar Beograd;FK Teleoptik;id1000072172120900;betano;Second Half Result;0.0;X;2.57;2.57;2026-09-28T00:10:15.184Z
28.09.2026;16:00;Serbia;Prva Liga;RFK Graficar Beograd;FK Teleoptik;id1000072172120900;betano;Second Half Result;0.0;2;3.45;3.5;2026-09-28T00:10:15.184Z
28.09.2026;16:00;Serbia;Prva Liga;RFK Graficar Beograd;FK Teleoptik;id1000072172120900;betano;Over Under First Half;1.5;Over;2.37;2.37;2026-09-28T00:10:15.184Z
28.09.2026;16:00;Serbia;Prva Liga;RFK Graficar Beograd;FK Teleoptik;id1000072172120900;betano;Over Under First Half;1.5;Under;1.42;1.42;2026-09-28T00:10:15.184Z
28.09.2026;16:00;Serbia;Prva Liga;RFK Graficar Beograd;FK Teleoptik;id1000072172120900;betano;Asian Handicap First Half;-0.25;1;1.91;1.91;2026-09-28T00:10:15.184Z
28.09.2026;16:00;Serbia;Prva Liga;RFK Graficar Beograd;FK Teleoptik;id1000072172120900;betano;Asian Handicap First Half;-0.25;2;1.65;1.65;2026-09-28T00:10:15.184Z
28.09.2026;16:00;Serbia;Prva Liga;RFK Graficar Beograd;FK Teleoptik;id1000072172120900;betano;Asian Handicap;-0.5;1;1.83;1.83;2026-09-28T00:10:15.184Z
28.09.2026;16:00;Serbia;Prva Liga;RFK Graficar Beograd;FK Teleoptik;id1000072172120900;betano;Asian Handicap;-0.5;2;1.78;1.78;2026-09-28T00:10:15.184Z
28.09.2026;19:00;Serbia;Prva Liga;FK Bor 1919;FK Metalac Gornji Milanovac;id1000072172120894;bet365;Full Time Result;0.0;1;2.2;2.2;2026-09-27T22:27:13.267Z
28.09.2026;19:00;Serbia;Prva Liga;FK Bor 1919;FK Metalac Gornji Milanovac;id1000072172120894;bet365;Full Time Result;0.0;X;3.3;3.3;2026-09-27T22:27:13.267Z
28.09.2026;19:00;Serbia;Prva Liga;FK Bor 1919;FK Metalac Gornji Milanovac;id1000072172120894;bet365;Full Time Result;0.0;2;2.75;2.75;2026-09-27T22:27:13.267Z
28.09.2026;19:00;Serbia;Prva Liga;FK Bor 1919;FK Metalac Gornji Milanovac;id1000072172120894;bet365;Over Under Full Time;2.5;Over;1.97;1.97;2026-09-28T01:24:45.875Z
28.09.2026;19:00;Serbia;Prva Liga;FK Bor 1919;FK Metalac Gornji Milanovac;id1000072172120894;bet365;Over Under Full Time;2.5;Under;1.77;1.77;2026-09-28T01:24:45.875Z
28.09.2026;19:00;Serbia;Prva Liga;FK Bor 1919;FK Metalac Gornji Milanovac;id1000072172120894;bet365;Double Chance Full Time;0.0;1X;1.33;1.33;2026-09-27T22:27:13.267Z
28.09.2026;19:00;Serbia;Prva Liga;FK Bor 1919;FK Metalac Gornji Milanovac;id1000072172120894;bet365;Double Chance Full Time;0.0;12;1.22;1.22;2026-09-27T22:27:13.267Z
28.09.2026;19:00;Serbia;Prva Liga;FK Bor 1919;FK Metalac Gornji Milanovac;id1000072172120894;bet365;Double Chance Full Time;0.0;2X;1.52;1.52;2026-09-27T22:27:13.267Z
28.09.2026;19:00;Serbia;Prva Liga;FK Bor 1919;FK Metalac Gornji Milanovac;id1000072172120894;bet365;First Half Result;0.0;1;2.87;2.87;2026-09-27T22:27:13.267Z
28.09.2026;19:00;Serbia;Prva Liga;FK Bor 1919;FK Metalac Gornji Milanovac;id1000072172120894;bet365;First Half Result;0.0;X;2.1;2.1;2026-09-27T22:27:13.267Z
28.09.2026;19:00;Serbia;Prva Liga;FK Bor 1919;FK Metalac Gornji Milanovac;id1000072172120894;bet365;First Half Result;0.0;2;3.4;3.4;2026-09-27T22:27:13.267Z
28.09.2026;19:00;Serbia;Prva Liga;FK Bor 1919;FK Metalac Gornji Milanovac;id1000072172120894;sisal.it;Full Time Result;0.0;1;2.25;2.3;2026-09-27T19:59:40.072Z
28.09.2026;19:00;Serbia;Prva Liga;FK Bor 1919;FK Metalac Gornji Milanovac;id1000072172120894;sisal.it;Full Time Result;0.0;X;3.2;3.25;2026-09-27T16:05:26.489Z
28.09.2026;19:00;Serbia;Prva Liga;FK Bor 1919;FK Metalac Gornji Milanovac;id1000072172120894;sisal.it;Full Time Result;0.0;2;2.8;2.8;2026-09-27T19:59:40.072Z
28.09.2026;19:00;Serbia;Prva Liga;FK Bor 1919;FK Metalac Gornji Milanovac;id1000072172120894;sisal.it;Over Under Full Time;2.5;Over;2.1;2.0;2026-09-27T19:59:40.072Z
28.09.2026;19:00;Serbia;Prva Liga;FK Bor 1919;FK Metalac Gornji Milanovac;id1000072172120894;sisal.it;Over Under Full Time;2.5;Under;1.6;1.7;2026-09-27T19:59:40.072Z
28.09.2026;19:00;Serbia;Prva Liga;FK Bor 1919;FK Metalac Gornji Milanovac;id1000072172120894;sisal.it;Over Under Full Time;3.5;Over;3.6;3.5;2026-09-27T19:59:40.072Z
28.09.2026;19:00;Serbia;Prva Liga;FK Bor 1919;FK Metalac Gornji Milanovac;id1000072172120894;sisal.it;Over Under Full Time;3.5;Under;1.2;1.22;2026-09-27T19:59:40.072Z
28.09.2026;19:00;Serbia;Prva Liga;FK Bor 1919;FK Metalac Gornji Milanovac;id1000072172120894;sisal.it;Over Under Full Time;4.5;Over;6.5;6.5;2026-09-27T12:36:16.270Z
28.09.2026;19:00;Serbia;Prva Liga;FK Bor 1919;FK Metalac Gornji Milanovac;id1000072172120894;sisal.it;Over Under Full Time;4.5;Under;1.05;1.05;2026-09-27T12:36:16.270Z
28.09.2026;19:00;Serbia;Prva Liga;FK Bor 1919;FK Metalac Gornji Milanovac;id1000072172120894;sisal.it;European Handicap;-1.0;1;4.25;4.5;2026-09-27T13:04:56.835Z
28.09.2026;19:00;Serbia;Prva Liga;FK Bor 1919;FK Metalac Gornji Milanovac;id1000072172120894;sisal.it;European Handicap;-1.0;X;3.75;3.75;2026-09-27T12:36:16.270Z
28.09.2026;19:00;Serbia;Prva Liga;FK Bor 1919;FK Metalac Gornji Milanovac;id1000072172120894;sisal.it;European Handicap;-1.0;2;1.55;1.52;2026-09-27T19:59:40.072Z
28.09.2026;19:00;Serbia;Prva Liga;FK Bor 1919;FK Metalac Gornji Milanovac;id1000072172120894;sisal.it;Double Chance Full Time;0.0;1X;1.36;1.36;2026-09-27T19:59:40.072Z
28.09.2026;19:00;Serbia;Prva Liga;FK Bor 1919;FK Metalac Gornji Milanovac;id1000072172120894;sisal.it;Double Chance Full Time;0.0;12;1.25;1.28;2026-09-27T13:04:56.835Z
28.09.2026;19:00;Serbia;Prva Liga;FK Bor 1919;FK Metalac Gornji Milanovac;id1000072172120894;sisal.it;Double Chance Full Time;0.0;2X;1.55;1.5;2026-09-27T19:59:40.072Z
28.09.2026;19:00;Serbia;Prva Liga;FK Bor 1919;FK Metalac Gornji Milanovac;id1000072172120894;sisal.it;Double Chance First Half;0.0;1X;1.18;1.18;2026-09-27T12:36:16.270Z
28.09.2026;19:00;Serbia;Prva Liga;FK Bor 1919;FK Metalac Gornji Milanovac;id1000072172120894;sisal.it;Double Chance First Half;0.0;12;1.56;1.56;2026-09-27T12:36:16.270Z
28.09.2026;19:00;Serbia;Prva Liga;FK Bor 1919;FK Metalac Gornji Milanovac;id1000072172120894;sisal.it;Double Chance First Half;0.0;2X;1.27;1.27;2026-09-27T12:36:16.270Z
28.09.2026;19:00;Serbia;Prva Liga;FK Bor 1919;FK Metalac Gornji Milanovac;id1000072172120894;sisal.it;First Half Result;0.0;1;2.9;2.9;2026-09-27T12:36:16.270Z
28.09.2026;19:00;Serbia;Prva Liga;FK Bor 1919;FK Metalac Gornji Milanovac;id1000072172120894;sisal.it;First Half Result;0.0;X;2.05;2.05;2026-09-27T12:36:16.270Z
28.09.2026;19:00;Serbia;Prva Liga;FK Bor 1919;FK Metalac Gornji Milanovac;id1000072172120894;sisal.it;First Half Result;0.0;2;3.5;3.5;2026-09-27T12:36:16.270Z
28.09.2026;19:00;Serbia;Prva Liga;FK Bor 1919;FK Metalac Gornji Milanovac;id1000072172120894;sisal.it;Over Under First Half;0.5;Over;1.4;1.36;2026-09-27T19:59:40.072Z
28.09.2026;19:00;Serbia;Prva Liga;FK Bor 1919;FK Metalac Gornji Milanovac;id1000072172120894;sisal.it;Over Under First Half;0.5;Under;2.5;2.6;2026-09-27T19:59:40.072Z
28.09.2026;19:00;Serbia;Prva Liga;FK Bor 1919;FK Metalac Gornji Milanovac;id1000072172120894;sisal.it;Over Under First Half;1.5;Over;2.75;2.75;2026-09-27T19:59:40.072Z
28.09.2026;19:00;Serbia;Prva Liga;FK Bor 1919;FK Metalac Gornji Milanovac;id1000072172120894;sisal.it;Over Under First Half;1.5;Under;1.3;1.3;2026-09-27T19:59:40.072Z
28.09.2026;19:00;Serbia;Prva Liga;FK Bor 1919;FK Metalac Gornji Milanovac;id1000072172120894;sisal.it;Over Under First Half;2.5;Over;6.5;6.0;2026-09-27T19:59:40.072Z
28.09.2026;19:00;Serbia;Prva Liga;FK Bor 1919;FK Metalac Gornji Milanovac;id1000072172120894;sisal.it;Over Under First Half;2.5;Under;1.03;1.04;2026-09-27T13:04:56.835Z
28.09.2026;19:00;Serbia;Prva Liga;FK Bor 1919;FK Metalac Gornji Milanovac;id1000072172120894;sisal.it;Over Under First Half;3.5;Over;12.0;12.0;2026-09-27T12:36:16.270Z
28.09.2026;19:00;Serbia;Prva Liga;FK Bor 1919;FK Metalac Gornji Milanovac;id1000072172120894;sisal.it;Over Under First Half;4.5;Over;25.0;25.0;2026-09-27T12:36:16.270Z
28.09.2026;19:00;Serbia;Prva Liga;FK Bor 1919;FK Metalac Gornji Milanovac;id1000072172120894;sisal.it;Both Teams To Score;0.0;Yes;1.85;1.75;2026-09-27T19:59:40.072Z
28.09.2026;19:00;Serbia;Prva Liga;FK Bor 1919;FK Metalac Gornji Milanovac;id1000072172120894;sisal.it;Both Teams To Score;0.0;No;1.8;1.9;2026-09-27T19:59:40.072Z
28.09.2026;19:00;Serbia;Prva Liga;FK Bor 1919;FK Metalac Gornji Milanovac;id1000072172120894;sisal.it;Over Under Full Time;0.5;Over;1.04;1.03;2026-09-27T19:59:40.072Z
28.09.2026;19:00;Serbia;Prva Liga;FK Bor 1919;FK Metalac Gornji Milanovac;id1000072172120894;sisal.it;Over Under Full Time;0.5;Under;7.0;7.5;2026-09-27T19:59:40.072Z
28.09.2026;19:00;Serbia;Prva Liga;FK Bor 1919;FK Metalac Gornji Milanovac;id1000072172120894;sisal.it;Over Under Full Time;1.5;Over;1.33;1.3;2026-09-27T19:59:40.072Z
28.09.2026;19:00;Serbia;Prva Liga;FK Bor 1919;FK Metalac Gornji Milanovac;id1000072172120894;sisal.it;Over Under Full Time;1.5;Under;2.8;3.0;2026-09-27T19:59:40.072Z
28.09.2026;19:00;Serbia;Prva Liga;FK Bor 1919;FK Metalac Gornji Milanovac;id1000072172120894;tipico;Full Time Result;0.0;1;2.15;2.2;2026-09-27T23:53:10.958Z
28.09.2026;19:00;Serbia;Prva Liga;FK Bor 1919;FK Metalac Gornji Milanovac;id1000072172120894;tipico;Full Time Result;0.0;X;3.2;3.2;2026-09-27T18:09:32.097Z
28.09.2026;19:00;Serbia;Prva Liga;FK Bor 1919;FK Metalac Gornji Milanovac;id1000072172120894;tipico;Full Time Result;0.0;2;2.8;2.7;2026-09-27T23:53:10.958Z
28.09.2026;19:00;Serbia;Prva Liga;FK Bor 1919;FK Metalac Gornji Milanovac;id1000072172120894;tipico;Over Under Full Time;2.5;Over;2.0;2.0;2026-09-27T18:09:32.097Z
28.09.2026;19:00;Serbia;Prva Liga;FK Bor 1919;FK Metalac Gornji Milanovac;id1000072172120894;tipico;Over Under Full Time;2.5;Under;1.7;1.7;2026-09-27T18:09:32.097Z
28.09.2026;19:00;Serbia;Prva Liga;FK Bor 1919;FK Metalac Gornji Milanovac;id1000072172120894;tipico;Over Under Full Time;3.5;Over;3.5;3.5;2026-09-27T18:09:32.097Z
28.09.2026;19:00;Serbia;Prva Liga;FK Bor 1919;FK Metalac Gornji Milanovac;id1000072172120894;tipico;Over Under Full Time;3.5;Under;1.25;1.25;2026-09-27T18:09:32.097Z
28.09.2026;19:00;Serbia;Prva Liga;FK Bor 1919;FK Metalac Gornji Milanovac;id1000072172120894;tipico;European Handicap;1.0;1;1.35;1.35;2026-09-27T18:09:32.097Z
28.09.2026;19:00;Serbia;Prva Liga;FK Bor 1919;FK Metalac Gornji Milanovac;id1000072172120894;tipico;European Handicap;1.0;X;4.6;4.6;2026-09-27T18:09:32.097Z
28.09.2026;19:00;Serbia;Prva Liga;FK Bor 1919;FK Metalac Gornji Milanovac;id1000072172120894;tipico;European Handicap;1.0;2;5.5;5.5;2026-09-27T18:09:32.097Z
28.09.2026;19:00;Serbia;Prva Liga;FK Bor 1919;FK Metalac Gornji Milanovac;id1000072172120894;tipico;Over Under Full Time;4.5;Over;6.5;6.5;2026-09-27T18:09:32.097Z
28.09.2026;19:00;Serbia;Prva Liga;FK Bor 1919;FK Metalac Gornji Milanovac;id1000072172120894;tipico;Over Under Full Time;4.5;Under;1.08;1.07;2026-09-28T01:02:53.673Z
28.09.2026;19:00;Serbia;Prva Liga;FK Bor 1919;FK Metalac Gornji Milanovac;id1000072172120894;tipico;European Handicap;-1.0;1;4.8;4.8;2026-09-27T18:09:32.097Z
28.09.2026;19:00;Serbia;Prva Liga;FK Bor 1919;FK Metalac Gornji Milanovac;id1000072172120894;tipico;European Handicap;-1.0;X;4.0;4.0;2026-09-27T18:09:32.097Z
28.09.2026;19:00;Serbia;Prva Liga;FK Bor 1919;FK Metalac Gornji Milanovac;id1000072172120894;tipico;European Handicap;-1.0;2;1.47;1.47;2026-09-27T18:09:32.097Z
28.09.2026;19:00;Serbia;Prva Liga;FK Bor 1919;FK Metalac Gornji Milanovac;id1000072172120894;tipico;European Handicap;-2.0;1;10.0;10.0;2026-09-27T18:09:32.097Z
28.09.2026;19:00;Serbia;Prva Liga;FK Bor 1919;FK Metalac Gornji Milanovac;id1000072172120894;tipico;European Handicap;-2.0;X;6.2;6.2;2026-09-27T18:09:32.097Z
28.09.2026;19:00;Serbia;Prva Liga;FK Bor 1919;FK Metalac Gornji Milanovac;id1000072172120894;tipico;European Handicap;-2.0;2;1.15;1.15;2026-09-27T18:09:32.097Z
28.09.2026;19:00;Serbia;Prva Liga;FK Bor 1919;FK Metalac Gornji Milanovac;id1000072172120894;tipico;Double Chance Full Time;0.0;1X;1.33;1.33;2026-09-27T18:09:32.097Z
28.09.2026;19:00;Serbia;Prva Liga;FK Bor 1919;FK Metalac Gornji Milanovac;id1000072172120894;tipico;Double Chance Full Time;0.0;12;1.25;1.18;2026-09-27T22:05:46.328Z
28.09.2026;19:00;Serbia;Prva Liga;FK Bor 1919;FK Metalac Gornji Milanovac;id1000072172120894;tipico;Double Chance Full Time;0.0;2X;1.4;1.5;2026-09-27T22:05:46.328Z
28.09.2026;19:00;Serbia;Prva Liga;FK Bor 1919;FK Metalac Gornji Milanovac;id1000072172120894;tipico;First Half Result;0.0;1;2.6;2.6;2026-09-27T18:09:32.097Z
28.09.2026;19:00;Serbia;Prva Liga;FK Bor 1919;FK Metalac Gornji Milanovac;id1000072172120894;tipico;First Half Result;0.0;X;2.05;2.05;2026-09-27T18:09:32.097Z
28.09.2026;19:00;Serbia;Prva Liga;FK Bor 1919;FK Metalac Gornji Milanovac;id1000072172120894;tipico;First Half Result;0.0;2;3.5;3.5;2026-09-27T18:09:32.097Z
28.09.2026;19:00;Serbia;Prva Liga;FK Bor 1919;FK Metalac Gornji Milanovac;id1000072172120894;tipico;Second Half Result;0.0;1;2.7;2.7;2026-09-27T18:09:32.097Z
28.09.2026;19:00;Serbia;Prva Liga;FK Bor 1919;FK Metalac Gornji Milanovac;id1000072172120894;tipico;Second Half Result;0.0;X;2.4;2.4;2026-09-27T18:09:32.097Z
28.09.2026;19:00;Serbia;Prva Liga;FK Bor 1919;FK Metalac Gornji Milanovac;id1000072172120894;tipico;Second Half Result;0.0;2;3.3;3.3;2026-09-27T18:09:32.097Z
28.09.2026;19:00;Serbia;Prva Liga;FK Bor 1919;FK Metalac Gornji Milanovac;id1000072172120894;tipico;Over Under Team 1;1.5;Over;2.3;2.3;2026-09-27T18:09:32.097Z
28.09.2026;19:00;Serbia;Prva Liga;FK Bor 1919;FK Metalac Gornji Milanovac;id1000072172120894;tipico;Over Under Team 1;1.5;Under;1.52;1.52;2026-09-27T18:09:32.097Z
28.09.2026;19:00;Serbia;Prva Liga;FK Bor 1919;FK Metalac Gornji Milanovac;id1000072172120894;tipico;Over Under Team 2;0.5;Over;1.37;1.37;2026-09-27T18:09:32.097Z
28.09.2026;19:00;Serbia;Prva Liga;FK Bor 1919;FK Metalac Gornji Milanovac;id1000072172120894;tipico;Over Under Team 2;0.5;Under;2.75;2.75;2026-09-27T18:09:32.097Z
28.09.2026;19:00;Serbia;Prva Liga;FK Bor 1919;FK Metalac Gornji Milanovac;id1000072172120894;tipico;European Handicap First Half;-1.0;1;9.5;9.5;2026-09-27T18:09:32.097Z
28.09.2026;19:00;Serbia;Prva Liga;FK Bor 1919;FK Metalac Gornji Milanovac;id1000072172120894;tipico;European Handicap First Half;-1.0;X;3.5;3.5;2026-09-27T18:09:32.097Z
28.09.2026;19:00;Serbia;Prva Liga;FK Bor 1919;FK Metalac Gornji Milanovac;id1000072172120894;tipico;European Handicap First Half;-1.0;2;1.32;1.32;2026-09-27T18:09:32.097Z
28.09.2026;19:00;Serbia;Prva Liga;FK Bor 1919;FK Metalac Gornji Milanovac;id1000072172120894;tipico;Over Under First Half;0.5;Over;1.45;1.45;2026-09-27T18:09:32.097Z
28.09.2026;19:00;Serbia;Prva Liga;FK Bor 1919;FK Metalac Gornji Milanovac;id1000072172120894;tipico;Over Under First Half;0.5;Under;2.5;2.5;2026-09-27T18:09:32.097Z
28.09.2026;19:00;Serbia;Prva Liga;FK Bor 1919;FK Metalac Gornji Milanovac;id1000072172120894;tipico;Over Under First Half;1.5;Over;2.85;2.85;2026-09-27T18:09:32.097Z
28.09.2026;19:00;Serbia;Prva Liga;FK Bor 1919;FK Metalac Gornji Milanovac;id1000072172120894;tipico;Over Under First Half;1.5;Under;1.35;1.35;2026-09-27T18:09:32.097Z
28.09.2026;19:00;Serbia;Prva Liga;FK Bor 1919;FK Metalac Gornji Milanovac;id1000072172120894;tipico;Both Teams To Score First Half;0.0;Yes;4.5;4.5;2026-09-27T18:09:32.097Z
28.09.2026;19:00;Serbia;Prva Liga;FK Bor 1919;FK Metalac Gornji Milanovac;id1000072172120894;tipico;Both Teams To Score First Half;0.0;No;1.15;1.15;2026-09-27T18:09:32.097Z
28.09.2026;19:00;Serbia;Prva Liga;FK Bor 1919;FK Metalac Gornji Milanovac;id1000072172120894;tipico;Both Teams To Score;0.0;Yes;1.83;1.8;2026-09-27T20:26:28.739Z
28.09.2026;19:00;Serbia;Prva Liga;FK Bor 1919;FK Metalac Gornji Milanovac;id1000072172120894;tipico;Both Teams To Score;0.0;No;1.83;1.85;2026-09-27T20:26:28.739Z
28.09.2026;19:00;Serbia;Prva Liga;FK Bor 1919;FK Metalac Gornji Milanovac;id1000072172120894;tipico;Over Under Full Time;1.5;Over;1.32;1.32;2026-09-27T18:09:32.097Z
28.09.2026;19:00;Serbia;Prva Liga;FK Bor 1919;FK Metalac Gornji Milanovac;id1000072172120894;tipico;Over Under Full Time;1.5;Under;3.1;3.1;2026-09-27T18:09:32.097Z
28.09.2026;19:00;Serbia;Prva Liga;FK Bor 1919;FK Metalac Gornji Milanovac;id1000072172120894;unibet;Full Time Result;0.0;1;2.17;2.17;2026-09-26T14:23:39.490Z
28.09.2026;19:00;Serbia;Prva Liga;FK Bor 1919;FK Metalac Gornji Milanovac;id1000072172120894;unibet;Full Time Result;0.0;X;3.0;3.0;2026-09-26T14:23:39.490Z
28.09.2026;19:00;Serbia;Prva Liga;FK Bor 1919;FK Metalac Gornji Milanovac;id1000072172120894;unibet;Full Time Result;0.0;2;3.05;3.05;2026-09-26T14:23:39.490Z
28.09.2026;19:00;Serbia;Prva Liga;FK Bor 1919;FK Metalac Gornji Milanovac;id1000072172120894;unibet;Over Under Full Time;2.5;Over;2.1;2.1;2026-09-26T14:23:39.490Z
28.09.2026;19:00;Serbia;Prva Liga;FK Bor 1919;FK Metalac Gornji Milanovac;id1000072172120894;unibet;Over Under Full Time;2.5;Under;1.58;1.58;2026-09-26T14:23:39.490Z
28.09.2026;19:00;Serbia;Prva Liga;FK Bor 1919;FK Metalac Gornji Milanovac;id1000072172120894;unibet;Over Under Full Time;3.5;Over;3.75;3.75;2026-09-26T14:23:39.490Z
28.09.2026;19:00;Serbia;Prva Liga;FK Bor 1919;FK Metalac Gornji Milanovac;id1000072172120894;unibet;Over Under Full Time;3.5;Under;1.2;1.2;2026-09-26T14:23:39.490Z
28.09.2026;19:00;Serbia;Prva Liga;FK Bor 1919;FK Metalac Gornji Milanovac;id1000072172120894;unibet;European Handicap;-1.0;1;3.65;3.65;2026-09-26T14:23:39.490Z
28.09.2026;19:00;Serbia;Prva Liga;FK Bor 1919;FK Metalac Gornji Milanovac;id1000072172120894;unibet;European Handicap;-1.0;X;3.15;3.15;2026-09-26T14:23:39.490Z
28.09.2026;19:00;Serbia;Prva Liga;FK Bor 1919;FK Metalac Gornji Milanovac;id1000072172120894;unibet;European Handicap;-1.0;2;1.5;1.5;2026-09-26T14:23:39.490Z
28.09.2026;19:00;Serbia;Prva Liga;FK Bor 1919;FK Metalac Gornji Milanovac;id1000072172120894;unibet;Double Chance Full Time;0.0;1X;1.25;1.25;2026-09-26T14:23:39.490Z
28.09.2026;19:00;Serbia;Prva Liga;FK Bor 1919;FK Metalac Gornji Milanovac;id1000072172120894;unibet;Double Chance Full Time;0.0;12;1.26;1.26;2026-09-26T14:23:39.490Z
28.09.2026;19:00;Serbia;Prva Liga;FK Bor 1919;FK Metalac Gornji Milanovac;id1000072172120894;unibet;Double Chance Full Time;0.0;2X;1.5;1.5;2026-09-26T14:23:39.490Z
28.09.2026;19:00;Serbia;Prva Liga;FK Bor 1919;FK Metalac Gornji Milanovac;id1000072172120894;unibet;First Half Result;0.0;1;2.8;2.8;2026-09-26T14:23:39.490Z
28.09.2026;19:00;Serbia;Prva Liga;FK Bor 1919;FK Metalac Gornji Milanovac;id1000072172120894;unibet;First Half Result;0.0;X;2.05;2.05;2026-09-26T14:23:39.490Z
28.09.2026;19:00;Serbia;Prva Liga;FK Bor 1919;FK Metalac Gornji Milanovac;id1000072172120894;unibet;First Half Result;0.0;2;3.7;3.7;2026-09-26T14:23:39.490Z
28.09.2026;19:00;Serbia;Prva Liga;FK Bor 1919;FK Metalac Gornji Milanovac;id1000072172120894;unibet;Over Under Team 1;1.5;Over;2.28;2.28;2026-09-26T14:23:39.490Z
28.09.2026;19:00;Serbia;Prva Liga;FK Bor 1919;FK Metalac Gornji Milanovac;id1000072172120894;unibet;Over Under Team 1;1.5;Under;1.48;1.48;2026-09-26T14:23:39.490Z
28.09.2026;19:00;Serbia;Prva Liga;FK Bor 1919;FK Metalac Gornji Milanovac;id1000072172120894;unibet;Over Under Team 2;0.5;Over;1.41;1.41;2026-09-26T14:23:39.490Z
28.09.2026;19:00;Serbia;Prva Liga;FK Bor 1919;FK Metalac Gornji Milanovac;id1000072172120894;unibet;Over Under Team 2;0.5;Under;2.48;2.48;2026-09-26T14:23:39.490Z
28.09.2026;19:00;Serbia;Prva Liga;FK Bor 1919;FK Metalac Gornji Milanovac;id1000072172120894;unibet;Over Under First Half;0.5;Over;1.41;1.41;2026-09-26T14:23:39.490Z
28.09.2026;19:00;Serbia;Prva Liga;FK Bor 1919;FK Metalac Gornji Milanovac;id1000072172120894;unibet;Over Under First Half;0.5;Under;2.48;2.48;2026-09-26T14:23:39.490Z
28.09.2026;19:00;Serbia;Prva Liga;FK Bor 1919;FK Metalac Gornji Milanovac;id1000072172120894;unibet;Both Teams To Score;0.0;Yes;1.86;1.86;2026-09-26T14:23:39.490Z
28.09.2026;19:00;Serbia;Prva Liga;FK Bor 1919;FK Metalac Gornji Milanovac;id1000072172120894;unibet;Both Teams To Score;0.0;No;1.8;1.8;2026-09-26T14:23:39.490Z
28.09.2026;19:00;Serbia;Prva Liga;FK Bor 1919;FK Metalac Gornji Milanovac;id1000072172120894;unibet;Over Under Full Time;1.5;Over;1.35;1.35;2026-09-26T14:23:39.490Z
28.09.2026;19:00;Serbia;Prva Liga;FK Bor 1919;FK Metalac Gornji Milanovac;id1000072172120894;unibet;Over Under Full Time;1.5;Under;2.75;2.75;2026-09-26T14:23:39.490Z
28.09.2026;19:00;Serbia;Prva Liga;FK Bor 1919;FK Metalac Gornji Milanovac;id1000072172120894;stoiximan;Full Time Result;0.0;1;2.25;2.25;2026-09-28T01:56:58.564Z
28.09.2026;19:00;Serbia;Prva Liga;FK Bor 1919;FK Metalac Gornji Milanovac;id1000072172120894;stoiximan;Full Time Result;0.0;X;3.3;3.3;2026-09-28T01:56:58.564Z
28.09.2026;19:00;Serbia;Prva Liga;FK Bor 1919;FK Metalac Gornji Milanovac;id1000072172120894;stoiximan;Full Time Result;0.0;2;2.77;2.77;2026-09-28T01:56:58.564Z
28.09.2026;19:00;Serbia;Prva Liga;FK Bor 1919;FK Metalac Gornji Milanovac;id1000072172120894;stoiximan;Over Under Full Time;2.5;Over;1.98;1.98;2026-09-28T01:56:58.564Z
28.09.2026;19:00;Serbia;Prva Liga;FK Bor 1919;FK Metalac Gornji Milanovac;id1000072172120894;stoiximan;Over Under Full Time;2.5;Under;1.67;1.67;2026-09-28T01:56:58.564Z
28.09.2026;19:00;Serbia;Prva Liga;FK Bor 1919;FK Metalac Gornji Milanovac;id1000072172120894;stoiximan;First Half Result;0.0;1;2.9;2.9;2026-09-28T01:56:58.564Z
28.09.2026;19:00;Serbia;Prva Liga;FK Bor 1919;FK Metalac Gornji Milanovac;id1000072172120894;stoiximan;First Half Result;0.0;X;2.05;2.05;2026-09-28T01:56:58.564Z
28.09.2026;19:00;Serbia;Prva Liga;FK Bor 1919;FK Metalac Gornji Milanovac;id1000072172120894;stoiximan;First Half Result;0.0;2;3.4;3.4;2026-09-28T01:56:58.564Z
28.09.2026;19:00;Serbia;Prva Liga;FK Bor 1919;FK Metalac Gornji Milanovac;id1000072172120894;stoiximan;Second Half Result;0.0;1;2.6;2.6;2026-09-28T01:56:58.564Z
28.09.2026;19:00;Serbia;Prva Liga;FK Bor 1919;FK Metalac Gornji Milanovac;id1000072172120894;stoiximan;Second Half Result;0.0;X;2.37;2.37;2026-09-28T01:56:58.564Z
28.09.2026;19:00;Serbia;Prva Liga;FK Bor 1919;FK Metalac Gornji Milanovac;id1000072172120894;stoiximan;Second Half Result;0.0;2;3.1;3.1;2026-09-28T01:56:58.564Z
28.09.2026;19:00;Serbia;Prva Liga;FK Bor 1919;FK Metalac Gornji Milanovac;id1000072172120894;stoiximan;Over Under First Half;0.5;Over;1.4;1.4;2026-09-28T01:56:58.564Z
28.09.2026;19:00;Serbia;Prva Liga;FK Bor 1919;FK Metalac Gornji Milanovac;id1000072172120894;stoiximan;Over Under First Half;0.5;Under;2.4;2.4;2026-09-28T01:56:58.564Z
28.09.2026;19:00;Serbia;Prva Liga;FK Bor 1919;FK Metalac Gornji Milanovac;id1000072172120894;stoiximan;Asian Handicap First Half;0.0;1;1.65;1.65;2026-09-28T01:56:58.564Z
28.09.2026;19:00;Serbia;Prva Liga;FK Bor 1919;FK Metalac Gornji Milanovac;id1000072172120894;stoiximan;Asian Handicap First Half;0.0;2;1.91;1.91;2026-09-28T01:56:58.564Z
28.09.2026;19:00;Serbia;Prva Liga;FK Bor 1919;FK Metalac Gornji Milanovac;id1000072172120894;stoiximan;Asian Handicap;-0.25;1;1.9;1.9;2026-09-28T01:56:58.564Z
28.09.2026;19:00;Serbia;Prva Liga;FK Bor 1919;FK Metalac Gornji Milanovac;id1000072172120894;stoiximan;Asian Handicap;-0.25;2;1.72;1.72;2026-09-28T01:56:58.564Z
28.09.2026;19:00;Serbia;Prva Liga;FK Bor 1919;FK Metalac Gornji Milanovac;id1000072172120894;superbet;Full Time Result;0.0;1;2.35;2.3;2026-09-28T01:53:06.295Z
28.09.2026;19:00;Serbia;Prva Liga;FK Bor 1919;FK Metalac Gornji Milanovac;id1000072172120894;superbet;Full Time Result;0.0;X;3.0;3.0;2026-09-28T01:53:06.295Z
28.09.2026;19:00;Serbia;Prva Liga;FK Bor 1919;FK Metalac Gornji Milanovac;id1000072172120894;superbet;Full Time Result;0.0;2;2.82;2.92;2026-09-28T01:53:06.295Z
28.09.2026;19:00;Serbia;Prva Liga;FK Bor 1919;FK Metalac Gornji Milanovac;id1000072172120894;superbet;Over Under Full Time;2.5;Over;2.05;2.05;2026-09-28T01:53:06.295Z
28.09.2026;19:00;Serbia;Prva Liga;FK Bor 1919;FK Metalac Gornji Milanovac;id1000072172120894;superbet;Over Under Full Time;2.5;Under;1.69;1.69;2026-09-28T01:53:06.295Z
28.09.2026;19:00;Serbia;Prva Liga;FK Bor 1919;FK Metalac Gornji Milanovac;id1000072172120894;superbet;Over Under Full Time;3.5;Over;3.55;3.55;2026-09-28T01:53:06.295Z
28.09.2026;19:00;Serbia;Prva Liga;FK Bor 1919;FK Metalac Gornji Milanovac;id1000072172120894;superbet;Over Under Full Time;3.5;Under;1.25;1.25;2026-09-28T01:53:06.295Z
28.09.2026;19:00;Serbia;Prva Liga;FK Bor 1919;FK Metalac Gornji Milanovac;id1000072172120894;superbet;Over Under Full Time;4.5;Over;6.8;6.8;2026-09-28T01:53:06.295Z
28.09.2026;19:00;Serbia;Prva Liga;FK Bor 1919;FK Metalac Gornji Milanovac;id1000072172120894;superbet;Over Under Full Time;4.5;Under;1.07;1.07;2026-09-28T01:53:06.295Z
28.09.2026;19:00;Serbia;Prva Liga;FK Bor 1919;FK Metalac Gornji Milanovac;id1000072172120894;superbet;Double Chance Full Time;0.0;1X;1.32;1.3;2026-09-28T01:53:06.295Z
28.09.2026;19:00;Serbia;Prva Liga;FK Bor 1919;FK Metalac Gornji Milanovac;id1000072172120894;superbet;Double Chance Full Time;0.0;12;1.28;1.28;2026-09-28T01:53:06.295Z
28.09.2026;19:00;Serbia;Prva Liga;FK Bor 1919;FK Metalac Gornji Milanovac;id1000072172120894;superbet;Double Chance Full Time;0.0;2X;1.46;1.48;2026-09-28T01:53:06.295Z
28.09.2026;19:00;Serbia;Prva Liga;FK Bor 1919;FK Metalac Gornji Milanovac;id1000072172120894;superbet;Double Chance First Half;0.0;1X;1.22;1.22;2026-09-28T01:53:06.295Z
28.09.2026;19:00;Serbia;Prva Liga;FK Bor 1919;FK Metalac Gornji Milanovac;id1000072172120894;superbet;Double Chance First Half;0.0;12;1.6;1.6;2026-09-28T01:53:06.295Z
28.09.2026;19:00;Serbia;Prva Liga;FK Bor 1919;FK Metalac Gornji Milanovac;id1000072172120894;superbet;Double Chance First Half;0.0;2X;1.29;1.29;2026-09-28T01:53:06.295Z
28.09.2026;19:00;Serbia;Prva Liga;FK Bor 1919;FK Metalac Gornji Milanovac;id1000072172120894;superbet;Double Chance Second Half;0.0;1X;1.25;1.25;2026-09-28T01:53:06.295Z
28.09.2026;19:00;Serbia;Prva Liga;FK Bor 1919;FK Metalac Gornji Milanovac;id1000072172120894;superbet;Double Chance Second Half;0.0;12;1.46;1.46;2026-09-28T01:53:06.295Z
28.09.2026;19:00;Serbia;Prva Liga;FK Bor 1919;FK Metalac Gornji Milanovac;id1000072172120894;superbet;Double Chance Second Half;0.0;2X;1.35;1.35;2026-09-28T01:53:06.295Z
28.09.2026;19:00;Serbia;Prva Liga;FK Bor 1919;FK Metalac Gornji Milanovac;id1000072172120894;superbet;First Half Result;0.0;1;3.0;3.0;2026-09-28T01:53:06.295Z
28.09.2026;19:00;Serbia;Prva Liga;FK Bor 1919;FK Metalac Gornji Milanovac;id1000072172120894;superbet;First Half Result;0.0;X;2.05;2.05;2026-09-28T01:53:06.295Z
28.09.2026;19:00;Serbia;Prva Liga;FK Bor 1919;FK Metalac Gornji Milanovac;id1000072172120894;superbet;First Half Result;0.0;2;3.45;3.45;2026-09-28T01:53:06.295Z
28.09.2026;19:00;Serbia;Prva Liga;FK Bor 1919;FK Metalac Gornji Milanovac;id1000072172120894;superbet;Second Half Result;0.0;1;2.7;2.7;2026-09-28T01:53:06.295Z
28.09.2026;19:00;Serbia;Prva Liga;FK Bor 1919;FK Metalac Gornji Milanovac;id1000072172120894;superbet;Second Half Result;0.0;X;2.35;2.35;2026-09-28T01:53:06.295Z
28.09.2026;19:00;Serbia;Prva Liga;FK Bor 1919;FK Metalac Gornji Milanovac;id1000072172120894;superbet;Second Half Result;0.0;2;3.2;3.2;2026-09-28T01:53:06.295Z
28.09.2026;19:00;Serbia;Prva Liga;FK Bor 1919;FK Metalac Gornji Milanovac;id1000072172120894;superbet;Over Under Team 1 First Half;0.5;Over;2.12;2.12;2026-09-28T01:53:06.295Z
28.09.2026;19:00;Serbia;Prva Liga;FK Bor 1919;FK Metalac Gornji Milanovac;id1000072172120894;superbet;Over Under Team 1 First Half;0.5;Under;1.64;1.64;2026-09-28T01:53:06.295Z
28.09.2026;19:00;Serbia;Prva Liga;FK Bor 1919;FK Metalac Gornji Milanovac;id1000072172120894;superbet;Over Under Team 2 First Half;0.5;Over;2.3;2.3;2026-09-28T01:53:06.295Z
28.09.2026;19:00;Serbia;Prva Liga;FK Bor 1919;FK Metalac Gornji Milanovac;id1000072172120894;superbet;Over Under Team 2 First Half;0.5;Under;1.55;1.55;2026-09-28T01:53:06.295Z
28.09.2026;19:00;Serbia;Prva Liga;FK Bor 1919;FK Metalac Gornji Milanovac;id1000072172120894;superbet;Over Under Team 1 Second Half;0.5;Over;1.77;1.77;2026-09-28T01:53:06.295Z
28.09.2026;19:00;Serbia;Prva Liga;FK Bor 1919;FK Metalac Gornji Milanovac;id1000072172120894;superbet;Over Under Team 1 Second Half;0.5;Under;1.95;1.95;2026-09-28T01:53:06.295Z
28.09.2026;19:00;Serbia;Prva Liga;FK Bor 1919;FK Metalac Gornji Milanovac;id1000072172120894;superbet;Over Under Team 1;0.5;Over;1.28;1.28;2026-09-28T01:53:06.295Z
28.09.2026;19:00;Serbia;Prva Liga;FK Bor 1919;FK Metalac Gornji Milanovac;id1000072172120894;superbet;Over Under Team 1;0.5;Under;3.35;3.35;2026-09-28T01:53:06.295Z
28.09.2026;19:00;Serbia;Prva Liga;FK Bor 1919;FK Metalac Gornji Milanovac;id1000072172120894;superbet;Over Under Team 2 Second Half;0.5;Over;1.95;1.95;2026-09-28T01:53:06.295Z
28.09.2026;19:00;Serbia;Prva Liga;FK Bor 1919;FK Metalac Gornji Milanovac;id1000072172120894;superbet;Over Under Team 2 Second Half;0.5;Under;1.77;1.77;2026-09-28T01:53:06.295Z
28.09.2026;19:00;Serbia;Prva Liga;FK Bor 1919;FK Metalac Gornji Milanovac;id1000072172120894;superbet;Over Under Team 1;1.5;Over;2.37;2.37;2026-09-28T01:53:06.295Z
28.09.2026;19:00;Serbia;Prva Liga;FK Bor 1919;FK Metalac Gornji Milanovac;id1000072172120894;superbet;Over Under Team 1;1.5;Under;1.52;1.52;2026-09-28T01:53:06.295Z
28.09.2026;19:00;Serbia;Prva Liga;FK Bor 1919;FK Metalac Gornji Milanovac;id1000072172120894;superbet;Over Under Team 1;2.5;Over;5.3;5.3;2026-09-28T01:53:06.295Z
28.09.2026;19:00;Serbia;Prva Liga;FK Bor 1919;FK Metalac Gornji Milanovac;id1000072172120894;superbet;Over Under Team 1;2.5;Under;1.12;1.12;2026-09-28T01:53:06.295Z
28.09.2026;19:00;Serbia;Prva Liga;FK Bor 1919;FK Metalac Gornji Milanovac;id1000072172120894;superbet;Over Under Team 2;0.5;Over;1.38;1.38;2026-09-28T01:53:06.295Z
28.09.2026;19:00;Serbia;Prva Liga;FK Bor 1919;FK Metalac Gornji Milanovac;id1000072172120894;superbet;Over Under Team 2;0.5;Under;2.82;2.82;2026-09-28T01:53:06.295Z
28.09.2026;19:00;Serbia;Prva Liga;FK Bor 1919;FK Metalac Gornji Milanovac;id1000072172120894;superbet;Over Under Team 2;1.5;Over;2.8;2.8;2026-09-28T01:53:06.295Z
28.09.2026;19:00;Serbia;Prva Liga;FK Bor 1919;FK Metalac Gornji Milanovac;id1000072172120894;superbet;Over Under Team 2;1.5;Under;1.38;1.38;2026-09-28T01:53:06.295Z
28.09.2026;19:00;Serbia;Prva Liga;FK Bor 1919;FK Metalac Gornji Milanovac;id1000072172120894;superbet;Over Under Team 2;2.5;Over;6.7;6.7;2026-09-28T01:53:06.295Z
28.09.2026;19:00;Serbia;Prva Liga;FK Bor 1919;FK Metalac Gornji Milanovac;id1000072172120894;superbet;Over Under Team 2;2.5;Under;1.07;1.07;2026-09-28T01:53:06.295Z
28.09.2026;19:00;Serbia;Prva Liga;FK Bor 1919;FK Metalac Gornji Milanovac;id1000072172120894;superbet;Over Under First Half;0.5;Over;1.44;1.44;2026-09-28T01:53:06.295Z
28.09.2026;19:00;Serbia;Prva Liga;FK Bor 1919;FK Metalac Gornji Milanovac;id1000072172120894;superbet;Over Under First Half;0.5;Under;2.6;2.6;2026-09-28T01:53:06.295Z
28.09.2026;19:00;Serbia;Prva Liga;FK Bor 1919;FK Metalac Gornji Milanovac;id1000072172120894;superbet;Over Under First Half;1.5;Over;3.05;3.05;2026-09-28T01:53:06.295Z
28.09.2026;19:00;Serbia;Prva Liga;FK Bor 1919;FK Metalac Gornji Milanovac;id1000072172120894;superbet;Over Under First Half;1.5;Under;1.33;1.33;2026-09-28T01:53:06.295Z
28.09.2026;19:00;Serbia;Prva Liga;FK Bor 1919;FK Metalac Gornji Milanovac;id1000072172120894;superbet;Over Under First Half;2.5;Over;7.5;7.5;2026-09-28T01:53:06.295Z
28.09.2026;19:00;Serbia;Prva Liga;FK Bor 1919;FK Metalac Gornji Milanovac;id1000072172120894;superbet;Over Under First Half;2.5;Under;1.06;1.06;2026-09-28T01:53:06.295Z
28.09.2026;19:00;Serbia;Prva Liga;FK Bor 1919;FK Metalac Gornji Milanovac;id1000072172120894;superbet;Over Under Second Half;0.5;Over;1.27;1.27;2026-09-28T01:53:06.295Z
28.09.2026;19:00;Serbia;Prva Liga;FK Bor 1919;FK Metalac Gornji Milanovac;id1000072172120894;superbet;Over Under Second Half;0.5;Under;3.4;3.4;2026-09-28T01:53:06.295Z
28.09.2026;19:00;Serbia;Prva Liga;FK Bor 1919;FK Metalac Gornji Milanovac;id1000072172120894;superbet;Over Under Second Half;1.5;Over;2.25;2.25;2026-09-28T01:53:06.295Z
28.09.2026;19:00;Serbia;Prva Liga;FK Bor 1919;FK Metalac Gornji Milanovac;id1000072172120894;superbet;Over Under Second Half;1.5;Under;1.57;1.57;2026-09-28T01:53:06.295Z
28.09.2026;19:00;Serbia;Prva Liga;FK Bor 1919;FK Metalac Gornji Milanovac;id1000072172120894;superbet;Over Under Second Half;2.5;Over;4.9;4.9;2026-09-28T01:53:06.295Z
28.09.2026;19:00;Serbia;Prva Liga;FK Bor 1919;FK Metalac Gornji Milanovac;id1000072172120894;superbet;Over Under Second Half;2.5;Under;1.14;1.14;2026-09-28T01:53:06.295Z
28.09.2026;19:00;Serbia;Prva Liga;FK Bor 1919;FK Metalac Gornji Milanovac;id1000072172120894;superbet;Both Teams To Score First Half;0.0;Yes;4.75;4.75;2026-09-28T01:53:06.295Z
28.09.2026;19:00;Serbia;Prva Liga;FK Bor 1919;FK Metalac Gornji Milanovac;id1000072172120894;superbet;Both Teams To Score First Half;0.0;No;1.15;1.15;2026-09-28T01:53:06.295Z
28.09.2026;19:00;Serbia;Prva Liga;FK Bor 1919;FK Metalac Gornji Milanovac;id1000072172120894;superbet;Both Teams To Score Second Half;0.0;Yes;3.4;3.4;2026-09-28T01:53:06.295Z
28.09.2026;19:00;Serbia;Prva Liga;FK Bor 1919;FK Metalac Gornji Milanovac;id1000072172120894;superbet;Both Teams To Score Second Half;0.0;No;1.27;1.27;2026-09-28T01:53:06.295Z
28.09.2026;19:00;Serbia;Prva Liga;FK Bor 1919;FK Metalac Gornji Milanovac;id1000072172120894;superbet;Both Teams To Score;0.0;Yes;1.8;1.8;2026-09-28T01:53:06.295Z
28.09.2026;19:00;Serbia;Prva Liga;FK Bor 1919;FK Metalac Gornji Milanovac;id1000072172120894;superbet;Both Teams To Score;0.0;No;1.9;1.9;2026-09-28T01:53:06.295Z
28.09.2026;19:00;Serbia;Prva Liga;FK Bor 1919;FK Metalac Gornji Milanovac;id1000072172120894;superbet;Over Under Full Time;0.5;Over;1.05;1.05;2026-09-28T01:53:06.295Z
28.09.2026;19:00;Serbia;Prva Liga;FK Bor 1919;FK Metalac Gornji Milanovac;id1000072172120894;superbet;Over Under Full Time;0.5;Under;7.7;7.7;2026-09-28T01:53:06.295Z
28.09.2026;19:00;Serbia;Prva Liga;FK Bor 1919;FK Metalac Gornji Milanovac;id1000072172120894;superbet;Asian Handicap;-1.5;1;4.25;4.25;2026-09-28T01:53:06.295Z
28.09.2026;19:00;Serbia;Prva Liga;FK Bor 1919;FK Metalac Gornji Milanovac;id1000072172120894;superbet;Asian Handicap;-1.5;2;1.14;1.14;2026-09-28T01:53:06.295Z
28.09.2026;19:00;Serbia;Prva Liga;FK Bor 1919;FK Metalac Gornji Milanovac;id1000072172120894;superbet;Asian Handicap;-0.5;1;2.2;2.2;2026-09-28T01:53:06.295Z
28.09.2026;19:00;Serbia;Prva Liga;FK Bor 1919;FK Metalac Gornji Milanovac;id1000072172120894;superbet;Asian Handicap;-0.5;2;1.52;1.52;2026-09-28T01:53:06.295Z
28.09.2026;19:00;Serbia;Prva Liga;FK Bor 1919;FK Metalac Gornji Milanovac;id1000072172120894;superbet;Asian Handicap;0.5;1;1.34;1.34;2026-09-28T01:53:06.295Z
28.09.2026;19:00;Serbia;Prva Liga;FK Bor 1919;FK Metalac Gornji Milanovac;id1000072172120894;superbet;Asian Handicap;0.5;2;2.77;2.77;2026-09-28T01:53:06.295Z
28.09.2026;19:00;Serbia;Prva Liga;FK Bor 1919;FK Metalac Gornji Milanovac;id1000072172120894;superbet;Over Under Full Time;1.5;Over;1.33;1.33;2026-09-28T01:53:06.295Z
28.09.2026;19:00;Serbia;Prva Liga;FK Bor 1919;FK Metalac Gornji Milanovac;id1000072172120894;superbet;Over Under Full Time;1.5;Under;3.05;3.05;2026-09-28T01:53:06.295Z
28.09.2026;19:00;Serbia;Prva Liga;FK Bor 1919;FK Metalac Gornji Milanovac;id1000072172120894;superbet;Asian Handicap;1.5;1;1.08;1.08;2026-09-28T01:53:06.295Z
28.09.2026;19:00;Serbia;Prva Liga;FK Bor 1919;FK Metalac Gornji Milanovac;id1000072172120894;superbet;Asian Handicap;1.5;2;5.5;5.5;2026-09-28T01:53:06.295Z
28.09.2026;19:00;Serbia;Prva Liga;FK Bor 1919;FK Metalac Gornji Milanovac;id1000072172120894;betano;Full Time Result;0.0;1;2.25;2.25;2026-09-28T00:08:55.256Z
28.09.2026;19:00;Serbia;Prva Liga;FK Bor 1919;FK Metalac Gornji Milanovac;id1000072172120894;betano;Full Time Result;0.0;X;3.3;3.3;2026-09-28T00:08:55.256Z
28.09.2026;19:00;Serbia;Prva Liga;FK Bor 1919;FK Metalac Gornji Milanovac;id1000072172120894;betano;Full Time Result;0.0;2;2.77;2.77;2026-09-28T00:08:55.256Z
28.09.2026;19:00;Serbia;Prva Liga;FK Bor 1919;FK Metalac Gornji Milanovac;id1000072172120894;betano;Over Under Full Time;2.5;Over;1.98;1.98;2026-09-28T00:08:55.256Z
28.09.2026;19:00;Serbia;Prva Liga;FK Bor 1919;FK Metalac Gornji Milanovac;id1000072172120894;betano;Over Under Full Time;2.5;Under;1.67;1.67;2026-09-28T00:08:55.256Z
28.09.2026;19:00;Serbia;Prva Liga;FK Bor 1919;FK Metalac Gornji Milanovac;id1000072172120894;betano;Double Chance Full Time;0.0;1X;1.36;1.36;2026-09-28T00:08:55.256Z
28.09.2026;19:00;Serbia;Prva Liga;FK Bor 1919;FK Metalac Gornji Milanovac;id1000072172120894;betano;Double Chance Full Time;0.0;12;1.28;1.28;2026-09-28T00:08:55.256Z
28.09.2026;19:00;Serbia;Prva Liga;FK Bor 1919;FK Metalac Gornji Milanovac;id1000072172120894;betano;Double Chance Full Time;0.0;2X;1.52;1.52;2026-09-28T00:08:55.256Z
28.09.2026;19:00;Serbia;Prva Liga;FK Bor 1919;FK Metalac Gornji Milanovac;id1000072172120894;betano;Double Chance First Half;0.0;1X;1.27;1.27;2026-09-28T00:08:55.256Z
28.09.2026;19:00;Serbia;Prva Liga;FK Bor 1919;FK Metalac Gornji Milanovac;id1000072172120894;betano;Double Chance First Half;0.0;12;1.62;1.62;2026-09-28T00:08:55.256Z
28.09.2026;19:00;Serbia;Prva Liga;FK Bor 1919;FK Metalac Gornji Milanovac;id1000072172120894;betano;Double Chance First Half;0.0;2X;1.34;1.34;2026-09-28T00:08:55.256Z
28.09.2026;19:00;Serbia;Prva Liga;FK Bor 1919;FK Metalac Gornji Milanovac;id1000072172120894;betano;First Half Result;0.0;1;2.9;2.9;2026-09-28T00:08:55.256Z
28.09.2026;19:00;Serbia;Prva Liga;FK Bor 1919;FK Metalac Gornji Milanovac;id1000072172120894;betano;First Half Result;0.0;X;2.05;2.05;2026-09-28T00:08:55.256Z
28.09.2026;19:00;Serbia;Prva Liga;FK Bor 1919;FK Metalac Gornji Milanovac;id1000072172120894;betano;First Half Result;0.0;2;3.4;3.4;2026-09-28T00:08:55.256Z
28.09.2026;19:00;Serbia;Prva Liga;FK Bor 1919;FK Metalac Gornji Milanovac;id1000072172120894;betano;Second Half Result;0.0;1;2.6;2.6;2026-09-28T00:08:55.256Z
28.09.2026;19:00;Serbia;Prva Liga;FK Bor 1919;FK Metalac Gornji Milanovac;id1000072172120894;betano;Second Half Result;0.0;X;2.37;2.37;2026-09-28T00:08:55.256Z
28.09.2026;19:00;Serbia;Prva Liga;FK Bor 1919;FK Metalac Gornji Milanovac;id1000072172120894;betano;Second Half Result;0.0;2;3.1;3.1;2026-09-28T00:08:55.256Z
28.09.2026;19:00;Serbia;Prva Liga;FK Bor 1919;FK Metalac Gornji Milanovac;id1000072172120894;betano;Over Under First Half;0.5;Over;1.4;1.4;2026-09-28T00:08:55.256Z
28.09.2026;19:00;Serbia;Prva Liga;FK Bor 1919;FK Metalac Gornji Milanovac;id1000072172120894;betano;Over Under First Half;0.5;Under;2.4;2.4;2026-09-28T00:08:55.256Z
28.09.2026;19:00;Serbia;Prva Liga;FK Bor 1919;FK Metalac Gornji Milanovac;id1000072172120894;betano;Asian Handicap First Half;0.0;1;1.65;1.65;2026-09-28T00:08:55.256Z
28.09.2026;19:00;Serbia;Prva Liga;FK Bor 1919;FK Metalac Gornji Milanovac;id1000072172120894;betano;Asian Handicap First Half;0.0;2;1.91;1.91;2026-09-28T00:08:55.256Z
28.09.2026;19:00;Serbia;Prva Liga;FK Bor 1919;FK Metalac Gornji Milanovac;id1000072172120894;betano;Asian Handicap;-0.25;1;1.9;1.9;2026-09-28T00:08:55.256Z
28.09.2026;19:00;Serbia;Prva Liga;FK Bor 1919;FK Metalac Gornji Milanovac;id1000072172120894;betano;Asian Handicap;-0.25;2;1.72;1.72;2026-09-28T00:08:55.256Z
28.09.2026;19:00;Serbia;Prva Liga;FK Proleter Zrenjanin 023;FK Jedinstvo UB;id1000072172120904;bet365;Full Time Result;0.0;1;1.8;1.8;2026-09-27T22:26:52.024Z
28.09.2026;19:00;Serbia;Prva Liga;FK Proleter Zrenjanin 023;FK Jedinstvo UB;id1000072172120904;bet365;Full Time Result;0.0;X;3.3;3.3;2026-09-27T22:26:52.024Z
28.09.2026;19:00;Serbia;Prva Liga;FK Proleter Zrenjanin 023;FK Jedinstvo UB;id1000072172120904;bet365;Full Time Result;0.0;2;3.7;3.7;2026-09-27T22:26:52.024Z
28.09.2026;19:00;Serbia;Prva Liga;FK Proleter Zrenjanin 023;FK Jedinstvo UB;id1000072172120904;bet365;Over Under Full Time;2.5;Over;2.04;2.04;2026-09-28T01:14:32.390Z
28.09.2026;19:00;Serbia;Prva Liga;FK Proleter Zrenjanin 023;FK Jedinstvo UB;id1000072172120904;bet365;Over Under Full Time;2.5;Under;1.69;1.69;2026-09-28T01:14:32.390Z
28.09.2026;19:00;Serbia;Prva Liga;FK Proleter Zrenjanin 023;FK Jedinstvo UB;id1000072172120904;bet365;Double Chance Full Time;0.0;1X;1.19;1.19;2026-09-27T22:26:52.024Z
28.09.2026;19:00;Serbia;Prva Liga;FK Proleter Zrenjanin 023;FK Jedinstvo UB;id1000072172120904;bet365;Double Chance Full Time;0.0;12;1.22;1.22;2026-09-27T22:26:52.024Z
28.09.2026;19:00;Serbia;Prva Liga;FK Proleter Zrenjanin 023;FK Jedinstvo UB;id1000072172120904;bet365;Double Chance Full Time;0.0;2X;1.77;1.77;2026-09-27T22:26:52.024Z
28.09.2026;19:00;Serbia;Prva Liga;FK Proleter Zrenjanin 023;FK Jedinstvo UB;id1000072172120904;bet365;First Half Result;0.0;1;2.5;2.5;2026-09-27T22:26:52.024Z
28.09.2026;19:00;Serbia;Prva Liga;FK Proleter Zrenjanin 023;FK Jedinstvo UB;id1000072172120904;bet365;First Half Result;0.0;X;2.1;2.1;2026-09-27T22:26:52.024Z
28.09.2026;19:00;Serbia;Prva Liga;FK Proleter Zrenjanin 023;FK Jedinstvo UB;id1000072172120904;bet365;First Half Result;0.0;2;4.33;4.33;2026-09-27T22:26:52.024Z
28.09.2026;19:00;Serbia;Prva Liga;FK Proleter Zrenjanin 023;FK Jedinstvo UB;id1000072172120904;sisal.it;Full Time Result;0.0;1;1.85;1.8;2026-09-27T23:09:16.109Z
28.09.2026;19:00;Serbia;Prva Liga;FK Proleter Zrenjanin 023;FK Jedinstvo UB;id1000072172120904;sisal.it;Full Time Result;0.0;X;3.25;3.25;2026-09-27T15:07:00.760Z
28.09.2026;19:00;Serbia;Prva Liga;FK Proleter Zrenjanin 023;FK Jedinstvo UB;id1000072172120904;sisal.it;Full Time Result;0.0;2;3.75;4.0;2026-09-27T23:09:16.109Z
28.09.2026;19:00;Serbia;Prva Liga;FK Proleter Zrenjanin 023;FK Jedinstvo UB;id1000072172120904;sisal.it;Over Under Full Time;2.5;Over;2.0;2.0;2026-09-27T15:07:00.760Z
28.09.2026;19:00;Serbia;Prva Liga;FK Proleter Zrenjanin 023;FK Jedinstvo UB;id1000072172120904;sisal.it;Over Under Full Time;2.5;Under;1.7;1.7;2026-09-27T15:07:00.760Z
28.09.2026;19:00;Serbia;Prva Liga;FK Proleter Zrenjanin 023;FK Jedinstvo UB;id1000072172120904;sisal.it;Over Under Full Time;3.5;Over;3.5;3.5;2026-09-27T15:07:00.760Z
28.09.2026;19:00;Serbia;Prva Liga;FK Proleter Zrenjanin 023;FK Jedinstvo UB;id1000072172120904;sisal.it;Over Under Full Time;3.5;Under;1.22;1.22;2026-09-27T15:07:00.760Z
28.09.2026;19:00;Serbia;Prva Liga;FK Proleter Zrenjanin 023;FK Jedinstvo UB;id1000072172120904;sisal.it;Over Under Full Time;4.5;Over;6.0;6.0;2026-09-27T15:07:00.760Z
28.09.2026;19:00;Serbia;Prva Liga;FK Proleter Zrenjanin 023;FK Jedinstvo UB;id1000072172120904;sisal.it;Over Under Full Time;4.5;Under;1.06;1.06;2026-09-27T15:07:00.760Z
28.09.2026;19:00;Serbia;Prva Liga;FK Proleter Zrenjanin 023;FK Jedinstvo UB;id1000072172120904;sisal.it;European Handicap;-1.0;1;3.5;3.25;2026-09-27T23:09:16.109Z
28.09.2026;19:00;Serbia;Prva Liga;FK Proleter Zrenjanin 023;FK Jedinstvo UB;id1000072172120904;sisal.it;European Handicap;-1.0;X;3.4;3.4;2026-09-27T15:07:00.760Z
28.09.2026;19:00;Serbia;Prva Liga;FK Proleter Zrenjanin 023;FK Jedinstvo UB;id1000072172120904;sisal.it;European Handicap;-1.0;2;1.8;1.85;2026-09-27T23:09:16.109Z
28.09.2026;19:00;Serbia;Prva Liga;FK Proleter Zrenjanin 023;FK Jedinstvo UB;id1000072172120904;sisal.it;Double Chance Full Time;0.0;1X;1.2;1.2;2026-09-27T15:07:00.760Z
28.09.2026;19:00;Serbia;Prva Liga;FK Proleter Zrenjanin 023;FK Jedinstvo UB;id1000072172120904;sisal.it;Double Chance Full Time;0.0;12;1.25;1.25;2026-09-27T15:07:00.760Z
28.09.2026;19:00;Serbia;Prva Liga;FK Proleter Zrenjanin 023;FK Jedinstvo UB;id1000072172120904;sisal.it;Double Chance Full Time;0.0;2X;1.75;1.8;2026-09-27T23:09:16.109Z
28.09.2026;19:00;Serbia;Prva Liga;FK Proleter Zrenjanin 023;FK Jedinstvo UB;id1000072172120904;sisal.it;Double Chance First Half;0.0;1X;1.12;1.11;2026-09-27T23:09:16.109Z
28.09.2026;19:00;Serbia;Prva Liga;FK Proleter Zrenjanin 023;FK Jedinstvo UB;id1000072172120904;sisal.it;Double Chance First Half;0.0;12;1.54;1.53;2026-09-27T23:09:16.109Z
28.09.2026;19:00;Serbia;Prva Liga;FK Proleter Zrenjanin 023;FK Jedinstvo UB;id1000072172120904;sisal.it;Double Chance First Half;0.0;2X;1.38;1.38;2026-09-27T15:07:00.760Z
28.09.2026;19:00;Serbia;Prva Liga;FK Proleter Zrenjanin 023;FK Jedinstvo UB;id1000072172120904;sisal.it;First Half Result;0.0;1;2.5;2.45;2026-09-27T23:09:16.109Z
28.09.2026;19:00;Serbia;Prva Liga;FK Proleter Zrenjanin 023;FK Jedinstvo UB;id1000072172120904;sisal.it;First Half Result;0.0;X;2.1;2.1;2026-09-27T15:07:00.760Z
28.09.2026;19:00;Serbia;Prva Liga;FK Proleter Zrenjanin 023;FK Jedinstvo UB;id1000072172120904;sisal.it;First Half Result;0.0;2;4.25;4.25;2026-09-27T15:07:00.760Z
28.09.2026;19:00;Serbia;Prva Liga;FK Proleter Zrenjanin 023;FK Jedinstvo UB;id1000072172120904;sisal.it;Over Under First Half;0.5;Over;1.36;1.36;2026-09-27T15:07:00.760Z
28.09.2026;19:00;Serbia;Prva Liga;FK Proleter Zrenjanin 023;FK Jedinstvo UB;id1000072172120904;sisal.it;Over Under First Half;0.5;Under;2.6;2.6;2026-09-27T15:07:00.760Z
28.09.2026;19:00;Serbia;Prva Liga;FK Proleter Zrenjanin 023;FK Jedinstvo UB;id1000072172120904;sisal.it;Over Under First Half;1.5;Over;2.75;2.75;2026-09-27T15:07:00.760Z
28.09.2026;19:00;Serbia;Prva Liga;FK Proleter Zrenjanin 023;FK Jedinstvo UB;id1000072172120904;sisal.it;Over Under First Half;1.5;Under;1.3;1.3;2026-09-27T15:07:00.760Z
28.09.2026;19:00;Serbia;Prva Liga;FK Proleter Zrenjanin 023;FK Jedinstvo UB;id1000072172120904;sisal.it;Over Under First Half;2.5;Over;6.0;6.0;2026-09-27T15:07:00.760Z
28.09.2026;19:00;Serbia;Prva Liga;FK Proleter Zrenjanin 023;FK Jedinstvo UB;id1000072172120904;sisal.it;Over Under First Half;2.5;Under;1.04;1.04;2026-09-27T15:07:00.760Z
28.09.2026;19:00;Serbia;Prva Liga;FK Proleter Zrenjanin 023;FK Jedinstvo UB;id1000072172120904;sisal.it;Over Under First Half;3.5;Over;12.0;12.0;2026-09-27T15:07:00.760Z
28.09.2026;19:00;Serbia;Prva Liga;FK Proleter Zrenjanin 023;FK Jedinstvo UB;id1000072172120904;sisal.it;Over Under First Half;4.5;Over;25.0;25.0;2026-09-27T15:07:00.760Z
28.09.2026;19:00;Serbia;Prva Liga;FK Proleter Zrenjanin 023;FK Jedinstvo UB;id1000072172120904;sisal.it;Both Teams To Score;0.0;Yes;1.8;1.85;2026-09-27T23:09:16.109Z
28.09.2026;19:00;Serbia;Prva Liga;FK Proleter Zrenjanin 023;FK Jedinstvo UB;id1000072172120904;sisal.it;Both Teams To Score;0.0;No;1.85;1.8;2026-09-27T23:09:16.109Z
28.09.2026;19:00;Serbia;Prva Liga;FK Proleter Zrenjanin 023;FK Jedinstvo UB;id1000072172120904;sisal.it;Over Under Full Time;0.5;Over;1.03;1.03;2026-09-27T15:07:00.760Z
28.09.2026;19:00;Serbia;Prva Liga;FK Proleter Zrenjanin 023;FK Jedinstvo UB;id1000072172120904;sisal.it;Over Under Full Time;0.5;Under;7.5;7.5;2026-09-27T15:07:00.760Z
28.09.2026;19:00;Serbia;Prva Liga;FK Proleter Zrenjanin 023;FK Jedinstvo UB;id1000072172120904;sisal.it;Over Under Full Time;1.5;Over;1.3;1.3;2026-09-27T15:07:00.760Z
28.09.2026;19:00;Serbia;Prva Liga;FK Proleter Zrenjanin 023;FK Jedinstvo UB;id1000072172120904;sisal.it;Over Under Full Time;1.5;Under;3.0;3.0;2026-09-27T15:07:00.760Z
28.09.2026;19:00;Serbia;Prva Liga;FK Proleter Zrenjanin 023;FK Jedinstvo UB;id1000072172120904;tipico;Full Time Result;0.0;1;1.85;1.83;2026-09-27T22:12:40.670Z
28.09.2026;19:00;Serbia;Prva Liga;FK Proleter Zrenjanin 023;FK Jedinstvo UB;id1000072172120904;tipico;Full Time Result;0.0;X;3.2;3.2;2026-09-27T18:09:32.992Z
28.09.2026;19:00;Serbia;Prva Liga;FK Proleter Zrenjanin 023;FK Jedinstvo UB;id1000072172120904;tipico;Full Time Result;0.0;2;3.5;3.6;2026-09-27T22:12:40.670Z
28.09.2026;19:00;Serbia;Prva Liga;FK Proleter Zrenjanin 023;FK Jedinstvo UB;id1000072172120904;tipico;Over Under Full Time;2.5;Over;2.1;2.1;2026-09-27T18:09:32.992Z
28.09.2026;19:00;Serbia;Prva Liga;FK Proleter Zrenjanin 023;FK Jedinstvo UB;id1000072172120904;tipico;Over Under Full Time;2.5;Under;1.65;1.65;2026-09-27T18:09:32.992Z
28.09.2026;19:00;Serbia;Prva Liga;FK Proleter Zrenjanin 023;FK Jedinstvo UB;id1000072172120904;tipico;Over Under Full Time;3.5;Over;3.6;3.5;2026-09-27T23:13:11.502Z
28.09.2026;19:00;Serbia;Prva Liga;FK Proleter Zrenjanin 023;FK Jedinstvo UB;id1000072172120904;tipico;Over Under Full Time;3.5;Under;1.25;1.25;2026-09-27T18:09:32.992Z
28.09.2026;19:00;Serbia;Prva Liga;FK Proleter Zrenjanin 023;FK Jedinstvo UB;id1000072172120904;tipico;European Handicap;1.0;1;1.22;1.22;2026-09-27T18:09:32.992Z
28.09.2026;19:00;Serbia;Prva Liga;FK Proleter Zrenjanin 023;FK Jedinstvo UB;id1000072172120904;tipico;European Handicap;1.0;X;5.3;5.5;2026-09-27T22:12:40.670Z
28.09.2026;19:00;Serbia;Prva Liga;FK Proleter Zrenjanin 023;FK Jedinstvo UB;id1000072172120904;tipico;European Handicap;1.0;2;7.8;7.5;2026-09-27T22:12:40.670Z
28.09.2026;19:00;Serbia;Prva Liga;FK Proleter Zrenjanin 023;FK Jedinstvo UB;id1000072172120904;tipico;Over Under Full Time;4.5;Over;6.5;7.5;2026-09-27T23:53:13.685Z
28.09.2026;19:00;Serbia;Prva Liga;FK Proleter Zrenjanin 023;FK Jedinstvo UB;id1000072172120904;tipico;Over Under Full Time;4.5;Under;1.08;1.05;2026-09-27T23:53:13.685Z
28.09.2026;19:00;Serbia;Prva Liga;FK Proleter Zrenjanin 023;FK Jedinstvo UB;id1000072172120904;tipico;European Handicap;-1.0;1;3.8;3.7;2026-09-27T22:12:40.670Z
28.09.2026;19:00;Serbia;Prva Liga;FK Proleter Zrenjanin 023;FK Jedinstvo UB;id1000072172120904;tipico;European Handicap;-1.0;X;3.5;3.4;2026-09-27T22:12:40.670Z
28.09.2026;19:00;Serbia;Prva Liga;FK Proleter Zrenjanin 023;FK Jedinstvo UB;id1000072172120904;tipico;European Handicap;-1.0;2;1.7;1.75;2026-09-27T22:12:40.670Z
28.09.2026;19:00;Serbia;Prva Liga;FK Proleter Zrenjanin 023;FK Jedinstvo UB;id1000072172120904;tipico;European Handicap;-2.0;1;8.2;8.2;2026-09-27T18:09:32.992Z
28.09.2026;19:00;Serbia;Prva Liga;FK Proleter Zrenjanin 023;FK Jedinstvo UB;id1000072172120904;tipico;European Handicap;-2.0;X;5.3;5.3;2026-09-27T18:09:32.992Z
28.09.2026;19:00;Serbia;Prva Liga;FK Proleter Zrenjanin 023;FK Jedinstvo UB;id1000072172120904;tipico;European Handicap;-2.0;2;1.22;1.22;2026-09-27T18:09:32.992Z
28.09.2026;19:00;Serbia;Prva Liga;FK Proleter Zrenjanin 023;FK Jedinstvo UB;id1000072172120904;tipico;Double Chance Full Time;0.0;1X;1.18;1.17;2026-09-27T22:12:40.670Z
28.09.2026;19:00;Serbia;Prva Liga;FK Proleter Zrenjanin 023;FK Jedinstvo UB;id1000072172120904;tipico;Double Chance Full Time;0.0;12;1.2;1.2;2026-09-27T18:09:32.992Z
28.09.2026;19:00;Serbia;Prva Liga;FK Proleter Zrenjanin 023;FK Jedinstvo UB;id1000072172120904;tipico;Double Chance Full Time;0.0;2X;1.7;1.72;2026-09-27T22:12:40.670Z
28.09.2026;19:00;Serbia;Prva Liga;FK Proleter Zrenjanin 023;FK Jedinstvo UB;id1000072172120904;tipico;First Half Result;0.0;1;2.45;2.45;2026-09-27T18:09:32.992Z
28.09.2026;19:00;Serbia;Prva Liga;FK Proleter Zrenjanin 023;FK Jedinstvo UB;id1000072172120904;tipico;First Half Result;0.0;X;1.97;1.97;2026-09-27T18:09:32.992Z
28.09.2026;19:00;Serbia;Prva Liga;FK Proleter Zrenjanin 023;FK Jedinstvo UB;id1000072172120904;tipico;First Half Result;0.0;2;4.1;4.1;2026-09-27T18:09:32.992Z
28.09.2026;19:00;Serbia;Prva Liga;FK Proleter Zrenjanin 023;FK Jedinstvo UB;id1000072172120904;tipico;Second Half Result;0.0;1;2.35;2.35;2026-09-27T18:09:32.992Z
28.09.2026;19:00;Serbia;Prva Liga;FK Proleter Zrenjanin 023;FK Jedinstvo UB;id1000072172120904;tipico;Second Half Result;0.0;X;2.45;2.45;2026-09-27T18:09:32.992Z
28.09.2026;19:00;Serbia;Prva Liga;FK Proleter Zrenjanin 023;FK Jedinstvo UB;id1000072172120904;tipico;Second Half Result;0.0;2;3.9;3.9;2026-09-27T18:09:32.992Z
28.09.2026;19:00;Serbia;Prva Liga;FK Proleter Zrenjanin 023;FK Jedinstvo UB;id1000072172120904;tipico;Over Under Team 1;1.5;Over;2.1;2.1;2026-09-27T18:09:32.992Z
28.09.2026;19:00;Serbia;Prva Liga;FK Proleter Zrenjanin 023;FK Jedinstvo UB;id1000072172120904;tipico;Over Under Team 1;1.5;Under;1.62;1.62;2026-09-27T18:09:32.992Z
28.09.2026;19:00;Serbia;Prva Liga;FK Proleter Zrenjanin 023;FK Jedinstvo UB;id1000072172120904;tipico;Over Under Team 2;0.5;Over;1.5;1.5;2026-09-27T18:09:32.992Z
28.09.2026;19:00;Serbia;Prva Liga;FK Proleter Zrenjanin 023;FK Jedinstvo UB;id1000072172120904;tipico;Over Under Team 2;0.5;Under;2.35;2.35;2026-09-27T18:09:32.992Z
28.09.2026;19:00;Serbia;Prva Liga;FK Proleter Zrenjanin 023;FK Jedinstvo UB;id1000072172120904;tipico;European Handicap First Half;-1.0;1;8.2;7.5;2026-09-27T22:12:40.670Z
28.09.2026;19:00;Serbia;Prva Liga;FK Proleter Zrenjanin 023;FK Jedinstvo UB;id1000072172120904;tipico;European Handicap First Half;-1.0;X;3.2;3.2;2026-09-27T18:09:32.992Z
28.09.2026;19:00;Serbia;Prva Liga;FK Proleter Zrenjanin 023;FK Jedinstvo UB;id1000072172120904;tipico;European Handicap First Half;-1.0;2;1.4;1.42;2026-09-27T22:12:40.670Z
28.09.2026;19:00;Serbia;Prva Liga;FK Proleter Zrenjanin 023;FK Jedinstvo UB;id1000072172120904;tipico;Over Under First Half;0.5;Over;1.45;1.45;2026-09-27T18:09:32.992Z
28.09.2026;19:00;Serbia;Prva Liga;FK Proleter Zrenjanin 023;FK Jedinstvo UB;id1000072172120904;tipico;Over Under First Half;0.5;Under;2.5;2.5;2026-09-27T18:09:32.992Z
28.09.2026;19:00;Serbia;Prva Liga;FK Proleter Zrenjanin 023;FK Jedinstvo UB;id1000072172120904;tipico;Over Under First Half;1.5;Over;2.85;2.8;2026-09-27T22:05:49.041Z
28.09.2026;19:00;Serbia;Prva Liga;FK Proleter Zrenjanin 023;FK Jedinstvo UB;id1000072172120904;tipico;Over Under First Half;1.5;Under;1.35;1.35;2026-09-27T18:09:32.992Z
28.09.2026;19:00;Serbia;Prva Liga;FK Proleter Zrenjanin 023;FK Jedinstvo UB;id1000072172120904;tipico;Both Teams To Score First Half;0.0;Yes;4.5;4.5;2026-09-27T18:09:32.992Z
28.09.2026;19:00;Serbia;Prva Liga;FK Proleter Zrenjanin 023;FK Jedinstvo UB;id1000072172120904;tipico;Both Teams To Score First Half;0.0;No;1.15;1.15;2026-09-27T18:09:32.992Z
28.09.2026;19:00;Serbia;Prva Liga;FK Proleter Zrenjanin 023;FK Jedinstvo UB;id1000072172120904;tipico;Both Teams To Score;0.0;Yes;1.87;1.83;2026-09-27T22:12:40.670Z
28.09.2026;19:00;Serbia;Prva Liga;FK Proleter Zrenjanin 023;FK Jedinstvo UB;id1000072172120904;tipico;Both Teams To Score;0.0;No;1.8;1.83;2026-09-27T22:12:40.670Z
28.09.2026;19:00;Serbia;Prva Liga;FK Proleter Zrenjanin 023;FK Jedinstvo UB;id1000072172120904;tipico;Over Under Full Time;1.5;Over;1.35;1.35;2026-09-27T18:09:32.992Z
28.09.2026;19:00;Serbia;Prva Liga;FK Proleter Zrenjanin 023;FK Jedinstvo UB;id1000072172120904;tipico;Over Under Full Time;1.5;Under;2.95;2.95;2026-09-27T18:09:32.992Z
28.09.2026;19:00;Serbia;Prva Liga;FK Proleter Zrenjanin 023;FK Jedinstvo UB;id1000072172120904;stoiximan;Full Time Result;0.0;1;1.87;1.87;2026-09-28T01:56:25.723Z
28.09.2026;19:00;Serbia;Prva Liga;FK Proleter Zrenjanin 023;FK Jedinstvo UB;id1000072172120904;stoiximan;Full Time Result;0.0;X;3.3;3.25;2026-09-28T01:56:25.723Z
28.09.2026;19:00;Serbia;Prva Liga;FK Proleter Zrenjanin 023;FK Jedinstvo UB;id1000072172120904;stoiximan;Full Time Result;0.0;2;3.7;3.75;2026-09-28T01:56:25.723Z
28.09.2026;19:00;Serbia;Prva Liga;FK Proleter Zrenjanin 023;FK Jedinstvo UB;id1000072172120904;stoiximan;Over Under Full Time;2.5;Over;1.98;2.0;2026-09-28T01:56:25.723Z
28.09.2026;19:00;Serbia;Prva Liga;FK Proleter Zrenjanin 023;FK Jedinstvo UB;id1000072172120904;stoiximan;Over Under Full Time;2.5;Under;1.67;1.67;2026-09-28T01:56:25.723Z
28.09.2026;19:00;Serbia;Prva Liga;FK Proleter Zrenjanin 023;FK Jedinstvo UB;id1000072172120904;stoiximan;First Half Result;0.0;X;2.02;2.02;2026-09-28T01:56:25.723Z
28.09.2026;19:00;Serbia;Prva Liga;FK Proleter Zrenjanin 023;FK Jedinstvo UB;id1000072172120904;stoiximan;First Half Result;0.0;2;4.25;4.2;2026-09-28T01:56:25.723Z
28.09.2026;19:00;Serbia;Prva Liga;FK Proleter Zrenjanin 023;FK Jedinstvo UB;id1000072172120904;stoiximan;Second Half Result;0.0;X;2.4;2.4;2026-09-28T01:56:25.723Z
28.09.2026;19:00;Serbia;Prva Liga;FK Proleter Zrenjanin 023;FK Jedinstvo UB;id1000072172120904;stoiximan;Second Half Result;0.0;2;3.85;3.9;2026-09-28T01:56:25.723Z
28.09.2026;19:00;Serbia;Prva Liga;FK Proleter Zrenjanin 023;FK Jedinstvo UB;id1000072172120904;stoiximan;Over Under First Half;0.5;Over;1.42;1.42;2026-09-28T01:56:25.723Z
28.09.2026;19:00;Serbia;Prva Liga;FK Proleter Zrenjanin 023;FK Jedinstvo UB;id1000072172120904;stoiximan;Over Under First Half;0.5;Under;2.37;2.35;2026-09-28T01:56:25.723Z
28.09.2026;19:00;Serbia;Prva Liga;FK Proleter Zrenjanin 023;FK Jedinstvo UB;id1000072172120904;stoiximan;Asian Handicap First Half;-0.25;1;1.9;1.91;2026-09-28T01:56:25.723Z
28.09.2026;19:00;Serbia;Prva Liga;FK Proleter Zrenjanin 023;FK Jedinstvo UB;id1000072172120904;stoiximan;Asian Handicap First Half;-0.25;2;1.65;1.65;2026-09-28T01:56:25.723Z
28.09.2026;19:00;Serbia;Prva Liga;FK Proleter Zrenjanin 023;FK Jedinstvo UB;id1000072172120904;stoiximan;Asian Handicap;-0.5;1;1.8;1.8;2026-09-28T01:56:25.723Z
28.09.2026;19:00;Serbia;Prva Liga;FK Proleter Zrenjanin 023;FK Jedinstvo UB;id1000072172120904;stoiximan;Asian Handicap;-0.5;2;1.8;1.8;2026-09-28T01:56:25.723Z
28.09.2026;19:00;Serbia;Prva Liga;FK Proleter Zrenjanin 023;FK Jedinstvo UB;id1000072172120904;superbet;Full Time Result;0.0;1;1.63;1.9;2026-09-28T01:41:59.386Z
28.09.2026;19:00;Serbia;Prva Liga;FK Proleter Zrenjanin 023;FK Jedinstvo UB;id1000072172120904;superbet;Full Time Result;0.0;X;3.45;3.25;2026-09-28T01:41:59.386Z
28.09.2026;19:00;Serbia;Prva Liga;FK Proleter Zrenjanin 023;FK Jedinstvo UB;id1000072172120904;superbet;Full Time Result;0.0;2;4.75;3.6;2026-09-28T01:41:59.386Z
28.09.2026;19:00;Serbia;Prva Liga;FK Proleter Zrenjanin 023;FK Jedinstvo UB;id1000072172120904;superbet;Over Under Full Time;2.5;Over;1.97;2.07;2026-09-28T01:41:59.386Z
28.09.2026;19:00;Serbia;Prva Liga;FK Proleter Zrenjanin 023;FK Jedinstvo UB;id1000072172120904;superbet;Over Under Full Time;2.5;Under;1.75;1.67;2026-09-28T01:41:59.386Z
28.09.2026;19:00;Serbia;Prva Liga;FK Proleter Zrenjanin 023;FK Jedinstvo UB;id1000072172120904;superbet;Over Under Full Time;3.5;Over;3.35;3.65;2026-09-28T01:41:59.386Z
28.09.2026;19:00;Serbia;Prva Liga;FK Proleter Zrenjanin 023;FK Jedinstvo UB;id1000072172120904;superbet;Over Under Full Time;3.5;Under;1.28;1.24;2026-09-28T01:41:59.386Z
28.09.2026;19:00;Serbia;Prva Liga;FK Proleter Zrenjanin 023;FK Jedinstvo UB;id1000072172120904;superbet;Over Under Full Time;4.5;Over;6.4;7.0;2026-09-28T01:41:59.386Z
28.09.2026;19:00;Serbia;Prva Liga;FK Proleter Zrenjanin 023;FK Jedinstvo UB;id1000072172120904;superbet;Over Under Full Time;4.5;Under;1.08;1.07;2026-09-28T01:41:59.386Z
28.09.2026;19:00;Serbia;Prva Liga;FK Proleter Zrenjanin 023;FK Jedinstvo UB;id1000072172120904;superbet;Double Chance Full Time;0.0;1X;1.11;1.2;2026-09-28T01:41:59.386Z
28.09.2026;19:00;Serbia;Prva Liga;FK Proleter Zrenjanin 023;FK Jedinstvo UB;id1000072172120904;superbet;Double Chance Full Time;0.0;12;1.22;1.25;2026-09-28T01:41:59.386Z
28.09.2026;19:00;Serbia;Prva Liga;FK Proleter Zrenjanin 023;FK Jedinstvo UB;id1000072172120904;superbet;Double Chance Full Time;0.0;2X;2.0;1.7;2026-09-28T01:41:59.386Z
28.09.2026;19:00;Serbia;Prva Liga;FK Proleter Zrenjanin 023;FK Jedinstvo UB;id1000072172120904;superbet;Double Chance First Half;0.0;1X;1.1;1.15;2026-09-28T01:41:59.386Z
28.09.2026;19:00;Serbia;Prva Liga;FK Proleter Zrenjanin 023;FK Jedinstvo UB;id1000072172120904;superbet;Double Chance First Half;0.0;12;1.55;1.59;2026-09-28T01:41:59.386Z
28.09.2026;19:00;Serbia;Prva Liga;FK Proleter Zrenjanin 023;FK Jedinstvo UB;id1000072172120904;superbet;Double Chance First Half;0.0;2X;1.5;1.38;2026-09-28T01:41:59.386Z
28.09.2026;19:00;Serbia;Prva Liga;FK Proleter Zrenjanin 023;FK Jedinstvo UB;id1000072172120904;superbet;Double Chance Second Half;0.0;1X;1.12;1.18;2026-09-28T01:41:59.386Z
28.09.2026;19:00;Serbia;Prva Liga;FK Proleter Zrenjanin 023;FK Jedinstvo UB;id1000072172120904;superbet;Double Chance Second Half;0.0;12;1.41;1.45;2026-09-28T01:41:59.386Z
28.09.2026;19:00;Serbia;Prva Liga;FK Proleter Zrenjanin 023;FK Jedinstvo UB;id1000072172120904;superbet;Double Chance Second Half;0.0;2X;1.62;1.46;2026-09-28T01:41:59.386Z
28.09.2026;19:00;Serbia;Prva Liga;FK Proleter Zrenjanin 023;FK Jedinstvo UB;id1000072172120904;superbet;First Half Result;0.0;1;2.25;2.57;2026-09-28T01:41:59.386Z
28.09.2026;19:00;Serbia;Prva Liga;FK Proleter Zrenjanin 023;FK Jedinstvo UB;id1000072172120904;superbet;First Half Result;0.0;X;2.15;2.07;2026-09-28T01:41:59.386Z
28.09.2026;19:00;Serbia;Prva Liga;FK Proleter Zrenjanin 023;FK Jedinstvo UB;id1000072172120904;superbet;First Half Result;0.0;2;5.0;4.15;2026-09-28T01:41:59.386Z
28.09.2026;19:00;Serbia;Prva Liga;FK Proleter Zrenjanin 023;FK Jedinstvo UB;id1000072172120904;superbet;Second Half Result;0.0;1;2.02;2.35;2026-09-28T01:41:59.386Z
28.09.2026;19:00;Serbia;Prva Liga;FK Proleter Zrenjanin 023;FK Jedinstvo UB;id1000072172120904;superbet;Second Half Result;0.0;X;2.5;2.37;2026-09-28T01:41:59.386Z
28.09.2026;19:00;Serbia;Prva Liga;FK Proleter Zrenjanin 023;FK Jedinstvo UB;id1000072172120904;superbet;Second Half Result;0.0;2;4.6;3.8;2026-09-28T01:41:59.386Z
28.09.2026;19:00;Serbia;Prva Liga;FK Proleter Zrenjanin 023;FK Jedinstvo UB;id1000072172120904;superbet;Over Under Team 1 First Half;0.5;Over;1.78;1.92;2026-09-28T01:41:59.386Z
28.09.2026;19:00;Serbia;Prva Liga;FK Proleter Zrenjanin 023;FK Jedinstvo UB;id1000072172120904;superbet;Over Under Team 1 First Half;0.5;Under;1.92;1.78;2026-09-28T01:41:59.386Z
28.09.2026;19:00;Serbia;Prva Liga;FK Proleter Zrenjanin 023;FK Jedinstvo UB;id1000072172120904;superbet;Over Under Team 2 First Half;0.5;Over;2.92;2.57;2026-09-28T01:41:59.386Z
28.09.2026;19:00;Serbia;Prva Liga;FK Proleter Zrenjanin 023;FK Jedinstvo UB;id1000072172120904;superbet;Over Under Team 2 First Half;0.5;Under;1.36;1.44;2026-09-28T01:41:59.386Z
28.09.2026;19:00;Serbia;Prva Liga;FK Proleter Zrenjanin 023;FK Jedinstvo UB;id1000072172120904;superbet;Over Under Team 1 Second Half;0.5;Over;1.53;1.68;2026-09-28T01:41:59.386Z
28.09.2026;19:00;Serbia;Prva Liga;FK Proleter Zrenjanin 023;FK Jedinstvo UB;id1000072172120904;superbet;Over Under Team 1 Second Half;0.5;Under;2.35;2.07;2026-09-28T01:41:59.386Z
28.09.2026;19:00;Serbia;Prva Liga;FK Proleter Zrenjanin 023;FK Jedinstvo UB;id1000072172120904;superbet;Over Under Team 1;0.5;Over;1.16;1.23;2026-09-28T01:41:59.386Z
28.09.2026;19:00;Serbia;Prva Liga;FK Proleter Zrenjanin 023;FK Jedinstvo UB;id1000072172120904;superbet;Over Under Team 1;0.5;Under;4.6;3.7;2026-09-28T01:41:59.386Z
28.09.2026;19:00;Serbia;Prva Liga;FK Proleter Zrenjanin 023;FK Jedinstvo UB;id1000072172120904;superbet;Over Under Team 2 Second Half;0.5;Over;2.37;2.15;2026-09-28T01:41:59.386Z
28.09.2026;19:00;Serbia;Prva Liga;FK Proleter Zrenjanin 023;FK Jedinstvo UB;id1000072172120904;superbet;Over Under Team 2 Second Half;0.5;Under;1.52;1.63;2026-09-28T01:41:59.386Z
28.09.2026;19:00;Serbia;Prva Liga;FK Proleter Zrenjanin 023;FK Jedinstvo UB;id1000072172120904;superbet;Over Under Team 1;1.5;Over;1.82;2.12;2026-09-28T01:41:59.386Z
28.09.2026;19:00;Serbia;Prva Liga;FK Proleter Zrenjanin 023;FK Jedinstvo UB;id1000072172120904;superbet;Over Under Team 1;1.5;Under;1.88;1.64;2026-09-28T01:41:59.386Z
28.09.2026;19:00;Serbia;Prva Liga;FK Proleter Zrenjanin 023;FK Jedinstvo UB;id1000072172120904;superbet;Over Under Team 1;2.5;Over;3.5;4.5;2026-09-28T01:41:59.386Z
28.09.2026;19:00;Serbia;Prva Liga;FK Proleter Zrenjanin 023;FK Jedinstvo UB;id1000072172120904;superbet;Over Under Team 1;2.5;Under;1.26;1.16;2026-09-28T01:41:59.386Z
28.09.2026;19:00;Serbia;Prva Liga;FK Proleter Zrenjanin 023;FK Jedinstvo UB;id1000072172120904;superbet;Over Under Team 2;0.5;Over;1.63;1.5;2026-09-28T01:41:59.386Z
28.09.2026;19:00;Serbia;Prva Liga;FK Proleter Zrenjanin 023;FK Jedinstvo UB;id1000072172120904;superbet;Over Under Team 2;0.5;Under;2.15;2.42;2026-09-28T01:41:59.386Z
28.09.2026;19:00;Serbia;Prva Liga;FK Proleter Zrenjanin 023;FK Jedinstvo UB;id1000072172120904;superbet;Over Under Team 2;1.5;Over;4.0;3.4;2026-09-28T01:41:59.386Z
28.09.2026;19:00;Serbia;Prva Liga;FK Proleter Zrenjanin 023;FK Jedinstvo UB;id1000072172120904;superbet;Over Under Team 2;1.5;Under;1.2;1.27;2026-09-28T01:41:59.386Z
28.09.2026;19:00;Serbia;Prva Liga;FK Proleter Zrenjanin 023;FK Jedinstvo UB;id1000072172120904;superbet;Over Under Team 2;2.5;Over;12.0;8.8;2026-09-28T01:41:59.386Z
28.09.2026;19:00;Serbia;Prva Liga;FK Proleter Zrenjanin 023;FK Jedinstvo UB;id1000072172120904;superbet;Over Under Team 2;2.5;Under;1.02;1.04;2026-09-28T01:41:59.386Z
28.09.2026;19:00;Serbia;Prva Liga;FK Proleter Zrenjanin 023;FK Jedinstvo UB;id1000072172120904;superbet;Over Under First Half;0.5;Over;1.42;1.44;2026-09-28T01:41:59.386Z
28.09.2026;19:00;Serbia;Prva Liga;FK Proleter Zrenjanin 023;FK Jedinstvo UB;id1000072172120904;superbet;Over Under First Half;0.5;Under;2.67;2.6;2026-09-28T01:41:59.386Z
28.09.2026;19:00;Serbia;Prva Liga;FK Proleter Zrenjanin 023;FK Jedinstvo UB;id1000072172120904;superbet;Over Under First Half;1.5;Over;2.95;3.0;2026-09-28T01:41:59.386Z
28.09.2026;19:00;Serbia;Prva Liga;FK Proleter Zrenjanin 023;FK Jedinstvo UB;id1000072172120904;superbet;Over Under First Half;1.5;Under;1.35;1.34;2026-09-28T01:41:59.386Z
28.09.2026;19:00;Serbia;Prva Liga;FK Proleter Zrenjanin 023;FK Jedinstvo UB;id1000072172120904;superbet;Over Under First Half;2.5;Over;7.2;7.4;2026-09-28T01:41:59.386Z
28.09.2026;19:00;Serbia;Prva Liga;FK Proleter Zrenjanin 023;FK Jedinstvo UB;id1000072172120904;superbet;Over Under First Half;2.5;Under;1.06;1.06;2026-09-28T01:41:59.386Z
28.09.2026;19:00;Serbia;Prva Liga;FK Proleter Zrenjanin 023;FK Jedinstvo UB;id1000072172120904;superbet;Over Under Second Half;0.5;Over;1.25;1.27;2026-09-28T01:41:59.386Z
28.09.2026;19:00;Serbia;Prva Liga;FK Proleter Zrenjanin 023;FK Jedinstvo UB;id1000072172120904;superbet;Over Under Second Half;0.5;Under;3.55;3.4;2026-09-28T01:41:59.386Z
28.09.2026;19:00;Serbia;Prva Liga;FK Proleter Zrenjanin 023;FK Jedinstvo UB;id1000072172120904;superbet;Over Under Second Half;1.5;Over;2.17;2.3;2026-09-28T01:41:59.386Z
28.09.2026;19:00;Serbia;Prva Liga;FK Proleter Zrenjanin 023;FK Jedinstvo UB;id1000072172120904;superbet;Over Under Second Half;1.5;Under;1.61;1.56;2026-09-28T01:41:59.386Z
28.09.2026;19:00;Serbia;Prva Liga;FK Proleter Zrenjanin 023;FK Jedinstvo UB;id1000072172120904;superbet;Over Under Second Half;2.5;Over;4.65;5.0;2026-09-28T01:41:59.386Z
28.09.2026;19:00;Serbia;Prva Liga;FK Proleter Zrenjanin 023;FK Jedinstvo UB;id1000072172120904;superbet;Over Under Second Half;2.5;Under;1.15;1.14;2026-09-28T01:41:59.386Z
28.09.2026;19:00;Serbia;Prva Liga;FK Proleter Zrenjanin 023;FK Jedinstvo UB;id1000072172120904;superbet;Both Teams To Score First Half;0.0;Yes;5.1;4.8;2026-09-28T01:41:59.386Z
28.09.2026;19:00;Serbia;Prva Liga;FK Proleter Zrenjanin 023;FK Jedinstvo UB;id1000072172120904;superbet;Both Teams To Score First Half;0.0;No;1.13;1.15;2026-09-28T01:41:59.386Z
28.09.2026;19:00;Serbia;Prva Liga;FK Proleter Zrenjanin 023;FK Jedinstvo UB;id1000072172120904;superbet;Both Teams To Score Second Half;0.0;Yes;3.6;3.6;2026-09-28T01:41:59.386Z
28.09.2026;19:00;Serbia;Prva Liga;FK Proleter Zrenjanin 023;FK Jedinstvo UB;id1000072172120904;superbet;Both Teams To Score Second Half;0.0;No;1.24;1.25;2026-09-28T01:41:59.386Z
28.09.2026;19:00;Serbia;Prva Liga;FK Proleter Zrenjanin 023;FK Jedinstvo UB;id1000072172120904;superbet;Both Teams To Score;0.0;Yes;1.95;1.9;2026-09-28T01:41:59.386Z
28.09.2026;19:00;Serbia;Prva Liga;FK Proleter Zrenjanin 023;FK Jedinstvo UB;id1000072172120904;superbet;Both Teams To Score;0.0;No;1.77;1.8;2026-09-28T01:41:59.386Z
28.09.2026;19:00;Serbia;Prva Liga;FK Proleter Zrenjanin 023;FK Jedinstvo UB;id1000072172120904;superbet;Over Under Full Time;0.5;Over;1.05;1.05;2026-09-28T01:41:59.386Z
28.09.2026;19:00;Serbia;Prva Liga;FK Proleter Zrenjanin 023;FK Jedinstvo UB;id1000072172120904;superbet;Over Under Full Time;0.5;Under;8.3;7.8;2026-09-28T01:41:59.386Z
28.09.2026;19:00;Serbia;Prva Liga;FK Proleter Zrenjanin 023;FK Jedinstvo UB;id1000072172120904;superbet;Asian Handicap;-1.5;1;2.67;3.35;2026-09-28T01:41:59.386Z
28.09.2026;19:00;Serbia;Prva Liga;FK Proleter Zrenjanin 023;FK Jedinstvo UB;id1000072172120904;superbet;Asian Handicap;-1.5;2;1.36;1.23;2026-09-28T01:41:59.386Z
28.09.2026;19:00;Serbia;Prva Liga;FK Proleter Zrenjanin 023;FK Jedinstvo UB;id1000072172120904;superbet;Asian Handicap;-0.5;1;1.59;1.85;2026-09-28T01:41:59.386Z
28.09.2026;19:00;Serbia;Prva Liga;FK Proleter Zrenjanin 023;FK Jedinstvo UB;id1000072172120904;superbet;Asian Handicap;-0.5;2;2.07;1.76;2026-09-28T01:41:59.386Z
28.09.2026;19:00;Serbia;Prva Liga;FK Proleter Zrenjanin 023;FK Jedinstvo UB;id1000072172120904;superbet;Asian Handicap;0.5;1;1.14;1.23;2026-09-28T01:41:59.386Z
28.09.2026;19:00;Serbia;Prva Liga;FK Proleter Zrenjanin 023;FK Jedinstvo UB;id1000072172120904;superbet;Asian Handicap;0.5;2;4.35;3.4;2026-09-28T01:41:59.386Z
28.09.2026;19:00;Serbia;Prva Liga;FK Proleter Zrenjanin 023;FK Jedinstvo UB;id1000072172120904;superbet;Over Under Full Time;1.5;Over;1.3;1.34;2026-09-28T01:41:59.386Z
28.09.2026;19:00;Serbia;Prva Liga;FK Proleter Zrenjanin 023;FK Jedinstvo UB;id1000072172120904;superbet;Over Under Full Time;1.5;Under;3.2;3.0;2026-09-28T01:41:59.386Z
28.09.2026;19:00;Serbia;Prva Liga;FK Proleter Zrenjanin 023;FK Jedinstvo UB;id1000072172120904;superbet;Asian Handicap;1.5;1;1.01;1.04;2026-09-28T01:41:59.386Z
28.09.2026;19:00;Serbia;Prva Liga;FK Proleter Zrenjanin 023;FK Jedinstvo UB;id1000072172120904;superbet;Asian Handicap;1.5;2;9.7;7.1;2026-09-28T01:41:59.386Z
28.09.2026;19:00;Serbia;Prva Liga;FK Proleter Zrenjanin 023;FK Jedinstvo UB;id1000072172120904;betano;Full Time Result;0.0;1;1.87;1.87;2026-09-28T00:09:44.558Z
28.09.2026;19:00;Serbia;Prva Liga;FK Proleter Zrenjanin 023;FK Jedinstvo UB;id1000072172120904;betano;Full Time Result;0.0;X;3.3;3.25;2026-09-28T00:09:44.558Z
28.09.2026;19:00;Serbia;Prva Liga;FK Proleter Zrenjanin 023;FK Jedinstvo UB;id1000072172120904;betano;Full Time Result;0.0;2;3.7;3.75;2026-09-28T00:09:44.558Z
28.09.2026;19:00;Serbia;Prva Liga;FK Proleter Zrenjanin 023;FK Jedinstvo UB;id1000072172120904;betano;Over Under Full Time;2.5;Over;1.98;2.0;2026-09-28T00:09:44.558Z
28.09.2026;19:00;Serbia;Prva Liga;FK Proleter Zrenjanin 023;FK Jedinstvo UB;id1000072172120904;betano;Over Under Full Time;2.5;Under;1.67;1.67;2026-09-28T00:09:44.558Z
28.09.2026;19:00;Serbia;Prva Liga;FK Proleter Zrenjanin 023;FK Jedinstvo UB;id1000072172120904;betano;Double Chance Full Time;0.0;1X;1.23;1.23;2026-09-28T00:09:44.558Z
28.09.2026;19:00;Serbia;Prva Liga;FK Proleter Zrenjanin 023;FK Jedinstvo UB;id1000072172120904;betano;Double Chance Full Time;0.0;12;1.27;1.28;2026-09-28T00:09:44.558Z
28.09.2026;19:00;Serbia;Prva Liga;FK Proleter Zrenjanin 023;FK Jedinstvo UB;id1000072172120904;betano;Double Chance Full Time;0.0;2X;1.75;1.75;2026-09-28T00:09:44.558Z
28.09.2026;19:00;Serbia;Prva Liga;FK Proleter Zrenjanin 023;FK Jedinstvo UB;id1000072172120904;betano;Double Chance First Half;0.0;1X;1.19;1.2;2026-09-28T00:09:44.558Z
28.09.2026;19:00;Serbia;Prva Liga;FK Proleter Zrenjanin 023;FK Jedinstvo UB;id1000072172120904;betano;Double Chance First Half;0.0;12;1.62;1.62;2026-09-28T00:09:44.558Z
28.09.2026;19:00;Serbia;Prva Liga;FK Proleter Zrenjanin 023;FK Jedinstvo UB;id1000072172120904;betano;Double Chance First Half;0.0;2X;1.44;1.42;2026-09-28T00:09:44.558Z
28.09.2026;19:00;Serbia;Prva Liga;FK Proleter Zrenjanin 023;FK Jedinstvo UB;id1000072172120904;betano;First Half Result;0.0;X;2.02;2.02;2026-09-28T00:09:44.558Z
28.09.2026;19:00;Serbia;Prva Liga;FK Proleter Zrenjanin 023;FK Jedinstvo UB;id1000072172120904;betano;First Half Result;0.0;2;4.25;4.2;2026-09-28T00:09:44.558Z
28.09.2026;19:00;Serbia;Prva Liga;FK Proleter Zrenjanin 023;FK Jedinstvo UB;id1000072172120904;betano;Second Half Result;0.0;X;2.4;2.4;2026-09-28T00:09:44.558Z
28.09.2026;19:00;Serbia;Prva Liga;FK Proleter Zrenjanin 023;FK Jedinstvo UB;id1000072172120904;betano;Second Half Result;0.0;2;3.85;3.9;2026-09-28T00:09:44.558Z
28.09.2026;19:00;Serbia;Prva Liga;FK Proleter Zrenjanin 023;FK Jedinstvo UB;id1000072172120904;betano;Over Under First Half;0.5;Over;1.42;1.42;2026-09-28T00:09:44.558Z
28.09.2026;19:00;Serbia;Prva Liga;FK Proleter Zrenjanin 023;FK Jedinstvo UB;id1000072172120904;betano;Over Under First Half;0.5;Under;2.37;2.35;2026-09-28T00:09:44.558Z
28.09.2026;19:00;Serbia;Prva Liga;FK Proleter Zrenjanin 023;FK Jedinstvo UB;id1000072172120904;betano;Asian Handicap First Half;-0.25;1;1.9;1.91;2026-09-28T00:09:44.558Z
28.09.2026;19:00;Serbia;Prva Liga;FK Proleter Zrenjanin 023;FK Jedinstvo UB;id1000072172120904;betano;Asian Handicap First Half;-0.25;2;1.65;1.65;2026-09-28T00:09:44.558Z
28.09.2026;19:00;Serbia;Prva Liga;FK Proleter Zrenjanin 023;FK Jedinstvo UB;id1000072172120904;betano;Asian Handicap;-0.5;1;1.8;1.8;2026-09-28T00:09:44.558Z
28.09.2026;19:00;Serbia;Prva Liga;FK Proleter Zrenjanin 023;FK Jedinstvo UB;id1000072172120904;betano;Asian Handicap;-0.5;2;1.8;1.8;2026-09-28T00:09:44.558Z
28.09.2026;19:00;Serbia;Prva Liga;Gfk Dubocica;FK Javor Ivanjica;id1000072173221936;bet365;Full Time Result;0.0;1;3.8;3.8;2026-09-27T22:26:25.175Z
28.09.2026;19:00;Serbia;Prva Liga;Gfk Dubocica;FK Javor Ivanjica;id1000072173221936;bet365;Full Time Result;0.0;X;3.75;3.75;2026-09-27T22:26:25.175Z
28.09.2026;19:00;Serbia;Prva Liga;Gfk Dubocica;FK Javor Ivanjica;id1000072173221936;bet365;Full Time Result;0.0;2;1.69;1.69;2026-09-27T22:26:25.175Z
28.09.2026;19:00;Serbia;Prva Liga;Gfk Dubocica;FK Javor Ivanjica;id1000072173221936;bet365;Over Under Full Time;2.5;Over;1.54;1.54;2026-09-27T22:26:25.175Z
28.09.2026;19:00;Serbia;Prva Liga;Gfk Dubocica;FK Javor Ivanjica;id1000072173221936;bet365;Over Under Full Time;2.5;Under;2.35;2.35;2026-09-27T22:26:25.175Z
28.09.2026;19:00;Serbia;Prva Liga;Gfk Dubocica;FK Javor Ivanjica;id1000072173221936;bet365;Double Chance Full Time;0.0;1X;1.87;1.87;2026-09-27T22:26:25.175Z
28.09.2026;19:00;Serbia;Prva Liga;Gfk Dubocica;FK Javor Ivanjica;id1000072173221936;bet365;Double Chance Full Time;0.0;12;1.17;1.17;2026-09-27T22:26:25.175Z
28.09.2026;19:00;Serbia;Prva Liga;Gfk Dubocica;FK Javor Ivanjica;id1000072173221936;bet365;Double Chance Full Time;0.0;2X;1.15;1.15;2026-09-27T22:26:25.175Z
28.09.2026;19:00;Serbia;Prva Liga;Gfk Dubocica;FK Javor Ivanjica;id1000072173221936;bet365;First Half Result;0.0;1;4.0;4.0;2026-09-27T22:26:25.175Z
28.09.2026;19:00;Serbia;Prva Liga;Gfk Dubocica;FK Javor Ivanjica;id1000072173221936;bet365;First Half Result;0.0;X;2.4;2.4;2026-09-27T22:26:25.175Z
28.09.2026;19:00;Serbia;Prva Liga;Gfk Dubocica;FK Javor Ivanjica;id1000072173221936;bet365;First Half Result;0.0;2;2.2;2.2;2026-09-27T22:26:25.175Z
28.09.2026;19:00;Serbia;Prva Liga;Gfk Dubocica;FK Javor Ivanjica;id1000072173221936;sisal.it;Full Time Result;0.0;1;4.25;4.0;2026-09-27T22:11:38.969Z
28.09.2026;19:00;Serbia;Prva Liga;Gfk Dubocica;FK Javor Ivanjica;id1000072173221936;sisal.it;Full Time Result;0.0;X;3.75;3.75;2026-09-27T13:21:06.878Z
28.09.2026;19:00;Serbia;Prva Liga;Gfk Dubocica;FK Javor Ivanjica;id1000072173221936;sisal.it;Full Time Result;0.0;2;1.62;1.67;2026-09-27T22:11:38.969Z
28.09.2026;19:00;Serbia;Prva Liga;Gfk Dubocica;FK Javor Ivanjica;id1000072173221936;sisal.it;Over Under Full Time;2.5;Over;1.52;1.52;2026-09-27T22:11:38.969Z
28.09.2026;19:00;Serbia;Prva Liga;Gfk Dubocica;FK Javor Ivanjica;id1000072173221936;sisal.it;Over Under Full Time;2.5;Under;2.2;2.3;2026-09-27T22:11:38.969Z
28.09.2026;19:00;Serbia;Prva Liga;Gfk Dubocica;FK Javor Ivanjica;id1000072173221936;sisal.it;Over Under Full Time;3.5;Over;2.3;2.3;2026-09-27T22:11:38.969Z
28.09.2026;19:00;Serbia;Prva Liga;Gfk Dubocica;FK Javor Ivanjica;id1000072173221936;sisal.it;Over Under Full Time;3.5;Under;1.48;1.48;2026-09-27T22:11:38.969Z
28.09.2026;19:00;Serbia;Prva Liga;Gfk Dubocica;FK Javor Ivanjica;id1000072173221936;sisal.it;European Handicap;1.0;1;2.1;2.0;2026-09-27T22:11:38.969Z
28.09.2026;19:00;Serbia;Prva Liga;Gfk Dubocica;FK Javor Ivanjica;id1000072173221936;sisal.it;European Handicap;1.0;X;3.5;3.5;2026-09-27T13:21:06.878Z
28.09.2026;19:00;Serbia;Prva Liga;Gfk Dubocica;FK Javor Ivanjica;id1000072173221936;sisal.it;European Handicap;1.0;2;2.6;2.75;2026-09-27T22:11:38.969Z
28.09.2026;19:00;Serbia;Prva Liga;Gfk Dubocica;FK Javor Ivanjica;id1000072173221936;sisal.it;Over Under Full Time;4.5;Over;4.0;3.75;2026-09-27T22:11:38.969Z
28.09.2026;19:00;Serbia;Prva Liga;Gfk Dubocica;FK Javor Ivanjica;id1000072173221936;sisal.it;Over Under Full Time;4.5;Under;1.16;1.18;2026-09-27T22:11:38.969Z
28.09.2026;19:00;Serbia;Prva Liga;Gfk Dubocica;FK Javor Ivanjica;id1000072173221936;sisal.it;Double Chance Full Time;0.0;1X;2.0;2.0;2026-09-27T13:21:06.878Z
28.09.2026;19:00;Serbia;Prva Liga;Gfk Dubocica;FK Javor Ivanjica;id1000072173221936;sisal.it;Double Chance Full Time;0.0;12;1.2;1.2;2026-09-27T13:21:06.878Z
28.09.2026;19:00;Serbia;Prva Liga;Gfk Dubocica;FK Javor Ivanjica;id1000072173221936;sisal.it;Double Chance Full Time;0.0;2X;1.16;1.18;2026-09-27T22:11:38.969Z
28.09.2026;19:00;Serbia;Prva Liga;Gfk Dubocica;FK Javor Ivanjica;id1000072173221936;sisal.it;Double Chance First Half;0.0;1X;1.51;1.47;2026-09-27T22:11:38.969Z
28.09.2026;19:00;Serbia;Prva Liga;Gfk Dubocica;FK Javor Ivanjica;id1000072173221936;sisal.it;Double Chance First Half;0.0;12;1.38;1.37;2026-09-27T22:11:38.969Z
28.09.2026;19:00;Serbia;Prva Liga;Gfk Dubocica;FK Javor Ivanjica;id1000072173221936;sisal.it;Double Chance First Half;0.0;2X;1.1;1.12;2026-09-27T22:11:38.969Z
28.09.2026;19:00;Serbia;Prva Liga;Gfk Dubocica;FK Javor Ivanjica;id1000072173221936;sisal.it;First Half Result;0.0;1;4.25;4.0;2026-09-27T22:11:38.969Z
28.09.2026;19:00;Serbia;Prva Liga;Gfk Dubocica;FK Javor Ivanjica;id1000072173221936;sisal.it;First Half Result;0.0;X;2.4;2.4;2026-09-27T13:21:06.878Z
28.09.2026;19:00;Serbia;Prva Liga;Gfk Dubocica;FK Javor Ivanjica;id1000072173221936;sisal.it;First Half Result;0.0;2;2.1;2.15;2026-09-27T22:11:38.969Z
28.09.2026;19:00;Serbia;Prva Liga;Gfk Dubocica;FK Javor Ivanjica;id1000072173221936;sisal.it;Over Under First Half;0.5;Over;1.22;1.22;2026-09-27T13:21:06.878Z
28.09.2026;19:00;Serbia;Prva Liga;Gfk Dubocica;FK Javor Ivanjica;id1000072173221936;sisal.it;Over Under First Half;0.5;Under;3.25;3.25;2026-09-27T13:21:06.878Z
28.09.2026;19:00;Serbia;Prva Liga;Gfk Dubocica;FK Javor Ivanjica;id1000072173221936;sisal.it;Over Under First Half;1.5;Over;2.2;2.2;2026-09-27T13:21:06.878Z
28.09.2026;19:00;Serbia;Prva Liga;Gfk Dubocica;FK Javor Ivanjica;id1000072173221936;sisal.it;Over Under First Half;1.5;Under;1.5;1.5;2026-09-27T13:21:06.878Z
28.09.2026;19:00;Serbia;Prva Liga;Gfk Dubocica;FK Javor Ivanjica;id1000072173221936;sisal.it;Over Under First Half;2.5;Over;4.75;4.5;2026-09-27T22:11:38.969Z
28.09.2026;19:00;Serbia;Prva Liga;Gfk Dubocica;FK Javor Ivanjica;id1000072173221936;sisal.it;Over Under First Half;2.5;Under;1.1;1.12;2026-09-27T22:11:38.969Z
28.09.2026;19:00;Serbia;Prva Liga;Gfk Dubocica;FK Javor Ivanjica;id1000072173221936;sisal.it;Over Under First Half;3.5;Over;9.0;9.0;2026-09-27T13:21:06.878Z
28.09.2026;19:00;Serbia;Prva Liga;Gfk Dubocica;FK Javor Ivanjica;id1000072173221936;sisal.it;Over Under First Half;4.5;Over;16.0;16.0;2026-09-27T13:21:06.878Z
28.09.2026;19:00;Serbia;Prva Liga;Gfk Dubocica;FK Javor Ivanjica;id1000072173221936;sisal.it;Both Teams To Score;0.0;Yes;1.57;1.57;2026-09-27T13:21:06.878Z
28.09.2026;19:00;Serbia;Prva Liga;Gfk Dubocica;FK Javor Ivanjica;id1000072173221936;sisal.it;Both Teams To Score;0.0;No;2.2;2.2;2026-09-27T13:21:06.878Z
28.09.2026;19:00;Serbia;Prva Liga;Gfk Dubocica;FK Javor Ivanjica;id1000072173221936;sisal.it;Over Under Full Time;0.5;Under;10.0;12.0;2026-09-27T22:11:38.969Z
28.09.2026;19:00;Serbia;Prva Liga;Gfk Dubocica;FK Javor Ivanjica;id1000072173221936;sisal.it;Over Under Full Time;1.5;Over;1.15;1.13;2026-09-27T22:11:38.969Z
28.09.2026;19:00;Serbia;Prva Liga;Gfk Dubocica;FK Javor Ivanjica;id1000072173221936;sisal.it;Over Under Full Time;1.5;Under;4.25;4.5;2026-09-27T22:11:38.969Z
28.09.2026;19:00;Serbia;Prva Liga;Gfk Dubocica;FK Javor Ivanjica;id1000072173221936;tipico;Full Time Result;0.0;1;3.7;3.7;2026-09-27T18:09:33.612Z
28.09.2026;19:00;Serbia;Prva Liga;Gfk Dubocica;FK Javor Ivanjica;id1000072173221936;tipico;Full Time Result;0.0;X;3.5;3.7;2026-09-27T20:26:30.318Z
28.09.2026;19:00;Serbia;Prva Liga;Gfk Dubocica;FK Javor Ivanjica;id1000072173221936;tipico;Full Time Result;0.0;2;1.72;1.67;2026-09-27T20:26:30.318Z
28.09.2026;19:00;Serbia;Prva Liga;Gfk Dubocica;FK Javor Ivanjica;id1000072173221936;tipico;Over Under Full Time;2.5;Over;1.55;1.55;2026-09-27T18:09:33.612Z
28.09.2026;19:00;Serbia;Prva Liga;Gfk Dubocica;FK Javor Ivanjica;id1000072173221936;tipico;Over Under Full Time;2.5;Under;2.3;2.3;2026-09-27T18:09:33.612Z
28.09.2026;19:00;Serbia;Prva Liga;Gfk Dubocica;FK Javor Ivanjica;id1000072173221936;tipico;Over Under Full Time;3.5;Over;2.3;2.3;2026-09-27T18:09:33.612Z
28.09.2026;19:00;Serbia;Prva Liga;Gfk Dubocica;FK Javor Ivanjica;id1000072173221936;tipico;Over Under Full Time;3.5;Under;1.55;1.55;2026-09-27T18:09:33.612Z
28.09.2026;19:00;Serbia;Prva Liga;Gfk Dubocica;FK Javor Ivanjica;id1000072173221936;tipico;European Handicap;2.0;1;1.35;1.35;2026-09-27T18:09:33.612Z
28.09.2026;19:00;Serbia;Prva Liga;Gfk Dubocica;FK Javor Ivanjica;id1000072173221936;tipico;European Handicap;2.0;X;5.0;5.0;2026-09-27T18:09:33.612Z
28.09.2026;19:00;Serbia;Prva Liga;Gfk Dubocica;FK Javor Ivanjica;id1000072173221936;tipico;European Handicap;2.0;2;5.3;5.3;2026-09-27T18:09:33.612Z
28.09.2026;19:00;Serbia;Prva Liga;Gfk Dubocica;FK Javor Ivanjica;id1000072173221936;tipico;European Handicap;1.0;1;1.9;1.9;2026-09-27T18:09:33.612Z
28.09.2026;19:00;Serbia;Prva Liga;Gfk Dubocica;FK Javor Ivanjica;id1000072173221936;tipico;European Handicap;1.0;X;3.9;3.9;2026-09-27T18:09:33.612Z
28.09.2026;19:00;Serbia;Prva Liga;Gfk Dubocica;FK Javor Ivanjica;id1000072173221936;tipico;European Handicap;1.0;2;2.8;2.8;2026-09-27T18:09:33.612Z
28.09.2026;19:00;Serbia;Prva Liga;Gfk Dubocica;FK Javor Ivanjica;id1000072173221936;tipico;Over Under Full Time;4.5;Over;4.0;3.9;2026-09-28T00:59:50.348Z
28.09.2026;19:00;Serbia;Prva Liga;Gfk Dubocica;FK Javor Ivanjica;id1000072173221936;tipico;Over Under Full Time;4.5;Under;1.2;1.2;2026-09-27T18:09:33.612Z
28.09.2026;19:00;Serbia;Prva Liga;Gfk Dubocica;FK Javor Ivanjica;id1000072173221936;tipico;European Handicap;-1.0;1;9.0;9.0;2026-09-27T18:09:33.612Z
28.09.2026;19:00;Serbia;Prva Liga;Gfk Dubocica;FK Javor Ivanjica;id1000072173221936;tipico;European Handicap;-1.0;X;6.0;6.0;2026-09-27T18:09:33.612Z
28.09.2026;19:00;Serbia;Prva Liga;Gfk Dubocica;FK Javor Ivanjica;id1000072173221936;tipico;European Handicap;-1.0;2;1.16;1.16;2026-09-27T18:09:33.612Z
28.09.2026;19:00;Serbia;Prva Liga;Gfk Dubocica;FK Javor Ivanjica;id1000072173221936;tipico;Double Chance Full Time;0.0;1X;1.87;1.77;2026-09-27T22:01:50.899Z
28.09.2026;19:00;Serbia;Prva Liga;Gfk Dubocica;FK Javor Ivanjica;id1000072173221936;tipico;Double Chance Full Time;0.0;12;1.18;1.18;2026-09-27T18:09:33.612Z
28.09.2026;19:00;Serbia;Prva Liga;Gfk Dubocica;FK Javor Ivanjica;id1000072173221936;tipico;Double Chance Full Time;0.0;2X;1.13;1.17;2026-09-27T22:01:50.899Z
28.09.2026;19:00;Serbia;Prva Liga;Gfk Dubocica;FK Javor Ivanjica;id1000072173221936;tipico;First Half Result;0.0;1;3.7;4.2;2026-09-27T22:58:41.513Z
28.09.2026;19:00;Serbia;Prva Liga;Gfk Dubocica;FK Javor Ivanjica;id1000072173221936;tipico;First Half Result;0.0;X;2.25;2.1;2026-09-27T22:58:41.513Z
28.09.2026;19:00;Serbia;Prva Liga;Gfk Dubocica;FK Javor Ivanjica;id1000072173221936;tipico;First Half Result;0.0;2;2.25;2.25;2026-09-27T18:09:33.612Z
28.09.2026;19:00;Serbia;Prva Liga;Gfk Dubocica;FK Javor Ivanjica;id1000072173221936;tipico;Second Half Result;0.0;1;3.8;3.8;2026-09-27T18:09:33.612Z
28.09.2026;19:00;Serbia;Prva Liga;Gfk Dubocica;FK Javor Ivanjica;id1000072173221936;tipico;Second Half Result;0.0;X;2.85;2.85;2026-09-27T18:09:33.612Z
28.09.2026;19:00;Serbia;Prva Liga;Gfk Dubocica;FK Javor Ivanjica;id1000072173221936;tipico;Second Half Result;0.0;2;2.1;2.1;2026-09-27T18:09:33.612Z
28.09.2026;19:00;Serbia;Prva Liga;Gfk Dubocica;FK Javor Ivanjica;id1000072173221936;tipico;Over Under Team 1;1.5;Over;2.6;2.6;2026-09-27T18:09:33.612Z
28.09.2026;19:00;Serbia;Prva Liga;Gfk Dubocica;FK Javor Ivanjica;id1000072173221936;tipico;Over Under Team 1;1.5;Under;1.42;1.42;2026-09-27T18:09:33.612Z
28.09.2026;19:00;Serbia;Prva Liga;Gfk Dubocica;FK Javor Ivanjica;id1000072173221936;tipico;Over Under Team 2;1.5;Over;1.6;1.6;2026-09-27T18:09:33.612Z
28.09.2026;19:00;Serbia;Prva Liga;Gfk Dubocica;FK Javor Ivanjica;id1000072173221936;tipico;Over Under Team 2;1.5;Under;2.15;2.15;2026-09-27T18:09:33.612Z
28.09.2026;19:00;Serbia;Prva Liga;Gfk Dubocica;FK Javor Ivanjica;id1000072173221936;tipico;European Handicap First Half;1.0;1;1.55;1.55;2026-09-27T18:09:33.612Z
28.09.2026;19:00;Serbia;Prva Liga;Gfk Dubocica;FK Javor Ivanjica;id1000072173221936;tipico;European Handicap First Half;1.0;X;3.1;3.1;2026-09-27T18:09:33.612Z
28.09.2026;19:00;Serbia;Prva Liga;Gfk Dubocica;FK Javor Ivanjica;id1000072173221936;tipico;European Handicap First Half;1.0;2;5.5;5.5;2026-09-27T18:09:33.612Z
28.09.2026;19:00;Serbia;Prva Liga;Gfk Dubocica;FK Javor Ivanjica;id1000072173221936;tipico;Over Under First Half;0.5;Over;1.27;1.27;2026-09-27T18:09:33.612Z
28.09.2026;19:00;Serbia;Prva Liga;Gfk Dubocica;FK Javor Ivanjica;id1000072173221936;tipico;Over Under First Half;0.5;Under;3.3;3.3;2026-09-27T18:09:33.612Z
28.09.2026;19:00;Serbia;Prva Liga;Gfk Dubocica;FK Javor Ivanjica;id1000072173221936;tipico;Over Under First Half;1.5;Over;2.25;2.25;2026-09-27T18:09:33.612Z
28.09.2026;19:00;Serbia;Prva Liga;Gfk Dubocica;FK Javor Ivanjica;id1000072173221936;tipico;Over Under First Half;1.5;Under;1.55;1.55;2026-09-27T18:09:33.612Z
28.09.2026;19:00;Serbia;Prva Liga;Gfk Dubocica;FK Javor Ivanjica;id1000072173221936;tipico;Both Teams To Score First Half;0.0;Yes;3.4;3.4;2026-09-27T18:09:33.612Z
28.09.2026;19:00;Serbia;Prva Liga;Gfk Dubocica;FK Javor Ivanjica;id1000072173221936;tipico;Both Teams To Score First Half;0.0;No;1.25;1.25;2026-09-27T18:09:33.612Z
28.09.2026;19:00;Serbia;Prva Liga;Gfk Dubocica;FK Javor Ivanjica;id1000072173221936;tipico;Both Teams To Score;0.0;Yes;1.52;1.52;2026-09-27T18:09:33.612Z
28.09.2026;19:00;Serbia;Prva Liga;Gfk Dubocica;FK Javor Ivanjica;id1000072173221936;tipico;Both Teams To Score;0.0;No;2.3;2.3;2026-09-27T18:09:33.612Z
28.09.2026;19:00;Serbia;Prva Liga;Gfk Dubocica;FK Javor Ivanjica;id1000072173221936;tipico;Over Under Full Time;1.5;Over;1.17;1.16;2026-09-27T20:26:30.318Z
28.09.2026;19:00;Serbia;Prva Liga;Gfk Dubocica;FK Javor Ivanjica;id1000072173221936;tipico;Over Under Full Time;1.5;Under;4.4;4.4;2026-09-27T18:09:33.612Z
28.09.2026;19:00;Serbia;Prva Liga;Gfk Dubocica;FK Javor Ivanjica;id1000072173221936;stoiximan;Full Time Result;0.0;1;3.75;3.75;2026-09-28T01:57:09.035Z
28.09.2026;19:00;Serbia;Prva Liga;Gfk Dubocica;FK Javor Ivanjica;id1000072173221936;stoiximan;Full Time Result;0.0;X;3.65;3.75;2026-09-28T01:57:09.035Z
28.09.2026;19:00;Serbia;Prva Liga;Gfk Dubocica;FK Javor Ivanjica;id1000072173221936;stoiximan;Full Time Result;0.0;2;1.75;1.72;2026-09-28T01:57:09.035Z
28.09.2026;19:00;Serbia;Prva Liga;Gfk Dubocica;FK Javor Ivanjica;id1000072173221936;stoiximan;Over Under Full Time;2.5;Over;1.53;1.53;2026-09-28T01:57:09.035Z
28.09.2026;19:00;Serbia;Prva Liga;Gfk Dubocica;FK Javor Ivanjica;id1000072173221936;stoiximan;Over Under Full Time;2.5;Under;2.22;2.22;2026-09-28T01:57:09.035Z
28.09.2026;19:00;Serbia;Prva Liga;Gfk Dubocica;FK Javor Ivanjica;id1000072173221936;stoiximan;First Half Result;0.0;1;4.0;4.0;2026-09-28T01:57:09.035Z
28.09.2026;19:00;Serbia;Prva Liga;Gfk Dubocica;FK Javor Ivanjica;id1000072173221936;stoiximan;First Half Result;0.0;X;2.27;2.3;2026-09-28T01:57:09.035Z
28.09.2026;19:00;Serbia;Prva Liga;Gfk Dubocica;FK Javor Ivanjica;id1000072173221936;stoiximan;First Half Result;0.0;2;2.27;2.25;2026-09-28T01:57:09.035Z
28.09.2026;19:00;Serbia;Prva Liga;Gfk Dubocica;FK Javor Ivanjica;id1000072173221936;stoiximan;Second Half Result;0.0;1;3.7;3.75;2026-09-28T01:57:09.035Z
28.09.2026;19:00;Serbia;Prva Liga;Gfk Dubocica;FK Javor Ivanjica;id1000072173221936;stoiximan;Second Half Result;0.0;X;2.72;2.75;2026-09-28T01:57:09.035Z
28.09.2026;19:00;Serbia;Prva Liga;Gfk Dubocica;FK Javor Ivanjica;id1000072173221936;stoiximan;Second Half Result;0.0;2;2.02;2.02;2026-09-28T01:57:09.035Z
28.09.2026;19:00;Serbia;Prva Liga;Gfk Dubocica;FK Javor Ivanjica;id1000072173221936;stoiximan;Over Under First Half;1.5;Over;2.15;2.15;2026-09-28T01:57:09.035Z
28.09.2026;19:00;Serbia;Prva Liga;Gfk Dubocica;FK Javor Ivanjica;id1000072173221936;stoiximan;Over Under First Half;1.5;Under;1.5;1.5;2026-09-28T01:57:09.035Z
28.09.2026;19:00;Serbia;Prva Liga;Gfk Dubocica;FK Javor Ivanjica;id1000072173221936;stoiximan;Asian Handicap First Half;0.25;1;1.75;1.75;2026-09-28T01:57:09.035Z
28.09.2026;19:00;Serbia;Prva Liga;Gfk Dubocica;FK Javor Ivanjica;id1000072173221936;stoiximan;Asian Handicap First Half;0.25;2;1.8;1.78;2026-09-28T01:57:09.035Z
28.09.2026;19:00;Serbia;Prva Liga;Gfk Dubocica;FK Javor Ivanjica;id1000072173221936;stoiximan;Asian Handicap;0.75;1;1.72;1.75;2026-09-28T01:57:09.035Z
28.09.2026;19:00;Serbia;Prva Liga;Gfk Dubocica;FK Javor Ivanjica;id1000072173221936;stoiximan;Asian Handicap;0.75;2;1.9;1.87;2026-09-28T01:57:09.035Z
28.09.2026;19:00;Serbia;Prva Liga;Gfk Dubocica;FK Javor Ivanjica;id1000072173221936;superbet;Full Time Result;0.0;1;3.1;3.75;2026-09-28T01:49:59.435Z
28.09.2026;19:00;Serbia;Prva Liga;Gfk Dubocica;FK Javor Ivanjica;id1000072173221936;superbet;Full Time Result;0.0;X;3.3;3.7;2026-09-28T01:49:59.435Z
28.09.2026;19:00;Serbia;Prva Liga;Gfk Dubocica;FK Javor Ivanjica;id1000072173221936;superbet;Full Time Result;0.0;2;2.05;1.73;2026-09-28T01:49:59.435Z
28.09.2026;19:00;Serbia;Prva Liga;Gfk Dubocica;FK Javor Ivanjica;id1000072173221936;superbet;Over Under Full Time;2.5;Over;1.85;1.55;2026-09-28T01:49:59.435Z
28.09.2026;19:00;Serbia;Prva Liga;Gfk Dubocica;FK Javor Ivanjica;id1000072173221936;superbet;Over Under Full Time;2.5;Under;1.85;2.3;2026-09-28T01:49:59.435Z
28.09.2026;19:00;Serbia;Prva Liga;Gfk Dubocica;FK Javor Ivanjica;id1000072173221936;superbet;Over Under Full Time;3.5;Over;3.1;2.35;2026-09-28T01:49:59.435Z
28.09.2026;19:00;Serbia;Prva Liga;Gfk Dubocica;FK Javor Ivanjica;id1000072173221936;superbet;Over Under Full Time;3.5;Under;1.32;1.53;2026-09-28T01:49:59.435Z
28.09.2026;19:00;Serbia;Prva Liga;Gfk Dubocica;FK Javor Ivanjica;id1000072173221936;superbet;Over Under Full Time;4.5;Over;5.75;4.0;2026-09-28T01:49:59.435Z
28.09.2026;19:00;Serbia;Prva Liga;Gfk Dubocica;FK Javor Ivanjica;id1000072173221936;superbet;Over Under Full Time;4.5;Under;1.1;1.2;2026-09-28T01:49:59.435Z
28.09.2026;19:00;Serbia;Prva Liga;Gfk Dubocica;FK Javor Ivanjica;id1000072173221936;superbet;Double Chance Full Time;0.0;1X;1.6;1.87;2026-09-28T01:49:59.435Z
28.09.2026;19:00;Serbia;Prva Liga;Gfk Dubocica;FK Javor Ivanjica;id1000072173221936;superbet;Double Chance Full Time;0.0;12;1.24;1.19;2026-09-28T01:49:59.435Z
28.09.2026;19:00;Serbia;Prva Liga;Gfk Dubocica;FK Javor Ivanjica;id1000072173221936;superbet;Double Chance Full Time;0.0;2X;1.27;1.18;2026-09-28T01:49:59.435Z
28.09.2026;19:00;Serbia;Prva Liga;Gfk Dubocica;FK Javor Ivanjica;id1000072173221936;superbet;Double Chance First Half;0.0;1X;1.35;1.51;2026-09-28T01:49:59.435Z
28.09.2026;19:00;Serbia;Prva Liga;Gfk Dubocica;FK Javor Ivanjica;id1000072173221936;superbet;Double Chance First Half;0.0;12;1.55;1.44;2026-09-28T01:49:59.435Z
28.09.2026;19:00;Serbia;Prva Liga;Gfk Dubocica;FK Javor Ivanjica;id1000072173221936;superbet;Double Chance First Half;0.0;2X;1.2;1.16;2026-09-28T01:49:59.435Z
28.09.2026;19:00;Serbia;Prva Liga;Gfk Dubocica;FK Javor Ivanjica;id1000072173221936;superbet;Double Chance Second Half;0.0;1X;1.42;1.59;2026-09-28T01:49:59.435Z
28.09.2026;19:00;Serbia;Prva Liga;Gfk Dubocica;FK Javor Ivanjica;id1000072173221936;superbet;Double Chance Second Half;0.0;12;1.42;1.34;2026-09-28T01:49:59.435Z
28.09.2026;19:00;Serbia;Prva Liga;Gfk Dubocica;FK Javor Ivanjica;id1000072173221936;superbet;Double Chance Second Half;0.0;2X;1.23;1.18;2026-09-28T01:49:59.435Z
28.09.2026;19:00;Serbia;Prva Liga;Gfk Dubocica;FK Javor Ivanjica;id1000072173221936;superbet;First Half Result;0.0;1;3.65;4.1;2026-09-28T01:49:59.435Z
28.09.2026;19:00;Serbia;Prva Liga;Gfk Dubocica;FK Javor Ivanjica;id1000072173221936;superbet;First Half Result;0.0;X;2.15;2.42;2026-09-28T01:49:59.435Z
28.09.2026;19:00;Serbia;Prva Liga;Gfk Dubocica;FK Javor Ivanjica;id1000072173221936;superbet;First Half Result;0.0;2;2.7;2.22;2026-09-28T01:49:59.435Z
28.09.2026;19:00;Serbia;Prva Liga;Gfk Dubocica;FK Javor Ivanjica;id1000072173221936;superbet;Second Half Result;0.0;1;3.35;3.75;2026-09-28T01:49:59.435Z
28.09.2026;19:00;Serbia;Prva Liga;Gfk Dubocica;FK Javor Ivanjica;id1000072173221936;superbet;Second Half Result;0.0;X;2.47;2.75;2026-09-28T01:49:59.435Z
28.09.2026;19:00;Serbia;Prva Liga;Gfk Dubocica;FK Javor Ivanjica;id1000072173221936;superbet;Second Half Result;0.0;2;2.45;2.07;2026-09-28T01:49:59.435Z
28.09.2026;19:00;Serbia;Prva Liga;Gfk Dubocica;FK Javor Ivanjica;id1000072173221936;superbet;Over Under Team 1 First Half;0.5;Over;2.3;2.22;2026-09-28T01:49:59.435Z
28.09.2026;19:00;Serbia;Prva Liga;Gfk Dubocica;FK Javor Ivanjica;id1000072173221936;superbet;Over Under Team 1 First Half;0.5;Under;1.55;1.58;2026-09-28T01:49:59.435Z
28.09.2026;19:00;Serbia;Prva Liga;Gfk Dubocica;FK Javor Ivanjica;id1000072173221936;superbet;Over Under Team 2 First Half;0.5;Over;1.95;1.61;2026-09-28T01:49:59.435Z
28.09.2026;19:00;Serbia;Prva Liga;Gfk Dubocica;FK Javor Ivanjica;id1000072173221936;superbet;Over Under Team 2 First Half;0.5;Under;1.77;2.17;2026-09-28T01:49:59.435Z
28.09.2026;19:00;Serbia;Prva Liga;Gfk Dubocica;FK Javor Ivanjica;id1000072173221936;superbet;Over Under Team 1 Second Half;0.5;Over;1.92;1.88;2026-09-28T01:49:59.435Z
28.09.2026;19:00;Serbia;Prva Liga;Gfk Dubocica;FK Javor Ivanjica;id1000072173221936;superbet;Over Under Team 1 Second Half;0.5;Under;1.78;1.83;2026-09-28T01:49:59.435Z
28.09.2026;19:00;Serbia;Prva Liga;Gfk Dubocica;FK Javor Ivanjica;id1000072173221936;superbet;Over Under Team 1;0.5;Over;1.37;1.35;2026-09-28T01:49:59.435Z
28.09.2026;19:00;Serbia;Prva Liga;Gfk Dubocica;FK Javor Ivanjica;id1000072173221936;superbet;Over Under Team 1;0.5;Under;2.85;2.95;2026-09-28T01:49:59.435Z
28.09.2026;19:00;Serbia;Prva Liga;Gfk Dubocica;FK Javor Ivanjica;id1000072173221936;superbet;Over Under Team 2 Second Half;0.5;Over;1.64;1.43;2026-09-28T01:49:59.435Z
28.09.2026;19:00;Serbia;Prva Liga;Gfk Dubocica;FK Javor Ivanjica;id1000072173221936;superbet;Over Under Team 2 Second Half;0.5;Under;2.12;2.62;2026-09-28T01:49:59.435Z
28.09.2026;19:00;Serbia;Prva Liga;Gfk Dubocica;FK Javor Ivanjica;id1000072173221936;superbet;Over Under Team 1;1.5;Over;2.75;2.65;2026-09-28T01:49:59.435Z
28.09.2026;19:00;Serbia;Prva Liga;Gfk Dubocica;FK Javor Ivanjica;id1000072173221936;superbet;Over Under Team 1;1.5;Under;1.4;1.43;2026-09-28T01:49:59.435Z
28.09.2026;19:00;Serbia;Prva Liga;Gfk Dubocica;FK Javor Ivanjica;id1000072173221936;superbet;Over Under Team 1;2.5;Over;6.5;6.2;2026-09-28T01:49:59.435Z
28.09.2026;19:00;Serbia;Prva Liga;Gfk Dubocica;FK Javor Ivanjica;id1000072173221936;superbet;Over Under Team 1;2.5;Under;1.08;1.09;2026-09-28T01:49:59.435Z
28.09.2026;19:00;Serbia;Prva Liga;Gfk Dubocica;FK Javor Ivanjica;id1000072173221936;superbet;Over Under Team 2;0.5;Over;1.22;1.11;2026-09-28T01:49:59.435Z
28.09.2026;19:00;Serbia;Prva Liga;Gfk Dubocica;FK Javor Ivanjica;id1000072173221936;superbet;Over Under Team 2;0.5;Under;3.9;5.45;2026-09-28T01:49:59.435Z
28.09.2026;19:00;Serbia;Prva Liga;Gfk Dubocica;FK Javor Ivanjica;id1000072173221936;superbet;Over Under Team 2;1.5;Over;2.05;1.62;2026-09-28T01:49:59.435Z
28.09.2026;19:00;Serbia;Prva Liga;Gfk Dubocica;FK Javor Ivanjica;id1000072173221936;superbet;Over Under Team 2;1.5;Under;1.69;2.15;2026-09-28T01:49:59.435Z
28.09.2026;19:00;Serbia;Prva Liga;Gfk Dubocica;FK Javor Ivanjica;id1000072173221936;superbet;Over Under Team 2;2.5;Over;4.25;2.9;2026-09-28T01:49:59.435Z
28.09.2026;19:00;Serbia;Prva Liga;Gfk Dubocica;FK Javor Ivanjica;id1000072173221936;superbet;Over Under Team 2;2.5;Under;1.18;1.36;2026-09-28T01:49:59.435Z
28.09.2026;19:00;Serbia;Prva Liga;Gfk Dubocica;FK Javor Ivanjica;id1000072173221936;superbet;Over Under First Half;0.5;Over;1.38;1.27;2026-09-28T01:49:59.435Z
28.09.2026;19:00;Serbia;Prva Liga;Gfk Dubocica;FK Javor Ivanjica;id1000072173221936;superbet;Over Under First Half;0.5;Under;2.8;3.4;2026-09-28T01:49:59.435Z
28.09.2026;19:00;Serbia;Prva Liga;Gfk Dubocica;FK Javor Ivanjica;id1000072173221936;superbet;Over Under First Half;1.5;Over;2.8;2.27;2026-09-28T01:49:59.435Z
28.09.2026;19:00;Serbia;Prva Liga;Gfk Dubocica;FK Javor Ivanjica;id1000072173221936;superbet;Over Under First Half;1.5;Under;1.39;1.56;2026-09-28T01:49:59.435Z
28.09.2026;19:00;Serbia;Prva Liga;Gfk Dubocica;FK Javor Ivanjica;id1000072173221936;superbet;Over Under First Half;2.5;Over;6.7;5.0;2026-09-28T01:49:59.435Z
28.09.2026;19:00;Serbia;Prva Liga;Gfk Dubocica;FK Javor Ivanjica;id1000072173221936;superbet;Over Under First Half;2.5;Under;1.07;1.14;2026-09-28T01:49:59.435Z
28.09.2026;19:00;Serbia;Prva Liga;Gfk Dubocica;FK Javor Ivanjica;id1000072173221936;superbet;Over Under Second Half;0.5;Over;1.23;1.16;2026-09-28T01:49:59.435Z
28.09.2026;19:00;Serbia;Prva Liga;Gfk Dubocica;FK Javor Ivanjica;id1000072173221936;superbet;Over Under Second Half;0.5;Under;3.8;4.65;2026-09-28T01:49:59.435Z
28.09.2026;19:00;Serbia;Prva Liga;Gfk Dubocica;FK Javor Ivanjica;id1000072173221936;superbet;Over Under Second Half;1.5;Over;2.07;1.78;2026-09-28T01:49:59.435Z
28.09.2026;19:00;Serbia;Prva Liga;Gfk Dubocica;FK Javor Ivanjica;id1000072173221936;superbet;Over Under Second Half;1.5;Under;1.67;1.92;2026-09-28T01:49:59.435Z
28.09.2026;19:00;Serbia;Prva Liga;Gfk Dubocica;FK Javor Ivanjica;id1000072173221936;superbet;Over Under Second Half;2.5;Over;4.35;3.4;2026-09-28T01:49:59.435Z
28.09.2026;19:00;Serbia;Prva Liga;Gfk Dubocica;FK Javor Ivanjica;id1000072173221936;superbet;Over Under Second Half;2.5;Under;1.18;1.28;2026-09-28T01:49:59.435Z
28.09.2026;19:00;Serbia;Prva Liga;Gfk Dubocica;FK Javor Ivanjica;id1000072173221936;superbet;Both Teams To Score First Half;0.0;Yes;4.4;3.6;2026-09-28T01:49:59.435Z
28.09.2026;19:00;Serbia;Prva Liga;Gfk Dubocica;FK Javor Ivanjica;id1000072173221936;superbet;Both Teams To Score First Half;0.0;No;1.17;1.25;2026-09-28T01:49:59.435Z
28.09.2026;19:00;Serbia;Prva Liga;Gfk Dubocica;FK Javor Ivanjica;id1000072173221936;superbet;Both Teams To Score Second Half;0.0;Yes;3.15;2.72;2026-09-28T01:49:59.435Z
28.09.2026;19:00;Serbia;Prva Liga;Gfk Dubocica;FK Javor Ivanjica;id1000072173221936;superbet;Both Teams To Score Second Half;0.0;No;1.31;1.4;2026-09-28T01:49:59.435Z
28.09.2026;19:00;Serbia;Prva Liga;Gfk Dubocica;FK Javor Ivanjica;id1000072173221936;superbet;Both Teams To Score;0.0;Yes;1.72;1.55;2026-09-28T01:49:59.435Z
28.09.2026;19:00;Serbia;Prva Liga;Gfk Dubocica;FK Javor Ivanjica;id1000072173221936;superbet;Both Teams To Score;0.0;No;2.02;2.3;2026-09-28T01:49:59.435Z
28.09.2026;19:00;Serbia;Prva Liga;Gfk Dubocica;FK Javor Ivanjica;id1000072173221936;superbet;Over Under Full Time;0.5;Over;1.04;1.02;2026-09-28T01:49:59.435Z
28.09.2026;19:00;Serbia;Prva Liga;Gfk Dubocica;FK Javor Ivanjica;id1000072173221936;superbet;Over Under Full Time;0.5;Under;9.1;13.0;2026-09-28T01:49:59.435Z
28.09.2026;19:00;Serbia;Prva Liga;Gfk Dubocica;FK Javor Ivanjica;id1000072173221936;superbet;Asian Handicap;-1.5;1;5.85;6.8;2026-09-28T01:49:59.435Z
28.09.2026;19:00;Serbia;Prva Liga;Gfk Dubocica;FK Javor Ivanjica;id1000072173221936;superbet;Asian Handicap;-1.5;2;1.07;1.04;2026-09-28T01:49:59.435Z
28.09.2026;19:00;Serbia;Prva Liga;Gfk Dubocica;FK Javor Ivanjica;id1000072173221936;superbet;Asian Handicap;-0.5;1;2.95;3.55;2026-09-28T01:49:59.435Z
28.09.2026;19:00;Serbia;Prva Liga;Gfk Dubocica;FK Javor Ivanjica;id1000072173221936;superbet;Asian Handicap;-0.5;2;1.3;1.21;2026-09-28T01:49:59.435Z
28.09.2026;19:00;Serbia;Prva Liga;Gfk Dubocica;FK Javor Ivanjica;id1000072173221936;superbet;Asian Handicap;0.5;1;1.65;1.95;2026-09-28T01:49:59.435Z
28.09.2026;19:00;Serbia;Prva Liga;Gfk Dubocica;FK Javor Ivanjica;id1000072173221936;superbet;Asian Handicap;0.5;2;1.97;1.68;2026-09-28T01:49:59.435Z
28.09.2026;19:00;Serbia;Prva Liga;Gfk Dubocica;FK Javor Ivanjica;id1000072173221936;superbet;Over Under Full Time;1.5;Over;1.27;1.16;2026-09-28T01:49:59.435Z
28.09.2026;19:00;Serbia;Prva Liga;Gfk Dubocica;FK Javor Ivanjica;id1000072173221936;superbet;Over Under Full Time;1.5;Under;3.45;4.55;2026-09-28T01:49:59.435Z
28.09.2026;19:00;Serbia;Prva Liga;Gfk Dubocica;FK Javor Ivanjica;id1000072173221936;superbet;Asian Handicap;1.5;1;1.2;1.35;2026-09-28T01:49:59.435Z
28.09.2026;19:00;Serbia;Prva Liga;Gfk Dubocica;FK Javor Ivanjica;id1000072173221936;superbet;Asian Handicap;1.5;2;3.6;2.72;2026-09-28T01:49:59.435Z
28.09.2026;19:00;Serbia;Prva Liga;Gfk Dubocica;FK Javor Ivanjica;id1000072173221936;betano;Full Time Result;0.0;1;3.75;3.75;2026-09-28T00:10:30.877Z
28.09.2026;19:00;Serbia;Prva Liga;Gfk Dubocica;FK Javor Ivanjica;id1000072173221936;betano;Full Time Result;0.0;X;3.65;3.75;2026-09-28T00:10:30.877Z
28.09.2026;19:00;Serbia;Prva Liga;Gfk Dubocica;FK Javor Ivanjica;id1000072173221936;betano;Full Time Result;0.0;2;1.75;1.72;2026-09-28T00:10:30.877Z
28.09.2026;19:00;Serbia;Prva Liga;Gfk Dubocica;FK Javor Ivanjica;id1000072173221936;betano;Over Under Full Time;2.5;Over;1.53;1.53;2026-09-28T00:10:30.877Z
28.09.2026;19:00;Serbia;Prva Liga;Gfk Dubocica;FK Javor Ivanjica;id1000072173221936;betano;Over Under Full Time;2.5;Under;2.22;2.22;2026-09-28T00:10:30.877Z
28.09.2026;19:00;Serbia;Prva Liga;Gfk Dubocica;FK Javor Ivanjica;id1000072173221936;betano;Double Chance Full Time;0.0;1X;1.85;1.88;2026-09-28T00:10:30.877Z
28.09.2026;19:00;Serbia;Prva Liga;Gfk Dubocica;FK Javor Ivanjica;id1000072173221936;betano;Double Chance Full Time;0.0;12;1.24;1.23;2026-09-28T00:10:30.877Z
28.09.2026;19:00;Serbia;Prva Liga;Gfk Dubocica;FK Javor Ivanjica;id1000072173221936;betano;Double Chance Full Time;0.0;2X;1.22;1.22;2026-09-28T00:10:30.877Z
28.09.2026;19:00;Serbia;Prva Liga;Gfk Dubocica;FK Javor Ivanjica;id1000072173221936;betano;Double Chance First Half;0.0;1X;1.5;1.52;2026-09-28T00:10:30.877Z
28.09.2026;19:00;Serbia;Prva Liga;Gfk Dubocica;FK Javor Ivanjica;id1000072173221936;betano;Double Chance First Half;0.0;12;1.52;1.5;2026-09-28T00:10:30.877Z
28.09.2026;19:00;Serbia;Prva Liga;Gfk Dubocica;FK Javor Ivanjica;id1000072173221936;betano;Double Chance First Half;0.0;2X;1.21;1.21;2026-09-28T00:10:30.877Z
28.09.2026;19:00;Serbia;Prva Liga;Gfk Dubocica;FK Javor Ivanjica;id1000072173221936;betano;First Half Result;0.0;1;4.0;4.0;2026-09-28T00:10:30.877Z
28.09.2026;19:00;Serbia;Prva Liga;Gfk Dubocica;FK Javor Ivanjica;id1000072173221936;betano;First Half Result;0.0;X;2.27;2.3;2026-09-28T00:10:30.877Z
28.09.2026;19:00;Serbia;Prva Liga;Gfk Dubocica;FK Javor Ivanjica;id1000072173221936;betano;First Half Result;0.0;2;2.27;2.25;2026-09-28T00:10:30.877Z
28.09.2026;19:00;Serbia;Prva Liga;Gfk Dubocica;FK Javor Ivanjica;id1000072173221936;betano;Second Half Result;0.0;1;3.7;3.75;2026-09-28T00:10:30.877Z
28.09.2026;19:00;Serbia;Prva Liga;Gfk Dubocica;FK Javor Ivanjica;id1000072173221936;betano;Second Half Result;0.0;X;2.72;2.75;2026-09-28T00:10:30.877Z
28.09.2026;19:00;Serbia;Prva Liga;Gfk Dubocica;FK Javor Ivanjica;id1000072173221936;betano;Second Half Result;0.0;2;2.02;2.02;2026-09-28T00:10:30.877Z
28.09.2026;19:00;Serbia;Prva Liga;Gfk Dubocica;FK Javor Ivanjica;id1000072173221936;betano;Over Under First Half;1.5;Over;2.15;2.15;2026-09-28T00:10:30.877Z
28.09.2026;19:00;Serbia;Prva Liga;Gfk Dubocica;FK Javor Ivanjica;id1000072173221936;betano;Over Under First Half;1.5;Under;1.5;1.5;2026-09-28T00:10:30.877Z
28.09.2026;19:00;Serbia;Prva Liga;Gfk Dubocica;FK Javor Ivanjica;id1000072173221936;betano;Asian Handicap First Half;0.25;1;1.75;1.75;2026-09-28T00:10:30.877Z
28.09.2026;19:00;Serbia;Prva Liga;Gfk Dubocica;FK Javor Ivanjica;id1000072173221936;betano;Asian Handicap First Half;0.25;2;1.8;1.78;2026-09-28T00:10:30.877Z
28.09.2026;19:00;Serbia;Prva Liga;Gfk Dubocica;FK Javor Ivanjica;id1000072173221936;betano;Asian Handicap;0.75;1;1.72;1.75;2026-09-28T00:10:30.877Z
28.09.2026;19:00;Serbia;Prva Liga;Gfk Dubocica;FK Javor Ivanjica;id1000072173221936;betano;Asian Handicap;0.75;2;1.9;1.87;2026-09-28T00:10:30.877Z
28.09.2026;21:00;Serbia;Prva Liga;FK Loznica;FK Spartak Subotica;id1000072172120902;bet365;Full Time Result;0.0;1;2.55;2.55;2026-09-27T15:15:16.968Z
28.09.2026;21:00;Serbia;Prva Liga;FK Loznica;FK Spartak Subotica;id1000072172120902;bet365;Full Time Result;0.0;X;3.1;3.1;2026-09-27T15:15:16.968Z
28.09.2026;21:00;Serbia;Prva Liga;FK Loznica;FK Spartak Subotica;id1000072172120902;bet365;Full Time Result;0.0;2;2.55;2.55;2026-09-27T15:15:16.968Z
28.09.2026;21:00;Serbia;Prva Liga;FK Loznica;FK Spartak Subotica;id1000072172120902;bet365;Over Under Full Time;2.5;Over;2.02;2.02;2026-09-28T01:12:53.671Z
28.09.2026;21:00;Serbia;Prva Liga;FK Loznica;FK Spartak Subotica;id1000072172120902;bet365;Over Under Full Time;2.5;Under;1.72;1.72;2026-09-28T01:12:53.671Z
28.09.2026;21:00;Serbia;Prva Liga;FK Loznica;FK Spartak Subotica;id1000072172120902;bet365;Double Chance Full Time;0.0;1X;1.41;1.41;2026-09-27T15:15:16.968Z
28.09.2026;21:00;Serbia;Prva Liga;FK Loznica;FK Spartak Subotica;id1000072172120902;bet365;Double Chance Full Time;0.0;12;1.25;1.25;2026-09-27T15:15:16.968Z
28.09.2026;21:00;Serbia;Prva Liga;FK Loznica;FK Spartak Subotica;id1000072172120902;bet365;Double Chance Full Time;0.0;2X;1.41;1.41;2026-09-27T15:15:16.968Z
28.09.2026;21:00;Serbia;Prva Liga;FK Loznica;FK Spartak Subotica;id1000072172120902;bet365;First Half Result;0.0;1;3.2;3.2;2026-09-27T15:15:16.968Z
28.09.2026;21:00;Serbia;Prva Liga;FK Loznica;FK Spartak Subotica;id1000072172120902;bet365;First Half Result;0.0;X;2.1;2.1;2026-09-27T15:15:16.968Z
28.09.2026;21:00;Serbia;Prva Liga;FK Loznica;FK Spartak Subotica;id1000072172120902;bet365;First Half Result;0.0;2;3.2;3.2;2026-09-27T15:15:16.968Z
28.09.2026;21:00;Serbia;Prva Liga;FK Loznica;FK Spartak Subotica;id1000072172120902;sisal.it;Full Time Result;0.0;1;2.5;2.5;2026-09-27T12:36:16.450Z
28.09.2026;21:00;Serbia;Prva Liga;FK Loznica;FK Spartak Subotica;id1000072172120902;sisal.it;Full Time Result;0.0;X;3.25;3.25;2026-09-27T12:36:16.450Z
28.09.2026;21:00;Serbia;Prva Liga;FK Loznica;FK Spartak Subotica;id1000072172120902;sisal.it;Full Time Result;0.0;2;2.45;2.45;2026-09-27T12:36:16.450Z
28.09.2026;21:00;Serbia;Prva Liga;FK Loznica;FK Spartak Subotica;id1000072172120902;sisal.it;Over Under Full Time;2.5;Over;1.9;1.95;2026-09-27T18:16:24.057Z
28.09.2026;21:00;Serbia;Prva Liga;FK Loznica;FK Spartak Subotica;id1000072172120902;sisal.it;Over Under Full Time;2.5;Under;1.7;1.75;2026-09-27T18:16:24.057Z
28.09.2026;21:00;Serbia;Prva Liga;FK Loznica;FK Spartak Subotica;id1000072172120902;sisal.it;Over Under Full Time;3.5;Over;3.25;3.25;2026-09-27T12:36:16.450Z
28.09.2026;21:00;Serbia;Prva Liga;FK Loznica;FK Spartak Subotica;id1000072172120902;sisal.it;Over Under Full Time;3.5;Under;1.25;1.25;2026-09-27T12:36:16.450Z
28.09.2026;21:00;Serbia;Prva Liga;FK Loznica;FK Spartak Subotica;id1000072172120902;sisal.it;European Handicap;1.0;1;1.47;1.47;2026-09-27T12:36:16.450Z
28.09.2026;21:00;Serbia;Prva Liga;FK Loznica;FK Spartak Subotica;id1000072172120902;sisal.it;European Handicap;1.0;X;4.0;4.0;2026-09-27T12:36:16.450Z
28.09.2026;21:00;Serbia;Prva Liga;FK Loznica;FK Spartak Subotica;id1000072172120902;sisal.it;European Handicap;1.0;2;4.75;4.75;2026-09-27T12:36:16.450Z
28.09.2026;21:00;Serbia;Prva Liga;FK Loznica;FK Spartak Subotica;id1000072172120902;sisal.it;Over Under Full Time;4.5;Over;6.0;6.0;2026-09-27T12:36:16.450Z
28.09.2026;21:00;Serbia;Prva Liga;FK Loznica;FK Spartak Subotica;id1000072172120902;sisal.it;Over Under Full Time;4.5;Under;1.06;1.06;2026-09-27T12:36:16.450Z
28.09.2026;21:00;Serbia;Prva Liga;FK Loznica;FK Spartak Subotica;id1000072172120902;sisal.it;Double Chance Full Time;0.0;1X;1.45;1.45;2026-09-27T12:36:16.450Z
28.09.2026;21:00;Serbia;Prva Liga;FK Loznica;FK Spartak Subotica;id1000072172120902;sisal.it;Double Chance Full Time;0.0;12;1.25;1.25;2026-09-27T12:36:16.450Z
28.09.2026;21:00;Serbia;Prva Liga;FK Loznica;FK Spartak Subotica;id1000072172120902;sisal.it;Double Chance Full Time;0.0;2X;1.42;1.42;2026-09-27T12:36:16.450Z
28.09.2026;21:00;Serbia;Prva Liga;FK Loznica;FK Spartak Subotica;id1000072172120902;sisal.it;Double Chance First Half;0.0;1X;1.23;1.23;2026-09-27T12:36:16.450Z
28.09.2026;21:00;Serbia;Prva Liga;FK Loznica;FK Spartak Subotica;id1000072172120902;sisal.it;Double Chance First Half;0.0;12;1.52;1.52;2026-09-27T12:36:16.450Z
28.09.2026;21:00;Serbia;Prva Liga;FK Loznica;FK Spartak Subotica;id1000072172120902;sisal.it;Double Chance First Half;0.0;2X;1.23;1.23;2026-09-27T12:36:16.450Z
28.09.2026;21:00;Serbia;Prva Liga;FK Loznica;FK Spartak Subotica;id1000072172120902;sisal.it;First Half Result;0.0;1;3.1;3.1;2026-09-27T12:36:16.450Z
28.09.2026;21:00;Serbia;Prva Liga;FK Loznica;FK Spartak Subotica;id1000072172120902;sisal.it;First Half Result;0.0;X;2.1;2.1;2026-09-27T12:36:16.450Z
28.09.2026;21:00;Serbia;Prva Liga;FK Loznica;FK Spartak Subotica;id1000072172120902;sisal.it;First Half Result;0.0;2;3.1;3.1;2026-09-27T12:36:16.450Z
28.09.2026;21:00;Serbia;Prva Liga;FK Loznica;FK Spartak Subotica;id1000072172120902;sisal.it;Over Under First Half;0.5;Over;1.36;1.36;2026-09-27T12:36:16.450Z
28.09.2026;21:00;Serbia;Prva Liga;FK Loznica;FK Spartak Subotica;id1000072172120902;sisal.it;Over Under First Half;0.5;Under;2.6;2.6;2026-09-27T12:36:16.450Z
28.09.2026;21:00;Serbia;Prva Liga;FK Loznica;FK Spartak Subotica;id1000072172120902;sisal.it;Over Under First Half;1.5;Over;2.6;2.6;2026-09-27T12:36:16.450Z
28.09.2026;21:00;Serbia;Prva Liga;FK Loznica;FK Spartak Subotica;id1000072172120902;sisal.it;Over Under First Half;1.5;Under;1.36;1.36;2026-09-27T12:36:16.450Z
28.09.2026;21:00;Serbia;Prva Liga;FK Loznica;FK Spartak Subotica;id1000072172120902;sisal.it;Over Under First Half;2.5;Over;6.0;6.0;2026-09-27T12:36:16.450Z
28.09.2026;21:00;Serbia;Prva Liga;FK Loznica;FK Spartak Subotica;id1000072172120902;sisal.it;Over Under First Half;2.5;Under;1.04;1.04;2026-09-27T12:36:16.450Z
28.09.2026;21:00;Serbia;Prva Liga;FK Loznica;FK Spartak Subotica;id1000072172120902;sisal.it;Over Under First Half;3.5;Over;12.0;12.0;2026-09-27T12:36:16.450Z
28.09.2026;21:00;Serbia;Prva Liga;FK Loznica;FK Spartak Subotica;id1000072172120902;sisal.it;Over Under First Half;4.5;Over;25.0;25.0;2026-09-27T12:36:16.450Z
28.09.2026;21:00;Serbia;Prva Liga;FK Loznica;FK Spartak Subotica;id1000072172120902;sisal.it;Both Teams To Score;0.0;Yes;1.75;1.75;2026-09-27T12:36:16.450Z
28.09.2026;21:00;Serbia;Prva Liga;FK Loznica;FK Spartak Subotica;id1000072172120902;sisal.it;Both Teams To Score;0.0;No;1.9;1.9;2026-09-27T12:36:16.450Z
28.09.2026;21:00;Serbia;Prva Liga;FK Loznica;FK Spartak Subotica;id1000072172120902;sisal.it;Over Under Full Time;0.5;Over;1.02;1.02;2026-09-27T12:36:16.450Z
28.09.2026;21:00;Serbia;Prva Liga;FK Loznica;FK Spartak Subotica;id1000072172120902;sisal.it;Over Under Full Time;0.5;Under;8.0;8.0;2026-09-27T12:36:16.450Z
28.09.2026;21:00;Serbia;Prva Liga;FK Loznica;FK Spartak Subotica;id1000072172120902;sisal.it;Over Under Full Time;1.5;Over;1.28;1.28;2026-09-27T18:16:24.057Z
28.09.2026;21:00;Serbia;Prva Liga;FK Loznica;FK Spartak Subotica;id1000072172120902;sisal.it;Over Under Full Time;1.5;Under;3.1;3.1;2026-09-27T18:16:24.057Z
28.09.2026;21:00;Serbia;Prva Liga;FK Loznica;FK Spartak Subotica;id1000072172120902;tipico;Full Time Result;0.0;1;2.45;2.4;2026-09-28T01:11:53.451Z
28.09.2026;21:00;Serbia;Prva Liga;FK Loznica;FK Spartak Subotica;id1000072172120902;tipico;Full Time Result;0.0;X;3.1;3.1;2026-09-28T01:11:53.451Z
28.09.2026;21:00;Serbia;Prva Liga;FK Loznica;FK Spartak Subotica;id1000072172120902;tipico;Full Time Result;0.0;2;2.45;2.5;2026-09-28T01:11:53.451Z
28.09.2026;21:00;Serbia;Prva Liga;FK Loznica;FK Spartak Subotica;id1000072172120902;tipico;Over Under Full Time;2.5;Over;2.0;2.0;2026-09-27T18:09:32.673Z
28.09.2026;21:00;Serbia;Prva Liga;FK Loznica;FK Spartak Subotica;id1000072172120902;tipico;Over Under Full Time;2.5;Under;1.7;1.7;2026-09-27T18:09:32.673Z
28.09.2026;21:00;Serbia;Prva Liga;FK Loznica;FK Spartak Subotica;id1000072172120902;tipico;Over Under Full Time;3.5;Over;3.4;3.4;2026-09-27T18:09:32.673Z
28.09.2026;21:00;Serbia;Prva Liga;FK Loznica;FK Spartak Subotica;id1000072172120902;tipico;Over Under Full Time;3.5;Under;1.27;1.27;2026-09-27T18:09:32.673Z
28.09.2026;21:00;Serbia;Prva Liga;FK Loznica;FK Spartak Subotica;id1000072172120902;tipico;European Handicap;1.0;1;1.4;1.4;2026-09-27T18:09:32.673Z
28.09.2026;21:00;Serbia;Prva Liga;FK Loznica;FK Spartak Subotica;id1000072172120902;tipico;European Handicap;1.0;X;4.3;4.3;2026-09-27T18:09:32.673Z
28.09.2026;21:00;Serbia;Prva Liga;FK Loznica;FK Spartak Subotica;id1000072172120902;tipico;European Handicap;1.0;2;5.2;5.2;2026-09-27T18:09:32.673Z
28.09.2026;21:00;Serbia;Prva Liga;FK Loznica;FK Spartak Subotica;id1000072172120902;tipico;Over Under Full Time;4.5;Over;6.5;6.5;2026-09-27T18:09:32.673Z
28.09.2026;21:00;Serbia;Prva Liga;FK Loznica;FK Spartak Subotica;id1000072172120902;tipico;Over Under Full Time;4.5;Under;1.08;1.08;2026-09-27T18:09:32.673Z
28.09.2026;21:00;Serbia;Prva Liga;FK Loznica;FK Spartak Subotica;id1000072172120902;tipico;European Handicap;-1.0;1;5.0;4.9;2026-09-27T20:26:29.343Z
28.09.2026;21:00;Serbia;Prva Liga;FK Loznica;FK Spartak Subotica;id1000072172120902;tipico;European Handicap;-1.0;X;4.3;4.4;2026-09-27T20:26:29.343Z
28.09.2026;21:00;Serbia;Prva Liga;FK Loznica;FK Spartak Subotica;id1000072172120902;tipico;European Handicap;-1.0;2;1.42;1.42;2026-09-27T18:09:32.673Z
28.09.2026;21:00;Serbia;Prva Liga;FK Loznica;FK Spartak Subotica;id1000072172120902;tipico;European Handicap;-2.0;1;12.0;12.0;2026-09-27T18:09:32.673Z
28.09.2026;21:00;Serbia;Prva Liga;FK Loznica;FK Spartak Subotica;id1000072172120902;tipico;European Handicap;-2.0;X;6.5;6.5;2026-09-27T18:09:32.673Z
28.09.2026;21:00;Serbia;Prva Liga;FK Loznica;FK Spartak Subotica;id1000072172120902;tipico;European Handicap;-2.0;2;1.12;1.12;2026-09-27T18:09:32.673Z
28.09.2026;21:00;Serbia;Prva Liga;FK Loznica;FK Spartak Subotica;id1000072172120902;tipico;Double Chance Full Time;0.0;1X;1.37;1.37;2026-09-27T23:11:49.956Z
28.09.2026;21:00;Serbia;Prva Liga;FK Loznica;FK Spartak Subotica;id1000072172120902;tipico;Double Chance Full Time;0.0;12;1.25;1.22;2026-09-27T23:11:49.956Z
28.09.2026;21:00;Serbia;Prva Liga;FK Loznica;FK Spartak Subotica;id1000072172120902;tipico;Double Chance Full Time;0.0;2X;1.37;1.4;2026-09-27T22:01:50.594Z
28.09.2026;21:00;Serbia;Prva Liga;FK Loznica;FK Spartak Subotica;id1000072172120902;tipico;First Half Result;0.0;1;2.95;2.95;2026-09-27T18:09:32.673Z
28.09.2026;21:00;Serbia;Prva Liga;FK Loznica;FK Spartak Subotica;id1000072172120902;tipico;First Half Result;0.0;X;1.97;1.97;2026-09-27T18:09:32.673Z
28.09.2026;21:00;Serbia;Prva Liga;FK Loznica;FK Spartak Subotica;id1000072172120902;tipico;First Half Result;0.0;2;3.2;3.2;2026-09-27T18:09:32.673Z
28.09.2026;21:00;Serbia;Prva Liga;FK Loznica;FK Spartak Subotica;id1000072172120902;tipico;Second Half Result;0.0;1;2.95;2.95;2026-09-27T18:09:32.673Z
28.09.2026;21:00;Serbia;Prva Liga;FK Loznica;FK Spartak Subotica;id1000072172120902;tipico;Second Half Result;0.0;X;2.4;2.4;2026-09-27T18:09:32.673Z
28.09.2026;21:00;Serbia;Prva Liga;FK Loznica;FK Spartak Subotica;id1000072172120902;tipico;Second Half Result;0.0;2;3.0;3.0;2026-09-27T18:09:32.673Z
28.09.2026;21:00;Serbia;Prva Liga;FK Loznica;FK Spartak Subotica;id1000072172120902;tipico;Over Under Team 1;1.5;Over;2.5;2.4;2026-09-27T22:09:18.727Z
28.09.2026;21:00;Serbia;Prva Liga;FK Loznica;FK Spartak Subotica;id1000072172120902;tipico;Over Under Team 1;1.5;Under;1.45;1.47;2026-09-27T22:09:18.727Z
28.09.2026;21:00;Serbia;Prva Liga;FK Loznica;FK Spartak Subotica;id1000072172120902;tipico;Over Under Team 2;1.5;Over;2.5;2.5;2026-09-27T18:09:32.673Z
28.09.2026;21:00;Serbia;Prva Liga;FK Loznica;FK Spartak Subotica;id1000072172120902;tipico;Over Under Team 2;1.5;Under;1.45;1.45;2026-09-27T18:09:32.673Z
28.09.2026;21:00;Serbia;Prva Liga;FK Loznica;FK Spartak Subotica;id1000072172120902;tipico;European Handicap First Half;1.0;1;1.27;1.27;2026-09-27T18:09:32.673Z
28.09.2026;21:00;Serbia;Prva Liga;FK Loznica;FK Spartak Subotica;id1000072172120902;tipico;European Handicap First Half;1.0;X;3.7;3.7;2026-09-27T18:09:32.673Z
28.09.2026;21:00;Serbia;Prva Liga;FK Loznica;FK Spartak Subotica;id1000072172120902;tipico;European Handicap First Half;1.0;2;11.0;11.0;2026-09-27T18:09:32.673Z
28.09.2026;21:00;Serbia;Prva Liga;FK Loznica;FK Spartak Subotica;id1000072172120902;tipico;Over Under First Half;0.5;Over;1.4;1.4;2026-09-27T18:09:32.673Z
28.09.2026;21:00;Serbia;Prva Liga;FK Loznica;FK Spartak Subotica;id1000072172120902;tipico;Over Under First Half;0.5;Under;2.65;2.65;2026-09-27T18:09:32.673Z
28.09.2026;21:00;Serbia;Prva Liga;FK Loznica;FK Spartak Subotica;id1000072172120902;tipico;Over Under First Half;1.5;Over;2.85;2.8;2026-09-27T23:11:49.956Z
28.09.2026;21:00;Serbia;Prva Liga;FK Loznica;FK Spartak Subotica;id1000072172120902;tipico;Over Under First Half;1.5;Under;1.35;1.35;2026-09-27T18:09:32.673Z
28.09.2026;21:00;Serbia;Prva Liga;FK Loznica;FK Spartak Subotica;id1000072172120902;tipico;Both Teams To Score First Half;0.0;Yes;4.3;4.3;2026-09-27T18:09:32.673Z
28.09.2026;21:00;Serbia;Prva Liga;FK Loznica;FK Spartak Subotica;id1000072172120902;tipico;Both Teams To Score First Half;0.0;No;1.17;1.17;2026-09-27T18:09:32.673Z
28.09.2026;21:00;Serbia;Prva Liga;FK Loznica;FK Spartak Subotica;id1000072172120902;tipico;Both Teams To Score;0.0;Yes;1.8;1.77;2026-09-27T20:26:29.343Z
28.09.2026;21:00;Serbia;Prva Liga;FK Loznica;FK Spartak Subotica;id1000072172120902;tipico;Both Teams To Score;0.0;No;1.87;1.87;2026-09-27T18:09:32.673Z
28.09.2026;21:00;Serbia;Prva Liga;FK Loznica;FK Spartak Subotica;id1000072172120902;tipico;Over Under Full Time;1.5;Over;1.32;1.32;2026-09-27T18:09:32.673Z
28.09.2026;21:00;Serbia;Prva Liga;FK Loznica;FK Spartak Subotica;id1000072172120902;tipico;Over Under Full Time;1.5;Under;3.1;3.1;2026-09-27T18:09:32.673Z
28.09.2026;21:00;Serbia;Prva Liga;FK Loznica;FK Spartak Subotica;id1000072172120902;stoiximan;Full Time Result;0.0;1;2.55;2.55;2026-09-28T01:56:54.544Z
28.09.2026;21:00;Serbia;Prva Liga;FK Loznica;FK Spartak Subotica;id1000072172120902;stoiximan;Full Time Result;0.0;X;3.05;3.1;2026-09-28T01:56:54.544Z
28.09.2026;21:00;Serbia;Prva Liga;FK Loznica;FK Spartak Subotica;id1000072172120902;stoiximan;Full Time Result;0.0;2;2.55;2.55;2026-09-28T01:56:54.544Z
28.09.2026;21:00;Serbia;Prva Liga;FK Loznica;FK Spartak Subotica;id1000072172120902;stoiximan;Over Under Full Time;2.5;Over;1.98;1.95;2026-09-28T01:56:54.544Z
28.09.2026;21:00;Serbia;Prva Liga;FK Loznica;FK Spartak Subotica;id1000072172120902;stoiximan;Over Under Full Time;2.5;Under;1.67;1.7;2026-09-28T01:56:54.544Z
28.09.2026;21:00;Serbia;Prva Liga;FK Loznica;FK Spartak Subotica;id1000072172120902;stoiximan;First Half Result;0.0;1;3.2;3.2;2026-09-28T01:56:54.544Z
28.09.2026;21:00;Serbia;Prva Liga;FK Loznica;FK Spartak Subotica;id1000072172120902;stoiximan;First Half Result;0.0;X;1.98;2.0;2026-09-28T01:56:54.544Z
28.09.2026;21:00;Serbia;Prva Liga;FK Loznica;FK Spartak Subotica;id1000072172120902;stoiximan;First Half Result;0.0;2;3.2;3.2;2026-09-28T01:56:54.544Z
28.09.2026;21:00;Serbia;Prva Liga;FK Loznica;FK Spartak Subotica;id1000072172120902;stoiximan;Second Half Result;0.0;1;2.87;2.82;2026-09-28T01:56:54.544Z
28.09.2026;21:00;Serbia;Prva Liga;FK Loznica;FK Spartak Subotica;id1000072172120902;stoiximan;Second Half Result;0.0;X;2.35;2.35;2026-09-28T01:56:54.544Z
28.09.2026;21:00;Serbia;Prva Liga;FK Loznica;FK Spartak Subotica;id1000072172120902;stoiximan;Second Half Result;0.0;2;2.82;2.85;2026-09-28T01:56:54.544Z
28.09.2026;21:00;Serbia;Prva Liga;FK Loznica;FK Spartak Subotica;id1000072172120902;stoiximan;Over Under First Half;0.5;Over;1.42;1.42;2026-09-28T01:56:54.544Z
28.09.2026;21:00;Serbia;Prva Liga;FK Loznica;FK Spartak Subotica;id1000072172120902;stoiximan;Over Under First Half;0.5;Under;2.35;2.37;2026-09-28T01:56:54.544Z
28.09.2026;21:00;Serbia;Prva Liga;FK Loznica;FK Spartak Subotica;id1000072172120902;stoiximan;Asian Handicap First Half;0.0;1;1.75;1.75;2026-09-28T01:56:54.544Z
28.09.2026;21:00;Serbia;Prva Liga;FK Loznica;FK Spartak Subotica;id1000072172120902;stoiximan;Asian Handicap First Half;0.0;2;1.78;1.78;2026-09-28T01:56:54.544Z
28.09.2026;21:00;Serbia;Prva Liga;FK Loznica;FK Spartak Subotica;id1000072172120902;stoiximan;Asian Handicap;0.0;1;1.8;1.8;2026-09-28T01:56:54.544Z
28.09.2026;21:00;Serbia;Prva Liga;FK Loznica;FK Spartak Subotica;id1000072172120902;stoiximan;Asian Handicap;0.0;2;1.8;1.8;2026-09-28T01:56:54.544Z
28.09.2026;21:00;Serbia;Prva Liga;FK Loznica;FK Spartak Subotica;id1000072172120902;superbet;Full Time Result;0.0;1;2.35;2.52;2026-09-28T01:49:58.641Z
28.09.2026;21:00;Serbia;Prva Liga;FK Loznica;FK Spartak Subotica;id1000072172120902;superbet;Full Time Result;0.0;X;3.3;3.1;2026-09-28T01:49:58.641Z
28.09.2026;21:00;Serbia;Prva Liga;FK Loznica;FK Spartak Subotica;id1000072172120902;superbet;Full Time Result;0.0;2;2.6;2.57;2026-09-28T01:49:58.641Z
28.09.2026;21:00;Serbia;Prva Liga;FK Loznica;FK Spartak Subotica;id1000072172120902;superbet;Over Under Full Time;2.5;Over;1.97;2.02;2026-09-28T01:49:58.641Z
28.09.2026;21:00;Serbia;Prva Liga;FK Loznica;FK Spartak Subotica;id1000072172120902;superbet;Over Under Full Time;2.5;Under;1.75;1.7;2026-09-28T01:49:58.641Z
28.09.2026;21:00;Serbia;Prva Liga;FK Loznica;FK Spartak Subotica;id1000072172120902;superbet;Over Under Full Time;3.5;Over;3.4;3.55;2026-09-28T01:49:58.641Z
28.09.2026;21:00;Serbia;Prva Liga;FK Loznica;FK Spartak Subotica;id1000072172120902;superbet;Over Under Full Time;3.5;Under;1.27;1.26;2026-09-28T01:49:58.641Z
28.09.2026;21:00;Serbia;Prva Liga;FK Loznica;FK Spartak Subotica;id1000072172120902;superbet;Over Under Full Time;4.5;Over;6.4;6.7;2026-09-28T01:49:58.641Z
28.09.2026;21:00;Serbia;Prva Liga;FK Loznica;FK Spartak Subotica;id1000072172120902;superbet;Over Under Full Time;4.5;Under;1.08;1.07;2026-09-28T01:49:58.641Z
28.09.2026;21:00;Serbia;Prva Liga;FK Loznica;FK Spartak Subotica;id1000072172120902;superbet;Double Chance Full Time;0.0;1X;1.37;1.39;2026-09-28T01:49:58.641Z
28.09.2026;21:00;Serbia;Prva Liga;FK Loznica;FK Spartak Subotica;id1000072172120902;superbet;Double Chance Full Time;0.0;12;1.24;1.27;2026-09-28T01:49:58.641Z
28.09.2026;21:00;Serbia;Prva Liga;FK Loznica;FK Spartak Subotica;id1000072172120902;superbet;Double Chance Full Time;0.0;2X;1.46;1.4;2026-09-28T01:49:58.641Z
28.09.2026;21:00;Serbia;Prva Liga;FK Loznica;FK Spartak Subotica;id1000072172120902;superbet;Double Chance First Half;0.0;1X;1.24;1.25;2026-09-28T01:49:58.641Z
28.09.2026;21:00;Serbia;Prva Liga;FK Loznica;FK Spartak Subotica;id1000072172120902;superbet;Double Chance First Half;0.0;12;1.59;1.6;2026-09-28T01:49:58.641Z
28.09.2026;21:00;Serbia;Prva Liga;FK Loznica;FK Spartak Subotica;id1000072172120902;superbet;Double Chance First Half;0.0;2X;1.27;1.25;2026-09-28T01:49:58.641Z
28.09.2026;21:00;Serbia;Prva Liga;FK Loznica;FK Spartak Subotica;id1000072172120902;superbet;Double Chance Second Half;0.0;1X;1.28;1.3;2026-09-28T01:49:58.641Z
28.09.2026;21:00;Serbia;Prva Liga;FK Loznica;FK Spartak Subotica;id1000072172120902;superbet;Double Chance Second Half;0.0;12;1.44;1.45;2026-09-28T01:49:58.641Z
28.09.2026;21:00;Serbia;Prva Liga;FK Loznica;FK Spartak Subotica;id1000072172120902;superbet;Double Chance Second Half;0.0;2X;1.34;1.31;2026-09-28T01:49:58.641Z
28.09.2026;21:00;Serbia;Prva Liga;FK Loznica;FK Spartak Subotica;id1000072172120902;superbet;First Half Result;0.0;1;3.05;3.2;2026-09-28T01:49:58.641Z
28.09.2026;21:00;Serbia;Prva Liga;FK Loznica;FK Spartak Subotica;id1000072172120902;superbet;First Half Result;0.0;X;2.07;2.05;2026-09-28T01:49:58.641Z
28.09.2026;21:00;Serbia;Prva Liga;FK Loznica;FK Spartak Subotica;id1000072172120902;superbet;First Half Result;0.0;2;3.3;3.2;2026-09-28T01:49:58.641Z
28.09.2026;21:00;Serbia;Prva Liga;FK Loznica;FK Spartak Subotica;id1000072172120902;superbet;Second Half Result;0.0;1;2.77;2.9;2026-09-28T01:49:58.641Z
28.09.2026;21:00;Serbia;Prva Liga;FK Loznica;FK Spartak Subotica;id1000072172120902;superbet;Second Half Result;0.0;X;2.4;2.37;2026-09-28T01:49:58.641Z
28.09.2026;21:00;Serbia;Prva Liga;FK Loznica;FK Spartak Subotica;id1000072172120902;superbet;Second Half Result;0.0;2;3.0;2.92;2026-09-28T01:49:58.641Z
28.09.2026;21:00;Serbia;Prva Liga;FK Loznica;FK Spartak Subotica;id1000072172120902;superbet;Over Under Team 1 First Half;0.5;Over;2.12;2.17;2026-09-28T01:49:58.641Z
28.09.2026;21:00;Serbia;Prva Liga;FK Loznica;FK Spartak Subotica;id1000072172120902;superbet;Over Under Team 1 First Half;0.5;Under;1.64;1.62;2026-09-28T01:49:58.641Z
28.09.2026;21:00;Serbia;Prva Liga;FK Loznica;FK Spartak Subotica;id1000072172120902;superbet;Over Under Team 2 First Half;0.5;Over;2.25;2.17;2026-09-28T01:49:58.641Z
28.09.2026;21:00;Serbia;Prva Liga;FK Loznica;FK Spartak Subotica;id1000072172120902;superbet;Over Under Team 2 First Half;0.5;Under;1.58;1.61;2026-09-28T01:49:58.641Z
28.09.2026;21:00;Serbia;Prva Liga;FK Loznica;FK Spartak Subotica;id1000072172120902;superbet;Over Under Team 1 Second Half;0.5;Over;1.78;1.83;2026-09-28T01:49:58.641Z
28.09.2026;21:00;Serbia;Prva Liga;FK Loznica;FK Spartak Subotica;id1000072172120902;superbet;Over Under Team 1 Second Half;0.5;Under;1.92;1.87;2026-09-28T01:49:58.641Z
28.09.2026;21:00;Serbia;Prva Liga;FK Loznica;FK Spartak Subotica;id1000072172120902;superbet;Over Under Team 1;0.5;Over;1.29;1.32;2026-09-28T01:49:58.641Z
28.09.2026;21:00;Serbia;Prva Liga;FK Loznica;FK Spartak Subotica;id1000072172120902;superbet;Over Under Team 1;0.5;Under;3.25;3.1;2026-09-28T01:49:58.641Z
28.09.2026;21:00;Serbia;Prva Liga;FK Loznica;FK Spartak Subotica;id1000072172120902;superbet;Over Under Team 2 Second Half;0.5;Over;1.87;1.85;2026-09-28T01:49:58.641Z
28.09.2026;21:00;Serbia;Prva Liga;FK Loznica;FK Spartak Subotica;id1000072172120902;superbet;Over Under Team 2 Second Half;0.5;Under;1.85;1.85;2026-09-28T01:49:58.641Z
28.09.2026;21:00;Serbia;Prva Liga;FK Loznica;FK Spartak Subotica;id1000072172120902;superbet;Over Under Team 1;1.5;Over;2.37;2.52;2026-09-28T01:49:58.641Z
28.09.2026;21:00;Serbia;Prva Liga;FK Loznica;FK Spartak Subotica;id1000072172120902;superbet;Over Under Team 1;1.5;Under;1.51;1.46;2026-09-28T01:49:58.641Z
28.09.2026;21:00;Serbia;Prva Liga;FK Loznica;FK Spartak Subotica;id1000072172120902;superbet;Over Under Team 1;2.5;Over;5.35;5.85;2026-09-28T01:49:58.641Z
28.09.2026;21:00;Serbia;Prva Liga;FK Loznica;FK Spartak Subotica;id1000072172120902;superbet;Over Under Team 1;2.5;Under;1.12;1.1;2026-09-28T01:49:58.641Z
28.09.2026;21:00;Serbia;Prva Liga;FK Loznica;FK Spartak Subotica;id1000072172120902;superbet;Over Under Team 2;0.5;Over;1.34;1.34;2026-09-28T01:49:58.641Z
28.09.2026;21:00;Serbia;Prva Liga;FK Loznica;FK Spartak Subotica;id1000072172120902;superbet;Over Under Team 2;0.5;Under;3.0;3.0;2026-09-28T01:49:58.641Z
28.09.2026;21:00;Serbia;Prva Liga;FK Loznica;FK Spartak Subotica;id1000072172120902;superbet;Over Under Team 2;1.5;Over;2.57;2.57;2026-09-28T01:49:58.641Z
28.09.2026;21:00;Serbia;Prva Liga;FK Loznica;FK Spartak Subotica;id1000072172120902;superbet;Over Under Team 2;1.5;Under;1.45;1.45;2026-09-28T01:49:58.641Z
28.09.2026;21:00;Serbia;Prva Liga;FK Loznica;FK Spartak Subotica;id1000072172120902;superbet;Over Under Team 2;2.5;Over;6.0;6.0;2026-09-28T01:49:58.641Z
28.09.2026;21:00;Serbia;Prva Liga;FK Loznica;FK Spartak Subotica;id1000072172120902;superbet;Over Under Team 2;2.5;Under;1.1;1.1;2026-09-28T01:49:58.641Z
28.09.2026;21:00;Serbia;Prva Liga;FK Loznica;FK Spartak Subotica;id1000072172120902;superbet;Over Under First Half;0.5;Over;1.42;1.43;2026-09-28T01:49:58.641Z
28.09.2026;21:00;Serbia;Prva Liga;FK Loznica;FK Spartak Subotica;id1000072172120902;superbet;Over Under First Half;0.5;Under;2.65;2.65;2026-09-28T01:49:58.641Z
28.09.2026;21:00;Serbia;Prva Liga;FK Loznica;FK Spartak Subotica;id1000072172120902;superbet;Over Under First Half;1.5;Over;3.0;2.92;2026-09-28T01:49:58.641Z
28.09.2026;21:00;Serbia;Prva Liga;FK Loznica;FK Spartak Subotica;id1000072172120902;superbet;Over Under First Half;1.5;Under;1.34;1.35;2026-09-28T01:49:58.641Z
28.09.2026;21:00;Serbia;Prva Liga;FK Loznica;FK Spartak Subotica;id1000072172120902;superbet;Over Under First Half;2.5;Over;7.3;7.2;2026-09-28T01:49:58.641Z
28.09.2026;21:00;Serbia;Prva Liga;FK Loznica;FK Spartak Subotica;id1000072172120902;superbet;Over Under First Half;2.5;Under;1.06;1.06;2026-09-28T01:49:58.641Z
28.09.2026;21:00;Serbia;Prva Liga;FK Loznica;FK Spartak Subotica;id1000072172120902;superbet;Over Under Second Half;0.5;Over;1.25;1.26;2026-09-28T01:49:58.641Z
28.09.2026;21:00;Serbia;Prva Liga;FK Loznica;FK Spartak Subotica;id1000072172120902;superbet;Over Under Second Half;0.5;Under;3.55;3.45;2026-09-28T01:49:58.641Z
28.09.2026;21:00;Serbia;Prva Liga;FK Loznica;FK Spartak Subotica;id1000072172120902;superbet;Over Under Second Half;1.5;Over;2.2;2.25;2026-09-28T01:49:58.641Z
28.09.2026;21:00;Serbia;Prva Liga;FK Loznica;FK Spartak Subotica;id1000072172120902;superbet;Over Under Second Half;1.5;Under;1.6;1.58;2026-09-28T01:49:58.641Z
28.09.2026;21:00;Serbia;Prva Liga;FK Loznica;FK Spartak Subotica;id1000072172120902;superbet;Over Under Second Half;2.5;Over;4.7;4.85;2026-09-28T01:49:58.641Z
28.09.2026;21:00;Serbia;Prva Liga;FK Loznica;FK Spartak Subotica;id1000072172120902;superbet;Over Under Second Half;2.5;Under;1.15;1.14;2026-09-28T01:49:58.641Z
28.09.2026;21:00;Serbia;Prva Liga;FK Loznica;FK Spartak Subotica;id1000072172120902;superbet;Both Teams To Score First Half;0.0;Yes;4.65;4.55;2026-09-28T01:49:58.641Z
28.09.2026;21:00;Serbia;Prva Liga;FK Loznica;FK Spartak Subotica;id1000072172120902;superbet;Both Teams To Score First Half;0.0;No;1.16;1.16;2026-09-28T01:49:58.641Z
28.09.2026;21:00;Serbia;Prva Liga;FK Loznica;FK Spartak Subotica;id1000072172120902;superbet;Both Teams To Score Second Half;0.0;Yes;3.35;3.4;2026-09-28T01:49:58.641Z
28.09.2026;21:00;Serbia;Prva Liga;FK Loznica;FK Spartak Subotica;id1000072172120902;superbet;Both Teams To Score Second Half;0.0;No;1.28;1.27;2026-09-28T01:49:58.641Z
28.09.2026;21:00;Serbia;Prva Liga;FK Loznica;FK Spartak Subotica;id1000072172120902;superbet;Both Teams To Score;0.0;Yes;1.8;1.8;2026-09-28T01:49:58.641Z
28.09.2026;21:00;Serbia;Prva Liga;FK Loznica;FK Spartak Subotica;id1000072172120902;superbet;Both Teams To Score;0.0;No;1.92;1.92;2026-09-28T01:49:58.641Z
28.09.2026;21:00;Serbia;Prva Liga;FK Loznica;FK Spartak Subotica;id1000072172120902;superbet;Over Under Full Time;0.5;Over;1.04;1.05;2026-09-28T01:49:58.641Z
28.09.2026;21:00;Serbia;Prva Liga;FK Loznica;FK Spartak Subotica;id1000072172120902;superbet;Over Under Full Time;0.5;Under;8.5;7.9;2026-09-28T01:49:58.641Z
28.09.2026;21:00;Serbia;Prva Liga;FK Loznica;FK Spartak Subotica;id1000072172120902;superbet;Asian Handicap;-1.5;1;4.35;4.7;2026-09-28T01:49:58.641Z
28.09.2026;21:00;Serbia;Prva Liga;FK Loznica;FK Spartak Subotica;id1000072172120902;superbet;Asian Handicap;-1.5;2;1.14;1.11;2026-09-28T01:49:58.641Z
28.09.2026;21:00;Serbia;Prva Liga;FK Loznica;FK Spartak Subotica;id1000072172120902;superbet;Asian Handicap;-0.5;1;2.25;2.4;2026-09-28T01:49:58.641Z
28.09.2026;21:00;Serbia;Prva Liga;FK Loznica;FK Spartak Subotica;id1000072172120902;superbet;Asian Handicap;-0.5;2;1.5;1.44;2026-09-28T01:49:58.641Z
28.09.2026;21:00;Serbia;Prva Liga;FK Loznica;FK Spartak Subotica;id1000072172120902;superbet;Asian Handicap;0.5;1;1.41;1.43;2026-09-28T01:49:58.641Z
28.09.2026;21:00;Serbia;Prva Liga;FK Loznica;FK Spartak Subotica;id1000072172120902;superbet;Asian Handicap;0.5;2;2.5;2.45;2026-09-28T01:49:58.641Z
28.09.2026;21:00;Serbia;Prva Liga;FK Loznica;FK Spartak Subotica;id1000072172120902;superbet;Over Under Full Time;1.5;Over;1.31;1.33;2026-09-28T01:49:58.641Z
28.09.2026;21:00;Serbia;Prva Liga;FK Loznica;FK Spartak Subotica;id1000072172120902;superbet;Over Under Full Time;1.5;Under;3.15;3.05;2026-09-28T01:49:58.641Z
28.09.2026;21:00;Serbia;Prva Liga;FK Loznica;FK Spartak Subotica;id1000072172120902;superbet;Asian Handicap;1.5;1;1.1;1.11;2026-09-28T01:49:58.641Z
28.09.2026;21:00;Serbia;Prva Liga;FK Loznica;FK Spartak Subotica;id1000072172120902;superbet;Asian Handicap;1.5;2;4.9;4.8;2026-09-28T01:49:58.641Z
28.09.2026;21:00;Serbia;Prva Liga;FK Loznica;FK Spartak Subotica;id1000072172120902;betano;Full Time Result;0.0;1;2.55;2.55;2026-09-28T00:09:44.910Z
28.09.2026;21:00;Serbia;Prva Liga;FK Loznica;FK Spartak Subotica;id1000072172120902;betano;Full Time Result;0.0;X;3.05;3.1;2026-09-28T00:09:44.910Z
28.09.2026;21:00;Serbia;Prva Liga;FK Loznica;FK Spartak Subotica;id1000072172120902;betano;Full Time Result;0.0;2;2.55;2.55;2026-09-28T00:09:44.910Z
28.09.2026;21:00;Serbia;Prva Liga;FK Loznica;FK Spartak Subotica;id1000072172120902;betano;Over Under Full Time;2.5;Over;1.98;1.95;2026-09-28T00:09:44.910Z
28.09.2026;21:00;Serbia;Prva Liga;FK Loznica;FK Spartak Subotica;id1000072172120902;betano;Over Under Full Time;2.5;Under;1.67;1.7;2026-09-28T00:09:44.910Z
28.09.2026;21:00;Serbia;Prva Liga;FK Loznica;FK Spartak Subotica;id1000072172120902;betano;Double Chance Full Time;0.0;1X;1.42;1.42;2026-09-28T00:09:44.910Z
28.09.2026;21:00;Serbia;Prva Liga;FK Loznica;FK Spartak Subotica;id1000072172120902;betano;Double Chance Full Time;0.0;12;1.31;1.3;2026-09-28T00:09:44.910Z
28.09.2026;21:00;Serbia;Prva Liga;FK Loznica;FK Spartak Subotica;id1000072172120902;betano;Double Chance Full Time;0.0;2X;1.42;1.42;2026-09-28T00:09:44.910Z
28.09.2026;21:00;Serbia;Prva Liga;FK Loznica;FK Spartak Subotica;id1000072172120902;betano;Double Chance First Half;0.0;1X;1.29;1.3;2026-09-28T00:09:44.910Z
28.09.2026;21:00;Serbia;Prva Liga;FK Loznica;FK Spartak Subotica;id1000072172120902;betano;Double Chance First Half;0.0;12;1.67;1.65;2026-09-28T00:09:44.910Z
28.09.2026;21:00;Serbia;Prva Liga;FK Loznica;FK Spartak Subotica;id1000072172120902;betano;Double Chance First Half;0.0;2X;1.29;1.29;2026-09-28T00:09:44.910Z
28.09.2026;21:00;Serbia;Prva Liga;FK Loznica;FK Spartak Subotica;id1000072172120902;betano;First Half Result;0.0;1;3.2;3.2;2026-09-28T00:09:44.910Z
28.09.2026;21:00;Serbia;Prva Liga;FK Loznica;FK Spartak Subotica;id1000072172120902;betano;First Half Result;0.0;X;1.98;2.0;2026-09-28T00:09:44.910Z
28.09.2026;21:00;Serbia;Prva Liga;FK Loznica;FK Spartak Subotica;id1000072172120902;betano;First Half Result;0.0;2;3.2;3.2;2026-09-28T00:09:44.910Z
28.09.2026;21:00;Serbia;Prva Liga;FK Loznica;FK Spartak Subotica;id1000072172120902;betano;Second Half Result;0.0;1;2.87;2.82;2026-09-28T00:09:44.910Z
28.09.2026;21:00;Serbia;Prva Liga;FK Loznica;FK Spartak Subotica;id1000072172120902;betano;Second Half Result;0.0;X;2.35;2.35;2026-09-28T00:09:44.910Z
28.09.2026;21:00;Serbia;Prva Liga;FK Loznica;FK Spartak Subotica;id1000072172120902;betano;Second Half Result;0.0;2;2.82;2.85;2026-09-28T00:09:44.910Z
28.09.2026;21:00;Serbia;Prva Liga;FK Loznica;FK Spartak Subotica;id1000072172120902;betano;Over Under First Half;0.5;Over;1.42;1.42;2026-09-28T00:09:44.910Z
28.09.2026;21:00;Serbia;Prva Liga;FK Loznica;FK Spartak Subotica;id1000072172120902;betano;Over Under First Half;0.5;Under;2.35;2.37;2026-09-28T00:09:44.910Z
28.09.2026;21:00;Serbia;Prva Liga;FK Loznica;FK Spartak Subotica;id1000072172120902;betano;Asian Handicap First Half;0.0;1;1.75;1.75;2026-09-28T00:09:44.910Z
28.09.2026;21:00;Serbia;Prva Liga;FK Loznica;FK Spartak Subotica;id1000072172120902;betano;Asian Handicap First Half;0.0;2;1.78;1.78;2026-09-28T00:09:44.910Z
28.09.2026;21:00;Serbia;Prva Liga;FK Loznica;FK Spartak Subotica;id1000072172120902;betano;Asian Handicap;0.0;1;1.8;1.8;2026-09-28T00:09:44.910Z
28.09.2026;21:00;Serbia;Prva Liga;FK Loznica;FK Spartak Subotica;id1000072172120902;betano;Asian Handicap;0.0;2;1.8;1.8;2026-09-28T00:09:44.910Z
28.09.2026;21:30;Spain;LaLiga 2;CD Leganes;CD Castellon;id1000005472477440;bet365;Full Time Result;0.0;1;2.45;3.1;2026-09-27T22:55:46.592Z
28.09.2026;21:30;Spain;LaLiga 2;CD Leganes;CD Castellon;id1000005472477440;bet365;Full Time Result;0.0;X;3.25;3.4;2026-09-27T22:55:46.592Z
28.09.2026;21:30;Spain;LaLiga 2;CD Leganes;CD Castellon;id1000005472477440;bet365;Full Time Result;0.0;2;2.57;2.2;2026-09-28T01:03:22.440Z
28.09.2026;21:30;Spain;LaLiga 2;CD Leganes;CD Castellon;id1000005472477440;bet365;Over Under Full Time;2.5;Over;1.92;1.87;2026-09-28T01:03:22.440Z
28.09.2026;21:30;Spain;LaLiga 2;CD Leganes;CD Castellon;id1000005472477440;bet365;Over Under Full Time;2.5;Under;1.82;1.87;2026-09-28T01:03:22.440Z
28.09.2026;21:30;Spain;LaLiga 2;CD Leganes;CD Castellon;id1000005472477440;bet365;Over Under Full Time;3.5;Over;3.4;3.25;2026-09-28T01:03:22.440Z
28.09.2026;21:30;Spain;LaLiga 2;CD Leganes;CD Castellon;id1000005472477440;bet365;Over Under Full Time;3.5;Under;1.27;1.3;2026-09-28T01:03:22.440Z
28.09.2026;21:30;Spain;LaLiga 2;CD Leganes;CD Castellon;id1000005472477440;bet365;Over Under Full Time;4.5;Over;7.0;6.5;2026-09-28T01:03:22.440Z
28.09.2026;21:30;Spain;LaLiga 2;CD Leganes;CD Castellon;id1000005472477440;bet365;Over Under Full Time;4.5;Under;1.08;1.091;2026-09-28T01:03:22.440Z
28.09.2026;21:30;Spain;LaLiga 2;CD Leganes;CD Castellon;id1000005472477440;bet365;Double Chance Full Time;0.0;1X;1.54;1.58;2026-09-27T22:55:46.592Z
28.09.2026;21:30;Spain;LaLiga 2;CD Leganes;CD Castellon;id1000005472477440;bet365;Double Chance Full Time;0.0;12;1.3;1.27;2026-09-27T22:55:46.592Z
28.09.2026;21:30;Spain;LaLiga 2;CD Leganes;CD Castellon;id1000005472477440;bet365;Double Chance Full Time;0.0;2X;1.37;1.33;2026-09-27T22:55:46.592Z
28.09.2026;21:30;Spain;LaLiga 2;CD Leganes;CD Castellon;id1000005472477440;bet365;First Half Result;0.0;1;3.4;3.6;2026-09-27T22:55:46.592Z
28.09.2026;21:30;Spain;LaLiga 2;CD Leganes;CD Castellon;id1000005472477440;bet365;First Half Result;0.0;X;2.2;2.2;2026-09-27T22:55:46.592Z
28.09.2026;21:30;Spain;LaLiga 2;CD Leganes;CD Castellon;id1000005472477440;bet365;First Half Result;0.0;2;3.0;2.87;2026-09-27T22:55:46.592Z
28.09.2026;21:30;Spain;LaLiga 2;CD Leganes;CD Castellon;id1000005472477440;bet365;Second Half Result;0.0;1;3.0;3.1;2026-09-27T22:55:46.592Z
28.09.2026;21:30;Spain;LaLiga 2;CD Leganes;CD Castellon;id1000005472477440;bet365;Second Half Result;0.0;X;2.5;2.5;2026-09-27T22:55:46.592Z
28.09.2026;21:30;Spain;LaLiga 2;CD Leganes;CD Castellon;id1000005472477440;bet365;Second Half Result;0.0;2;2.62;2.6;2026-09-27T22:55:46.592Z
28.09.2026;21:30;Spain;LaLiga 2;CD Leganes;CD Castellon;id1000005472477440;bet365;Over Under Team 1 First Half;0.5;Over;2.2;2.2;2026-09-27T22:55:46.592Z
28.09.2026;21:30;Spain;LaLiga 2;CD Leganes;CD Castellon;id1000005472477440;bet365;Over Under Team 1 First Half;0.5;Under;1.58;1.58;2026-09-27T22:55:46.592Z
28.09.2026;21:30;Spain;LaLiga 2;CD Leganes;CD Castellon;id1000005472477440;bet365;Over Under Team 1 First Half;1.5;Over;8.0;8.5;2026-09-27T22:55:46.592Z
28.09.2026;21:30;Spain;LaLiga 2;CD Leganes;CD Castellon;id1000005472477440;bet365;Over Under Team 1 First Half;1.5;Under;1.061;1.061;2026-09-27T22:55:46.592Z
28.09.2026;21:30;Spain;LaLiga 2;CD Leganes;CD Castellon;id1000005472477440;bet365;Over Under Team 1 First Half;2.5;Over;29.0;29.0;2026-09-27T22:55:46.592Z
28.09.2026;21:30;Spain;LaLiga 2;CD Leganes;CD Castellon;id1000005472477440;bet365;Over Under Team 1 First Half;2.5;Under;1.01;1.008;2026-09-27T22:55:46.592Z
28.09.2026;21:30;Spain;LaLiga 2;CD Leganes;CD Castellon;id1000005472477440;bet365;Over Under Team 1 First Half;3.5;Over;51.0;67.0;2026-09-27T22:55:46.592Z
28.09.2026;21:30;Spain;LaLiga 2;CD Leganes;CD Castellon;id1000005472477440;bet365;Over Under Team 2 First Half;0.5;Over;1.97;1.92;2026-09-27T22:55:46.592Z
28.09.2026;21:30;Spain;LaLiga 2;CD Leganes;CD Castellon;id1000005472477440;bet365;Over Under Team 2 First Half;0.5;Under;1.69;1.77;2026-09-27T22:55:46.592Z
28.09.2026;21:30;Spain;LaLiga 2;CD Leganes;CD Castellon;id1000005472477440;bet365;Over Under Team 2 First Half;1.5;Over;7.0;6.5;2026-09-27T22:55:46.592Z
28.09.2026;21:30;Spain;LaLiga 2;CD Leganes;CD Castellon;id1000005472477440;bet365;Over Under Team 2 First Half;1.5;Under;1.075;1.08;2026-09-27T22:55:46.592Z
28.09.2026;21:30;Spain;LaLiga 2;CD Leganes;CD Castellon;id1000005472477440;bet365;Over Under Team 2 First Half;2.5;Over;26.0;23.0;2026-09-27T22:55:46.592Z
28.09.2026;21:30;Spain;LaLiga 2;CD Leganes;CD Castellon;id1000005472477440;bet365;Over Under Team 2 First Half;2.5;Under;1.012;1.012;2026-09-27T22:55:46.592Z
28.09.2026;21:30;Spain;LaLiga 2;CD Leganes;CD Castellon;id1000005472477440;bet365;Over Under Team 2 First Half;3.5;Over;51.0;51.0;2026-09-27T22:55:46.592Z
28.09.2026;21:30;Spain;LaLiga 2;CD Leganes;CD Castellon;id1000005472477440;bet365;Over Under Team 1 Second Half;0.5;Over;1.77;1.8;2026-09-27T22:55:46.592Z
28.09.2026;21:30;Spain;LaLiga 2;CD Leganes;CD Castellon;id1000005472477440;bet365;Over Under Team 1 Second Half;0.5;Under;1.87;1.8;2026-09-27T22:55:46.592Z
28.09.2026;21:30;Spain;LaLiga 2;CD Leganes;CD Castellon;id1000005472477440;bet365;Over Under Team 1 Second Half;1.5;Over;5.5;6.0;2026-09-27T22:55:46.592Z
28.09.2026;21:30;Spain;LaLiga 2;CD Leganes;CD Castellon;id1000005472477440;bet365;Over Under Team 1 Second Half;1.5;Under;1.11;1.1;2026-09-27T22:55:46.592Z
28.09.2026;21:30;Spain;LaLiga 2;CD Leganes;CD Castellon;id1000005472477440;bet365;Over Under Team 1 Second Half;2.5;Over;19.0;21.0;2026-09-27T22:55:46.592Z
28.09.2026;21:30;Spain;LaLiga 2;CD Leganes;CD Castellon;id1000005472477440;bet365;Over Under Team 1 Second Half;2.5;Under;1.02;1.016;2026-09-27T22:55:46.592Z
28.09.2026;21:30;Spain;LaLiga 2;CD Leganes;CD Castellon;id1000005472477440;bet365;Over Under Team 1;0.5;Over;1.3;1.3;2026-09-27T22:55:46.592Z
28.09.2026;21:30;Spain;LaLiga 2;CD Leganes;CD Castellon;id1000005472477440;bet365;Over Under Team 1;0.5;Under;3.25;3.25;2026-09-27T22:55:46.592Z
28.09.2026;21:30;Spain;LaLiga 2;CD Leganes;CD Castellon;id1000005472477440;bet365;Over Under Team 1 Second Half;3.5;Over;41.0;41.0;2026-09-27T22:55:46.592Z
28.09.2026;21:30;Spain;LaLiga 2;CD Leganes;CD Castellon;id1000005472477440;bet365;Over Under Team 2 Second Half;0.5;Over;1.69;1.63;2026-09-27T22:55:46.592Z
28.09.2026;21:30;Spain;LaLiga 2;CD Leganes;CD Castellon;id1000005472477440;bet365;Over Under Team 2 Second Half;0.5;Under;1.97;2.1;2026-09-27T22:55:46.592Z
28.09.2026;21:30;Spain;LaLiga 2;CD Leganes;CD Castellon;id1000005472477440;bet365;Over Under Team 2 Second Half;1.5;Over;4.75;4.5;2026-09-27T22:55:46.592Z
28.09.2026;21:30;Spain;LaLiga 2;CD Leganes;CD Castellon;id1000005472477440;bet365;Over Under Team 2 Second Half;1.5;Under;1.13;1.15;2026-09-27T22:55:46.592Z
28.09.2026;21:30;Spain;LaLiga 2;CD Leganes;CD Castellon;id1000005472477440;bet365;Over Under Team 2 Second Half;2.5;Over;17.0;15.0;2026-09-27T22:55:46.592Z
28.09.2026;21:30;Spain;LaLiga 2;CD Leganes;CD Castellon;id1000005472477440;bet365;Over Under Team 2 Second Half;2.5;Under;1.025;1.025;2026-09-27T22:55:46.592Z
28.09.2026;21:30;Spain;LaLiga 2;CD Leganes;CD Castellon;id1000005472477440;bet365;Over Under Team 2 Second Half;3.5;Over;41.0;34.0;2026-09-27T22:55:46.592Z
28.09.2026;21:30;Spain;LaLiga 2;CD Leganes;CD Castellon;id1000005472477440;bet365;Over Under Team 1;1.5;Over;2.5;2.62;2026-09-27T22:55:46.592Z
28.09.2026;21:30;Spain;LaLiga 2;CD Leganes;CD Castellon;id1000005472477440;bet365;Over Under Team 1;1.5;Under;1.47;1.41;2026-09-27T22:55:46.592Z
28.09.2026;21:30;Spain;LaLiga 2;CD Leganes;CD Castellon;id1000005472477440;bet365;Over Under Team 1;2.5;Over;6.5;7.0;2026-09-27T22:55:46.592Z
28.09.2026;21:30;Spain;LaLiga 2;CD Leganes;CD Castellon;id1000005472477440;bet365;Over Under Team 1;2.5;Under;1.091;1.08;2026-09-27T22:55:46.592Z
28.09.2026;21:30;Spain;LaLiga 2;CD Leganes;CD Castellon;id1000005472477440;bet365;Over Under Team 1;3.5;Over;17.0;19.0;2026-09-27T22:55:46.592Z
28.09.2026;21:30;Spain;LaLiga 2;CD Leganes;CD Castellon;id1000005472477440;bet365;Over Under Team 1;3.5;Under;1.02;1.016;2026-09-27T22:55:46.592Z
28.09.2026;21:30;Spain;LaLiga 2;CD Leganes;CD Castellon;id1000005472477440;bet365;Over Under Team 1;4.5;Over;51.0;51.0;2026-09-27T22:55:46.592Z
28.09.2026;21:30;Spain;LaLiga 2;CD Leganes;CD Castellon;id1000005472477440;bet365;Over Under Team 2;0.5;Over;1.22;1.22;2026-09-27T22:55:46.592Z
28.09.2026;21:30;Spain;LaLiga 2;CD Leganes;CD Castellon;id1000005472477440;bet365;Over Under Team 2;0.5;Under;3.75;3.75;2026-09-27T22:55:46.592Z
28.09.2026;21:30;Spain;LaLiga 2;CD Leganes;CD Castellon;id1000005472477440;bet365;Over Under Team 2;1.5;Over;2.2;2.1;2026-09-27T22:55:46.592Z
28.09.2026;21:30;Spain;LaLiga 2;CD Leganes;CD Castellon;id1000005472477440;bet365;Over Under Team 2;1.5;Under;1.58;1.63;2026-09-27T22:55:46.592Z
28.09.2026;21:30;Spain;LaLiga 2;CD Leganes;CD Castellon;id1000005472477440;bet365;Over Under Team 2;2.5;Over;5.0;5.0;2026-09-27T22:55:46.592Z
28.09.2026;21:30;Spain;LaLiga 2;CD Leganes;CD Castellon;id1000005472477440;bet365;Over Under Team 2;2.5;Under;1.13;1.13;2026-09-27T22:55:46.592Z
28.09.2026;21:30;Spain;LaLiga 2;CD Leganes;CD Castellon;id1000005472477440;bet365;Over Under Team 2;3.5;Over;15.0;13.0;2026-09-27T22:55:46.592Z
28.09.2026;21:30;Spain;LaLiga 2;CD Leganes;CD Castellon;id1000005472477440;bet365;Over Under Team 2;3.5;Under;1.025;1.032;2026-09-27T22:55:46.592Z
28.09.2026;21:30;Spain;LaLiga 2;CD Leganes;CD Castellon;id1000005472477440;bet365;Over Under Team 2;4.5;Over;34.0;29.0;2026-09-27T22:55:46.592Z
28.09.2026;21:30;Spain;LaLiga 2;CD Leganes;CD Castellon;id1000005472477440;bet365;Over Under First Half;0.5;Over;1.33;1.33;2026-09-27T22:55:46.592Z
28.09.2026;21:30;Spain;LaLiga 2;CD Leganes;CD Castellon;id1000005472477440;bet365;Over Under First Half;0.5;Under;3.0;3.0;2026-09-27T22:55:46.592Z
28.09.2026;21:30;Spain;LaLiga 2;CD Leganes;CD Castellon;id1000005472477440;bet365;Over Under First Half;1.5;Over;2.75;2.75;2026-09-27T22:55:46.592Z
28.09.2026;21:30;Spain;LaLiga 2;CD Leganes;CD Castellon;id1000005472477440;bet365;Over Under First Half;1.5;Under;1.37;1.37;2026-09-27T22:55:46.592Z
28.09.2026;21:30;Spain;LaLiga 2;CD Leganes;CD Castellon;id1000005472477440;bet365;Over Under First Half;2.5;Over;7.0;7.0;2026-09-27T22:55:46.592Z
28.09.2026;21:30;Spain;LaLiga 2;CD Leganes;CD Castellon;id1000005472477440;bet365;Over Under First Half;2.5;Under;1.08;1.08;2026-09-27T22:55:46.592Z
28.09.2026;21:30;Spain;LaLiga 2;CD Leganes;CD Castellon;id1000005472477440;bet365;Over Under First Half;3.5;Over;21.0;21.0;2026-09-27T22:55:46.592Z
28.09.2026;21:30;Spain;LaLiga 2;CD Leganes;CD Castellon;id1000005472477440;bet365;Over Under First Half;3.5;Under;1.012;1.012;2026-09-27T22:55:46.592Z
28.09.2026;21:30;Spain;LaLiga 2;CD Leganes;CD Castellon;id1000005472477440;bet365;Over Under First Half;4.5;Over;51.0;51.0;2026-09-27T22:55:46.592Z
28.09.2026;21:30;Spain;LaLiga 2;CD Leganes;CD Castellon;id1000005472477440;bet365;Over Under Second Half;0.5;Over;1.19;1.19;2026-09-27T22:55:46.592Z
28.09.2026;21:30;Spain;LaLiga 2;CD Leganes;CD Castellon;id1000005472477440;bet365;Over Under Second Half;0.5;Under;4.0;4.0;2026-09-27T22:55:46.592Z
28.09.2026;21:30;Spain;LaLiga 2;CD Leganes;CD Castellon;id1000005472477440;bet365;Over Under Second Half;1.5;Over;2.1;1.97;2026-09-27T22:55:46.592Z
28.09.2026;21:30;Spain;LaLiga 2;CD Leganes;CD Castellon;id1000005472477440;bet365;Over Under Second Half;1.5;Under;1.63;1.69;2026-09-27T22:55:46.592Z
28.09.2026;21:30;Spain;LaLiga 2;CD Leganes;CD Castellon;id1000005472477440;bet365;Over Under Second Half;2.5;Over;4.5;4.33;2026-09-27T22:55:46.592Z
28.09.2026;21:30;Spain;LaLiga 2;CD Leganes;CD Castellon;id1000005472477440;bet365;Over Under Second Half;2.5;Under;1.15;1.17;2026-09-27T22:55:46.592Z
28.09.2026;21:30;Spain;LaLiga 2;CD Leganes;CD Castellon;id1000005472477440;bet365;Over Under Second Half;3.5;Over;11.0;11.0;2026-09-27T22:55:46.592Z
28.09.2026;21:30;Spain;LaLiga 2;CD Leganes;CD Castellon;id1000005472477440;bet365;Over Under Second Half;3.5;Under;1.04;1.04;2026-09-27T22:55:46.592Z
28.09.2026;21:30;Spain;LaLiga 2;CD Leganes;CD Castellon;id1000005472477440;bet365;Over Under Second Half;4.5;Over;29.0;29.0;2026-09-27T22:55:46.592Z
28.09.2026;21:30;Spain;LaLiga 2;CD Leganes;CD Castellon;id1000005472477440;bet365;Over Under Second Half;4.5;Under;1.008;1.008;2026-09-26T00:55:41.163Z
28.09.2026;21:30;Spain;LaLiga 2;CD Leganes;CD Castellon;id1000005472477440;bet365;Both Teams To Score;0.0;Yes;1.69;1.69;2026-09-27T22:55:46.592Z
28.09.2026;21:30;Spain;LaLiga 2;CD Leganes;CD Castellon;id1000005472477440;bet365;Both Teams To Score;0.0;No;1.97;1.97;2026-09-27T22:55:46.592Z
28.09.2026;21:30;Spain;LaLiga 2;CD Leganes;CD Castellon;id1000005472477440;bet365;Over Under Full Time;0.5;Over;1.052;1.04;2026-09-28T01:03:22.440Z
28.09.2026;21:30;Spain;LaLiga 2;CD Leganes;CD Castellon;id1000005472477440;bet365;Over Under Full Time;0.5;Under;10.0;11.0;2026-09-28T01:03:22.440Z
28.09.2026;21:30;Spain;LaLiga 2;CD Leganes;CD Castellon;id1000005472477440;bet365;Over Under Full Time;1.5;Over;1.25;1.25;2026-09-28T01:03:22.440Z
28.09.2026;21:30;Spain;LaLiga 2;CD Leganes;CD Castellon;id1000005472477440;bet365;Over Under Full Time;1.5;Under;3.5;3.5;2026-09-28T01:03:22.440Z
28.09.2026;21:30;Spain;LaLiga 2;CD Leganes;CD Castellon;id1000005472477440;pinnacle;Full Time Result;0.0;1;3.53;3.27;2026-09-27T21:24:31.775Z
28.09.2026;21:30;Spain;LaLiga 2;CD Leganes;CD Castellon;id1000005472477440;pinnacle;Full Time Result;0.0;X;3.41;3.37;2026-09-27T21:24:31.775Z
28.09.2026;21:30;Spain;LaLiga 2;CD Leganes;CD Castellon;id1000005472477440;pinnacle;Full Time Result;0.0;2;2.06;2.29;2026-09-27T21:24:31.775Z
28.09.2026;21:30;Spain;LaLiga 2;CD Leganes;CD Castellon;id1000005472477440;pinnacle;Over Under Full Time;2.5;Over;1.952;1.925;2026-09-27T21:24:31.775Z
28.09.2026;21:30;Spain;LaLiga 2;CD Leganes;CD Castellon;id1000005472477440;pinnacle;Over Under Full Time;2.5;Under;1.854;1.943;2026-09-27T21:24:31.775Z
28.09.2026;21:30;Spain;LaLiga 2;CD Leganes;CD Castellon;id1000005472477440;pinnacle;Over Under Full Time;3.5;Over;3.29;3.32;2026-09-27T21:24:31.775Z
28.09.2026;21:30;Spain;LaLiga 2;CD Leganes;CD Castellon;id1000005472477440;pinnacle;Over Under Full Time;3.5;Under;1.315;1.342;2026-09-27T21:24:31.775Z
28.09.2026;21:30;Spain;LaLiga 2;CD Leganes;CD Castellon;id1000005472477440;pinnacle;European Handicap;2.0;1;1.191;1.215;2026-09-27T21:24:32.966Z
28.09.2026;21:30;Spain;LaLiga 2;CD Leganes;CD Castellon;id1000005472477440;pinnacle;European Handicap;2.0;X;7.33;7.16;2026-09-27T21:24:32.966Z
28.09.2026;21:30;Spain;LaLiga 2;CD Leganes;CD Castellon;id1000005472477440;pinnacle;European Handicap;2.0;2;10.84;10.68;2026-09-27T21:24:32.966Z
28.09.2026;21:30;Spain;LaLiga 2;CD Leganes;CD Castellon;id1000005472477440;pinnacle;European Handicap;1.0;1;1.584;1.657;2026-09-27T21:24:32.966Z
28.09.2026;21:30;Spain;LaLiga 2;CD Leganes;CD Castellon;id1000005472477440;pinnacle;European Handicap;1.0;X;4.44;4.3;2026-09-27T21:24:32.966Z
28.09.2026;21:30;Spain;LaLiga 2;CD Leganes;CD Castellon;id1000005472477440;pinnacle;European Handicap;1.0;2;4.74;4.57;2026-09-27T21:24:32.966Z
28.09.2026;21:30;Spain;LaLiga 2;CD Leganes;CD Castellon;id1000005472477440;pinnacle;Over Under Full Time;4.5;Over;6.3;6.65;2026-09-27T21:24:31.775Z
28.09.2026;21:30;Spain;LaLiga 2;CD Leganes;CD Castellon;id1000005472477440;pinnacle;Over Under Full Time;4.5;Under;1.109;1.12;2026-09-27T21:24:31.775Z
28.09.2026;21:30;Spain;LaLiga 2;CD Leganes;CD Castellon;id1000005472477440;pinnacle;European Handicap;-1.0;1;7.04;7.57;2026-09-27T21:24:32.966Z
28.09.2026;21:30;Spain;LaLiga 2;CD Leganes;CD Castellon;id1000005472477440;pinnacle;European Handicap;-1.0;X;4.93;5.21;2026-09-27T21:24:32.966Z
28.09.2026;21:30;Spain;LaLiga 2;CD Leganes;CD Castellon;id1000005472477440;pinnacle;European Handicap;-1.0;2;1.38;1.363;2026-09-27T21:24:32.966Z
28.09.2026;21:30;Spain;LaLiga 2;CD Leganes;CD Castellon;id1000005472477440;pinnacle;European Handicap;-2.0;1;18.08;19.84;2026-09-27T18:37:10.152Z
28.09.2026;21:30;Spain;LaLiga 2;CD Leganes;CD Castellon;id1000005472477440;pinnacle;European Handicap;-2.0;X;9.77;10.38;2026-09-27T18:37:10.152Z
28.09.2026;21:30;Spain;LaLiga 2;CD Leganes;CD Castellon;id1000005472477440;pinnacle;European Handicap;-2.0;2;1.107;1.108;2026-09-27T18:37:10.152Z
28.09.2026;21:30;Spain;LaLiga 2;CD Leganes;CD Castellon;id1000005472477440;pinnacle;Double Chance Full Time;0.0;1X;1.581;1.657;2026-09-27T21:24:32.966Z
28.09.2026;21:30;Spain;LaLiga 2;CD Leganes;CD Castellon;id1000005472477440;pinnacle;Double Chance Full Time;0.0;12;1.353;1.347;2026-09-27T21:24:32.966Z
28.09.2026;21:30;Spain;LaLiga 2;CD Leganes;CD Castellon;id1000005472477440;pinnacle;Double Chance Full Time;0.0;2X;1.378;1.363;2026-09-27T21:24:32.966Z
28.09.2026;21:30;Spain;LaLiga 2;CD Leganes;CD Castellon;id1000005472477440;pinnacle;Double Chance First Half;0.0;1X;1.395;1.418;2026-09-28T01:49:21.575Z
28.09.2026;21:30;Spain;LaLiga 2;CD Leganes;CD Castellon;id1000005472477440;pinnacle;Double Chance First Half;0.0;12;1.632;1.649;2026-09-28T01:49:21.575Z
28.09.2026;21:30;Spain;LaLiga 2;CD Leganes;CD Castellon;id1000005472477440;pinnacle;Double Chance First Half;0.0;2X;1.278;1.275;2026-09-28T01:49:21.575Z
28.09.2026;21:30;Spain;LaLiga 2;CD Leganes;CD Castellon;id1000005472477440;pinnacle;First Half Result;0.0;1;4.26;3.81;2026-09-28T01:49:20.029Z
28.09.2026;21:30;Spain;LaLiga 2;CD Leganes;CD Castellon;id1000005472477440;pinnacle;First Half Result;0.0;X;2.28;2.27;2026-09-28T01:49:20.029Z
28.09.2026;21:30;Spain;LaLiga 2;CD Leganes;CD Castellon;id1000005472477440;pinnacle;First Half Result;0.0;2;2.73;2.92;2026-09-28T01:49:20.029Z
28.09.2026;21:30;Spain;LaLiga 2;CD Leganes;CD Castellon;id1000005472477440;pinnacle;Over Under Team 1 First Half;0.5;Over;2.49;2.31;2026-09-28T01:49:20.029Z
28.09.2026;21:30;Spain;LaLiga 2;CD Leganes;CD Castellon;id1000005472477440;pinnacle;Over Under Team 1 First Half;0.5;Under;1.549;1.617;2026-09-28T01:49:20.029Z
28.09.2026;21:30;Spain;LaLiga 2;CD Leganes;CD Castellon;id1000005472477440;pinnacle;Over Under Team 2 First Half;0.5;Over;1.925;1.98;2026-09-28T01:49:20.029Z
28.09.2026;21:30;Spain;LaLiga 2;CD Leganes;CD Castellon;id1000005472477440;pinnacle;Over Under Team 2 First Half;0.5;Under;1.892;1.826;2026-09-28T01:49:20.029Z
28.09.2026;21:30;Spain;LaLiga 2;CD Leganes;CD Castellon;id1000005472477440;pinnacle;Over Under Team 1;0.5;Over;1.406;1.346;2026-09-27T21:24:31.775Z
28.09.2026;21:30;Spain;LaLiga 2;CD Leganes;CD Castellon;id1000005472477440;pinnacle;Over Under Team 1;0.5;Under;2.86;3.19;2026-09-27T21:24:31.775Z
28.09.2026;21:30;Spain;LaLiga 2;CD Leganes;CD Castellon;id1000005472477440;pinnacle;Over Under Team 1;1.5;Over;3.05;2.85;2026-09-27T21:24:31.775Z
28.09.2026;21:30;Spain;LaLiga 2;CD Leganes;CD Castellon;id1000005472477440;pinnacle;Over Under Team 1;1.5;Under;1.34;1.444;2026-09-27T21:24:31.775Z
28.09.2026;21:30;Spain;LaLiga 2;CD Leganes;CD Castellon;id1000005472477440;pinnacle;Over Under Team 2;0.5;Over;1.222;1.228;2026-09-27T21:24:31.775Z
28.09.2026;21:30;Spain;LaLiga 2;CD Leganes;CD Castellon;id1000005472477440;pinnacle;Over Under Team 2;0.5;Under;4.3;4.15;2026-09-27T21:24:31.775Z
28.09.2026;21:30;Spain;LaLiga 2;CD Leganes;CD Castellon;id1000005472477440;pinnacle;Over Under Team 2;1.5;Over;2.15;2.22;2026-09-27T21:24:31.775Z
28.09.2026;21:30;Spain;LaLiga 2;CD Leganes;CD Castellon;id1000005472477440;pinnacle;Over Under Team 2;1.5;Under;1.746;1.684;2026-09-27T21:24:31.775Z
28.09.2026;21:30;Spain;LaLiga 2;CD Leganes;CD Castellon;id1000005472477440;pinnacle;Over Under Team 2;2.5;Over;3.96;4.15;2026-09-21T13:11:57.103Z
28.09.2026;21:30;Spain;LaLiga 2;CD Leganes;CD Castellon;id1000005472477440;pinnacle;Over Under Team 2;2.5;Under;1.219;1.204;2026-09-21T13:11:57.103Z
28.09.2026;21:30;Spain;LaLiga 2;CD Leganes;CD Castellon;id1000005472477440;pinnacle;Over Under First Half;0.5;Over;1.389;1.374;2026-09-28T01:49:20.029Z
28.09.2026;21:30;Spain;LaLiga 2;CD Leganes;CD Castellon;id1000005472477440;pinnacle;Over Under First Half;0.5;Under;3.03;3.06;2026-09-28T01:49:20.029Z
28.09.2026;21:30;Spain;LaLiga 2;CD Leganes;CD Castellon;id1000005472477440;pinnacle;Over Under First Half;1.5;Over;2.93;2.86;2026-09-28T01:49:20.029Z
28.09.2026;21:30;Spain;LaLiga 2;CD Leganes;CD Castellon;id1000005472477440;pinnacle;Over Under First Half;1.5;Under;1.411;1.418;2026-09-28T01:49:20.029Z
28.09.2026;21:30;Spain;LaLiga 2;CD Leganes;CD Castellon;id1000005472477440;pinnacle;Both Teams To Score First Half;0.0;Yes;4.52;4.68;2026-09-27T18:37:10.152Z
28.09.2026;21:30;Spain;LaLiga 2;CD Leganes;CD Castellon;id1000005472477440;pinnacle;Both Teams To Score First Half;0.0;No;1.194;1.196;2026-09-27T18:37:10.152Z
28.09.2026;21:30;Spain;LaLiga 2;CD Leganes;CD Castellon;id1000005472477440;pinnacle;Both Teams To Score;0.0;Yes;1.671;1.704;2026-09-27T18:37:10.152Z
28.09.2026;21:30;Spain;LaLiga 2;CD Leganes;CD Castellon;id1000005472477440;pinnacle;Both Teams To Score;0.0;No;2.2;2.19;2026-09-27T18:37:10.152Z
28.09.2026;21:30;Spain;LaLiga 2;CD Leganes;CD Castellon;id1000005472477440;pinnacle;Asian Handicap First Half;-0.5;1;3.79;3.77;2026-09-28T01:49:20.029Z
28.09.2026;21:30;Spain;LaLiga 2;CD Leganes;CD Castellon;id1000005472477440;pinnacle;Asian Handicap First Half;-0.5;2;1.253;1.282;2026-09-28T01:49:20.029Z
28.09.2026;21:30;Spain;LaLiga 2;CD Leganes;CD Castellon;id1000005472477440;pinnacle;Asian Handicap First Half;-0.25;1;3.26;3.01;2026-09-28T01:49:20.029Z
28.09.2026;21:30;Spain;LaLiga 2;CD Leganes;CD Castellon;id1000005472477440;pinnacle;Asian Handicap First Half;-0.25;2;1.321;1.404;2026-09-28T01:49:20.029Z
28.09.2026;21:30;Spain;LaLiga 2;CD Leganes;CD Castellon;id1000005472477440;pinnacle;Asian Handicap First Half;0.0;1;2.42;2.23;2026-09-28T01:49:20.029Z
28.09.2026;21:30;Spain;LaLiga 2;CD Leganes;CD Castellon;id1000005472477440;pinnacle;Asian Handicap First Half;0.0;2;1.54;1.694;2026-09-28T01:49:20.029Z
28.09.2026;21:30;Spain;LaLiga 2;CD Leganes;CD Castellon;id1000005472477440;pinnacle;Asian Handicap First Half;0.25;1;1.714;1.641;2026-09-28T01:49:20.029Z
28.09.2026;21:30;Spain;LaLiga 2;CD Leganes;CD Castellon;id1000005472477440;pinnacle;Asian Handicap First Half;0.25;2;2.11;2.3;2026-09-28T01:49:20.029Z
28.09.2026;21:30;Spain;LaLiga 2;CD Leganes;CD Castellon;id1000005472477440;pinnacle;Asian Handicap First Half;0.5;1;1.46;1.427;2026-09-28T01:49:20.029Z
28.09.2026;21:30;Spain;LaLiga 2;CD Leganes;CD Castellon;id1000005472477440;pinnacle;Asian Handicap First Half;0.5;2;2.65;2.9;2026-09-28T01:49:20.029Z
28.09.2026;21:30;Spain;LaLiga 2;CD Leganes;CD Castellon;id1000005472477440;pinnacle;Asian Handicap First Half;0.75;1;1.281;1.264;2026-09-26T16:10:30.045Z
28.09.2026;21:30;Spain;LaLiga 2;CD Leganes;CD Castellon;id1000005472477440;pinnacle;Asian Handicap First Half;0.75;2;3.54;3.8;2026-09-26T16:10:30.045Z
28.09.2026;21:30;Spain;LaLiga 2;CD Leganes;CD Castellon;id1000005472477440;pinnacle;Asian Handicap;-0.75;1;4.53;4.17;2026-09-27T21:24:31.775Z
28.09.2026;21:30;Spain;LaLiga 2;CD Leganes;CD Castellon;id1000005472477440;pinnacle;Asian Handicap;-0.75;2;1.196;1.25;2026-09-27T21:24:31.775Z
28.09.2026;21:30;Spain;LaLiga 2;CD Leganes;CD Castellon;id1000005472477440;pinnacle;Asian Handicap;-0.5;1;3.5;3.24;2026-09-27T21:24:31.775Z
28.09.2026;21:30;Spain;LaLiga 2;CD Leganes;CD Castellon;id1000005472477440;pinnacle;Asian Handicap;-0.5;2;1.294;1.366;2026-09-27T21:24:31.775Z
28.09.2026;21:30;Spain;LaLiga 2;CD Leganes;CD Castellon;id1000005472477440;pinnacle;Asian Handicap;-0.25;1;3.06;2.8;2026-09-27T21:24:31.775Z
28.09.2026;21:30;Spain;LaLiga 2;CD Leganes;CD Castellon;id1000005472477440;pinnacle;Asian Handicap;-0.25;2;1.374;1.471;2026-09-27T21:24:31.775Z
28.09.2026;21:30;Spain;LaLiga 2;CD Leganes;CD Castellon;id1000005472477440;pinnacle;Asian Handicap;0.0;1;2.59;2.35;2026-09-27T21:24:31.775Z
28.09.2026;21:30;Spain;LaLiga 2;CD Leganes;CD Castellon;id1000005472477440;pinnacle;Asian Handicap;0.0;2;1.5;1.641;2026-09-27T21:24:31.775Z
28.09.2026;21:30;Spain;LaLiga 2;CD Leganes;CD Castellon;id1000005472477440;pinnacle;Asian Handicap;0.25;1;2.05;1.909;2026-09-27T21:24:31.775Z
28.09.2026;21:30;Spain;LaLiga 2;CD Leganes;CD Castellon;id1000005472477440;pinnacle;Asian Handicap;0.25;2;1.787;1.98;2026-09-27T21:24:31.775Z
28.09.2026;21:30;Spain;LaLiga 2;CD Leganes;CD Castellon;id1000005472477440;pinnacle;Asian Handicap;0.5;1;1.763;1.671;2026-09-27T21:24:31.775Z
28.09.2026;21:30;Spain;LaLiga 2;CD Leganes;CD Castellon;id1000005472477440;pinnacle;Asian Handicap;0.5;2;2.06;2.29;2026-09-27T21:24:31.775Z
28.09.2026;21:30;Spain;LaLiga 2;CD Leganes;CD Castellon;id1000005472477440;pinnacle;Asian Handicap;0.75;1;1.558;1.487;2026-09-27T21:24:31.775Z
28.09.2026;21:30;Spain;LaLiga 2;CD Leganes;CD Castellon;id1000005472477440;pinnacle;Asian Handicap;0.75;2;2.42;2.74;2026-09-27T21:24:31.775Z
28.09.2026;21:30;Spain;LaLiga 2;CD Leganes;CD Castellon;id1000005472477440;pinnacle;Over Under Full Time;1.5;Over;1.289;1.285;2026-09-27T21:24:31.775Z
28.09.2026;21:30;Spain;LaLiga 2;CD Leganes;CD Castellon;id1000005472477440;pinnacle;Over Under Full Time;1.5;Under;3.47;3.73;2026-09-27T21:24:31.775Z
28.09.2026;21:30;Spain;LaLiga 2;CD Leganes;CD Castellon;id1000005472477440;pinnacle;Asian Handicap;1.0;1;1.359;1.306;2026-09-27T21:24:31.775Z
28.09.2026;21:30;Spain;LaLiga 2;CD Leganes;CD Castellon;id1000005472477440;pinnacle;Asian Handicap;1.0;2;3.09;3.64;2026-09-27T21:24:31.775Z
28.09.2026;21:30;Spain;LaLiga 2;CD Leganes;CD Castellon;id1000005472477440;pinnacle;Asian Handicap;1.25;1;1.291;1.255;2026-09-27T21:24:31.775Z
28.09.2026;21:30;Spain;LaLiga 2;CD Leganes;CD Castellon;id1000005472477440;pinnacle;Asian Handicap;1.25;2;3.52;4.12;2026-09-27T21:24:31.775Z
28.09.2026;21:30;Spain;LaLiga 2;CD Leganes;CD Castellon;id1000005472477440;pinnacle;Asian Handicap;1.5;1;1.303;1.242;2026-09-21T13:12:59.372Z
28.09.2026;21:30;Spain;LaLiga 2;CD Leganes;CD Castellon;id1000005472477440;pinnacle;Asian Handicap;1.5;2;3.43;3.95;2026-09-21T13:12:59.372Z
28.09.2026;21:30;Spain;LaLiga 2;CD Leganes;CD Castellon;id1000005472477440;sbobet;Full Time Result;0.0;1;2.77;2.85;2026-09-28T01:41:38.702Z
28.09.2026;21:30;Spain;LaLiga 2;CD Leganes;CD Castellon;id1000005472477440;sbobet;Full Time Result;0.0;X;3.05;3.14;2026-09-28T01:41:38.702Z
28.09.2026;21:30;Spain;LaLiga 2;CD Leganes;CD Castellon;id1000005472477440;sbobet;Full Time Result;0.0;2;2.31;2.31;2026-09-27T22:57:02.139Z
28.09.2026;21:30;Spain;LaLiga 2;CD Leganes;CD Castellon;id1000005472477440;sbobet;Over Under Full Time;2.5;Over;1.905;1.905;2026-09-27T22:57:02.139Z
28.09.2026;21:30;Spain;LaLiga 2;CD Leganes;CD Castellon;id1000005472477440;sbobet;Over Under Full Time;2.5;Under;1.945;1.945;2026-09-27T22:57:02.139Z
28.09.2026;21:30;Spain;LaLiga 2;CD Leganes;CD Castellon;id1000005472477440;sbobet;Double Chance Full Time;0.0;1X;1.61;1.61;2026-09-27T22:57:02.139Z
28.09.2026;21:30;Spain;LaLiga 2;CD Leganes;CD Castellon;id1000005472477440;sbobet;Double Chance Full Time;0.0;12;1.26;1.27;2026-09-28T01:41:38.702Z
28.09.2026;21:30;Spain;LaLiga 2;CD Leganes;CD Castellon;id1000005472477440;sbobet;Double Chance Full Time;0.0;2X;1.31;1.33;2026-09-28T01:41:38.702Z
28.09.2026;21:30;Spain;LaLiga 2;CD Leganes;CD Castellon;id1000005472477440;sbobet;First Half Result;0.0;1;3.31;3.38;2026-09-28T01:41:38.702Z
28.09.2026;21:30;Spain;LaLiga 2;CD Leganes;CD Castellon;id1000005472477440;sbobet;First Half Result;0.0;X;2.11;2.14;2026-09-28T01:41:38.702Z
28.09.2026;21:30;Spain;LaLiga 2;CD Leganes;CD Castellon;id1000005472477440;sbobet;First Half Result;0.0;2;2.73;2.78;2026-09-28T01:41:38.702Z
28.09.2026;21:30;Spain;LaLiga 2;CD Leganes;CD Castellon;id1000005472477440;sbobet;Asian Handicap First Half;0.0;1;2.14;2.14;2026-09-27T22:57:02.139Z
28.09.2026;21:30;Spain;LaLiga 2;CD Leganes;CD Castellon;id1000005472477440;sbobet;Asian Handicap First Half;0.0;2;1.725;1.725;2026-09-27T22:57:02.139Z
28.09.2026;21:30;Spain;LaLiga 2;CD Leganes;CD Castellon;id1000005472477440;sbobet;Asian Handicap First Half;0.25;1;1.615;1.615;2026-09-27T22:57:02.139Z
28.09.2026;21:30;Spain;LaLiga 2;CD Leganes;CD Castellon;id1000005472477440;sbobet;Asian Handicap First Half;0.25;2;2.3;2.3;2026-09-27T22:57:02.139Z
28.09.2026;21:30;Spain;LaLiga 2;CD Leganes;CD Castellon;id1000005472477440;sbobet;Asian Handicap;0.0;1;2.27;2.27;2026-09-27T22:57:02.139Z
28.09.2026;21:30;Spain;LaLiga 2;CD Leganes;CD Castellon;id1000005472477440;sbobet;Asian Handicap;0.0;2;1.655;1.655;2026-09-27T22:57:02.139Z
28.09.2026;21:30;Spain;LaLiga 2;CD Leganes;CD Castellon;id1000005472477440;sbobet;Asian Handicap;0.25;1;1.865;1.865;2026-09-27T22:57:02.139Z
28.09.2026;21:30;Spain;LaLiga 2;CD Leganes;CD Castellon;id1000005472477440;sbobet;Asian Handicap;0.25;2;2.0;2.0;2026-09-27T22:57:02.139Z
28.09.2026;21:30;Spain;LaLiga 2;CD Leganes;CD Castellon;id1000005472477440;sbobet;Asian Handicap;0.5;1;1.635;1.635;2026-09-27T22:57:02.139Z
28.09.2026;21:30;Spain;LaLiga 2;CD Leganes;CD Castellon;id1000005472477440;sbobet;Asian Handicap;0.5;2;2.3;2.3;2026-09-27T22:57:02.139Z
28.09.2026;21:30;Spain;LaLiga 2;CD Leganes;CD Castellon;id1000005472477440;sisal.it;Full Time Result;0.0;1;3.0;2.8;2026-09-25T16:28:50.853Z
28.09.2026;21:30;Spain;LaLiga 2;CD Leganes;CD Castellon;id1000005472477440;sisal.it;Full Time Result;0.0;X;3.4;3.4;2026-09-27T18:58:11.792Z
28.09.2026;21:30;Spain;LaLiga 2;CD Leganes;CD Castellon;id1000005472477440;sisal.it;Full Time Result;0.0;2;2.2;2.3;2026-09-27T18:58:11.792Z
28.09.2026;21:30;Spain;LaLiga 2;CD Leganes;CD Castellon;id1000005472477440;sisal.it;Over Under Full Time;2.5;Over;1.85;1.8;2026-09-24T11:32:26.660Z
28.09.2026;21:30;Spain;LaLiga 2;CD Leganes;CD Castellon;id1000005472477440;sisal.it;Over Under Full Time;2.5;Under;1.8;1.85;2026-09-25T15:29:43.953Z
28.09.2026;21:30;Spain;LaLiga 2;CD Leganes;CD Castellon;id1000005472477440;sisal.it;Over Under Full Time;3.5;Over;3.0;3.0;2026-09-22T09:39:38.944Z
28.09.2026;21:30;Spain;LaLiga 2;CD Leganes;CD Castellon;id1000005472477440;sisal.it;Over Under Full Time;3.5;Under;1.3;1.3;2026-09-22T09:39:38.944Z
28.09.2026;21:30;Spain;LaLiga 2;CD Leganes;CD Castellon;id1000005472477440;sisal.it;European Handicap;2.0;1;1.17;1.15;2026-09-25T15:29:43.953Z
28.09.2026;21:30;Spain;LaLiga 2;CD Leganes;CD Castellon;id1000005472477440;sisal.it;European Handicap;2.0;X;6.0;6.5;2026-09-26T08:46:05.241Z
28.09.2026;21:30;Spain;LaLiga 2;CD Leganes;CD Castellon;id1000005472477440;sisal.it;European Handicap;2.0;2;9.0;9.0;2026-09-26T08:46:05.241Z
28.09.2026;21:30;Spain;LaLiga 2;CD Leganes;CD Castellon;id1000005472477440;sisal.it;European Handicap;1.0;1;1.6;1.55;2026-09-25T16:28:50.853Z
28.09.2026;21:30;Spain;LaLiga 2;CD Leganes;CD Castellon;id1000005472477440;sisal.it;European Handicap;1.0;X;3.75;3.75;2026-09-25T16:28:50.853Z
28.09.2026;21:30;Spain;LaLiga 2;CD Leganes;CD Castellon;id1000005472477440;sisal.it;European Handicap;1.0;2;4.0;4.25;2026-09-25T15:29:43.953Z
28.09.2026;21:30;Spain;LaLiga 2;CD Leganes;CD Castellon;id1000005472477440;sisal.it;Over Under Full Time;4.5;Over;5.5;5.25;2026-09-25T15:29:43.953Z
28.09.2026;21:30;Spain;LaLiga 2;CD Leganes;CD Castellon;id1000005472477440;sisal.it;Over Under Full Time;4.5;Under;1.08;1.09;2026-09-25T15:29:43.953Z
28.09.2026;21:30;Spain;LaLiga 2;CD Leganes;CD Castellon;id1000005472477440;sisal.it;European Handicap;-1.0;1;6.0;6.0;2026-09-25T16:28:50.853Z
28.09.2026;21:30;Spain;LaLiga 2;CD Leganes;CD Castellon;id1000005472477440;sisal.it;European Handicap;-1.0;X;4.5;4.25;2026-09-24T11:32:26.660Z
28.09.2026;21:30;Spain;LaLiga 2;CD Leganes;CD Castellon;id1000005472477440;sisal.it;European Handicap;-1.0;2;1.33;1.36;2026-09-25T16:28:50.853Z
28.09.2026;21:30;Spain;LaLiga 2;CD Leganes;CD Castellon;id1000005472477440;sisal.it;European Handicap;-2.0;1;14.0;13.0;2026-09-25T16:28:50.853Z
28.09.2026;21:30;Spain;LaLiga 2;CD Leganes;CD Castellon;id1000005472477440;sisal.it;European Handicap;-2.0;X;8.5;8.0;2026-09-25T16:28:50.853Z
28.09.2026;21:30;Spain;LaLiga 2;CD Leganes;CD Castellon;id1000005472477440;sisal.it;European Handicap;-2.0;2;1.06;1.08;2026-09-25T16:28:50.853Z
28.09.2026;21:30;Spain;LaLiga 2;CD Leganes;CD Castellon;id1000005472477440;sisal.it;Double Chance Full Time;0.0;1X;1.6;1.55;2026-09-25T16:28:50.853Z
28.09.2026;21:30;Spain;LaLiga 2;CD Leganes;CD Castellon;id1000005472477440;sisal.it;Double Chance Full Time;0.0;12;1.25;1.25;2026-09-22T09:39:38.944Z
28.09.2026;21:30;Spain;LaLiga 2;CD Leganes;CD Castellon;id1000005472477440;sisal.it;Double Chance Full Time;0.0;2X;1.3;1.36;2026-09-25T16:28:50.853Z
28.09.2026;21:30;Spain;LaLiga 2;CD Leganes;CD Castellon;id1000005472477440;sisal.it;Double Chance First Half;0.0;1X;1.31;1.29;2026-09-26T08:46:05.241Z
28.09.2026;21:30;Spain;LaLiga 2;CD Leganes;CD Castellon;id1000005472477440;sisal.it;Double Chance First Half;0.0;12;1.51;1.48;2026-09-25T16:28:50.853Z
28.09.2026;21:30;Spain;LaLiga 2;CD Leganes;CD Castellon;id1000005472477440;sisal.it;Double Chance First Half;0.0;2X;1.19;1.21;2026-09-26T08:46:05.241Z
28.09.2026;21:30;Spain;LaLiga 2;CD Leganes;CD Castellon;id1000005472477440;sisal.it;Double Chance Second Half;0.0;1X;1.36;1.34;2026-09-25T22:05:07.308Z
28.09.2026;21:30;Spain;LaLiga 2;CD Leganes;CD Castellon;id1000005472477440;sisal.it;Double Chance Second Half;0.0;12;1.39;1.4;2026-09-27T18:58:11.792Z
28.09.2026;21:30;Spain;LaLiga 2;CD Leganes;CD Castellon;id1000005472477440;sisal.it;Double Chance Second Half;0.0;2X;1.2;1.25;2026-09-27T18:58:11.792Z
28.09.2026;21:30;Spain;LaLiga 2;CD Leganes;CD Castellon;id1000005472477440;sisal.it;First Half Result;0.0;1;3.5;3.25;2026-09-24T11:32:26.660Z
28.09.2026;21:30;Spain;LaLiga 2;CD Leganes;CD Castellon;id1000005472477440;sisal.it;First Half Result;0.0;X;2.15;2.2;2026-09-26T08:46:05.241Z
28.09.2026;21:30;Spain;LaLiga 2;CD Leganes;CD Castellon;id1000005472477440;sisal.it;First Half Result;0.0;2;2.75;2.8;2026-09-25T16:28:50.853Z
28.09.2026;21:30;Spain;LaLiga 2;CD Leganes;CD Castellon;id1000005472477440;sisal.it;Second Half Result;0.0;1;3.25;3.1;2026-09-27T18:58:11.792Z
28.09.2026;21:30;Spain;LaLiga 2;CD Leganes;CD Castellon;id1000005472477440;sisal.it;Second Half Result;0.0;X;2.4;2.45;2026-09-27T18:58:11.792Z
28.09.2026;21:30;Spain;LaLiga 2;CD Leganes;CD Castellon;id1000005472477440;sisal.it;Second Half Result;0.0;2;2.5;2.65;2026-09-25T22:05:07.308Z
28.09.2026;21:30;Spain;LaLiga 2;CD Leganes;CD Castellon;id1000005472477440;sisal.it;Over Under Team 1 First Half;0.5;Over;2.2;2.1;2026-09-25T16:28:50.853Z
28.09.2026;21:30;Spain;LaLiga 2;CD Leganes;CD Castellon;id1000005472477440;sisal.it;Over Under Team 1 First Half;0.5;Under;1.52;1.6;2026-09-25T16:28:50.853Z
28.09.2026;21:30;Spain;LaLiga 2;CD Leganes;CD Castellon;id1000005472477440;sisal.it;Over Under Team 1 First Half;1.5;Over;6.5;6.0;2026-09-26T08:46:05.241Z
28.09.2026;21:30;Spain;LaLiga 2;CD Leganes;CD Castellon;id1000005472477440;sisal.it;Over Under Team 1 First Half;1.5;Under;1.05;1.06;2026-09-26T08:46:05.241Z
28.09.2026;21:30;Spain;LaLiga 2;CD Leganes;CD Castellon;id1000005472477440;sisal.it;Over Under Team 1 First Half;2.5;Over;16.0;16.0;2026-09-22T09:39:38.944Z
28.09.2026;21:30;Spain;LaLiga 2;CD Leganes;CD Castellon;id1000005472477440;sisal.it;Over Under Team 2 First Half;0.5;Over;1.85;1.85;2026-09-25T16:28:50.853Z
28.09.2026;21:30;Spain;LaLiga 2;CD Leganes;CD Castellon;id1000005472477440;sisal.it;Over Under Team 2 First Half;0.5;Under;1.75;1.75;2026-09-25T16:28:50.853Z
28.09.2026;21:30;Spain;LaLiga 2;CD Leganes;CD Castellon;id1000005472477440;sisal.it;Over Under Team 2 First Half;1.5;Over;5.25;5.25;2026-09-26T08:46:05.241Z
28.09.2026;21:30;Spain;LaLiga 2;CD Leganes;CD Castellon;id1000005472477440;sisal.it;Over Under Team 2 First Half;1.5;Under;1.09;1.09;2026-09-26T08:46:05.241Z
28.09.2026;21:30;Spain;LaLiga 2;CD Leganes;CD Castellon;id1000005472477440;sisal.it;Over Under Team 2 First Half;2.5;Over;15.0;15.0;2026-09-22T09:39:38.944Z
28.09.2026;21:30;Spain;LaLiga 2;CD Leganes;CD Castellon;id1000005472477440;sisal.it;Over Under Team 1;0.5;Over;1.36;1.3;2026-09-24T11:32:26.660Z
28.09.2026;21:30;Spain;LaLiga 2;CD Leganes;CD Castellon;id1000005472477440;sisal.it;Over Under Team 1;0.5;Under;2.9;3.1;2026-09-24T11:32:26.660Z
28.09.2026;21:30;Spain;LaLiga 2;CD Leganes;CD Castellon;id1000005472477440;sisal.it;Over Under Team 1;1.5;Over;2.6;2.4;2026-09-25T15:29:43.953Z
28.09.2026;21:30;Spain;LaLiga 2;CD Leganes;CD Castellon;id1000005472477440;sisal.it;Over Under Team 1;1.5;Under;1.42;1.48;2026-09-25T15:29:43.953Z
28.09.2026;21:30;Spain;LaLiga 2;CD Leganes;CD Castellon;id1000005472477440;sisal.it;Over Under Team 1;2.5;Over;6.0;5.5;2026-09-25T15:29:43.953Z
28.09.2026;21:30;Spain;LaLiga 2;CD Leganes;CD Castellon;id1000005472477440;sisal.it;Over Under Team 1;2.5;Under;1.08;1.1;2026-09-25T15:29:43.953Z
28.09.2026;21:30;Spain;LaLiga 2;CD Leganes;CD Castellon;id1000005472477440;sisal.it;Over Under Team 1;3.5;Over;16.0;15.0;2026-09-25T16:28:50.853Z
28.09.2026;21:30;Spain;LaLiga 2;CD Leganes;CD Castellon;id1000005472477440;sisal.it;Over Under Team 1;4.5;Over;25.0;25.0;2026-09-22T09:39:38.944Z
28.09.2026;21:30;Spain;LaLiga 2;CD Leganes;CD Castellon;id1000005472477440;sisal.it;Over Under Team 2;0.5;Over;1.22;1.22;2026-09-25T16:28:50.853Z
28.09.2026;21:30;Spain;LaLiga 2;CD Leganes;CD Castellon;id1000005472477440;sisal.it;Over Under Team 2;0.5;Under;3.6;3.6;2026-09-25T16:28:50.853Z
28.09.2026;21:30;Spain;LaLiga 2;CD Leganes;CD Castellon;id1000005472477440;sisal.it;Over Under Team 2;1.5;Over;2.1;2.1;2026-09-25T16:28:50.853Z
28.09.2026;21:30;Spain;LaLiga 2;CD Leganes;CD Castellon;id1000005472477440;sisal.it;Over Under Team 2;1.5;Under;1.62;1.62;2026-09-25T16:28:50.853Z
28.09.2026;21:30;Spain;LaLiga 2;CD Leganes;CD Castellon;id1000005472477440;sisal.it;European Handicap First Half;1.0;1;1.3;1.3;2026-09-25T16:28:50.853Z
28.09.2026;21:30;Spain;LaLiga 2;CD Leganes;CD Castellon;id1000005472477440;sisal.it;European Handicap First Half;1.0;X;3.5;3.7;2026-09-25T22:05:07.308Z
28.09.2026;21:30;Spain;LaLiga 2;CD Leganes;CD Castellon;id1000005472477440;sisal.it;European Handicap First Half;1.0;2;8.5;8.75;2026-09-25T16:28:50.853Z
28.09.2026;21:30;Spain;LaLiga 2;CD Leganes;CD Castellon;id1000005472477440;sisal.it;European Handicap First Half;-1.0;1;12.0;11.0;2026-09-25T16:28:50.853Z
28.09.2026;21:30;Spain;LaLiga 2;CD Leganes;CD Castellon;id1000005472477440;sisal.it;European Handicap First Half;-1.0;X;4.15;4.1;2026-09-25T16:28:50.853Z
28.09.2026;21:30;Spain;LaLiga 2;CD Leganes;CD Castellon;id1000005472477440;sisal.it;European Handicap First Half;-1.0;2;1.2;1.21;2026-09-25T16:28:50.853Z
28.09.2026;21:30;Spain;LaLiga 2;CD Leganes;CD Castellon;id1000005472477440;sisal.it;Over Under Team 2;2.5;Over;4.5;4.5;2026-09-25T15:29:43.953Z
28.09.2026;21:30;Spain;LaLiga 2;CD Leganes;CD Castellon;id1000005472477440;sisal.it;Over Under Team 2;2.5;Under;1.15;1.15;2026-09-25T15:29:43.953Z
28.09.2026;21:30;Spain;LaLiga 2;CD Leganes;CD Castellon;id1000005472477440;sisal.it;European Handicap Second Half;1.0;1;1.38;1.36;2026-09-25T22:05:07.308Z
28.09.2026;21:30;Spain;LaLiga 2;CD Leganes;CD Castellon;id1000005472477440;sisal.it;European Handicap Second Half;1.0;X;3.5;3.6;2026-09-24T11:32:26.660Z
28.09.2026;21:30;Spain;LaLiga 2;CD Leganes;CD Castellon;id1000005472477440;sisal.it;European Handicap Second Half;1.0;2;6.5;7.0;2026-09-24T11:32:26.660Z
28.09.2026;21:30;Spain;LaLiga 2;CD Leganes;CD Castellon;id1000005472477440;sisal.it;European Handicap Second Half;-1.0;1;9.5;8.75;2026-09-27T18:58:11.792Z
28.09.2026;21:30;Spain;LaLiga 2;CD Leganes;CD Castellon;id1000005472477440;sisal.it;European Handicap Second Half;-1.0;X;4.1;4.0;2026-09-25T16:28:50.853Z
28.09.2026;21:30;Spain;LaLiga 2;CD Leganes;CD Castellon;id1000005472477440;sisal.it;European Handicap Second Half;-1.0;2;1.23;1.27;2026-09-27T18:58:11.792Z
28.09.2026;21:30;Spain;LaLiga 2;CD Leganes;CD Castellon;id1000005472477440;sisal.it;Over Under Team 2;3.5;Over;10.0;10.0;2026-09-25T15:29:43.953Z
28.09.2026;21:30;Spain;LaLiga 2;CD Leganes;CD Castellon;id1000005472477440;sisal.it;Over Under Team 2;3.5;Under;1.02;1.02;2026-09-25T15:29:43.953Z
28.09.2026;21:30;Spain;LaLiga 2;CD Leganes;CD Castellon;id1000005472477440;sisal.it;Over Under Team 2;4.5;Over;16.0;25.0;2026-09-25T16:28:50.853Z
28.09.2026;21:30;Spain;LaLiga 2;CD Leganes;CD Castellon;id1000005472477440;sisal.it;Over Under First Half;0.5;Over;1.33;1.3;2026-09-25T15:29:43.953Z
28.09.2026;21:30;Spain;LaLiga 2;CD Leganes;CD Castellon;id1000005472477440;sisal.it;Over Under First Half;0.5;Under;2.8;3.0;2026-09-25T15:29:43.953Z
28.09.2026;21:30;Spain;LaLiga 2;CD Leganes;CD Castellon;id1000005472477440;sisal.it;Over Under First Half;1.5;Over;2.6;2.5;2026-09-26T08:46:05.241Z
28.09.2026;21:30;Spain;LaLiga 2;CD Leganes;CD Castellon;id1000005472477440;sisal.it;Over Under First Half;1.5;Under;1.38;1.42;2026-09-26T08:46:05.241Z
28.09.2026;21:30;Spain;LaLiga 2;CD Leganes;CD Castellon;id1000005472477440;sisal.it;Over Under First Half;2.5;Over;6.0;5.75;2026-09-26T08:46:05.241Z
28.09.2026;21:30;Spain;LaLiga 2;CD Leganes;CD Castellon;id1000005472477440;sisal.it;Over Under First Half;2.5;Under;1.06;1.07;2026-09-26T08:46:05.241Z
28.09.2026;21:30;Spain;LaLiga 2;CD Leganes;CD Castellon;id1000005472477440;sisal.it;Over Under First Half;3.5;Over;15.0;15.0;2026-09-22T09:39:38.944Z
28.09.2026;21:30;Spain;LaLiga 2;CD Leganes;CD Castellon;id1000005472477440;sisal.it;Over Under First Half;4.5;Over;25.0;25.0;2026-09-25T15:29:43.953Z
28.09.2026;21:30;Spain;LaLiga 2;CD Leganes;CD Castellon;id1000005472477440;sisal.it;Both Teams To Score First Half;0.0;Yes;4.25;3.75;2026-09-24T11:32:26.660Z
28.09.2026;21:30;Spain;LaLiga 2;CD Leganes;CD Castellon;id1000005472477440;sisal.it;Both Teams To Score First Half;0.0;No;1.16;1.18;2026-09-24T11:32:26.660Z
28.09.2026;21:30;Spain;LaLiga 2;CD Leganes;CD Castellon;id1000005472477440;sisal.it;Both Teams To Score;0.0;Yes;1.7;1.62;2026-09-24T11:32:26.660Z
28.09.2026;21:30;Spain;LaLiga 2;CD Leganes;CD Castellon;id1000005472477440;sisal.it;Both Teams To Score;0.0;No;2.0;2.1;2026-09-24T11:32:26.660Z
28.09.2026;21:30;Spain;LaLiga 2;CD Leganes;CD Castellon;id1000005472477440;sisal.it;Over Under Full Time;0.5;Over;1.03;1.02;2026-09-25T16:28:50.853Z
28.09.2026;21:30;Spain;LaLiga 2;CD Leganes;CD Castellon;id1000005472477440;sisal.it;Over Under Full Time;0.5;Under;10.0;10.0;2026-09-22T09:39:38.944Z
28.09.2026;21:30;Spain;LaLiga 2;CD Leganes;CD Castellon;id1000005472477440;sisal.it;Over Under Full Time;1.5;Over;1.27;1.25;2026-09-25T15:29:43.953Z
28.09.2026;21:30;Spain;LaLiga 2;CD Leganes;CD Castellon;id1000005472477440;sisal.it;Over Under Full Time;1.5;Under;3.25;3.5;2026-09-25T15:29:43.953Z
28.09.2026;21:30;Spain;LaLiga 2;CD Leganes;CD Castellon;id1000005472477440;tipico;Full Time Result;0.0;1;3.2;3.2;2026-09-27T19:22:10.816Z
28.09.2026;21:30;Spain;LaLiga 2;CD Leganes;CD Castellon;id1000005472477440;tipico;Full Time Result;0.0;X;3.2;3.3;2026-09-27T19:22:10.816Z
28.09.2026;21:30;Spain;LaLiga 2;CD Leganes;CD Castellon;id1000005472477440;tipico;Full Time Result;0.0;2;2.1;2.15;2026-09-27T19:22:10.816Z
28.09.2026;21:30;Spain;LaLiga 2;CD Leganes;CD Castellon;id1000005472477440;tipico;Over Under Full Time;2.5;Over;1.8;1.77;2026-09-27T23:01:40.249Z
28.09.2026;21:30;Spain;LaLiga 2;CD Leganes;CD Castellon;id1000005472477440;tipico;Over Under Full Time;2.5;Under;1.9;1.93;2026-09-27T23:01:40.249Z
28.09.2026;21:30;Spain;LaLiga 2;CD Leganes;CD Castellon;id1000005472477440;tipico;Over Under Full Time;3.5;Over;3.2;3.0;2026-09-27T23:01:40.249Z
28.09.2026;21:30;Spain;LaLiga 2;CD Leganes;CD Castellon;id1000005472477440;tipico;Over Under Full Time;3.5;Under;1.3;1.33;2026-09-27T23:01:40.249Z
28.09.2026;21:30;Spain;LaLiga 2;CD Leganes;CD Castellon;id1000005472477440;tipico;European Handicap;2.0;1;1.2;1.11;2026-09-27T22:07:36.480Z
28.09.2026;21:30;Spain;LaLiga 2;CD Leganes;CD Castellon;id1000005472477440;tipico;European Handicap;2.0;X;6.7;6.8;2026-09-27T22:15:44.701Z
28.09.2026;21:30;Spain;LaLiga 2;CD Leganes;CD Castellon;id1000005472477440;tipico;European Handicap;2.0;2;6.5;11.0;2026-09-27T22:15:44.701Z
28.09.2026;21:30;Spain;LaLiga 2;CD Leganes;CD Castellon;id1000005472477440;tipico;European Handicap;1.0;1;1.62;1.62;2026-09-27T19:22:10.816Z
28.09.2026;21:30;Spain;LaLiga 2;CD Leganes;CD Castellon;id1000005472477440;tipico;European Handicap;1.0;X;3.6;3.3;2026-09-27T22:07:36.480Z
28.09.2026;21:30;Spain;LaLiga 2;CD Leganes;CD Castellon;id1000005472477440;tipico;European Handicap;1.0;2;4.1;4.6;2026-09-27T22:07:36.480Z
28.09.2026;21:30;Spain;LaLiga 2;CD Leganes;CD Castellon;id1000005472477440;tipico;Over Under Full Time;4.5;Over;5.8;6.2;2026-09-27T22:07:36.480Z
28.09.2026;21:30;Spain;LaLiga 2;CD Leganes;CD Castellon;id1000005472477440;tipico;Over Under Full Time;4.5;Under;1.09;1.08;2026-09-27T22:07:36.480Z
28.09.2026;21:30;Spain;LaLiga 2;CD Leganes;CD Castellon;id1000005472477440;tipico;European Handicap;-1.0;1;5.5;7.2;2026-09-27T22:07:36.480Z
28.09.2026;21:30;Spain;LaLiga 2;CD Leganes;CD Castellon;id1000005472477440;tipico;European Handicap;-1.0;X;4.6;4.7;2026-09-27T22:07:36.480Z
28.09.2026;21:30;Spain;LaLiga 2;CD Leganes;CD Castellon;id1000005472477440;tipico;European Handicap;-1.0;2;1.35;1.27;2026-09-27T19:22:10.816Z
28.09.2026;21:30;Spain;LaLiga 2;CD Leganes;CD Castellon;id1000005472477440;tipico;Double Chance Full Time;0.0;1X;1.62;1.62;2026-09-27T19:22:10.816Z
28.09.2026;21:30;Spain;LaLiga 2;CD Leganes;CD Castellon;id1000005472477440;tipico;Double Chance Full Time;0.0;12;1.33;1.33;2026-09-27T19:22:10.816Z
28.09.2026;21:30;Spain;LaLiga 2;CD Leganes;CD Castellon;id1000005472477440;tipico;Double Chance Full Time;0.0;2X;1.25;1.25;2026-09-27T19:22:10.816Z
28.09.2026;21:30;Spain;LaLiga 2;CD Leganes;CD Castellon;id1000005472477440;tipico;Double Chance First Half;0.0;1X;1.35;1.37;2026-09-27T19:22:10.816Z
28.09.2026;21:30;Spain;LaLiga 2;CD Leganes;CD Castellon;id1000005472477440;tipico;Double Chance First Half;0.0;12;1.55;1.45;2026-09-27T19:22:10.816Z
28.09.2026;21:30;Spain;LaLiga 2;CD Leganes;CD Castellon;id1000005472477440;tipico;Double Chance First Half;0.0;2X;1.2;1.25;2026-09-27T19:22:10.816Z
28.09.2026;21:30;Spain;LaLiga 2;CD Leganes;CD Castellon;id1000005472477440;tipico;First Half Result;0.0;1;3.1;3.7;2026-09-27T19:22:10.816Z
28.09.2026;21:30;Spain;LaLiga 2;CD Leganes;CD Castellon;id1000005472477440;tipico;First Half Result;0.0;X;2.15;1.93;2026-09-27T22:15:44.701Z
28.09.2026;21:30;Spain;LaLiga 2;CD Leganes;CD Castellon;id1000005472477440;tipico;First Half Result;0.0;2;2.85;2.85;2026-09-27T22:15:44.701Z
28.09.2026;21:30;Spain;LaLiga 2;CD Leganes;CD Castellon;id1000005472477440;tipico;Second Half Result;0.0;1;3.3;3.4;2026-09-27T19:22:10.816Z
28.09.2026;21:30;Spain;LaLiga 2;CD Leganes;CD Castellon;id1000005472477440;tipico;Second Half Result;0.0;X;2.4;2.5;2026-09-27T19:22:10.816Z
28.09.2026;21:30;Spain;LaLiga 2;CD Leganes;CD Castellon;id1000005472477440;tipico;Second Half Result;0.0;2;2.45;2.25;2026-09-27T19:22:10.816Z
28.09.2026;21:30;Spain;LaLiga 2;CD Leganes;CD Castellon;id1000005472477440;tipico;Over Under Team 1 First Half;0.5;Over;2.25;2.15;2026-09-27T19:22:10.816Z
28.09.2026;21:30;Spain;LaLiga 2;CD Leganes;CD Castellon;id1000005472477440;tipico;Over Under Team 1 First Half;0.5;Under;1.57;1.62;2026-09-27T19:22:10.816Z
28.09.2026;21:30;Spain;LaLiga 2;CD Leganes;CD Castellon;id1000005472477440;tipico;Over Under Team 1 First Half;1.5;Over;6.5;6.5;2026-09-27T19:22:10.816Z
28.09.2026;21:30;Spain;LaLiga 2;CD Leganes;CD Castellon;id1000005472477440;tipico;Over Under Team 1 First Half;1.5;Under;1.08;1.08;2026-09-27T19:22:10.816Z
28.09.2026;21:30;Spain;LaLiga 2;CD Leganes;CD Castellon;id1000005472477440;tipico;Over Under Team 1 First Half;2.5;Over;11.0;11.0;2026-09-27T19:22:10.816Z
28.09.2026;21:30;Spain;LaLiga 2;CD Leganes;CD Castellon;id1000005472477440;tipico;Over Under Team 1 First Half;2.5;Under;1.01;1.01;2026-09-27T19:22:10.816Z
28.09.2026;21:30;Spain;LaLiga 2;CD Leganes;CD Castellon;id1000005472477440;tipico;Over Under Team 2 First Half;0.5;Over;1.9;1.9;2026-09-27T19:22:10.816Z
28.09.2026;21:30;Spain;LaLiga 2;CD Leganes;CD Castellon;id1000005472477440;tipico;Over Under Team 2 First Half;0.5;Under;1.8;1.8;2026-09-27T19:22:10.816Z
28.09.2026;21:30;Spain;LaLiga 2;CD Leganes;CD Castellon;id1000005472477440;tipico;Over Under Team 2 First Half;1.5;Over;5.3;5.3;2026-09-27T19:22:10.816Z
28.09.2026;21:30;Spain;LaLiga 2;CD Leganes;CD Castellon;id1000005472477440;tipico;Over Under Team 2 First Half;1.5;Under;1.12;1.12;2026-09-27T19:22:10.816Z
28.09.2026;21:30;Spain;LaLiga 2;CD Leganes;CD Castellon;id1000005472477440;tipico;Over Under Team 2 First Half;2.5;Over;11.0;11.0;2026-09-27T19:22:10.816Z
28.09.2026;21:30;Spain;LaLiga 2;CD Leganes;CD Castellon;id1000005472477440;tipico;Over Under Team 2 First Half;2.5;Under;1.01;1.01;2026-09-27T19:22:10.816Z
28.09.2026;21:30;Spain;LaLiga 2;CD Leganes;CD Castellon;id1000005472477440;tipico;Over Under Team 1;0.5;Over;1.33;1.3;2026-09-27T19:22:10.816Z
28.09.2026;21:30;Spain;LaLiga 2;CD Leganes;CD Castellon;id1000005472477440;tipico;Over Under Team 1;0.5;Under;3.0;3.2;2026-09-27T19:22:10.816Z
28.09.2026;21:30;Spain;LaLiga 2;CD Leganes;CD Castellon;id1000005472477440;tipico;Over Under Team 1;1.5;Over;2.65;2.45;2026-09-27T19:22:10.816Z
28.09.2026;21:30;Spain;LaLiga 2;CD Leganes;CD Castellon;id1000005472477440;tipico;Over Under Team 1;1.5;Under;1.42;1.47;2026-09-27T19:22:10.816Z
28.09.2026;21:30;Spain;LaLiga 2;CD Leganes;CD Castellon;id1000005472477440;tipico;Over Under Team 1;2.5;Over;5.8;6.5;2026-09-27T19:22:10.816Z
28.09.2026;21:30;Spain;LaLiga 2;CD Leganes;CD Castellon;id1000005472477440;tipico;Over Under Team 1;2.5;Under;1.1;1.07;2026-09-27T19:22:10.816Z
28.09.2026;21:30;Spain;LaLiga 2;CD Leganes;CD Castellon;id1000005472477440;tipico;Over Under Team 2;0.5;Over;1.22;1.2;2026-09-27T19:22:10.816Z
28.09.2026;21:30;Spain;LaLiga 2;CD Leganes;CD Castellon;id1000005472477440;tipico;Over Under Team 2;0.5;Under;3.8;3.9;2026-09-27T19:22:10.816Z
28.09.2026;21:30;Spain;LaLiga 2;CD Leganes;CD Castellon;id1000005472477440;tipico;Over Under Team 2;1.5;Over;2.1;2.05;2026-09-27T19:22:10.816Z
28.09.2026;21:30;Spain;LaLiga 2;CD Leganes;CD Castellon;id1000005472477440;tipico;Over Under Team 2;1.5;Under;1.65;1.67;2026-09-27T19:22:10.816Z
28.09.2026;21:30;Spain;LaLiga 2;CD Leganes;CD Castellon;id1000005472477440;tipico;European Handicap First Half;2.0;1;1.04;1.04;2026-09-27T19:22:10.816Z
28.09.2026;21:30;Spain;LaLiga 2;CD Leganes;CD Castellon;id1000005472477440;tipico;European Handicap First Half;2.0;X;6.7;6.7;2026-09-27T19:22:10.816Z
28.09.2026;21:30;Spain;LaLiga 2;CD Leganes;CD Castellon;id1000005472477440;tipico;European Handicap First Half;2.0;2;25.0;25.0;2026-09-27T19:22:10.816Z
28.09.2026;21:30;Spain;LaLiga 2;CD Leganes;CD Castellon;id1000005472477440;tipico;European Handicap First Half;1.0;1;1.35;1.33;2026-09-27T19:22:10.816Z
28.09.2026;21:30;Spain;LaLiga 2;CD Leganes;CD Castellon;id1000005472477440;tipico;European Handicap First Half;1.0;X;3.5;3.5;2026-09-27T19:22:10.816Z
28.09.2026;21:30;Spain;LaLiga 2;CD Leganes;CD Castellon;id1000005472477440;tipico;European Handicap First Half;1.0;2;8.2;9.0;2026-09-27T19:22:10.816Z
28.09.2026;21:30;Spain;LaLiga 2;CD Leganes;CD Castellon;id1000005472477440;tipico;European Handicap First Half;-1.0;1;12.0;13.0;2026-09-27T19:22:10.816Z
28.09.2026;21:30;Spain;LaLiga 2;CD Leganes;CD Castellon;id1000005472477440;tipico;European Handicap First Half;-1.0;X;4.0;3.8;2026-09-27T19:22:10.816Z
28.09.2026;21:30;Spain;LaLiga 2;CD Leganes;CD Castellon;id1000005472477440;tipico;European Handicap First Half;-1.0;2;1.22;1.22;2026-09-27T19:22:10.816Z
28.09.2026;21:30;Spain;LaLiga 2;CD Leganes;CD Castellon;id1000005472477440;tipico;Over Under Team 2;2.5;Over;4.4;4.6;2026-09-28T00:58:09.022Z
28.09.2026;21:30;Spain;LaLiga 2;CD Leganes;CD Castellon;id1000005472477440;tipico;Over Under Team 2;2.5;Under;1.17;1.16;2026-09-28T00:58:09.022Z
28.09.2026;21:30;Spain;LaLiga 2;CD Leganes;CD Castellon;id1000005472477440;tipico;Over Under First Half;0.5;Over;1.33;1.33;2026-09-27T19:22:10.816Z
28.09.2026;21:30;Spain;LaLiga 2;CD Leganes;CD Castellon;id1000005472477440;tipico;Over Under First Half;0.5;Under;3.0;3.0;2026-09-27T19:22:10.816Z
28.09.2026;21:30;Spain;LaLiga 2;CD Leganes;CD Castellon;id1000005472477440;tipico;Over Under First Half;1.5;Over;2.65;2.6;2026-09-27T19:22:10.816Z
28.09.2026;21:30;Spain;LaLiga 2;CD Leganes;CD Castellon;id1000005472477440;tipico;Over Under First Half;1.5;Under;1.42;1.42;2026-09-27T19:22:10.816Z
28.09.2026;21:30;Spain;LaLiga 2;CD Leganes;CD Castellon;id1000005472477440;tipico;Over Under First Half;2.5;Over;5.8;5.8;2026-09-28T00:18:15.040Z
28.09.2026;21:30;Spain;LaLiga 2;CD Leganes;CD Castellon;id1000005472477440;tipico;Over Under First Half;2.5;Under;1.1;1.09;2026-09-28T00:18:15.040Z
28.09.2026;21:30;Spain;LaLiga 2;CD Leganes;CD Castellon;id1000005472477440;tipico;Over Under Second Half;0.5;Over;1.22;1.22;2026-09-27T19:22:10.816Z
28.09.2026;21:30;Spain;LaLiga 2;CD Leganes;CD Castellon;id1000005472477440;tipico;Over Under Second Half;0.5;Under;3.8;3.8;2026-09-27T19:22:10.816Z
28.09.2026;21:30;Spain;LaLiga 2;CD Leganes;CD Castellon;id1000005472477440;tipico;Over Under Second Half;1.5;Over;2.1;2.0;2026-09-27T19:22:10.816Z
28.09.2026;21:30;Spain;LaLiga 2;CD Leganes;CD Castellon;id1000005472477440;tipico;Over Under Second Half;1.5;Under;1.65;1.72;2026-09-27T19:22:10.816Z
28.09.2026;21:30;Spain;LaLiga 2;CD Leganes;CD Castellon;id1000005472477440;tipico;Over Under Second Half;2.5;Over;4.3;4.3;2026-09-27T19:22:10.816Z
28.09.2026;21:30;Spain;LaLiga 2;CD Leganes;CD Castellon;id1000005472477440;tipico;Over Under Second Half;2.5;Under;1.18;1.17;2026-09-27T19:22:10.816Z
28.09.2026;21:30;Spain;LaLiga 2;CD Leganes;CD Castellon;id1000005472477440;tipico;Both Teams To Score First Half;0.0;Yes;4.1;4.0;2026-09-27T19:22:10.816Z
28.09.2026;21:30;Spain;LaLiga 2;CD Leganes;CD Castellon;id1000005472477440;tipico;Both Teams To Score First Half;0.0;No;1.2;1.2;2026-09-27T19:22:10.816Z
28.09.2026;21:30;Spain;LaLiga 2;CD Leganes;CD Castellon;id1000005472477440;tipico;Both Teams To Score Second Half;0.0;Yes;3.2;3.2;2026-09-27T19:22:10.816Z
28.09.2026;21:30;Spain;LaLiga 2;CD Leganes;CD Castellon;id1000005472477440;tipico;Both Teams To Score Second Half;0.0;No;1.3;1.3;2026-09-27T19:22:10.816Z
28.09.2026;21:30;Spain;LaLiga 2;CD Leganes;CD Castellon;id1000005472477440;tipico;Both Teams To Score;0.0;Yes;1.65;1.6;2026-09-28T00:58:09.022Z
28.09.2026;21:30;Spain;LaLiga 2;CD Leganes;CD Castellon;id1000005472477440;tipico;Both Teams To Score;0.0;No;2.1;2.2;2026-09-28T00:58:09.022Z
28.09.2026;21:30;Spain;LaLiga 2;CD Leganes;CD Castellon;id1000005472477440;tipico;Over Under Full Time;0.5;Over;1.05;1.02;2026-09-27T19:22:10.816Z
28.09.2026;21:30;Spain;LaLiga 2;CD Leganes;CD Castellon;id1000005472477440;tipico;Over Under Full Time;0.5;Under;7.8;9.5;2026-09-27T19:22:10.816Z
28.09.2026;21:30;Spain;LaLiga 2;CD Leganes;CD Castellon;id1000005472477440;tipico;Over Under Full Time;1.5;Over;1.25;1.25;2026-09-27T19:22:10.816Z
28.09.2026;21:30;Spain;LaLiga 2;CD Leganes;CD Castellon;id1000005472477440;tipico;Over Under Full Time;1.5;Under;3.5;3.5;2026-09-27T19:22:10.816Z
28.09.2026;21:30;Spain;LaLiga 2;CD Leganes;CD Castellon;id1000005472477440;unibet;Full Time Result;0.0;1;2.75;2.75;2026-09-26T14:22:32.717Z
28.09.2026;21:30;Spain;LaLiga 2;CD Leganes;CD Castellon;id1000005472477440;unibet;Full Time Result;0.0;X;3.2;3.2;2026-09-26T14:22:32.717Z
28.09.2026;21:30;Spain;LaLiga 2;CD Leganes;CD Castellon;id1000005472477440;unibet;Full Time Result;0.0;2;2.3;2.3;2026-09-26T14:22:32.717Z
28.09.2026;21:30;Spain;LaLiga 2;CD Leganes;CD Castellon;id1000005472477440;unibet;Over Under Full Time;2.5;Over;1.81;1.81;2026-09-26T14:22:32.717Z
28.09.2026;21:30;Spain;LaLiga 2;CD Leganes;CD Castellon;id1000005472477440;unibet;Over Under Full Time;2.5;Under;1.87;1.87;2026-09-26T14:22:32.717Z
28.09.2026;21:30;Spain;LaLiga 2;CD Leganes;CD Castellon;id1000005472477440;unibet;Over Under Full Time;3.5;Over;3.1;3.1;2026-09-26T14:22:32.717Z
28.09.2026;21:30;Spain;LaLiga 2;CD Leganes;CD Castellon;id1000005472477440;unibet;Over Under Full Time;3.5;Under;1.3;1.3;2026-09-26T14:22:32.717Z
28.09.2026;21:30;Spain;LaLiga 2;CD Leganes;CD Castellon;id1000005472477440;unibet;European Handicap;2.0;1;1.15;1.16;2026-09-26T14:22:32.717Z
28.09.2026;21:30;Spain;LaLiga 2;CD Leganes;CD Castellon;id1000005472477440;unibet;European Handicap;2.0;X;6.4;6.4;2026-09-26T14:22:32.717Z
28.09.2026;21:30;Spain;LaLiga 2;CD Leganes;CD Castellon;id1000005472477440;unibet;European Handicap;2.0;2;9.5;9.0;2026-09-26T14:22:32.717Z
28.09.2026;21:30;Spain;LaLiga 2;CD Leganes;CD Castellon;id1000005472477440;unibet;European Handicap;1.0;1;1.54;1.54;2026-09-26T14:22:32.717Z
28.09.2026;21:30;Spain;LaLiga 2;CD Leganes;CD Castellon;id1000005472477440;unibet;European Handicap;1.0;X;3.8;3.8;2026-09-26T14:22:32.717Z
28.09.2026;21:30;Spain;LaLiga 2;CD Leganes;CD Castellon;id1000005472477440;unibet;European Handicap;1.0;2;4.4;4.35;2026-09-26T14:22:32.717Z
28.09.2026;21:30;Spain;LaLiga 2;CD Leganes;CD Castellon;id1000005472477440;unibet;Over Under Full Time;4.5;Over;6.0;6.1;2026-09-26T14:22:32.717Z
28.09.2026;21:30;Spain;LaLiga 2;CD Leganes;CD Castellon;id1000005472477440;unibet;Over Under Full Time;4.5;Under;1.09;1.09;2026-09-26T14:22:32.717Z
28.09.2026;21:30;Spain;LaLiga 2;CD Leganes;CD Castellon;id1000005472477440;unibet;European Handicap;-1.0;1;5.5;5.6;2026-09-26T14:22:32.717Z
28.09.2026;21:30;Spain;LaLiga 2;CD Leganes;CD Castellon;id1000005472477440;unibet;European Handicap;-1.0;X;4.25;4.25;2026-09-26T14:22:32.717Z
28.09.2026;21:30;Spain;LaLiga 2;CD Leganes;CD Castellon;id1000005472477440;unibet;European Handicap;-1.0;2;1.38;1.38;2026-09-26T14:22:32.717Z
28.09.2026;21:30;Spain;LaLiga 2;CD Leganes;CD Castellon;id1000005472477440;unibet;Double Chance Full Time;0.0;1X;1.5;1.5;2026-09-26T14:22:32.717Z
28.09.2026;21:30;Spain;LaLiga 2;CD Leganes;CD Castellon;id1000005472477440;unibet;Double Chance Full Time;0.0;12;1.27;1.27;2026-09-26T14:22:32.717Z
28.09.2026;21:30;Spain;LaLiga 2;CD Leganes;CD Castellon;id1000005472477440;unibet;Double Chance Full Time;0.0;2X;1.36;1.36;2026-09-26T14:22:32.717Z
28.09.2026;21:30;Spain;LaLiga 2;CD Leganes;CD Castellon;id1000005472477440;unibet;Double Chance First Half;0.0;1X;1.29;1.29;2026-09-26T14:22:32.717Z
28.09.2026;21:30;Spain;LaLiga 2;CD Leganes;CD Castellon;id1000005472477440;unibet;Double Chance First Half;0.0;12;1.5;1.5;2026-09-26T14:22:32.717Z
28.09.2026;21:30;Spain;LaLiga 2;CD Leganes;CD Castellon;id1000005472477440;unibet;Double Chance First Half;0.0;2X;1.23;1.23;2026-09-26T14:22:32.717Z
28.09.2026;21:30;Spain;LaLiga 2;CD Leganes;CD Castellon;id1000005472477440;unibet;First Half Result;0.0;1;3.2;3.3;2026-09-26T14:22:32.717Z
28.09.2026;21:30;Spain;LaLiga 2;CD Leganes;CD Castellon;id1000005472477440;unibet;First Half Result;0.0;X;2.15;2.23;2026-09-26T14:22:32.717Z
28.09.2026;21:30;Spain;LaLiga 2;CD Leganes;CD Castellon;id1000005472477440;unibet;First Half Result;0.0;2;2.85;2.9;2026-09-26T14:22:32.717Z
28.09.2026;21:30;Spain;LaLiga 2;CD Leganes;CD Castellon;id1000005472477440;unibet;Second Half Result;0.0;1;3.0;3.05;2026-09-26T14:22:32.717Z
28.09.2026;21:30;Spain;LaLiga 2;CD Leganes;CD Castellon;id1000005472477440;unibet;Second Half Result;0.0;X;2.55;2.55;2026-09-26T14:22:32.717Z
28.09.2026;21:30;Spain;LaLiga 2;CD Leganes;CD Castellon;id1000005472477440;unibet;Second Half Result;0.0;2;2.63;2.63;2026-09-26T14:22:32.717Z
28.09.2026;21:30;Spain;LaLiga 2;CD Leganes;CD Castellon;id1000005472477440;unibet;Over Under Team 1 First Half;0.5;Over;2.07;2.07;2026-09-26T14:22:32.717Z
28.09.2026;21:30;Spain;LaLiga 2;CD Leganes;CD Castellon;id1000005472477440;unibet;Over Under Team 1 First Half;0.5;Under;1.65;1.65;2026-09-26T14:22:32.717Z
28.09.2026;21:30;Spain;LaLiga 2;CD Leganes;CD Castellon;id1000005472477440;unibet;Over Under Team 2 First Half;0.5;Over;1.94;1.93;2026-09-26T14:22:32.717Z
28.09.2026;21:30;Spain;LaLiga 2;CD Leganes;CD Castellon;id1000005472477440;unibet;Over Under Team 2 First Half;0.5;Under;1.74;1.74;2026-09-26T14:22:32.717Z
28.09.2026;21:30;Spain;LaLiga 2;CD Leganes;CD Castellon;id1000005472477440;unibet;Over Under Team 1;0.5;Over;1.27;1.27;2026-09-26T14:22:32.717Z
28.09.2026;21:30;Spain;LaLiga 2;CD Leganes;CD Castellon;id1000005472477440;unibet;Over Under Team 1;0.5;Under;3.15;3.15;2026-09-26T14:22:32.717Z
28.09.2026;21:30;Spain;LaLiga 2;CD Leganes;CD Castellon;id1000005472477440;unibet;Over Under Team 1;1.5;Over;2.43;2.43;2026-09-26T14:22:32.717Z
28.09.2026;21:30;Spain;LaLiga 2;CD Leganes;CD Castellon;id1000005472477440;unibet;Over Under Team 1;1.5;Under;1.45;1.45;2026-09-26T14:22:32.717Z
28.09.2026;21:30;Spain;LaLiga 2;CD Leganes;CD Castellon;id1000005472477440;unibet;Over Under Team 2;0.5;Over;1.21;1.21;2026-09-26T14:22:32.717Z
28.09.2026;21:30;Spain;LaLiga 2;CD Leganes;CD Castellon;id1000005472477440;unibet;Over Under Team 2;0.5;Under;3.55;3.55;2026-09-26T14:22:32.717Z
28.09.2026;21:30;Spain;LaLiga 2;CD Leganes;CD Castellon;id1000005472477440;unibet;Over Under Team 2;1.5;Over;2.15;2.15;2026-09-26T14:22:32.717Z
28.09.2026;21:30;Spain;LaLiga 2;CD Leganes;CD Castellon;id1000005472477440;unibet;Over Under Team 2;1.5;Under;1.58;1.58;2026-09-26T14:22:32.717Z
28.09.2026;21:30;Spain;LaLiga 2;CD Leganes;CD Castellon;id1000005472477440;unibet;European Handicap First Half;1.0;1;1.35;1.35;2026-09-26T14:22:32.717Z
28.09.2026;21:30;Spain;LaLiga 2;CD Leganes;CD Castellon;id1000005472477440;unibet;European Handicap First Half;1.0;X;3.6;3.6;2026-09-26T14:22:32.717Z
28.09.2026;21:30;Spain;LaLiga 2;CD Leganes;CD Castellon;id1000005472477440;unibet;European Handicap First Half;1.0;2;8.0;8.0;2026-09-26T14:22:32.717Z
28.09.2026;21:30;Spain;LaLiga 2;CD Leganes;CD Castellon;id1000005472477440;unibet;European Handicap First Half;-1.0;1;9.5;9.5;2026-09-26T14:22:32.717Z
28.09.2026;21:30;Spain;LaLiga 2;CD Leganes;CD Castellon;id1000005472477440;unibet;European Handicap First Half;-1.0;X;3.95;3.95;2026-09-26T14:22:32.717Z
28.09.2026;21:30;Spain;LaLiga 2;CD Leganes;CD Castellon;id1000005472477440;unibet;European Handicap First Half;-1.0;2;1.28;1.28;2026-09-26T14:22:32.717Z
28.09.2026;21:30;Spain;LaLiga 2;CD Leganes;CD Castellon;id1000005472477440;unibet;Over Under Team 2;2.5;Over;4.6;4.6;2026-09-26T14:22:32.717Z
28.09.2026;21:30;Spain;LaLiga 2;CD Leganes;CD Castellon;id1000005472477440;unibet;Over Under Team 2;2.5;Under;1.12;1.12;2026-09-26T14:22:32.717Z
28.09.2026;21:30;Spain;LaLiga 2;CD Leganes;CD Castellon;id1000005472477440;unibet;Over Under First Half;1.5;Over;2.63;2.63;2026-09-26T14:22:32.717Z
28.09.2026;21:30;Spain;LaLiga 2;CD Leganes;CD Castellon;id1000005472477440;unibet;Over Under First Half;1.5;Under;1.41;1.41;2026-09-26T14:22:32.717Z
28.09.2026;21:30;Spain;LaLiga 2;CD Leganes;CD Castellon;id1000005472477440;unibet;Over Under Second Half;1.5;Over;2.0;2.0;2026-09-26T14:22:32.717Z
28.09.2026;21:30;Spain;LaLiga 2;CD Leganes;CD Castellon;id1000005472477440;unibet;Over Under Second Half;1.5;Under;1.68;1.68;2026-09-26T14:22:32.717Z
28.09.2026;21:30;Spain;LaLiga 2;CD Leganes;CD Castellon;id1000005472477440;unibet;Both Teams To Score First Half;0.0;Yes;3.95;3.95;2026-09-26T14:22:32.717Z
28.09.2026;21:30;Spain;LaLiga 2;CD Leganes;CD Castellon;id1000005472477440;unibet;Both Teams To Score First Half;0.0;No;1.16;1.15;2026-09-26T14:22:32.717Z
28.09.2026;21:30;Spain;LaLiga 2;CD Leganes;CD Castellon;id1000005472477440;unibet;Both Teams To Score;0.0;Yes;1.62;1.62;2026-09-26T14:22:32.717Z
28.09.2026;21:30;Spain;LaLiga 2;CD Leganes;CD Castellon;id1000005472477440;unibet;Both Teams To Score;0.0;No;2.08;2.08;2026-09-26T14:22:32.717Z
28.09.2026;21:30;Spain;LaLiga 2;CD Leganes;CD Castellon;id1000005472477440;unibet;Asian Handicap First Half;-0.25;1;2.55;2.6;2026-09-26T14:22:32.717Z
28.09.2026;21:30;Spain;LaLiga 2;CD Leganes;CD Castellon;id1000005472477440;unibet;Asian Handicap First Half;-0.25;2;1.43;1.42;2026-09-26T14:22:32.717Z
28.09.2026;21:30;Spain;LaLiga 2;CD Leganes;CD Castellon;id1000005472477440;unibet;Asian Handicap First Half;0.25;1;1.54;1.54;2026-09-26T14:22:32.717Z
28.09.2026;21:30;Spain;LaLiga 2;CD Leganes;CD Castellon;id1000005472477440;unibet;Asian Handicap First Half;0.25;2;2.28;2.28;2026-09-26T14:22:32.717Z
28.09.2026;21:30;Spain;LaLiga 2;CD Leganes;CD Castellon;id1000005472477440;unibet;Asian Handicap;-0.5;1;2.7;2.7;2026-09-26T14:22:32.717Z
28.09.2026;21:30;Spain;LaLiga 2;CD Leganes;CD Castellon;id1000005472477440;unibet;Asian Handicap;-0.5;2;1.38;1.38;2026-09-26T14:22:32.717Z
28.09.2026;21:30;Spain;LaLiga 2;CD Leganes;CD Castellon;id1000005472477440;unibet;Asian Handicap;-0.25;1;2.35;2.35;2026-09-26T14:22:32.717Z
28.09.2026;21:30;Spain;LaLiga 2;CD Leganes;CD Castellon;id1000005472477440;unibet;Asian Handicap;-0.25;2;1.5;1.5;2026-09-26T14:22:32.717Z
28.09.2026;21:30;Spain;LaLiga 2;CD Leganes;CD Castellon;id1000005472477440;unibet;Asian Handicap;0.25;1;1.71;1.72;2026-09-26T14:22:32.717Z
28.09.2026;21:30;Spain;LaLiga 2;CD Leganes;CD Castellon;id1000005472477440;unibet;Asian Handicap;0.25;2;1.97;1.97;2026-09-26T14:22:32.717Z
28.09.2026;21:30;Spain;LaLiga 2;CD Leganes;CD Castellon;id1000005472477440;unibet;Asian Handicap;0.5;1;1.55;1.55;2026-09-26T14:22:32.717Z
28.09.2026;21:30;Spain;LaLiga 2;CD Leganes;CD Castellon;id1000005472477440;unibet;Asian Handicap;0.5;2;2.25;2.25;2026-09-26T14:22:32.717Z
28.09.2026;21:30;Spain;LaLiga 2;CD Leganes;CD Castellon;id1000005472477440;unibet;Asian Handicap;0.75;1;1.38;1.38;2026-09-26T14:22:32.717Z
28.09.2026;21:30;Spain;LaLiga 2;CD Leganes;CD Castellon;id1000005472477440;unibet;Asian Handicap;0.75;2;2.7;2.7;2026-09-26T14:22:32.717Z
28.09.2026;21:30;Spain;LaLiga 2;CD Leganes;CD Castellon;id1000005472477440;unibet;Over Under Full Time;1.5;Over;1.24;1.24;2026-09-26T14:22:32.717Z
28.09.2026;21:30;Spain;LaLiga 2;CD Leganes;CD Castellon;id1000005472477440;unibet;Over Under Full Time;1.5;Under;3.6;3.6;2026-09-26T14:22:32.717Z
28.09.2026;21:30;Spain;LaLiga 2;CD Leganes;CD Castellon;id1000005472477440;stoiximan;Full Time Result;0.0;1;2.87;3.15;2026-09-27T16:29:57.789Z
28.09.2026;21:30;Spain;LaLiga 2;CD Leganes;CD Castellon;id1000005472477440;stoiximan;Full Time Result;0.0;X;3.35;3.35;2026-09-27T16:11:13.609Z
28.09.2026;21:30;Spain;LaLiga 2;CD Leganes;CD Castellon;id1000005472477440;stoiximan;Full Time Result;0.0;2;2.47;2.3;2026-09-27T16:29:57.789Z
28.09.2026;21:30;Spain;LaLiga 2;CD Leganes;CD Castellon;id1000005472477440;stoiximan;Over Under Full Time;2.5;Over;1.85;1.87;2026-09-27T16:11:13.609Z
28.09.2026;21:30;Spain;LaLiga 2;CD Leganes;CD Castellon;id1000005472477440;stoiximan;Over Under Full Time;2.5;Under;1.95;1.95;2026-09-27T13:46:08.377Z
28.09.2026;21:30;Spain;LaLiga 2;CD Leganes;CD Castellon;id1000005472477440;stoiximan;Over Under Full Time;3.5;Over;3.05;3.05;2026-09-27T18:59:48.777Z
28.09.2026;21:30;Spain;LaLiga 2;CD Leganes;CD Castellon;id1000005472477440;stoiximan;Over Under Full Time;3.5;Under;1.39;1.38;2026-09-27T13:46:08.377Z
28.09.2026;21:30;Spain;LaLiga 2;CD Leganes;CD Castellon;id1000005472477440;stoiximan;European Handicap;2.0;1;1.18;1.21;2026-09-27T13:46:08.377Z
28.09.2026;21:30;Spain;LaLiga 2;CD Leganes;CD Castellon;id1000005472477440;stoiximan;European Handicap;2.0;X;6.9;6.4;2026-09-27T16:11:13.609Z
28.09.2026;21:30;Spain;LaLiga 2;CD Leganes;CD Castellon;id1000005472477440;stoiximan;European Handicap;2.0;2;11.0;10.0;2026-09-27T18:59:48.777Z
28.09.2026;21:30;Spain;LaLiga 2;CD Leganes;CD Castellon;id1000005472477440;stoiximan;European Handicap;1.0;1;1.57;1.65;2026-09-27T16:11:13.609Z
28.09.2026;21:30;Spain;LaLiga 2;CD Leganes;CD Castellon;id1000005472477440;stoiximan;European Handicap;1.0;X;4.2;4.05;2026-09-27T18:59:48.777Z
28.09.2026;21:30;Spain;LaLiga 2;CD Leganes;CD Castellon;id1000005472477440;stoiximan;European Handicap;1.0;2;4.9;4.5;2026-09-27T21:32:07.982Z
28.09.2026;21:30;Spain;LaLiga 2;CD Leganes;CD Castellon;id1000005472477440;stoiximan;Over Under Full Time;4.5;Over;5.5;5.6;2026-09-27T13:46:08.377Z
28.09.2026;21:30;Spain;LaLiga 2;CD Leganes;CD Castellon;id1000005472477440;stoiximan;Over Under Full Time;4.5;Under;1.15;1.15;2026-09-27T13:46:08.377Z
28.09.2026;21:30;Spain;LaLiga 2;CD Leganes;CD Castellon;id1000005472477440;stoiximan;European Handicap;-1.0;1;6.2;6.9;2026-09-27T18:59:48.777Z
28.09.2026;21:30;Spain;LaLiga 2;CD Leganes;CD Castellon;id1000005472477440;stoiximan;European Handicap;-1.0;X;4.45;4.7;2026-09-27T21:32:07.982Z
28.09.2026;21:30;Spain;LaLiga 2;CD Leganes;CD Castellon;id1000005472477440;stoiximan;European Handicap;-1.0;2;1.44;1.39;2026-09-27T16:11:13.609Z
28.09.2026;21:30;Spain;LaLiga 2;CD Leganes;CD Castellon;id1000005472477440;stoiximan;European Handicap;-2.0;1;14.5;16.0;2026-09-27T21:32:07.982Z
28.09.2026;21:30;Spain;LaLiga 2;CD Leganes;CD Castellon;id1000005472477440;stoiximan;European Handicap;-2.0;X;7.7;8.25;2026-09-27T16:11:13.609Z
28.09.2026;21:30;Spain;LaLiga 2;CD Leganes;CD Castellon;id1000005472477440;stoiximan;European Handicap;-2.0;2;1.13;1.11;2026-09-27T18:59:48.777Z
28.09.2026;21:30;Spain;LaLiga 2;CD Leganes;CD Castellon;id1000005472477440;stoiximan;First Half Result;0.0;1;3.5;3.7;2026-09-27T21:32:07.982Z
28.09.2026;21:30;Spain;LaLiga 2;CD Leganes;CD Castellon;id1000005472477440;stoiximan;First Half Result;0.0;X;2.1;2.1;2026-09-27T16:29:57.789Z
28.09.2026;21:30;Spain;LaLiga 2;CD Leganes;CD Castellon;id1000005472477440;stoiximan;First Half Result;0.0;2;3.05;2.9;2026-09-27T21:32:07.982Z
28.09.2026;21:30;Spain;LaLiga 2;CD Leganes;CD Castellon;id1000005472477440;stoiximan;Second Half Result;0.0;1;2.95;3.2;2026-09-27T21:32:07.982Z
28.09.2026;21:30;Spain;LaLiga 2;CD Leganes;CD Castellon;id1000005472477440;stoiximan;Second Half Result;0.0;X;2.52;2.52;2026-09-27T13:46:08.377Z
28.09.2026;21:30;Spain;LaLiga 2;CD Leganes;CD Castellon;id1000005472477440;stoiximan;Second Half Result;0.0;2;2.72;2.57;2026-09-27T18:59:48.777Z
28.09.2026;21:30;Spain;LaLiga 2;CD Leganes;CD Castellon;id1000005472477440;stoiximan;Over Under Team 1 First Half;0.5;Over;2.15;2.22;2026-09-27T21:32:07.982Z
28.09.2026;21:30;Spain;LaLiga 2;CD Leganes;CD Castellon;id1000005472477440;stoiximan;Over Under Team 1 First Half;0.5;Under;1.65;1.62;2026-09-27T21:32:07.982Z
28.09.2026;21:30;Spain;LaLiga 2;CD Leganes;CD Castellon;id1000005472477440;stoiximan;Over Under Team 1 First Half;1.5;Over;6.5;6.8;2026-09-27T21:32:07.982Z
28.09.2026;21:30;Spain;LaLiga 2;CD Leganes;CD Castellon;id1000005472477440;stoiximan;Over Under Team 1 First Half;1.5;Under;1.09;1.08;2026-09-27T18:59:48.777Z
28.09.2026;21:30;Spain;LaLiga 2;CD Leganes;CD Castellon;id1000005472477440;stoiximan;Over Under Team 1 First Half;2.5;Over;12.5;12.5;2026-09-27T15:13:36.087Z
28.09.2026;21:30;Spain;LaLiga 2;CD Leganes;CD Castellon;id1000005472477440;stoiximan;Over Under Team 1 First Half;2.5;Under;1.01;1.01;2026-09-27T15:13:36.087Z
28.09.2026;21:30;Spain;LaLiga 2;CD Leganes;CD Castellon;id1000005472477440;stoiximan;Over Under Team 2 First Half;0.5;Over;2.0;1.95;2026-09-27T18:59:48.777Z
28.09.2026;21:30;Spain;LaLiga 2;CD Leganes;CD Castellon;id1000005472477440;stoiximan;Over Under Team 2 First Half;0.5;Under;1.75;1.78;2026-09-27T16:11:13.609Z
28.09.2026;21:30;Spain;LaLiga 2;CD Leganes;CD Castellon;id1000005472477440;stoiximan;Over Under Team 2 First Half;1.5;Over;5.6;5.4;2026-09-27T18:59:48.777Z
28.09.2026;21:30;Spain;LaLiga 2;CD Leganes;CD Castellon;id1000005472477440;stoiximan;Over Under Team 2 First Half;1.5;Under;1.12;1.13;2026-09-27T18:59:48.777Z
28.09.2026;21:30;Spain;LaLiga 2;CD Leganes;CD Castellon;id1000005472477440;stoiximan;Over Under Team 2 First Half;2.5;Over;11.5;11.5;2026-09-27T21:32:07.982Z
28.09.2026;21:30;Spain;LaLiga 2;CD Leganes;CD Castellon;id1000005472477440;stoiximan;Over Under Team 2 First Half;2.5;Under;1.014;1.02;2026-09-27T18:59:48.777Z
28.09.2026;21:30;Spain;LaLiga 2;CD Leganes;CD Castellon;id1000005472477440;stoiximan;Over Under Team 1 Second Half;0.5;Over;1.72;1.8;2026-09-27T18:59:48.777Z
28.09.2026;21:30;Spain;LaLiga 2;CD Leganes;CD Castellon;id1000005472477440;stoiximan;Over Under Team 1 Second Half;0.5;Under;2.05;1.95;2026-09-27T18:59:48.777Z
28.09.2026;21:30;Spain;LaLiga 2;CD Leganes;CD Castellon;id1000005472477440;stoiximan;Over Under Team 1 Second Half;1.5;Over;4.45;4.75;2026-09-27T16:11:13.609Z
28.09.2026;21:30;Spain;LaLiga 2;CD Leganes;CD Castellon;id1000005472477440;stoiximan;Over Under Team 1 Second Half;1.5;Under;1.18;1.16;2026-09-27T16:11:13.609Z
28.09.2026;21:30;Spain;LaLiga 2;CD Leganes;CD Castellon;id1000005472477440;stoiximan;Over Under Team 1 Second Half;2.5;Over;10.25;10.5;2026-09-27T21:32:07.982Z
28.09.2026;21:30;Spain;LaLiga 2;CD Leganes;CD Castellon;id1000005472477440;stoiximan;Over Under Team 1 Second Half;2.5;Under;1.03;1.025;2026-09-27T13:46:08.377Z
28.09.2026;21:30;Spain;LaLiga 2;CD Leganes;CD Castellon;id1000005472477440;stoiximan;Over Under Team 1;0.5;Over;1.29;1.33;2026-09-27T18:59:48.777Z
28.09.2026;21:30;Spain;LaLiga 2;CD Leganes;CD Castellon;id1000005472477440;stoiximan;Over Under Team 1;0.5;Under;3.35;3.15;2026-09-27T18:59:48.777Z
28.09.2026;21:30;Spain;LaLiga 2;CD Leganes;CD Castellon;id1000005472477440;stoiximan;Over Under Team 2 Second Half;0.5;Over;1.67;1.65;2026-09-27T18:59:48.777Z
28.09.2026;21:30;Spain;LaLiga 2;CD Leganes;CD Castellon;id1000005472477440;stoiximan;Over Under Team 2 Second Half;0.5;Under;2.1;2.15;2026-09-27T18:59:48.777Z
28.09.2026;21:30;Spain;LaLiga 2;CD Leganes;CD Castellon;id1000005472477440;stoiximan;Over Under Team 2 Second Half;1.5;Over;4.05;3.9;2026-09-27T16:11:13.609Z
28.09.2026;21:30;Spain;LaLiga 2;CD Leganes;CD Castellon;id1000005472477440;stoiximan;Over Under Team 2 Second Half;1.5;Under;1.21;1.23;2026-09-27T16:11:13.609Z
28.09.2026;21:30;Spain;LaLiga 2;CD Leganes;CD Castellon;id1000005472477440;stoiximan;Over Under Team 2 Second Half;2.5;Over;9.25;9.0;2026-09-27T16:29:57.789Z
28.09.2026;21:30;Spain;LaLiga 2;CD Leganes;CD Castellon;id1000005472477440;stoiximan;Over Under Team 2 Second Half;2.5;Under;1.04;1.04;2026-09-27T13:46:08.377Z
28.09.2026;21:30;Spain;LaLiga 2;CD Leganes;CD Castellon;id1000005472477440;stoiximan;Over Under Team 1;1.5;Over;2.4;2.55;2026-09-27T16:11:13.609Z
28.09.2026;21:30;Spain;LaLiga 2;CD Leganes;CD Castellon;id1000005472477440;stoiximan;Over Under Team 1;1.5;Under;1.53;1.47;2026-09-27T16:11:13.609Z
28.09.2026;21:30;Spain;LaLiga 2;CD Leganes;CD Castellon;id1000005472477440;stoiximan;Over Under Team 1;2.5;Over;5.3;5.7;2026-09-27T21:32:07.982Z
28.09.2026;21:30;Spain;LaLiga 2;CD Leganes;CD Castellon;id1000005472477440;stoiximan;Over Under Team 1;2.5;Under;1.13;1.12;2026-09-27T21:32:07.982Z
28.09.2026;21:30;Spain;LaLiga 2;CD Leganes;CD Castellon;id1000005472477440;stoiximan;Over Under Team 1;3.5;Over;10.25;10.75;2026-09-27T18:59:48.777Z
28.09.2026;21:30;Spain;LaLiga 2;CD Leganes;CD Castellon;id1000005472477440;stoiximan;Over Under Team 1;3.5;Under;1.03;1.025;2026-09-27T16:29:57.789Z
28.09.2026;21:30;Spain;LaLiga 2;CD Leganes;CD Castellon;id1000005472477440;stoiximan;Over Under Team 2;0.5;Over;1.27;1.25;2026-09-27T18:59:48.777Z
28.09.2026;21:30;Spain;LaLiga 2;CD Leganes;CD Castellon;id1000005472477440;stoiximan;Over Under Team 2;0.5;Under;3.55;3.75;2026-09-27T21:32:07.982Z
28.09.2026;21:30;Spain;LaLiga 2;CD Leganes;CD Castellon;id1000005472477440;stoiximan;Over Under Team 2;1.5;Over;2.15;2.1;2026-09-27T16:29:57.789Z
28.09.2026;21:30;Spain;LaLiga 2;CD Leganes;CD Castellon;id1000005472477440;stoiximan;Over Under Team 2;1.5;Under;1.65;1.67;2026-09-27T13:46:08.377Z
28.09.2026;21:30;Spain;LaLiga 2;CD Leganes;CD Castellon;id1000005472477440;stoiximan;Over Under Team 2;2.5;Over;4.5;4.3;2026-09-27T21:32:07.982Z
28.09.2026;21:30;Spain;LaLiga 2;CD Leganes;CD Castellon;id1000005472477440;stoiximan;Over Under Team 2;2.5;Under;1.18;1.2;2026-09-27T18:59:48.777Z
28.09.2026;21:30;Spain;LaLiga 2;CD Leganes;CD Castellon;id1000005472477440;stoiximan;Over Under Team 2;3.5;Over;8.75;8.5;2026-09-27T21:32:07.982Z
28.09.2026;21:30;Spain;LaLiga 2;CD Leganes;CD Castellon;id1000005472477440;stoiximan;Over Under Team 2;3.5;Under;1.05;1.05;2026-09-27T13:46:08.377Z
28.09.2026;21:30;Spain;LaLiga 2;CD Leganes;CD Castellon;id1000005472477440;stoiximan;Over Under Team 2;4.5;Over;12.5;12.5;2026-09-27T16:29:57.789Z
28.09.2026;21:30;Spain;LaLiga 2;CD Leganes;CD Castellon;id1000005472477440;stoiximan;Over Under Team 2;4.5;Under;1.01;1.01;2026-09-27T16:29:57.789Z
28.09.2026;21:30;Spain;LaLiga 2;CD Leganes;CD Castellon;id1000005472477440;stoiximan;Over Under First Half;0.5;Over;1.42;1.42;2026-09-27T21:32:07.982Z
28.09.2026;21:30;Spain;LaLiga 2;CD Leganes;CD Castellon;id1000005472477440;stoiximan;Over Under First Half;0.5;Under;2.87;2.87;2026-09-27T21:32:07.982Z
28.09.2026;21:30;Spain;LaLiga 2;CD Leganes;CD Castellon;id1000005472477440;stoiximan;Over Under First Half;1.5;Over;2.8;2.8;2026-09-27T21:32:07.982Z
28.09.2026;21:30;Spain;LaLiga 2;CD Leganes;CD Castellon;id1000005472477440;stoiximan;Over Under First Half;1.5;Under;1.45;1.44;2026-09-27T13:46:08.377Z
28.09.2026;21:30;Spain;LaLiga 2;CD Leganes;CD Castellon;id1000005472477440;stoiximan;Over Under First Half;2.5;Over;6.3;6.3;2026-09-27T21:32:07.982Z
28.09.2026;21:30;Spain;LaLiga 2;CD Leganes;CD Castellon;id1000005472477440;stoiximan;Over Under First Half;2.5;Under;1.11;1.11;2026-09-27T13:46:08.377Z
28.09.2026;21:30;Spain;LaLiga 2;CD Leganes;CD Castellon;id1000005472477440;stoiximan;Over Under First Half;3.5;Over;12.0;12.0;2026-09-27T13:46:08.377Z
28.09.2026;21:30;Spain;LaLiga 2;CD Leganes;CD Castellon;id1000005472477440;stoiximan;Over Under First Half;3.5;Under;1.025;1.025;2026-09-27T13:46:08.377Z
28.09.2026;21:30;Spain;LaLiga 2;CD Leganes;CD Castellon;id1000005472477440;stoiximan;Over Under Second Half;0.5;Over;1.23;1.23;2026-09-27T13:46:08.377Z
28.09.2026;21:30;Spain;LaLiga 2;CD Leganes;CD Castellon;id1000005472477440;stoiximan;Over Under Second Half;0.5;Under;4.1;4.05;2026-09-27T13:46:08.377Z
28.09.2026;21:30;Spain;LaLiga 2;CD Leganes;CD Castellon;id1000005472477440;stoiximan;Over Under Second Half;1.5;Over;2.0;2.0;2026-09-27T16:29:57.789Z
28.09.2026;21:30;Spain;LaLiga 2;CD Leganes;CD Castellon;id1000005472477440;stoiximan;Over Under Second Half;1.5;Under;1.8;1.78;2026-09-27T13:46:08.377Z
28.09.2026;21:30;Spain;LaLiga 2;CD Leganes;CD Castellon;id1000005472477440;stoiximan;Over Under Second Half;2.5;Over;3.95;4.0;2026-09-27T13:46:08.377Z
28.09.2026;21:30;Spain;LaLiga 2;CD Leganes;CD Castellon;id1000005472477440;stoiximan;Over Under Second Half;2.5;Under;1.24;1.24;2026-09-27T21:32:07.982Z
28.09.2026;21:30;Spain;LaLiga 2;CD Leganes;CD Castellon;id1000005472477440;stoiximan;Both Teams To Score First Half;0.0;Yes;3.9;4.0;2026-09-27T13:46:08.377Z
28.09.2026;21:30;Spain;LaLiga 2;CD Leganes;CD Castellon;id1000005472477440;stoiximan;Both Teams To Score First Half;0.0;No;1.23;1.22;2026-09-27T13:46:08.377Z
28.09.2026;21:30;Spain;LaLiga 2;CD Leganes;CD Castellon;id1000005472477440;stoiximan;Both Teams To Score Second Half;0.0;Yes;2.82;2.87;2026-09-27T16:11:13.609Z
28.09.2026;21:30;Spain;LaLiga 2;CD Leganes;CD Castellon;id1000005472477440;stoiximan;Both Teams To Score Second Half;0.0;No;1.4;1.39;2026-09-27T18:59:48.777Z
28.09.2026;21:30;Spain;LaLiga 2;CD Leganes;CD Castellon;id1000005472477440;stoiximan;Both Teams To Score;0.0;Yes;1.62;1.65;2026-09-27T16:11:13.609Z
28.09.2026;21:30;Spain;LaLiga 2;CD Leganes;CD Castellon;id1000005472477440;stoiximan;Both Teams To Score;0.0;No;2.2;2.15;2026-09-27T16:11:13.609Z
28.09.2026;21:30;Spain;LaLiga 2;CD Leganes;CD Castellon;id1000005472477440;stoiximan;Over Under Full Time;0.5;Over;1.06;1.06;2026-09-27T13:46:08.377Z
28.09.2026;21:30;Spain;LaLiga 2;CD Leganes;CD Castellon;id1000005472477440;stoiximan;Over Under Full Time;0.5;Under;9.25;9.25;2026-09-27T21:32:07.982Z
28.09.2026;21:30;Spain;LaLiga 2;CD Leganes;CD Castellon;id1000005472477440;stoiximan;Asian Handicap First Half;-0.5;1;3.5;3.65;2026-09-27T21:32:07.982Z
28.09.2026;21:30;Spain;LaLiga 2;CD Leganes;CD Castellon;id1000005472477440;stoiximan;Asian Handicap First Half;-0.5;2;1.31;1.29;2026-09-27T21:32:07.982Z
28.09.2026;21:30;Spain;LaLiga 2;CD Leganes;CD Castellon;id1000005472477440;stoiximan;Asian Handicap First Half;-0.25;1;2.8;2.95;2026-09-27T18:59:48.777Z
28.09.2026;21:30;Spain;LaLiga 2;CD Leganes;CD Castellon;id1000005472477440;stoiximan;Asian Handicap First Half;-0.25;2;1.45;1.4;2026-09-27T18:59:48.777Z
28.09.2026;21:30;Spain;LaLiga 2;CD Leganes;CD Castellon;id1000005472477440;stoiximan;Asian Handicap First Half;0.0;1;2.05;2.18;2026-09-27T21:32:07.982Z
28.09.2026;21:30;Spain;LaLiga 2;CD Leganes;CD Castellon;id1000005472477440;stoiximan;Asian Handicap First Half;0.0;2;1.78;1.7;2026-09-27T21:32:07.982Z
28.09.2026;21:30;Spain;LaLiga 2;CD Leganes;CD Castellon;id1000005472477440;stoiximan;Asian Handicap First Half;0.25;1;1.57;1.62;2026-09-27T18:59:48.777Z
28.09.2026;21:30;Spain;LaLiga 2;CD Leganes;CD Castellon;id1000005472477440;stoiximan;Asian Handicap First Half;0.25;2;2.42;2.32;2026-09-27T21:32:07.982Z
28.09.2026;21:30;Spain;LaLiga 2;CD Leganes;CD Castellon;id1000005472477440;stoiximan;Asian Handicap First Half;0.5;1;1.39;1.42;2026-09-27T16:29:57.789Z
28.09.2026;21:30;Spain;LaLiga 2;CD Leganes;CD Castellon;id1000005472477440;stoiximan;Asian Handicap First Half;0.5;2;3.05;2.9;2026-09-27T18:59:48.777Z
28.09.2026;21:30;Spain;LaLiga 2;CD Leganes;CD Castellon;id1000005472477440;stoiximan;Asian Handicap First Half;0.75;1;1.27;1.27;2026-09-22T09:55:02.054Z
28.09.2026;21:30;Spain;LaLiga 2;CD Leganes;CD Castellon;id1000005472477440;stoiximan;Asian Handicap First Half;0.75;2;3.75;3.75;2026-09-22T15:59:10.291Z
28.09.2026;21:30;Spain;LaLiga 2;CD Leganes;CD Castellon;id1000005472477440;stoiximan;Asian Handicap;-0.75;1;3.55;3.7;2026-09-27T15:13:36.087Z
28.09.2026;21:30;Spain;LaLiga 2;CD Leganes;CD Castellon;id1000005472477440;stoiximan;Asian Handicap;-0.75;2;1.32;1.3;2026-09-27T15:13:36.087Z
28.09.2026;21:30;Spain;LaLiga 2;CD Leganes;CD Castellon;id1000005472477440;stoiximan;Asian Handicap;-0.5;1;2.82;3.05;2026-09-27T16:11:13.609Z
28.09.2026;21:30;Spain;LaLiga 2;CD Leganes;CD Castellon;id1000005472477440;stoiximan;Asian Handicap;-0.5;2;1.45;1.4;2026-09-27T16:11:13.609Z
28.09.2026;21:30;Spain;LaLiga 2;CD Leganes;CD Castellon;id1000005472477440;stoiximan;Asian Handicap;-0.25;1;2.47;2.67;2026-09-27T16:29:57.789Z
28.09.2026;21:30;Spain;LaLiga 2;CD Leganes;CD Castellon;id1000005472477440;stoiximan;Asian Handicap;-0.25;2;1.57;1.5;2026-09-27T16:29:57.789Z
28.09.2026;21:30;Spain;LaLiga 2;CD Leganes;CD Castellon;id1000005472477440;stoiximan;Asian Handicap;0.0;1;2.07;2.27;2026-09-27T16:29:57.789Z
28.09.2026;21:30;Spain;LaLiga 2;CD Leganes;CD Castellon;id1000005472477440;stoiximan;Asian Handicap;0.0;2;1.8;1.67;2026-09-27T16:29:57.789Z
28.09.2026;21:30;Spain;LaLiga 2;CD Leganes;CD Castellon;id1000005472477440;stoiximan;Asian Handicap;0.25;1;1.75;1.87;2026-09-27T16:29:57.789Z
28.09.2026;21:30;Spain;LaLiga 2;CD Leganes;CD Castellon;id1000005472477440;stoiximan;Asian Handicap;0.25;2;2.12;1.98;2026-09-27T16:29:57.789Z
28.09.2026;21:30;Spain;LaLiga 2;CD Leganes;CD Castellon;id1000005472477440;stoiximan;Asian Handicap;0.5;1;1.57;1.67;2026-09-27T16:29:57.789Z
28.09.2026;21:30;Spain;LaLiga 2;CD Leganes;CD Castellon;id1000005472477440;stoiximan;Asian Handicap;0.5;2;2.47;2.27;2026-09-27T16:29:57.789Z
28.09.2026;21:30;Spain;LaLiga 2;CD Leganes;CD Castellon;id1000005472477440;stoiximan;Asian Handicap;0.75;1;1.42;1.5;2026-09-27T16:29:57.789Z
28.09.2026;21:30;Spain;LaLiga 2;CD Leganes;CD Castellon;id1000005472477440;stoiximan;Asian Handicap;0.75;2;2.95;2.7;2026-09-27T16:29:57.789Z
28.09.2026;21:30;Spain;LaLiga 2;CD Leganes;CD Castellon;id1000005472477440;stoiximan;Over Under Full Time;1.5;Over;1.29;1.29;2026-09-27T13:46:08.377Z
28.09.2026;21:30;Spain;LaLiga 2;CD Leganes;CD Castellon;id1000005472477440;stoiximan;Over Under Full Time;1.5;Under;3.65;3.65;2026-09-27T21:32:07.982Z
28.09.2026;21:30;Spain;LaLiga 2;CD Leganes;CD Castellon;id1000005472477440;stoiximan;Asian Handicap;1.0;1;1.29;1.31;2026-09-27T16:29:57.789Z
28.09.2026;21:30;Spain;LaLiga 2;CD Leganes;CD Castellon;id1000005472477440;stoiximan;Asian Handicap;1.0;2;3.8;3.6;2026-09-27T18:59:48.777Z
28.09.2026;21:30;Spain;LaLiga 2;CD Leganes;CD Castellon;id1000005472477440;superbet;Full Time Result;0.0;1;3.3;3.1;2026-09-28T01:50:03.607Z
28.09.2026;21:30;Spain;LaLiga 2;CD Leganes;CD Castellon;id1000005472477440;superbet;Full Time Result;0.0;X;3.25;3.35;2026-09-28T01:50:03.607Z
28.09.2026;21:30;Spain;LaLiga 2;CD Leganes;CD Castellon;id1000005472477440;superbet;Full Time Result;0.0;2;2.07;2.32;2026-09-28T01:50:03.607Z
28.09.2026;21:30;Spain;LaLiga 2;CD Leganes;CD Castellon;id1000005472477440;superbet;Over Under Full Time;2.5;Over;1.97;1.87;2026-09-28T01:50:03.607Z
28.09.2026;21:30;Spain;LaLiga 2;CD Leganes;CD Castellon;id1000005472477440;superbet;Over Under Full Time;2.5;Under;1.77;1.95;2026-09-28T01:50:03.607Z
28.09.2026;21:30;Spain;LaLiga 2;CD Leganes;CD Castellon;id1000005472477440;superbet;Over Under Full Time;3.5;Over;3.4;3.15;2026-09-28T01:50:03.607Z
28.09.2026;21:30;Spain;LaLiga 2;CD Leganes;CD Castellon;id1000005472477440;superbet;Over Under Full Time;3.5;Under;1.29;1.37;2026-09-28T01:50:03.607Z
28.09.2026;21:30;Spain;LaLiga 2;CD Leganes;CD Castellon;id1000005472477440;superbet;European Handicap;2.0;1;1.22;1.19;2026-09-28T01:50:03.607Z
28.09.2026;21:30;Spain;LaLiga 2;CD Leganes;CD Castellon;id1000005472477440;superbet;European Handicap;2.0;X;5.7;6.1;2026-09-28T01:50:03.607Z
28.09.2026;21:30;Spain;LaLiga 2;CD Leganes;CD Castellon;id1000005472477440;superbet;European Handicap;2.0;2;7.9;8.6;2026-09-28T01:50:03.607Z
28.09.2026;21:30;Spain;LaLiga 2;CD Leganes;CD Castellon;id1000005472477440;superbet;European Handicap;1.0;1;1.7;1.6;2026-09-28T01:50:03.607Z
28.09.2026;21:30;Spain;LaLiga 2;CD Leganes;CD Castellon;id1000005472477440;superbet;European Handicap;1.0;X;3.7;3.9;2026-09-28T01:50:03.607Z
28.09.2026;21:30;Spain;LaLiga 2;CD Leganes;CD Castellon;id1000005472477440;superbet;European Handicap;1.0;2;3.85;4.15;2026-09-28T01:50:03.607Z
28.09.2026;21:30;Spain;LaLiga 2;CD Leganes;CD Castellon;id1000005472477440;superbet;Over Under Full Time;4.5;Over;6.5;6.0;2026-09-28T01:50:03.607Z
28.09.2026;21:30;Spain;LaLiga 2;CD Leganes;CD Castellon;id1000005472477440;superbet;Over Under Full Time;4.5;Under;1.09;1.13;2026-09-28T01:50:03.607Z
28.09.2026;21:30;Spain;LaLiga 2;CD Leganes;CD Castellon;id1000005472477440;superbet;European Handicap;-2.0;1;17.0;13.0;2026-09-28T01:50:03.607Z
28.09.2026;21:30;Spain;LaLiga 2;CD Leganes;CD Castellon;id1000005472477440;superbet;European Handicap;-2.0;X;8.8;7.9;2026-09-28T01:50:03.607Z
28.09.2026;21:30;Spain;LaLiga 2;CD Leganes;CD Castellon;id1000005472477440;superbet;European Handicap;-2.0;2;1.07;1.1;2026-09-28T01:50:03.607Z
28.09.2026;21:30;Spain;LaLiga 2;CD Leganes;CD Castellon;id1000005472477440;superbet;Double Chance Full Time;0.0;1X;1.64;1.61;2026-09-28T01:50:03.607Z
28.09.2026;21:30;Spain;LaLiga 2;CD Leganes;CD Castellon;id1000005472477440;superbet;Double Chance Full Time;0.0;12;1.28;1.33;2026-09-28T01:50:03.607Z
28.09.2026;21:30;Spain;LaLiga 2;CD Leganes;CD Castellon;id1000005472477440;superbet;Double Chance Full Time;0.0;2X;1.27;1.37;2026-09-28T01:50:03.607Z
28.09.2026;21:30;Spain;LaLiga 2;CD Leganes;CD Castellon;id1000005472477440;superbet;Double Chance First Half;0.0;1X;1.39;1.36;2026-09-28T01:50:03.607Z
28.09.2026;21:30;Spain;LaLiga 2;CD Leganes;CD Castellon;id1000005472477440;superbet;Double Chance First Half;0.0;12;1.6;1.57;2026-09-28T01:50:03.607Z
28.09.2026;21:30;Spain;LaLiga 2;CD Leganes;CD Castellon;id1000005472477440;superbet;Double Chance First Half;0.0;2X;1.2;1.24;2026-09-28T01:50:03.607Z
28.09.2026;21:30;Spain;LaLiga 2;CD Leganes;CD Castellon;id1000005472477440;superbet;Double Chance Second Half;0.0;1X;1.45;1.41;2026-09-28T01:50:03.607Z
28.09.2026;21:30;Spain;LaLiga 2;CD Leganes;CD Castellon;id1000005472477440;superbet;Double Chance Second Half;0.0;12;1.47;1.45;2026-09-28T01:50:03.607Z
28.09.2026;21:30;Spain;LaLiga 2;CD Leganes;CD Castellon;id1000005472477440;superbet;Double Chance Second Half;0.0;2X;1.24;1.28;2026-09-28T01:50:03.607Z
28.09.2026;21:30;Spain;LaLiga 2;CD Leganes;CD Castellon;id1000005472477440;superbet;First Half Result;0.0;1;3.9;3.55;2026-09-28T01:50:03.607Z
28.09.2026;21:30;Spain;LaLiga 2;CD Leganes;CD Castellon;id1000005472477440;superbet;First Half Result;0.0;X;2.15;2.2;2026-09-28T01:50:03.607Z
28.09.2026;21:30;Spain;LaLiga 2;CD Leganes;CD Castellon;id1000005472477440;superbet;First Half Result;0.0;2;2.7;2.85;2026-09-28T01:50:03.607Z
28.09.2026;21:30;Spain;LaLiga 2;CD Leganes;CD Castellon;id1000005472477440;superbet;Second Half Result;0.0;1;3.55;3.2;2026-09-28T01:50:03.607Z
28.09.2026;21:30;Spain;LaLiga 2;CD Leganes;CD Castellon;id1000005472477440;superbet;Second Half Result;0.0;X;2.45;2.5;2026-09-28T01:50:03.607Z
28.09.2026;21:30;Spain;LaLiga 2;CD Leganes;CD Castellon;id1000005472477440;superbet;Second Half Result;0.0;2;2.5;2.62;2026-09-28T01:50:03.607Z
28.09.2026;21:30;Spain;LaLiga 2;CD Leganes;CD Castellon;id1000005472477440;superbet;Over Under Team 1 First Half;0.5;Over;2.4;2.17;2026-09-28T01:50:03.607Z
28.09.2026;21:30;Spain;LaLiga 2;CD Leganes;CD Castellon;id1000005472477440;superbet;Over Under Team 1 First Half;0.5;Under;1.51;1.61;2026-09-28T01:50:03.607Z
28.09.2026;21:30;Spain;LaLiga 2;CD Leganes;CD Castellon;id1000005472477440;superbet;Over Under Team 1 First Half;1.5;Over;8.2;6.9;2026-09-28T01:50:03.607Z
28.09.2026;21:30;Spain;LaLiga 2;CD Leganes;CD Castellon;id1000005472477440;superbet;Over Under Team 1 First Half;1.5;Under;1.05;1.07;2026-09-28T01:50:03.607Z
28.09.2026;21:30;Spain;LaLiga 2;CD Leganes;CD Castellon;id1000005472477440;superbet;Over Under Team 1 First Half;2.5;Over;32.0;24.0;2026-09-28T01:50:03.607Z
28.09.2026;21:30;Spain;LaLiga 2;CD Leganes;CD Castellon;id1000005472477440;superbet;Over Under Team 1 First Half;2.5;Under;1.0;1.002;2026-09-28T01:50:03.607Z
28.09.2026;21:30;Spain;LaLiga 2;CD Leganes;CD Castellon;id1000005472477440;superbet;Over Under Team 2 First Half;0.5;Over;1.92;1.92;2026-09-28T01:50:03.607Z
28.09.2026;21:30;Spain;LaLiga 2;CD Leganes;CD Castellon;id1000005472477440;superbet;Over Under Team 2 First Half;0.5;Under;1.78;1.78;2026-09-28T01:50:03.607Z
28.09.2026;21:30;Spain;LaLiga 2;CD Leganes;CD Castellon;id1000005472477440;superbet;Over Under Team 2 First Half;1.5;Over;5.55;5.55;2026-09-28T01:50:03.607Z
28.09.2026;21:30;Spain;LaLiga 2;CD Leganes;CD Castellon;id1000005472477440;superbet;Over Under Team 2 First Half;1.5;Under;1.11;1.11;2026-09-28T01:50:03.607Z
28.09.2026;21:30;Spain;LaLiga 2;CD Leganes;CD Castellon;id1000005472477440;superbet;Over Under Team 2 First Half;2.5;Over;18.0;18.0;2026-09-28T01:50:03.607Z
28.09.2026;21:30;Spain;LaLiga 2;CD Leganes;CD Castellon;id1000005472477440;superbet;Over Under Team 2 First Half;2.5;Under;1.006;1.006;2026-09-28T01:50:03.607Z
28.09.2026;21:30;Spain;LaLiga 2;CD Leganes;CD Castellon;id1000005472477440;superbet;Over Under Team 1 Second Half;0.5;Over;2.0;1.83;2026-09-28T01:50:03.607Z
28.09.2026;21:30;Spain;LaLiga 2;CD Leganes;CD Castellon;id1000005472477440;superbet;Over Under Team 1 Second Half;0.5;Under;1.73;1.87;2026-09-28T01:50:03.607Z
28.09.2026;21:30;Spain;LaLiga 2;CD Leganes;CD Castellon;id1000005472477440;superbet;Over Under Team 1 Second Half;1.5;Over;6.0;5.1;2026-09-28T01:50:03.607Z
28.09.2026;21:30;Spain;LaLiga 2;CD Leganes;CD Castellon;id1000005472477440;superbet;Over Under Team 1 Second Half;1.5;Under;1.1;1.13;2026-09-28T01:50:03.607Z
28.09.2026;21:30;Spain;LaLiga 2;CD Leganes;CD Castellon;id1000005472477440;superbet;Over Under Team 1 Second Half;2.5;Over;20.0;16.0;2026-09-28T01:50:03.607Z
28.09.2026;21:30;Spain;LaLiga 2;CD Leganes;CD Castellon;id1000005472477440;superbet;Over Under Team 1 Second Half;2.5;Under;1.004;1.008;2026-09-28T01:50:03.607Z
28.09.2026;21:30;Spain;LaLiga 2;CD Leganes;CD Castellon;id1000005472477440;superbet;Over Under Team 1;0.5;Over;1.42;1.33;2026-09-28T01:50:03.607Z
28.09.2026;21:30;Spain;LaLiga 2;CD Leganes;CD Castellon;id1000005472477440;superbet;Over Under Team 1;0.5;Under;2.72;3.15;2026-09-28T01:50:03.607Z
28.09.2026;21:30;Spain;LaLiga 2;CD Leganes;CD Castellon;id1000005472477440;superbet;Over Under Team 2 Second Half;0.5;Over;1.67;1.67;2026-09-28T01:50:03.607Z
28.09.2026;21:30;Spain;LaLiga 2;CD Leganes;CD Castellon;id1000005472477440;superbet;Over Under Team 2 Second Half;0.5;Under;2.07;2.07;2026-09-28T01:50:03.607Z
28.09.2026;21:30;Spain;LaLiga 2;CD Leganes;CD Castellon;id1000005472477440;superbet;Over Under Team 2 Second Half;1.5;Over;4.2;4.2;2026-09-28T01:50:03.607Z
28.09.2026;21:30;Spain;LaLiga 2;CD Leganes;CD Castellon;id1000005472477440;superbet;Over Under Team 2 Second Half;1.5;Under;1.19;1.19;2026-09-28T01:50:03.607Z
28.09.2026;21:30;Spain;LaLiga 2;CD Leganes;CD Castellon;id1000005472477440;superbet;Over Under Team 2 Second Half;2.5;Over;12.0;12.0;2026-09-28T01:50:03.607Z
28.09.2026;21:30;Spain;LaLiga 2;CD Leganes;CD Castellon;id1000005472477440;superbet;Over Under Team 2 Second Half;2.5;Under;1.02;1.02;2026-09-28T01:50:03.607Z
28.09.2026;21:30;Spain;LaLiga 2;CD Leganes;CD Castellon;id1000005472477440;superbet;Over Under Team 1;1.5;Over;3.0;2.57;2026-09-28T01:50:03.607Z
28.09.2026;21:30;Spain;LaLiga 2;CD Leganes;CD Castellon;id1000005472477440;superbet;Over Under Team 1;1.5;Under;1.36;1.47;2026-09-28T01:50:03.607Z
28.09.2026;21:30;Spain;LaLiga 2;CD Leganes;CD Castellon;id1000005472477440;superbet;Over Under Team 1;2.5;Over;7.5;6.0;2026-09-28T01:50:03.607Z
28.09.2026;21:30;Spain;LaLiga 2;CD Leganes;CD Castellon;id1000005472477440;superbet;Over Under Team 1;2.5;Under;1.07;1.11;2026-09-28T01:50:03.607Z
28.09.2026;21:30;Spain;LaLiga 2;CD Leganes;CD Castellon;id1000005472477440;superbet;Over Under Team 1;3.5;Over;21.0;16.0;2026-09-28T01:50:03.607Z
28.09.2026;21:30;Spain;LaLiga 2;CD Leganes;CD Castellon;id1000005472477440;superbet;Over Under Team 1;3.5;Under;1.006;1.01;2026-09-28T01:50:03.607Z
28.09.2026;21:30;Spain;LaLiga 2;CD Leganes;CD Castellon;id1000005472477440;superbet;Over Under Team 1;4.5;Over;60.0;45.0;2026-09-28T01:50:03.607Z
28.09.2026;21:30;Spain;LaLiga 2;CD Leganes;CD Castellon;id1000005472477440;superbet;Over Under Team 1;4.5;Under;1.0;1.002;2026-09-28T01:50:03.607Z
28.09.2026;21:30;Spain;LaLiga 2;CD Leganes;CD Castellon;id1000005472477440;superbet;Over Under Team 2;0.5;Over;1.24;1.23;2026-09-28T01:50:03.607Z
28.09.2026;21:30;Spain;LaLiga 2;CD Leganes;CD Castellon;id1000005472477440;superbet;Over Under Team 2;0.5;Under;3.8;3.85;2026-09-28T01:50:03.607Z
28.09.2026;21:30;Spain;LaLiga 2;CD Leganes;CD Castellon;id1000005472477440;superbet;Over Under Team 2;1.5;Over;2.15;2.12;2026-09-28T01:50:03.607Z
28.09.2026;21:30;Spain;LaLiga 2;CD Leganes;CD Castellon;id1000005472477440;superbet;Over Under Team 2;1.5;Under;1.66;1.66;2026-09-28T01:50:03.607Z
28.09.2026;21:30;Spain;LaLiga 2;CD Leganes;CD Castellon;id1000005472477440;superbet;European Handicap First Half;2.0;1;1.05;1.05;2026-09-28T01:50:03.607Z
28.09.2026;21:30;Spain;LaLiga 2;CD Leganes;CD Castellon;id1000005472477440;superbet;European Handicap First Half;2.0;X;8.3;8.6;2026-09-28T01:50:03.607Z
28.09.2026;21:30;Spain;LaLiga 2;CD Leganes;CD Castellon;id1000005472477440;superbet;European Handicap First Half;2.0;2;22.0;23.0;2026-09-28T01:50:03.607Z
28.09.2026;21:30;Spain;LaLiga 2;CD Leganes;CD Castellon;id1000005472477440;superbet;European Handicap First Half;1.0;1;1.42;1.38;2026-09-28T01:50:03.607Z
28.09.2026;21:30;Spain;LaLiga 2;CD Leganes;CD Castellon;id1000005472477440;superbet;European Handicap First Half;1.0;X;3.45;3.6;2026-09-28T01:50:03.607Z
28.09.2026;21:30;Spain;LaLiga 2;CD Leganes;CD Castellon;id1000005472477440;superbet;European Handicap First Half;1.0;2;7.1;7.4;2026-09-28T01:50:03.607Z
28.09.2026;21:30;Spain;LaLiga 2;CD Leganes;CD Castellon;id1000005472477440;superbet;European Handicap First Half;-1.0;1;12.0;9.9;2026-09-28T01:50:03.607Z
28.09.2026;21:30;Spain;LaLiga 2;CD Leganes;CD Castellon;id1000005472477440;superbet;European Handicap First Half;-1.0;X;4.5;4.2;2026-09-28T01:50:03.607Z
28.09.2026;21:30;Spain;LaLiga 2;CD Leganes;CD Castellon;id1000005472477440;superbet;European Handicap First Half;-1.0;2;1.22;1.26;2026-09-28T01:50:03.607Z
28.09.2026;21:30;Spain;LaLiga 2;CD Leganes;CD Castellon;id1000005472477440;superbet;European Handicap First Half;-2.0;1;45.0;35.0;2026-09-28T01:50:03.607Z
28.09.2026;21:30;Spain;LaLiga 2;CD Leganes;CD Castellon;id1000005472477440;superbet;European Handicap First Half;-2.0;X;14.0;12.0;2026-09-28T01:50:03.607Z
28.09.2026;21:30;Spain;LaLiga 2;CD Leganes;CD Castellon;id1000005472477440;superbet;European Handicap First Half;-2.0;2;1.01;1.02;2026-09-28T01:50:03.607Z
28.09.2026;21:30;Spain;LaLiga 2;CD Leganes;CD Castellon;id1000005472477440;superbet;Over Under Team 2;2.5;Over;4.6;4.6;2026-09-28T01:50:03.607Z
28.09.2026;21:30;Spain;LaLiga 2;CD Leganes;CD Castellon;id1000005472477440;superbet;Over Under Team 2;2.5;Under;1.17;1.17;2026-09-28T01:50:03.607Z
28.09.2026;21:30;Spain;LaLiga 2;CD Leganes;CD Castellon;id1000005472477440;superbet;European Handicap Second Half;2.0;1;1.08;1.08;2026-09-28T01:50:03.607Z
28.09.2026;21:30;Spain;LaLiga 2;CD Leganes;CD Castellon;id1000005472477440;superbet;European Handicap Second Half;2.0;X;7.2;7.6;2026-09-28T01:50:03.607Z
28.09.2026;21:30;Spain;LaLiga 2;CD Leganes;CD Castellon;id1000005472477440;superbet;European Handicap Second Half;2.0;2;17.0;17.0;2026-09-28T01:50:03.607Z
28.09.2026;21:30;Spain;LaLiga 2;CD Leganes;CD Castellon;id1000005472477440;superbet;European Handicap Second Half;1.0;1;1.48;1.44;2026-09-28T01:50:03.607Z
28.09.2026;21:30;Spain;LaLiga 2;CD Leganes;CD Castellon;id1000005472477440;superbet;European Handicap Second Half;1.0;X;3.4;3.55;2026-09-28T01:50:03.607Z
28.09.2026;21:30;Spain;LaLiga 2;CD Leganes;CD Castellon;id1000005472477440;superbet;European Handicap Second Half;1.0;2;6.0;6.3;2026-09-28T01:50:03.607Z
28.09.2026;21:30;Spain;LaLiga 2;CD Leganes;CD Castellon;id1000005472477440;superbet;European Handicap Second Half;-1.0;1;9.4;8.0;2026-09-28T01:50:03.607Z
28.09.2026;21:30;Spain;LaLiga 2;CD Leganes;CD Castellon;id1000005472477440;superbet;European Handicap Second Half;-1.0;X;4.3;4.1;2026-09-28T01:50:03.607Z
28.09.2026;21:30;Spain;LaLiga 2;CD Leganes;CD Castellon;id1000005472477440;superbet;European Handicap Second Half;-1.0;2;1.26;1.31;2026-09-28T01:50:03.607Z
28.09.2026;21:30;Spain;LaLiga 2;CD Leganes;CD Castellon;id1000005472477440;superbet;European Handicap Second Half;-2.0;1;31.0;24.0;2026-09-28T01:50:03.607Z
28.09.2026;21:30;Spain;LaLiga 2;CD Leganes;CD Castellon;id1000005472477440;superbet;European Handicap Second Half;-2.0;X;11.0;9.6;2026-09-28T01:50:03.607Z
28.09.2026;21:30;Spain;LaLiga 2;CD Leganes;CD Castellon;id1000005472477440;superbet;European Handicap Second Half;-2.0;2;1.03;1.04;2026-09-28T01:50:03.607Z
28.09.2026;21:30;Spain;LaLiga 2;CD Leganes;CD Castellon;id1000005472477440;superbet;Over Under Team 2;3.5;Over;11.0;11.0;2026-09-28T01:50:03.607Z
28.09.2026;21:30;Spain;LaLiga 2;CD Leganes;CD Castellon;id1000005472477440;superbet;Over Under Team 2;3.5;Under;1.03;1.03;2026-09-28T01:50:03.607Z
28.09.2026;21:30;Spain;LaLiga 2;CD Leganes;CD Castellon;id1000005472477440;superbet;Over Under Team 2;4.5;Over;28.0;28.0;2026-09-28T01:50:03.607Z
28.09.2026;21:30;Spain;LaLiga 2;CD Leganes;CD Castellon;id1000005472477440;superbet;Over Under Team 2;4.5;Under;1.004;1.004;2026-09-28T01:50:03.607Z
28.09.2026;21:30;Spain;LaLiga 2;CD Leganes;CD Castellon;id1000005472477440;superbet;Over Under First Half;0.5;Over;1.41;1.38;2026-09-28T01:50:03.607Z
28.09.2026;21:30;Spain;LaLiga 2;CD Leganes;CD Castellon;id1000005472477440;superbet;Over Under First Half;0.5;Under;2.77;3.0;2026-09-28T01:50:03.607Z
28.09.2026;21:30;Spain;LaLiga 2;CD Leganes;CD Castellon;id1000005472477440;superbet;Over Under First Half;1.5;Over;2.87;2.72;2026-09-28T01:50:03.607Z
28.09.2026;21:30;Spain;LaLiga 2;CD Leganes;CD Castellon;id1000005472477440;superbet;Over Under First Half;1.5;Under;1.39;1.45;2026-09-28T01:50:03.607Z
28.09.2026;21:30;Spain;LaLiga 2;CD Leganes;CD Castellon;id1000005472477440;superbet;Over Under First Half;2.5;Over;7.1;6.6;2026-09-28T01:50:03.607Z
28.09.2026;21:30;Spain;LaLiga 2;CD Leganes;CD Castellon;id1000005472477440;superbet;Over Under First Half;2.5;Under;1.08;1.1;2026-09-28T01:50:03.607Z
28.09.2026;21:30;Spain;LaLiga 2;CD Leganes;CD Castellon;id1000005472477440;superbet;Over Under First Half;3.5;Over;19.0;18.0;2026-09-28T01:50:03.607Z
28.09.2026;21:30;Spain;LaLiga 2;CD Leganes;CD Castellon;id1000005472477440;superbet;Over Under First Half;3.5;Under;1.008;1.02;2026-09-28T01:50:03.607Z
28.09.2026;21:30;Spain;LaLiga 2;CD Leganes;CD Castellon;id1000005472477440;superbet;Over Under First Half;4.5;Over;55.0;55.0;2026-09-28T01:50:03.607Z
28.09.2026;21:30;Spain;LaLiga 2;CD Leganes;CD Castellon;id1000005472477440;superbet;Over Under First Half;4.5;Under;1.0;1.002;2026-09-28T01:50:03.607Z
28.09.2026;21:30;Spain;LaLiga 2;CD Leganes;CD Castellon;id1000005472477440;superbet;Over Under Second Half;0.5;Over;1.26;1.24;2026-09-28T01:50:03.607Z
28.09.2026;21:30;Spain;LaLiga 2;CD Leganes;CD Castellon;id1000005472477440;superbet;Over Under Second Half;0.5;Under;3.65;4.0;2026-09-28T01:50:03.607Z
28.09.2026;21:30;Spain;LaLiga 2;CD Leganes;CD Castellon;id1000005472477440;superbet;Over Under Second Half;1.5;Over;2.2;2.1;2026-09-28T01:50:03.607Z
28.09.2026;21:30;Spain;LaLiga 2;CD Leganes;CD Castellon;id1000005472477440;superbet;Over Under Second Half;1.5;Under;1.63;1.72;2026-09-28T01:50:03.607Z
28.09.2026;21:30;Spain;LaLiga 2;CD Leganes;CD Castellon;id1000005472477440;superbet;Over Under Second Half;2.5;Over;4.75;4.4;2026-09-28T01:50:03.607Z
28.09.2026;21:30;Spain;LaLiga 2;CD Leganes;CD Castellon;id1000005472477440;superbet;Over Under Second Half;2.5;Under;1.16;1.2;2026-09-28T01:50:03.607Z
28.09.2026;21:30;Spain;LaLiga 2;CD Leganes;CD Castellon;id1000005472477440;superbet;Over Under Second Half;3.5;Over;11.0;11.0;2026-09-28T01:50:03.607Z
28.09.2026;21:30;Spain;LaLiga 2;CD Leganes;CD Castellon;id1000005472477440;superbet;Over Under Second Half;3.5;Under;1.03;1.04;2026-09-28T01:50:03.607Z
28.09.2026;21:30;Spain;LaLiga 2;CD Leganes;CD Castellon;id1000005472477440;superbet;Over Under Second Half;4.5;Over;30.0;27.0;2026-09-28T01:50:03.607Z
28.09.2026;21:30;Spain;LaLiga 2;CD Leganes;CD Castellon;id1000005472477440;superbet;Over Under Second Half;4.5;Under;1.002;1.006;2026-09-28T01:50:03.607Z
28.09.2026;21:30;Spain;LaLiga 2;CD Leganes;CD Castellon;id1000005472477440;superbet;Both Teams To Score First Half;0.0;Yes;4.55;4.2;2026-09-28T01:50:03.607Z
28.09.2026;21:30;Spain;LaLiga 2;CD Leganes;CD Castellon;id1000005472477440;superbet;Both Teams To Score First Half;0.0;No;1.18;1.2;2026-09-28T01:50:03.607Z
28.09.2026;21:30;Spain;LaLiga 2;CD Leganes;CD Castellon;id1000005472477440;superbet;Both Teams To Score Second Half;0.0;Yes;3.4;3.1;2026-09-28T01:50:03.607Z
28.09.2026;21:30;Spain;LaLiga 2;CD Leganes;CD Castellon;id1000005472477440;superbet;Both Teams To Score Second Half;0.0;No;1.29;1.34;2026-09-28T01:50:03.607Z
28.09.2026;21:30;Spain;LaLiga 2;CD Leganes;CD Castellon;id1000005472477440;superbet;Both Teams To Score;0.0;Yes;1.8;1.68;2026-09-28T01:50:03.607Z
28.09.2026;21:30;Spain;LaLiga 2;CD Leganes;CD Castellon;id1000005472477440;superbet;Both Teams To Score;0.0;No;1.95;2.12;2026-09-28T01:50:03.607Z
28.09.2026;21:30;Spain;LaLiga 2;CD Leganes;CD Castellon;id1000005472477440;superbet;Asian Handicap First Half;-1.5;1;12.0;9.9;2026-09-28T01:50:03.607Z
28.09.2026;21:30;Spain;LaLiga 2;CD Leganes;CD Castellon;id1000005472477440;superbet;Asian Handicap First Half;-1.5;2;1.01;1.02;2026-09-28T01:50:03.607Z
28.09.2026;21:30;Spain;LaLiga 2;CD Leganes;CD Castellon;id1000005472477440;superbet;Over Under Full Time;0.5;Over;1.05;1.06;2026-09-28T01:50:03.607Z
28.09.2026;21:30;Spain;LaLiga 2;CD Leganes;CD Castellon;id1000005472477440;superbet;Over Under Full Time;0.5;Under;8.6;10.0;2026-09-28T01:50:03.607Z
28.09.2026;21:30;Spain;LaLiga 2;CD Leganes;CD Castellon;id1000005472477440;superbet;Asian Handicap;-1.5;1;6.8;5.8;2026-09-28T01:50:03.607Z
28.09.2026;21:30;Spain;LaLiga 2;CD Leganes;CD Castellon;id1000005472477440;superbet;Asian Handicap;-1.5;2;1.07;1.1;2026-09-28T01:50:03.607Z
28.09.2026;21:30;Spain;LaLiga 2;CD Leganes;CD Castellon;id1000005472477440;superbet;Asian Handicap First Half;-0.5;1;3.65;3.35;2026-09-28T01:50:03.607Z
28.09.2026;21:30;Spain;LaLiga 2;CD Leganes;CD Castellon;id1000005472477440;superbet;Asian Handicap First Half;-0.5;2;1.23;1.26;2026-09-28T01:50:03.607Z
28.09.2026;21:30;Spain;LaLiga 2;CD Leganes;CD Castellon;id1000005472477440;superbet;Asian Handicap First Half;0.5;1;1.42;1.38;2026-09-28T01:50:03.607Z
28.09.2026;21:30;Spain;LaLiga 2;CD Leganes;CD Castellon;id1000005472477440;superbet;Asian Handicap First Half;0.5;2;2.6;2.72;2026-09-28T01:50:03.607Z
28.09.2026;21:30;Spain;LaLiga 2;CD Leganes;CD Castellon;id1000005472477440;superbet;Asian Handicap First Half;1.5;1;1.05;1.05;2026-09-28T01:50:03.607Z
28.09.2026;21:30;Spain;LaLiga 2;CD Leganes;CD Castellon;id1000005472477440;superbet;Asian Handicap First Half;1.5;2;7.1;7.4;2026-09-28T01:50:03.607Z
28.09.2026;21:30;Spain;LaLiga 2;CD Leganes;CD Castellon;id1000005472477440;superbet;Asian Handicap;-1.0;1;4.3;4.15;2026-09-21T13:44:59.315Z
28.09.2026;21:30;Spain;LaLiga 2;CD Leganes;CD Castellon;id1000005472477440;superbet;Asian Handicap;-1.0;2;1.14;1.15;2026-09-21T13:44:59.315Z
28.09.2026;21:30;Spain;LaLiga 2;CD Leganes;CD Castellon;id1000005472477440;superbet;Asian Handicap;-0.75;1;3.85;3.4;2026-09-28T01:50:03.607Z
28.09.2026;21:30;Spain;LaLiga 2;CD Leganes;CD Castellon;id1000005472477440;superbet;Asian Handicap;-0.75;2;1.17;1.22;2026-09-28T01:50:03.607Z
28.09.2026;21:30;Spain;LaLiga 2;CD Leganes;CD Castellon;id1000005472477440;superbet;Asian Handicap Second Half;-1.5;1;9.4;8.0;2026-09-28T01:50:03.607Z
28.09.2026;21:30;Spain;LaLiga 2;CD Leganes;CD Castellon;id1000005472477440;superbet;Asian Handicap Second Half;-1.5;2;1.03;1.04;2026-09-28T01:50:03.607Z
28.09.2026;21:30;Spain;LaLiga 2;CD Leganes;CD Castellon;id1000005472477440;superbet;Asian Handicap;-0.5;1;3.2;2.9;2026-09-28T01:50:03.607Z
28.09.2026;21:30;Spain;LaLiga 2;CD Leganes;CD Castellon;id1000005472477440;superbet;Asian Handicap;-0.5;2;1.3;1.36;2026-09-28T01:50:03.607Z
28.09.2026;21:30;Spain;LaLiga 2;CD Leganes;CD Castellon;id1000005472477440;superbet;Asian Handicap Second Half;-0.5;1;3.4;3.05;2026-09-28T01:50:03.607Z
28.09.2026;21:30;Spain;LaLiga 2;CD Leganes;CD Castellon;id1000005472477440;superbet;Asian Handicap Second Half;-0.5;2;1.26;1.31;2026-09-28T01:50:03.607Z
28.09.2026;21:30;Spain;LaLiga 2;CD Leganes;CD Castellon;id1000005472477440;superbet;Asian Handicap Second Half;0.5;1;1.48;1.44;2026-09-28T01:50:03.607Z
28.09.2026;21:30;Spain;LaLiga 2;CD Leganes;CD Castellon;id1000005472477440;superbet;Asian Handicap Second Half;0.5;2;2.4;2.52;2026-09-28T01:50:03.607Z
28.09.2026;21:30;Spain;LaLiga 2;CD Leganes;CD Castellon;id1000005472477440;superbet;Asian Handicap Second Half;1.5;1;1.08;1.08;2026-09-28T01:50:03.607Z
28.09.2026;21:30;Spain;LaLiga 2;CD Leganes;CD Castellon;id1000005472477440;superbet;Asian Handicap Second Half;1.5;2;6.0;6.2;2026-09-28T01:50:03.607Z
28.09.2026;21:30;Spain;LaLiga 2;CD Leganes;CD Castellon;id1000005472477440;superbet;Asian Handicap;-0.25;1;2.75;2.5;2026-09-28T01:50:03.607Z
28.09.2026;21:30;Spain;LaLiga 2;CD Leganes;CD Castellon;id1000005472477440;superbet;Asian Handicap;-0.25;2;1.36;1.44;2026-09-28T01:50:03.607Z
28.09.2026;21:30;Spain;LaLiga 2;CD Leganes;CD Castellon;id1000005472477440;superbet;Asian Handicap;0.0;1;2.37;2.15;2026-09-28T01:50:03.607Z
28.09.2026;21:30;Spain;LaLiga 2;CD Leganes;CD Castellon;id1000005472477440;superbet;Asian Handicap;0.0;2;1.49;1.61;2026-09-28T01:50:03.607Z
28.09.2026;21:30;Spain;LaLiga 2;CD Leganes;CD Castellon;id1000005472477440;superbet;Asian Handicap;0.25;1;1.95;1.8;2026-09-28T01:50:03.607Z
28.09.2026;21:30;Spain;LaLiga 2;CD Leganes;CD Castellon;id1000005472477440;superbet;Asian Handicap;0.25;2;1.77;1.92;2026-09-28T01:50:03.607Z
28.09.2026;21:30;Spain;LaLiga 2;CD Leganes;CD Castellon;id1000005472477440;superbet;Asian Handicap;0.5;1;1.7;1.6;2026-09-28T01:50:03.607Z
28.09.2026;21:30;Spain;LaLiga 2;CD Leganes;CD Castellon;id1000005472477440;superbet;Asian Handicap;0.5;2;2.05;2.2;2026-09-28T01:50:03.607Z
28.09.2026;21:30;Spain;LaLiga 2;CD Leganes;CD Castellon;id1000005472477440;superbet;Asian Handicap;0.75;1;1.5;1.42;2026-09-28T01:50:03.607Z
28.09.2026;21:30;Spain;LaLiga 2;CD Leganes;CD Castellon;id1000005472477440;superbet;Asian Handicap;0.75;2;2.35;2.55;2026-09-28T01:50:03.607Z
28.09.2026;21:30;Spain;LaLiga 2;CD Leganes;CD Castellon;id1000005472477440;superbet;Over Under Full Time;1.5;Over;1.31;1.28;2026-09-28T01:50:03.607Z
28.09.2026;21:30;Spain;LaLiga 2;CD Leganes;CD Castellon;id1000005472477440;superbet;Over Under Full Time;1.5;Under;3.25;3.75;2026-09-28T01:50:03.607Z
28.09.2026;21:30;Spain;LaLiga 2;CD Leganes;CD Castellon;id1000005472477440;superbet;Asian Handicap;1.0;1;1.31;1.25;2026-09-28T01:50:03.607Z
28.09.2026;21:30;Spain;LaLiga 2;CD Leganes;CD Castellon;id1000005472477440;superbet;Asian Handicap;1.0;2;2.95;3.25;2026-09-28T01:50:03.607Z
28.09.2026;21:30;Spain;LaLiga 2;CD Leganes;CD Castellon;id1000005472477440;superbet;Asian Handicap;1.25;1;1.24;1.2;2026-09-28T01:50:03.607Z
28.09.2026;21:30;Spain;LaLiga 2;CD Leganes;CD Castellon;id1000005472477440;superbet;Asian Handicap;1.25;2;3.3;3.6;2026-09-28T01:50:03.607Z
28.09.2026;21:30;Spain;LaLiga 2;CD Leganes;CD Castellon;id1000005472477440;superbet;Asian Handicap;1.5;1;1.22;1.19;2026-09-28T01:50:03.607Z
28.09.2026;21:30;Spain;LaLiga 2;CD Leganes;CD Castellon;id1000005472477440;superbet;Asian Handicap;1.5;2;3.85;4.15;2026-09-28T01:50:03.607Z
28.09.2026;21:30;Spain;LaLiga 2;CD Leganes;CD Castellon;id1000005472477440;svenskaspel;Full Time Result;0.0;1;2.88;2.88;2026-09-27T23:03:51.798Z
28.09.2026;21:30;Spain;LaLiga 2;CD Leganes;CD Castellon;id1000005472477440;svenskaspel;Full Time Result;0.0;X;3.35;3.35;2026-09-27T23:03:51.798Z
28.09.2026;21:30;Spain;LaLiga 2;CD Leganes;CD Castellon;id1000005472477440;svenskaspel;Full Time Result;0.0;2;2.38;2.38;2026-09-27T23:03:51.798Z
28.09.2026;21:30;Spain;LaLiga 2;CD Leganes;CD Castellon;id1000005472477440;svenskaspel;Over Under Full Time;2.5;Over;1.86;1.86;2026-09-27T23:03:51.798Z
28.09.2026;21:30;Spain;LaLiga 2;CD Leganes;CD Castellon;id1000005472477440;svenskaspel;Over Under Full Time;2.5;Under;1.93;1.92;2026-09-27T23:03:51.798Z
28.09.2026;21:30;Spain;LaLiga 2;CD Leganes;CD Castellon;id1000005472477440;svenskaspel;Over Under Full Time;3.5;Over;3.2;3.2;2026-09-27T23:03:51.798Z
28.09.2026;21:30;Spain;LaLiga 2;CD Leganes;CD Castellon;id1000005472477440;svenskaspel;Over Under Full Time;3.5;Under;1.35;1.35;2026-09-27T23:03:51.798Z
28.09.2026;21:30;Spain;LaLiga 2;CD Leganes;CD Castellon;id1000005472477440;svenskaspel;European Handicap;2.0;1;1.15;1.16;2026-09-27T23:03:51.798Z
28.09.2026;21:30;Spain;LaLiga 2;CD Leganes;CD Castellon;id1000005472477440;svenskaspel;European Handicap;2.0;X;6.4;6.4;2026-09-27T23:03:51.798Z
28.09.2026;21:30;Spain;LaLiga 2;CD Leganes;CD Castellon;id1000005472477440;svenskaspel;European Handicap;2.0;2;9.5;9.0;2026-09-27T23:03:51.798Z
28.09.2026;21:30;Spain;LaLiga 2;CD Leganes;CD Castellon;id1000005472477440;svenskaspel;European Handicap;1.0;1;1.54;1.54;2026-09-27T23:03:51.798Z
28.09.2026;21:30;Spain;LaLiga 2;CD Leganes;CD Castellon;id1000005472477440;svenskaspel;European Handicap;1.0;X;3.8;3.8;2026-09-27T23:03:51.798Z
28.09.2026;21:30;Spain;LaLiga 2;CD Leganes;CD Castellon;id1000005472477440;svenskaspel;European Handicap;1.0;2;4.4;4.35;2026-09-27T23:03:51.798Z
28.09.2026;21:30;Spain;LaLiga 2;CD Leganes;CD Castellon;id1000005472477440;svenskaspel;Over Under Full Time;4.5;Over;6.1;6.1;2026-09-27T23:03:51.798Z
28.09.2026;21:30;Spain;LaLiga 2;CD Leganes;CD Castellon;id1000005472477440;svenskaspel;Over Under Full Time;4.5;Under;1.12;1.12;2026-09-27T23:03:51.798Z
28.09.2026;21:30;Spain;LaLiga 2;CD Leganes;CD Castellon;id1000005472477440;svenskaspel;European Handicap;-1.0;1;5.5;5.6;2026-09-27T23:03:51.798Z
28.09.2026;21:30;Spain;LaLiga 2;CD Leganes;CD Castellon;id1000005472477440;svenskaspel;European Handicap;-1.0;X;4.25;4.25;2026-09-27T23:03:51.798Z
28.09.2026;21:30;Spain;LaLiga 2;CD Leganes;CD Castellon;id1000005472477440;svenskaspel;European Handicap;-1.0;2;1.38;1.38;2026-09-27T23:03:51.798Z
28.09.2026;21:30;Spain;LaLiga 2;CD Leganes;CD Castellon;id1000005472477440;svenskaspel;Double Chance Full Time;0.0;1X;1.5;1.5;2026-09-27T23:03:51.798Z
28.09.2026;21:30;Spain;LaLiga 2;CD Leganes;CD Castellon;id1000005472477440;svenskaspel;Double Chance Full Time;0.0;12;1.27;1.27;2026-09-27T23:03:51.798Z
28.09.2026;21:30;Spain;LaLiga 2;CD Leganes;CD Castellon;id1000005472477440;svenskaspel;Double Chance Full Time;0.0;2X;1.36;1.36;2026-09-27T23:03:51.798Z
28.09.2026;21:30;Spain;LaLiga 2;CD Leganes;CD Castellon;id1000005472477440;svenskaspel;Double Chance First Half;0.0;1X;1.29;1.29;2026-09-27T23:03:51.798Z
28.09.2026;21:30;Spain;LaLiga 2;CD Leganes;CD Castellon;id1000005472477440;svenskaspel;Double Chance First Half;0.0;12;1.5;1.5;2026-09-27T23:03:51.798Z
28.09.2026;21:30;Spain;LaLiga 2;CD Leganes;CD Castellon;id1000005472477440;svenskaspel;Double Chance First Half;0.0;2X;1.23;1.23;2026-09-27T23:03:51.798Z
28.09.2026;21:30;Spain;LaLiga 2;CD Leganes;CD Castellon;id1000005472477440;svenskaspel;First Half Result;0.0;1;3.2;3.3;2026-09-27T23:03:51.798Z
28.09.2026;21:30;Spain;LaLiga 2;CD Leganes;CD Castellon;id1000005472477440;svenskaspel;First Half Result;0.0;X;2.15;2.23;2026-09-27T23:03:51.798Z
28.09.2026;21:30;Spain;LaLiga 2;CD Leganes;CD Castellon;id1000005472477440;svenskaspel;First Half Result;0.0;2;2.85;2.9;2026-09-27T23:03:51.798Z
28.09.2026;21:30;Spain;LaLiga 2;CD Leganes;CD Castellon;id1000005472477440;svenskaspel;Second Half Result;0.0;1;3.0;3.05;2026-09-27T23:03:51.798Z
28.09.2026;21:30;Spain;LaLiga 2;CD Leganes;CD Castellon;id1000005472477440;svenskaspel;Second Half Result;0.0;X;2.55;2.55;2026-09-27T23:03:51.798Z
28.09.2026;21:30;Spain;LaLiga 2;CD Leganes;CD Castellon;id1000005472477440;svenskaspel;Second Half Result;0.0;2;2.63;2.63;2026-09-27T23:03:51.798Z
28.09.2026;21:30;Spain;LaLiga 2;CD Leganes;CD Castellon;id1000005472477440;svenskaspel;Over Under Team 1 First Half;0.5;Over;2.07;2.07;2026-09-27T23:03:51.798Z
28.09.2026;21:30;Spain;LaLiga 2;CD Leganes;CD Castellon;id1000005472477440;svenskaspel;Over Under Team 1 First Half;0.5;Under;1.65;1.65;2026-09-27T23:03:51.798Z
28.09.2026;21:30;Spain;LaLiga 2;CD Leganes;CD Castellon;id1000005472477440;svenskaspel;Over Under Team 2 First Half;0.5;Over;1.94;1.93;2026-09-27T23:03:51.798Z
28.09.2026;21:30;Spain;LaLiga 2;CD Leganes;CD Castellon;id1000005472477440;svenskaspel;Over Under Team 2 First Half;0.5;Under;1.74;1.74;2026-09-27T23:03:51.798Z
28.09.2026;21:30;Spain;LaLiga 2;CD Leganes;CD Castellon;id1000005472477440;svenskaspel;Over Under Team 1;0.5;Over;1.27;1.27;2026-09-27T23:03:51.798Z
28.09.2026;21:30;Spain;LaLiga 2;CD Leganes;CD Castellon;id1000005472477440;svenskaspel;Over Under Team 1;0.5;Under;3.15;3.15;2026-09-27T23:03:51.798Z
28.09.2026;21:30;Spain;LaLiga 2;CD Leganes;CD Castellon;id1000005472477440;svenskaspel;Over Under Team 1;1.5;Over;2.43;2.43;2026-09-27T23:03:51.798Z
28.09.2026;21:30;Spain;LaLiga 2;CD Leganes;CD Castellon;id1000005472477440;svenskaspel;Over Under Team 1;1.5;Under;1.45;1.45;2026-09-27T23:03:51.798Z
28.09.2026;21:30;Spain;LaLiga 2;CD Leganes;CD Castellon;id1000005472477440;svenskaspel;Over Under Team 2;0.5;Over;1.21;1.21;2026-09-27T23:03:51.798Z
28.09.2026;21:30;Spain;LaLiga 2;CD Leganes;CD Castellon;id1000005472477440;svenskaspel;Over Under Team 2;0.5;Under;3.55;3.55;2026-09-27T23:03:51.798Z
28.09.2026;21:30;Spain;LaLiga 2;CD Leganes;CD Castellon;id1000005472477440;svenskaspel;Over Under Team 2;1.5;Over;2.15;2.15;2026-09-27T23:03:51.798Z
28.09.2026;21:30;Spain;LaLiga 2;CD Leganes;CD Castellon;id1000005472477440;svenskaspel;Over Under Team 2;1.5;Under;1.58;1.58;2026-09-27T23:03:51.798Z
28.09.2026;21:30;Spain;LaLiga 2;CD Leganes;CD Castellon;id1000005472477440;svenskaspel;European Handicap First Half;1.0;1;1.35;1.35;2026-09-27T23:03:51.798Z
28.09.2026;21:30;Spain;LaLiga 2;CD Leganes;CD Castellon;id1000005472477440;svenskaspel;European Handicap First Half;1.0;X;3.6;3.6;2026-09-27T23:03:51.798Z
28.09.2026;21:30;Spain;LaLiga 2;CD Leganes;CD Castellon;id1000005472477440;svenskaspel;European Handicap First Half;1.0;2;8.0;8.0;2026-09-27T23:03:51.798Z
28.09.2026;21:30;Spain;LaLiga 2;CD Leganes;CD Castellon;id1000005472477440;svenskaspel;European Handicap First Half;-1.0;1;9.5;9.5;2026-09-27T23:03:51.798Z
28.09.2026;21:30;Spain;LaLiga 2;CD Leganes;CD Castellon;id1000005472477440;svenskaspel;European Handicap First Half;-1.0;X;3.95;3.95;2026-09-27T23:03:51.798Z
28.09.2026;21:30;Spain;LaLiga 2;CD Leganes;CD Castellon;id1000005472477440;svenskaspel;European Handicap First Half;-1.0;2;1.28;1.28;2026-09-27T23:03:51.798Z
28.09.2026;21:30;Spain;LaLiga 2;CD Leganes;CD Castellon;id1000005472477440;svenskaspel;Over Under Team 2;2.5;Over;4.6;4.6;2026-09-27T23:03:51.798Z
28.09.2026;21:30;Spain;LaLiga 2;CD Leganes;CD Castellon;id1000005472477440;svenskaspel;Over Under Team 2;2.5;Under;1.12;1.12;2026-09-27T23:03:51.798Z
28.09.2026;21:30;Spain;LaLiga 2;CD Leganes;CD Castellon;id1000005472477440;svenskaspel;Over Under First Half;1.5;Over;2.63;2.63;2026-09-27T23:03:51.798Z
28.09.2026;21:30;Spain;LaLiga 2;CD Leganes;CD Castellon;id1000005472477440;svenskaspel;Over Under First Half;1.5;Under;1.41;1.41;2026-09-27T23:03:51.798Z
28.09.2026;21:30;Spain;LaLiga 2;CD Leganes;CD Castellon;id1000005472477440;svenskaspel;Over Under Second Half;1.5;Over;2.0;2.0;2026-09-27T23:03:51.798Z
28.09.2026;21:30;Spain;LaLiga 2;CD Leganes;CD Castellon;id1000005472477440;svenskaspel;Over Under Second Half;1.5;Under;1.68;1.68;2026-09-27T23:03:51.798Z
28.09.2026;21:30;Spain;LaLiga 2;CD Leganes;CD Castellon;id1000005472477440;svenskaspel;Both Teams To Score First Half;0.0;Yes;3.95;3.95;2026-09-27T23:03:51.798Z
28.09.2026;21:30;Spain;LaLiga 2;CD Leganes;CD Castellon;id1000005472477440;svenskaspel;Both Teams To Score First Half;0.0;No;1.16;1.15;2026-09-27T23:03:51.798Z
28.09.2026;21:30;Spain;LaLiga 2;CD Leganes;CD Castellon;id1000005472477440;svenskaspel;Both Teams To Score;0.0;Yes;1.62;1.62;2026-09-27T23:03:51.798Z
28.09.2026;21:30;Spain;LaLiga 2;CD Leganes;CD Castellon;id1000005472477440;svenskaspel;Both Teams To Score;0.0;No;2.08;2.08;2026-09-27T23:03:51.798Z
28.09.2026;21:30;Spain;LaLiga 2;CD Leganes;CD Castellon;id1000005472477440;svenskaspel;Asian Handicap First Half;-0.25;1;2.55;2.6;2026-09-27T23:03:51.798Z
28.09.2026;21:30;Spain;LaLiga 2;CD Leganes;CD Castellon;id1000005472477440;svenskaspel;Asian Handicap First Half;-0.25;2;1.43;1.42;2026-09-27T23:03:51.798Z
28.09.2026;21:30;Spain;LaLiga 2;CD Leganes;CD Castellon;id1000005472477440;svenskaspel;Asian Handicap First Half;0.25;1;1.54;1.54;2026-09-27T23:03:51.798Z
28.09.2026;21:30;Spain;LaLiga 2;CD Leganes;CD Castellon;id1000005472477440;svenskaspel;Asian Handicap First Half;0.25;2;2.28;2.28;2026-09-27T23:03:51.798Z
28.09.2026;21:30;Spain;LaLiga 2;CD Leganes;CD Castellon;id1000005472477440;svenskaspel;Asian Handicap;-0.5;1;2.7;2.7;2026-09-27T23:03:51.798Z
28.09.2026;21:30;Spain;LaLiga 2;CD Leganes;CD Castellon;id1000005472477440;svenskaspel;Asian Handicap;-0.5;2;1.38;1.38;2026-09-27T23:03:51.798Z
28.09.2026;21:30;Spain;LaLiga 2;CD Leganes;CD Castellon;id1000005472477440;svenskaspel;Asian Handicap;-0.25;1;2.35;2.35;2026-09-27T23:03:51.798Z
28.09.2026;21:30;Spain;LaLiga 2;CD Leganes;CD Castellon;id1000005472477440;svenskaspel;Asian Handicap;-0.25;2;1.5;1.5;2026-09-27T23:03:51.798Z
28.09.2026;21:30;Spain;LaLiga 2;CD Leganes;CD Castellon;id1000005472477440;svenskaspel;Asian Handicap;0.25;1;1.71;1.72;2026-09-27T23:03:51.798Z
28.09.2026;21:30;Spain;LaLiga 2;CD Leganes;CD Castellon;id1000005472477440;svenskaspel;Asian Handicap;0.25;2;1.97;1.97;2026-09-27T23:03:51.798Z
28.09.2026;21:30;Spain;LaLiga 2;CD Leganes;CD Castellon;id1000005472477440;svenskaspel;Asian Handicap;0.5;1;1.55;1.55;2026-09-27T23:03:51.798Z
28.09.2026;21:30;Spain;LaLiga 2;CD Leganes;CD Castellon;id1000005472477440;svenskaspel;Asian Handicap;0.5;2;2.25;2.25;2026-09-27T23:03:51.798Z
28.09.2026;21:30;Spain;LaLiga 2;CD Leganes;CD Castellon;id1000005472477440;svenskaspel;Asian Handicap;0.75;1;1.38;1.38;2026-09-27T23:03:51.798Z
28.09.2026;21:30;Spain;LaLiga 2;CD Leganes;CD Castellon;id1000005472477440;svenskaspel;Asian Handicap;0.75;2;2.7;2.7;2026-09-27T23:03:51.798Z
28.09.2026;21:30;Spain;LaLiga 2;CD Leganes;CD Castellon;id1000005472477440;svenskaspel;Over Under Full Time;1.5;Over;1.27;1.27;2026-09-27T23:03:51.798Z
28.09.2026;21:30;Spain;LaLiga 2;CD Leganes;CD Castellon;id1000005472477440;svenskaspel;Over Under Full Time;1.5;Under;3.7;3.7;2026-09-27T23:03:51.798Z
28.09.2026;21:30;Spain;LaLiga 2;CD Leganes;CD Castellon;id1000005472477440;betano;Full Time Result;0.0;1;2.92;3.15;2026-09-28T00:11:29.802Z
28.09.2026;21:30;Spain;LaLiga 2;CD Leganes;CD Castellon;id1000005472477440;betano;Full Time Result;0.0;X;3.35;3.35;2026-09-28T00:11:29.802Z
28.09.2026;21:30;Spain;LaLiga 2;CD Leganes;CD Castellon;id1000005472477440;betano;Full Time Result;0.0;2;2.45;2.3;2026-09-28T00:11:29.802Z
28.09.2026;21:30;Spain;LaLiga 2;CD Leganes;CD Castellon;id1000005472477440;betano;Over Under Full Time;2.5;Over;2.0;1.87;2026-09-28T00:11:29.802Z
28.09.2026;21:30;Spain;LaLiga 2;CD Leganes;CD Castellon;id1000005472477440;betano;Over Under Full Time;2.5;Under;1.82;1.95;2026-09-28T00:11:29.802Z
28.09.2026;21:30;Spain;LaLiga 2;CD Leganes;CD Castellon;id1000005472477440;betano;Over Under Full Time;3.5;Over;3.45;3.05;2026-09-28T00:11:29.802Z
28.09.2026;21:30;Spain;LaLiga 2;CD Leganes;CD Castellon;id1000005472477440;betano;Over Under Full Time;3.5;Under;1.32;1.38;2026-09-28T00:11:29.802Z
28.09.2026;21:30;Spain;LaLiga 2;CD Leganes;CD Castellon;id1000005472477440;betano;European Handicap;2.0;1;1.18;1.21;2026-09-28T00:11:29.802Z
28.09.2026;21:30;Spain;LaLiga 2;CD Leganes;CD Castellon;id1000005472477440;betano;European Handicap;2.0;X;6.8;6.4;2026-09-28T00:11:29.802Z
28.09.2026;21:30;Spain;LaLiga 2;CD Leganes;CD Castellon;id1000005472477440;betano;European Handicap;2.0;2;11.5;10.0;2026-09-28T00:11:29.802Z
28.09.2026;21:30;Spain;LaLiga 2;CD Leganes;CD Castellon;id1000005472477440;betano;European Handicap;1.0;1;1.57;1.65;2026-09-28T00:11:29.802Z
28.09.2026;21:30;Spain;LaLiga 2;CD Leganes;CD Castellon;id1000005472477440;betano;European Handicap;1.0;X;4.1;4.05;2026-09-28T00:11:29.802Z
28.09.2026;21:30;Spain;LaLiga 2;CD Leganes;CD Castellon;id1000005472477440;betano;European Handicap;1.0;2;5.0;4.5;2026-09-28T00:11:29.802Z
28.09.2026;21:30;Spain;LaLiga 2;CD Leganes;CD Castellon;id1000005472477440;betano;Over Under Full Time;4.5;Over;6.5;5.6;2026-09-28T00:11:29.802Z
28.09.2026;21:30;Spain;LaLiga 2;CD Leganes;CD Castellon;id1000005472477440;betano;Over Under Full Time;4.5;Under;1.12;1.15;2026-09-28T00:11:29.802Z
28.09.2026;21:30;Spain;LaLiga 2;CD Leganes;CD Castellon;id1000005472477440;betano;European Handicap;-1.0;1;6.3;6.9;2026-09-28T00:11:29.802Z
28.09.2026;21:30;Spain;LaLiga 2;CD Leganes;CD Castellon;id1000005472477440;betano;European Handicap;-1.0;X;4.45;4.7;2026-09-28T00:11:29.802Z
28.09.2026;21:30;Spain;LaLiga 2;CD Leganes;CD Castellon;id1000005472477440;betano;European Handicap;-1.0;2;1.44;1.39;2026-09-28T00:11:29.802Z
28.09.2026;21:30;Spain;LaLiga 2;CD Leganes;CD Castellon;id1000005472477440;betano;European Handicap;-2.0;1;15.0;16.0;2026-09-28T00:11:29.802Z
28.09.2026;21:30;Spain;LaLiga 2;CD Leganes;CD Castellon;id1000005472477440;betano;European Handicap;-2.0;X;7.8;8.25;2026-09-28T00:11:29.802Z
28.09.2026;21:30;Spain;LaLiga 2;CD Leganes;CD Castellon;id1000005472477440;betano;European Handicap;-2.0;2;1.13;1.11;2026-09-28T00:11:29.802Z
28.09.2026;21:30;Spain;LaLiga 2;CD Leganes;CD Castellon;id1000005472477440;betano;Double Chance Full Time;0.0;1X;1.57;1.65;2026-09-28T00:11:29.802Z
28.09.2026;21:30;Spain;LaLiga 2;CD Leganes;CD Castellon;id1000005472477440;betano;Double Chance Full Time;0.0;12;1.31;1.31;2026-09-28T00:11:29.802Z
28.09.2026;21:30;Spain;LaLiga 2;CD Leganes;CD Castellon;id1000005472477440;betano;Double Chance Full Time;0.0;2X;1.44;1.39;2026-09-28T00:11:29.802Z
28.09.2026;21:30;Spain;LaLiga 2;CD Leganes;CD Castellon;id1000005472477440;betano;Double Chance First Half;0.0;1X;1.37;1.4;2026-09-28T00:11:29.802Z
28.09.2026;21:30;Spain;LaLiga 2;CD Leganes;CD Castellon;id1000005472477440;betano;Double Chance First Half;0.0;12;1.7;1.65;2026-09-28T00:11:29.802Z
28.09.2026;21:30;Spain;LaLiga 2;CD Leganes;CD Castellon;id1000005472477440;betano;Double Chance First Half;0.0;2X;1.3;1.28;2026-09-28T00:11:29.802Z
28.09.2026;21:30;Spain;LaLiga 2;CD Leganes;CD Castellon;id1000005472477440;betano;Double Chance Second Half;0.0;1X;1.42;1.47;2026-09-28T00:11:29.802Z
28.09.2026;21:30;Spain;LaLiga 2;CD Leganes;CD Castellon;id1000005472477440;betano;Double Chance Second Half;0.0;12;1.5;1.47;2026-09-28T00:11:29.802Z
28.09.2026;21:30;Spain;LaLiga 2;CD Leganes;CD Castellon;id1000005472477440;betano;Double Chance Second Half;0.0;2X;1.35;1.33;2026-09-28T00:11:29.802Z
28.09.2026;21:30;Spain;LaLiga 2;CD Leganes;CD Castellon;id1000005472477440;betano;First Half Result;0.0;1;3.55;3.7;2026-09-28T00:11:29.802Z
28.09.2026;21:30;Spain;LaLiga 2;CD Leganes;CD Castellon;id1000005472477440;betano;First Half Result;0.0;X;2.07;2.1;2026-09-28T00:11:29.802Z
28.09.2026;21:30;Spain;LaLiga 2;CD Leganes;CD Castellon;id1000005472477440;betano;First Half Result;0.0;2;3.1;2.9;2026-09-28T00:11:29.802Z
28.09.2026;21:30;Spain;LaLiga 2;CD Leganes;CD Castellon;id1000005472477440;betano;Second Half Result;0.0;1;3.1;3.2;2026-09-28T00:11:29.802Z
28.09.2026;21:30;Spain;LaLiga 2;CD Leganes;CD Castellon;id1000005472477440;betano;Second Half Result;0.0;X;2.45;2.52;2026-09-28T00:11:29.802Z
28.09.2026;21:30;Spain;LaLiga 2;CD Leganes;CD Castellon;id1000005472477440;betano;Second Half Result;0.0;2;2.72;2.57;2026-09-28T00:11:29.802Z
28.09.2026;21:30;Spain;LaLiga 2;CD Leganes;CD Castellon;id1000005472477440;betano;Over Under Team 1 First Half;0.5;Over;2.25;2.22;2026-09-28T00:11:29.802Z
28.09.2026;21:30;Spain;LaLiga 2;CD Leganes;CD Castellon;id1000005472477440;betano;Over Under Team 1 First Half;0.5;Under;1.6;1.62;2026-09-28T00:11:29.802Z
28.09.2026;21:30;Spain;LaLiga 2;CD Leganes;CD Castellon;id1000005472477440;betano;Over Under Team 1 First Half;1.5;Over;6.8;6.8;2026-09-28T00:11:29.802Z
28.09.2026;21:30;Spain;LaLiga 2;CD Leganes;CD Castellon;id1000005472477440;betano;Over Under Team 1 First Half;1.5;Under;1.08;1.08;2026-09-28T00:11:29.802Z
28.09.2026;21:30;Spain;LaLiga 2;CD Leganes;CD Castellon;id1000005472477440;betano;Over Under Team 1 First Half;2.5;Over;12.5;12.5;2026-09-27T18:52:26.369Z
28.09.2026;21:30;Spain;LaLiga 2;CD Leganes;CD Castellon;id1000005472477440;betano;Over Under Team 1 First Half;2.5;Under;1.01;1.01;2026-09-27T18:52:26.369Z
28.09.2026;21:30;Spain;LaLiga 2;CD Leganes;CD Castellon;id1000005472477440;betano;Over Under Team 2 First Half;0.5;Over;2.07;1.95;2026-09-28T00:11:29.802Z
28.09.2026;21:30;Spain;LaLiga 2;CD Leganes;CD Castellon;id1000005472477440;betano;Over Under Team 2 First Half;0.5;Under;1.7;1.78;2026-09-28T00:11:29.802Z
28.09.2026;21:30;Spain;LaLiga 2;CD Leganes;CD Castellon;id1000005472477440;betano;Over Under Team 2 First Half;1.5;Over;6.1;5.4;2026-09-28T00:11:29.802Z
28.09.2026;21:30;Spain;LaLiga 2;CD Leganes;CD Castellon;id1000005472477440;betano;Over Under Team 2 First Half;1.5;Under;1.1;1.13;2026-09-28T00:11:29.802Z
28.09.2026;21:30;Spain;LaLiga 2;CD Leganes;CD Castellon;id1000005472477440;betano;Over Under Team 2 First Half;2.5;Over;12.0;11.5;2026-09-28T00:11:29.802Z
28.09.2026;21:30;Spain;LaLiga 2;CD Leganes;CD Castellon;id1000005472477440;betano;Over Under Team 2 First Half;2.5;Under;1.014;1.02;2026-09-28T00:11:29.802Z
28.09.2026;21:30;Spain;LaLiga 2;CD Leganes;CD Castellon;id1000005472477440;betano;Over Under Team 1 Second Half;0.5;Over;1.85;1.8;2026-09-28T00:11:29.802Z
28.09.2026;21:30;Spain;LaLiga 2;CD Leganes;CD Castellon;id1000005472477440;betano;Over Under Team 1 Second Half;0.5;Under;1.9;1.95;2026-09-28T00:11:29.802Z
28.09.2026;21:30;Spain;LaLiga 2;CD Leganes;CD Castellon;id1000005472477440;betano;Over Under Team 1 Second Half;1.5;Over;4.9;4.75;2026-09-28T00:11:29.802Z
28.09.2026;21:30;Spain;LaLiga 2;CD Leganes;CD Castellon;id1000005472477440;betano;Over Under Team 1 Second Half;1.5;Under;1.16;1.16;2026-09-28T00:11:29.802Z
28.09.2026;21:30;Spain;LaLiga 2;CD Leganes;CD Castellon;id1000005472477440;betano;Over Under Team 1 Second Half;2.5;Over;10.75;10.5;2026-09-28T00:11:29.802Z
28.09.2026;21:30;Spain;LaLiga 2;CD Leganes;CD Castellon;id1000005472477440;betano;Over Under Team 1 Second Half;2.5;Under;1.025;1.025;2026-09-28T00:11:29.802Z
28.09.2026;21:30;Spain;LaLiga 2;CD Leganes;CD Castellon;id1000005472477440;betano;Over Under Team 1;0.5;Over;1.36;1.33;2026-09-28T00:11:29.802Z
28.09.2026;21:30;Spain;LaLiga 2;CD Leganes;CD Castellon;id1000005472477440;betano;Over Under Team 1;0.5;Under;3.0;3.15;2026-09-28T00:11:29.802Z
28.09.2026;21:30;Spain;LaLiga 2;CD Leganes;CD Castellon;id1000005472477440;betano;Over Under Team 2 Second Half;0.5;Over;1.75;1.65;2026-09-28T00:11:29.802Z
28.09.2026;21:30;Spain;LaLiga 2;CD Leganes;CD Castellon;id1000005472477440;betano;Over Under Team 2 Second Half;0.5;Under;2.02;2.15;2026-09-28T00:11:29.802Z
28.09.2026;21:30;Spain;LaLiga 2;CD Leganes;CD Castellon;id1000005472477440;betano;Over Under Team 2 Second Half;1.5;Over;4.35;3.9;2026-09-28T00:11:29.802Z
28.09.2026;21:30;Spain;LaLiga 2;CD Leganes;CD Castellon;id1000005472477440;betano;Over Under Team 2 Second Half;1.5;Under;1.19;1.23;2026-09-28T00:11:29.802Z
28.09.2026;21:30;Spain;LaLiga 2;CD Leganes;CD Castellon;id1000005472477440;betano;Over Under Team 2 Second Half;2.5;Over;9.75;9.0;2026-09-28T00:11:29.802Z
28.09.2026;21:30;Spain;LaLiga 2;CD Leganes;CD Castellon;id1000005472477440;betano;Over Under Team 2 Second Half;2.5;Under;1.03;1.04;2026-09-28T00:11:29.802Z
28.09.2026;21:30;Spain;LaLiga 2;CD Leganes;CD Castellon;id1000005472477440;betano;Over Under Team 1;1.5;Over;2.6;2.55;2026-09-28T00:11:29.802Z
28.09.2026;21:30;Spain;LaLiga 2;CD Leganes;CD Castellon;id1000005472477440;betano;Over Under Team 1;1.5;Under;1.45;1.47;2026-09-28T00:11:29.802Z
28.09.2026;21:30;Spain;LaLiga 2;CD Leganes;CD Castellon;id1000005472477440;betano;Over Under Team 1;2.5;Over;5.8;5.7;2026-09-28T00:11:29.802Z
28.09.2026;21:30;Spain;LaLiga 2;CD Leganes;CD Castellon;id1000005472477440;betano;Over Under Team 1;2.5;Under;1.11;1.12;2026-09-28T00:11:29.802Z
28.09.2026;21:30;Spain;LaLiga 2;CD Leganes;CD Castellon;id1000005472477440;betano;Over Under Team 1;3.5;Over;10.75;10.75;2026-09-28T00:11:29.802Z
28.09.2026;21:30;Spain;LaLiga 2;CD Leganes;CD Castellon;id1000005472477440;betano;Over Under Team 1;3.5;Under;1.025;1.025;2026-09-28T00:11:29.802Z
28.09.2026;21:30;Spain;LaLiga 2;CD Leganes;CD Castellon;id1000005472477440;betano;Over Under Team 2;0.5;Over;1.3;1.25;2026-09-28T00:11:29.802Z
28.09.2026;21:30;Spain;LaLiga 2;CD Leganes;CD Castellon;id1000005472477440;betano;Over Under Team 2;0.5;Under;3.35;3.75;2026-09-28T00:11:29.802Z
28.09.2026;21:30;Spain;LaLiga 2;CD Leganes;CD Castellon;id1000005472477440;betano;Over Under Team 2;1.5;Over;2.32;2.1;2026-09-28T00:11:29.802Z
28.09.2026;21:30;Spain;LaLiga 2;CD Leganes;CD Castellon;id1000005472477440;betano;Over Under Team 2;1.5;Under;1.57;1.67;2026-09-28T00:11:29.802Z
28.09.2026;21:30;Spain;LaLiga 2;CD Leganes;CD Castellon;id1000005472477440;betano;Over Under Team 2;2.5;Over;5.0;4.3;2026-09-28T00:11:29.802Z
28.09.2026;21:30;Spain;LaLiga 2;CD Leganes;CD Castellon;id1000005472477440;betano;Over Under Team 2;2.5;Under;1.15;1.2;2026-09-28T00:11:29.802Z
28.09.2026;21:30;Spain;LaLiga 2;CD Leganes;CD Castellon;id1000005472477440;betano;Over Under Team 2;3.5;Over;9.5;8.5;2026-09-28T00:11:29.802Z
28.09.2026;21:30;Spain;LaLiga 2;CD Leganes;CD Castellon;id1000005472477440;betano;Over Under Team 2;3.5;Under;1.04;1.05;2026-09-28T00:11:29.802Z
28.09.2026;21:30;Spain;LaLiga 2;CD Leganes;CD Castellon;id1000005472477440;betano;Over Under Team 2;4.5;Over;12.5;12.5;2026-09-28T00:11:29.802Z
28.09.2026;21:30;Spain;LaLiga 2;CD Leganes;CD Castellon;id1000005472477440;betano;Over Under Team 2;4.5;Under;1.01;1.01;2026-09-28T00:11:29.802Z
28.09.2026;21:30;Spain;LaLiga 2;CD Leganes;CD Castellon;id1000005472477440;betano;Over Under First Half;0.5;Over;1.47;1.42;2026-09-28T00:11:29.802Z
28.09.2026;21:30;Spain;LaLiga 2;CD Leganes;CD Castellon;id1000005472477440;betano;Over Under First Half;0.5;Under;2.72;2.87;2026-09-28T00:11:29.802Z
28.09.2026;21:30;Spain;LaLiga 2;CD Leganes;CD Castellon;id1000005472477440;betano;Over Under First Half;1.5;Over;3.0;2.8;2026-09-28T00:11:29.802Z
28.09.2026;21:30;Spain;LaLiga 2;CD Leganes;CD Castellon;id1000005472477440;betano;Over Under First Half;1.5;Under;1.39;1.44;2026-09-28T00:11:29.802Z
28.09.2026;21:30;Spain;LaLiga 2;CD Leganes;CD Castellon;id1000005472477440;betano;Over Under First Half;2.5;Over;6.9;6.3;2026-09-28T00:11:29.802Z
28.09.2026;21:30;Spain;LaLiga 2;CD Leganes;CD Castellon;id1000005472477440;betano;Over Under First Half;2.5;Under;1.09;1.11;2026-09-28T00:11:29.802Z
28.09.2026;21:30;Spain;LaLiga 2;CD Leganes;CD Castellon;id1000005472477440;betano;Over Under First Half;3.5;Over;13.0;12.0;2026-09-28T00:11:29.802Z
28.09.2026;21:30;Spain;LaLiga 2;CD Leganes;CD Castellon;id1000005472477440;betano;Over Under First Half;3.5;Under;1.02;1.025;2026-09-28T00:11:29.802Z
28.09.2026;21:30;Spain;LaLiga 2;CD Leganes;CD Castellon;id1000005472477440;betano;Over Under Second Half;0.5;Over;1.26;1.23;2026-09-28T00:11:29.802Z
28.09.2026;21:30;Spain;LaLiga 2;CD Leganes;CD Castellon;id1000005472477440;betano;Over Under Second Half;0.5;Under;3.75;4.05;2026-09-28T00:11:29.802Z
28.09.2026;21:30;Spain;LaLiga 2;CD Leganes;CD Castellon;id1000005472477440;betano;Over Under Second Half;1.5;Over;2.12;2.0;2026-09-28T00:11:29.802Z
28.09.2026;21:30;Spain;LaLiga 2;CD Leganes;CD Castellon;id1000005472477440;betano;Over Under Second Half;1.5;Under;1.7;1.78;2026-09-28T00:11:29.802Z
28.09.2026;21:30;Spain;LaLiga 2;CD Leganes;CD Castellon;id1000005472477440;betano;Over Under Second Half;2.5;Over;4.4;4.0;2026-09-28T00:11:29.802Z
28.09.2026;21:30;Spain;LaLiga 2;CD Leganes;CD Castellon;id1000005472477440;betano;Over Under Second Half;2.5;Under;1.2;1.24;2026-09-28T00:11:29.802Z
28.09.2026;21:30;Spain;LaLiga 2;CD Leganes;CD Castellon;id1000005472477440;betano;Both Teams To Score First Half;0.0;Yes;4.3;4.0;2026-09-28T00:11:29.802Z
28.09.2026;21:30;Spain;LaLiga 2;CD Leganes;CD Castellon;id1000005472477440;betano;Both Teams To Score First Half;0.0;No;1.19;1.22;2026-09-28T00:11:29.802Z
28.09.2026;21:30;Spain;LaLiga 2;CD Leganes;CD Castellon;id1000005472477440;betano;Both Teams To Score Second Half;0.0;Yes;3.1;2.87;2026-09-28T00:11:29.802Z
28.09.2026;21:30;Spain;LaLiga 2;CD Leganes;CD Castellon;id1000005472477440;betano;Both Teams To Score Second Half;0.0;No;1.34;1.39;2026-09-28T00:11:29.802Z
28.09.2026;21:30;Spain;LaLiga 2;CD Leganes;CD Castellon;id1000005472477440;betano;Both Teams To Score;0.0;Yes;1.75;1.65;2026-09-28T00:11:29.802Z
28.09.2026;21:30;Spain;LaLiga 2;CD Leganes;CD Castellon;id1000005472477440;betano;Both Teams To Score;0.0;No;2.0;2.15;2026-09-28T00:11:29.802Z
28.09.2026;21:30;Spain;LaLiga 2;CD Leganes;CD Castellon;id1000005472477440;betano;Over Under Full Time;0.5;Over;1.07;1.06;2026-09-28T00:11:29.802Z
28.09.2026;21:30;Spain;LaLiga 2;CD Leganes;CD Castellon;id1000005472477440;betano;Over Under Full Time;0.5;Under;8.5;9.25;2026-09-28T00:11:29.802Z
28.09.2026;21:30;Spain;LaLiga 2;CD Leganes;CD Castellon;id1000005472477440;betano;Asian Handicap First Half;-0.5;1;3.5;3.65;2026-09-28T00:11:29.802Z
28.09.2026;21:30;Spain;LaLiga 2;CD Leganes;CD Castellon;id1000005472477440;betano;Asian Handicap First Half;-0.5;2;1.31;1.29;2026-09-28T00:11:29.802Z
28.09.2026;21:30;Spain;LaLiga 2;CD Leganes;CD Castellon;id1000005472477440;betano;Asian Handicap First Half;-0.25;1;2.8;2.95;2026-09-28T00:11:29.802Z
28.09.2026;21:30;Spain;LaLiga 2;CD Leganes;CD Castellon;id1000005472477440;betano;Asian Handicap First Half;-0.25;2;1.44;1.4;2026-09-28T00:11:29.802Z
28.09.2026;21:30;Spain;LaLiga 2;CD Leganes;CD Castellon;id1000005472477440;betano;Asian Handicap First Half;0.0;1;2.05;2.18;2026-09-28T00:11:29.802Z
28.09.2026;21:30;Spain;LaLiga 2;CD Leganes;CD Castellon;id1000005472477440;betano;Asian Handicap First Half;0.0;2;1.78;1.7;2026-09-28T00:11:29.802Z
28.09.2026;21:30;Spain;LaLiga 2;CD Leganes;CD Castellon;id1000005472477440;betano;Asian Handicap First Half;0.25;1;1.55;1.62;2026-09-28T00:11:29.802Z
28.09.2026;21:30;Spain;LaLiga 2;CD Leganes;CD Castellon;id1000005472477440;betano;Asian Handicap First Half;0.25;2;2.45;2.32;2026-09-28T00:11:29.802Z
28.09.2026;21:30;Spain;LaLiga 2;CD Leganes;CD Castellon;id1000005472477440;betano;Asian Handicap First Half;0.5;1;1.38;1.42;2026-09-28T00:11:29.802Z
28.09.2026;21:30;Spain;LaLiga 2;CD Leganes;CD Castellon;id1000005472477440;betano;Asian Handicap First Half;0.5;2;3.1;2.9;2026-09-28T00:11:29.802Z
28.09.2026;21:30;Spain;LaLiga 2;CD Leganes;CD Castellon;id1000005472477440;betano;Asian Handicap First Half;0.75;1;1.27;1.27;2026-09-23T06:25:09.276Z
28.09.2026;21:30;Spain;LaLiga 2;CD Leganes;CD Castellon;id1000005472477440;betano;Asian Handicap First Half;0.75;2;3.75;3.75;2026-09-23T06:25:09.276Z
28.09.2026;21:30;Spain;LaLiga 2;CD Leganes;CD Castellon;id1000005472477440;betano;Asian Handicap;-0.75;1;3.6;3.7;2026-09-27T16:06:11.935Z
28.09.2026;21:30;Spain;LaLiga 2;CD Leganes;CD Castellon;id1000005472477440;betano;Asian Handicap;-0.75;2;1.31;1.3;2026-09-27T16:06:11.935Z
28.09.2026;21:30;Spain;LaLiga 2;CD Leganes;CD Castellon;id1000005472477440;betano;Asian Handicap;-0.5;1;2.85;3.05;2026-09-28T00:11:29.802Z
28.09.2026;21:30;Spain;LaLiga 2;CD Leganes;CD Castellon;id1000005472477440;betano;Asian Handicap;-0.5;2;1.45;1.4;2026-09-28T00:11:29.802Z
28.09.2026;21:30;Spain;LaLiga 2;CD Leganes;CD Castellon;id1000005472477440;betano;Asian Handicap;-0.25;1;2.47;2.67;2026-09-28T00:11:29.802Z
28.09.2026;21:30;Spain;LaLiga 2;CD Leganes;CD Castellon;id1000005472477440;betano;Asian Handicap;-0.25;2;1.57;1.5;2026-09-28T00:11:29.802Z
28.09.2026;21:30;Spain;LaLiga 2;CD Leganes;CD Castellon;id1000005472477440;betano;Asian Handicap;0.0;1;2.1;2.27;2026-09-28T00:11:29.802Z
28.09.2026;21:30;Spain;LaLiga 2;CD Leganes;CD Castellon;id1000005472477440;betano;Asian Handicap;0.0;2;1.78;1.67;2026-09-28T00:11:29.802Z
28.09.2026;21:30;Spain;LaLiga 2;CD Leganes;CD Castellon;id1000005472477440;betano;Asian Handicap;0.25;1;1.78;1.87;2026-09-28T00:11:29.802Z
28.09.2026;21:30;Spain;LaLiga 2;CD Leganes;CD Castellon;id1000005472477440;betano;Asian Handicap;0.25;2;2.1;1.98;2026-09-28T00:11:29.802Z
28.09.2026;21:30;Spain;LaLiga 2;CD Leganes;CD Castellon;id1000005472477440;betano;Asian Handicap;0.5;1;1.6;1.67;2026-09-28T00:11:29.802Z
28.09.2026;21:30;Spain;LaLiga 2;CD Leganes;CD Castellon;id1000005472477440;betano;Asian Handicap;0.5;2;2.42;2.27;2026-09-28T00:11:29.802Z
28.09.2026;21:30;Spain;LaLiga 2;CD Leganes;CD Castellon;id1000005472477440;betano;Asian Handicap;0.75;1;1.42;1.5;2026-09-28T00:11:29.802Z
28.09.2026;21:30;Spain;LaLiga 2;CD Leganes;CD Castellon;id1000005472477440;betano;Asian Handicap;0.75;2;2.95;2.7;2026-09-28T00:11:29.802Z
28.09.2026;21:30;Spain;LaLiga 2;CD Leganes;CD Castellon;id1000005472477440;betano;Over Under Full Time;1.5;Over;1.34;1.29;2026-09-28T00:11:29.802Z
28.09.2026;21:30;Spain;LaLiga 2;CD Leganes;CD Castellon;id1000005472477440;betano;Over Under Full Time;1.5;Under;3.3;3.65;2026-09-28T00:11:29.802Z
28.09.2026;21:30;Spain;LaLiga 2;CD Leganes;CD Castellon;id1000005472477440;betano;Asian Handicap;1.0;1;1.29;1.31;2026-09-28T00:11:29.802Z
28.09.2026;21:30;Spain;LaLiga 2;CD Leganes;CD Castellon;id1000005472477440;betano;Asian Handicap;1.0;2;3.8;3.6;2026-09-28T00:11:29.802Z
28.09.2026;21:30;Spain;LaLiga 2;CD Leganes;CD Castellon;id1000005472477440;fdj;Full Time Result;0.0;1;3.1;2.85;2026-09-27T18:31:45.712Z
28.09.2026;21:30;Spain;LaLiga 2;CD Leganes;CD Castellon;id1000005472477440;fdj;Full Time Result;0.0;X;3.05;3.1;2026-09-27T18:31:45.712Z
28.09.2026;21:30;Spain;LaLiga 2;CD Leganes;CD Castellon;id1000005472477440;fdj;Full Time Result;0.0;2;1.83;2.05;2026-09-27T18:31:45.712Z
28.09.2026;21:30;Spain;LaLiga 2;CD Leganes;CD Castellon;id1000005472477440;fdj;Over Under Full Time;2.5;Over;1.7;1.72;2026-09-27T06:32:24.125Z
28.09.2026;21:30;Spain;LaLiga 2;CD Leganes;CD Castellon;id1000005472477440;fdj;Over Under Full Time;2.5;Under;1.7;1.78;2026-09-27T06:32:24.125Z
28.09.2026;21:30;Spain;LaLiga 2;CD Leganes;CD Castellon;id1000005472477440;fdj;Over Under Full Time;3.5;Over;2.5;2.7;2026-09-27T06:32:24.125Z
28.09.2026;21:30;Spain;LaLiga 2;CD Leganes;CD Castellon;id1000005472477440;fdj;Over Under Full Time;3.5;Under;1.3;1.3;2026-09-27T06:32:24.125Z
28.09.2026;21:30;Spain;LaLiga 2;CD Leganes;CD Castellon;id1000005472477440;fdj;European Handicap;2.0;1;1.17;1.17;2026-09-27T16:20:09.345Z
28.09.2026;21:30;Spain;LaLiga 2;CD Leganes;CD Castellon;id1000005472477440;fdj;European Handicap;2.0;X;5.2;5.7;2026-09-27T15:08:56.765Z
28.09.2026;21:30;Spain;LaLiga 2;CD Leganes;CD Castellon;id1000005472477440;fdj;European Handicap;2.0;2;7.7;8.6;2026-09-27T16:20:09.345Z
28.09.2026;21:30;Spain;LaLiga 2;CD Leganes;CD Castellon;id1000005472477440;fdj;European Handicap;1.0;1;1.56;1.54;2026-09-27T16:20:09.345Z
28.09.2026;21:30;Spain;LaLiga 2;CD Leganes;CD Castellon;id1000005472477440;fdj;European Handicap;1.0;X;3.7;3.9;2026-09-27T16:20:09.345Z
28.09.2026;21:30;Spain;LaLiga 2;CD Leganes;CD Castellon;id1000005472477440;fdj;European Handicap;1.0;2;3.75;4.05;2026-09-27T16:20:09.345Z
28.09.2026;21:30;Spain;LaLiga 2;CD Leganes;CD Castellon;id1000005472477440;fdj;Over Under Full Time;4.5;Over;4.1;4.5;2026-09-27T06:32:24.125Z
28.09.2026;21:30;Spain;LaLiga 2;CD Leganes;CD Castellon;id1000005472477440;fdj;Over Under Full Time;4.5;Under;1.08;1.09;2026-09-27T06:32:24.125Z
28.09.2026;21:30;Spain;LaLiga 2;CD Leganes;CD Castellon;id1000005472477440;fdj;European Handicap;-1.0;1;5.9;5.9;2026-09-27T16:20:09.345Z
28.09.2026;21:30;Spain;LaLiga 2;CD Leganes;CD Castellon;id1000005472477440;fdj;European Handicap;-1.0;X;4.3;4.45;2026-09-27T16:20:09.345Z
28.09.2026;21:30;Spain;LaLiga 2;CD Leganes;CD Castellon;id1000005472477440;fdj;European Handicap;-1.0;2;1.29;1.32;2026-09-27T16:20:09.345Z
28.09.2026;21:30;Spain;LaLiga 2;CD Leganes;CD Castellon;id1000005472477440;fdj;European Handicap;-2.0;1;12.5;13.0;2026-09-27T16:20:09.345Z
28.09.2026;21:30;Spain;LaLiga 2;CD Leganes;CD Castellon;id1000005472477440;fdj;European Handicap;-2.0;X;6.2;6.8;2026-09-27T16:20:09.345Z
28.09.2026;21:30;Spain;LaLiga 2;CD Leganes;CD Castellon;id1000005472477440;fdj;European Handicap;-2.0;2;1.07;1.08;2026-09-27T16:20:09.345Z
28.09.2026;21:30;Spain;LaLiga 2;CD Leganes;CD Castellon;id1000005472477440;fdj;Double Chance Full Time;0.0;1X;1.54;1.52;2026-09-27T16:20:09.345Z
28.09.2026;21:30;Spain;LaLiga 2;CD Leganes;CD Castellon;id1000005472477440;fdj;Double Chance Full Time;0.0;12;1.28;1.3;2026-09-27T15:08:56.765Z
28.09.2026;21:30;Spain;LaLiga 2;CD Leganes;CD Castellon;id1000005472477440;fdj;Double Chance Full Time;0.0;2X;1.3;1.33;2026-09-27T16:20:09.345Z
28.09.2026;21:30;Spain;LaLiga 2;CD Leganes;CD Castellon;id1000005472477440;fdj;Double Chance First Half;0.0;1X;1.36;1.34;2026-09-27T15:08:56.765Z
28.09.2026;21:30;Spain;LaLiga 2;CD Leganes;CD Castellon;id1000005472477440;fdj;Double Chance First Half;0.0;12;1.53;1.53;2026-09-26T12:21:15.157Z
28.09.2026;21:30;Spain;LaLiga 2;CD Leganes;CD Castellon;id1000005472477440;fdj;Double Chance First Half;0.0;2X;1.23;1.25;2026-09-27T15:08:56.765Z
28.09.2026;21:30;Spain;LaLiga 2;CD Leganes;CD Castellon;id1000005472477440;fdj;Double Chance Second Half;0.0;1X;1.42;1.4;2026-09-27T16:20:09.345Z
28.09.2026;21:30;Spain;LaLiga 2;CD Leganes;CD Castellon;id1000005472477440;fdj;Double Chance Second Half;0.0;12;1.41;1.41;2026-09-26T12:21:15.157Z
28.09.2026;21:30;Spain;LaLiga 2;CD Leganes;CD Castellon;id1000005472477440;fdj;Double Chance Second Half;0.0;2X;1.28;1.29;2026-09-27T16:20:09.345Z
28.09.2026;21:30;Spain;LaLiga 2;CD Leganes;CD Castellon;id1000005472477440;fdj;First Half Result;0.0;1;3.35;3.4;2026-09-27T16:20:09.345Z
28.09.2026;21:30;Spain;LaLiga 2;CD Leganes;CD Castellon;id1000005472477440;fdj;First Half Result;0.0;X;2.05;2.1;2026-09-26T06:33:12.003Z
28.09.2026;21:30;Spain;LaLiga 2;CD Leganes;CD Castellon;id1000005472477440;fdj;First Half Result;0.0;2;2.55;2.7;2026-09-27T16:20:09.345Z
28.09.2026;21:30;Spain;LaLiga 2;CD Leganes;CD Castellon;id1000005472477440;fdj;Second Half Result;0.0;1;2.95;2.9;2026-09-27T16:20:09.345Z
28.09.2026;21:30;Spain;LaLiga 2;CD Leganes;CD Castellon;id1000005472477440;fdj;Second Half Result;0.0;X;2.35;2.35;2026-09-26T12:21:15.157Z
28.09.2026;21:30;Spain;LaLiga 2;CD Leganes;CD Castellon;id1000005472477440;fdj;Second Half Result;0.0;2;2.3;2.35;2026-09-27T16:20:09.345Z
28.09.2026;21:30;Spain;LaLiga 2;CD Leganes;CD Castellon;id1000005472477440;fdj;Over Under Team 1 First Half;0.5;Over;2.0;2.0;2026-09-27T15:08:56.765Z
28.09.2026;21:30;Spain;LaLiga 2;CD Leganes;CD Castellon;id1000005472477440;fdj;Over Under Team 1 First Half;0.5;Under;1.5;1.55;2026-09-27T15:08:56.765Z
28.09.2026;21:30;Spain;LaLiga 2;CD Leganes;CD Castellon;id1000005472477440;fdj;Over Under Team 1 First Half;1.5;Over;4.5;5.5;2026-09-26T16:13:14.912Z
28.09.2026;21:30;Spain;LaLiga 2;CD Leganes;CD Castellon;id1000005472477440;fdj;Over Under Team 1 First Half;1.5;Under;1.05;1.06;2026-09-26T16:13:14.912Z
28.09.2026;21:30;Spain;LaLiga 2;CD Leganes;CD Castellon;id1000005472477440;fdj;Over Under Team 2 First Half;0.5;Over;1.75;1.8;2026-09-26T16:13:14.912Z
28.09.2026;21:30;Spain;LaLiga 2;CD Leganes;CD Castellon;id1000005472477440;fdj;Over Under Team 2 First Half;0.5;Under;1.65;1.7;2026-09-26T16:13:14.912Z
28.09.2026;21:30;Spain;LaLiga 2;CD Leganes;CD Castellon;id1000005472477440;fdj;Over Under Team 2 First Half;1.5;Over;4.0;4.5;2026-09-27T15:08:56.765Z
28.09.2026;21:30;Spain;LaLiga 2;CD Leganes;CD Castellon;id1000005472477440;fdj;Over Under Team 2 First Half;1.5;Under;1.08;1.09;2026-09-27T15:08:56.765Z
28.09.2026;21:30;Spain;LaLiga 2;CD Leganes;CD Castellon;id1000005472477440;fdj;Over Under Team 2 First Half;2.5;Over;7.0;15.0;2026-09-27T16:20:09.345Z
28.09.2026;21:30;Spain;LaLiga 2;CD Leganes;CD Castellon;id1000005472477440;fdj;Over Under Team 2 First Half;2.5;Under;1.01;1.01;2026-09-27T16:20:09.345Z
28.09.2026;21:30;Spain;LaLiga 2;CD Leganes;CD Castellon;id1000005472477440;fdj;Over Under Team 1 Second Half;0.5;Over;1.7;1.7;2026-09-26T12:21:15.157Z
28.09.2026;21:30;Spain;LaLiga 2;CD Leganes;CD Castellon;id1000005472477440;fdj;Over Under Team 1 Second Half;0.5;Under;1.7;1.7;2026-09-26T12:21:15.157Z
28.09.2026;21:30;Spain;LaLiga 2;CD Leganes;CD Castellon;id1000005472477440;fdj;Over Under Team 1 Second Half;1.5;Over;4.0;3.75;2026-09-26T12:21:15.157Z
28.09.2026;21:30;Spain;LaLiga 2;CD Leganes;CD Castellon;id1000005472477440;fdj;Over Under Team 1 Second Half;1.5;Under;1.08;1.1;2026-09-26T12:21:15.157Z
28.09.2026;21:30;Spain;LaLiga 2;CD Leganes;CD Castellon;id1000005472477440;fdj;Over Under Team 1 Second Half;2.5;Over;7.0;7.0;2026-09-27T16:20:09.345Z
28.09.2026;21:30;Spain;LaLiga 2;CD Leganes;CD Castellon;id1000005472477440;fdj;Over Under Team 1;0.5;Over;1.3;1.3;2026-09-27T16:20:09.345Z
28.09.2026;21:30;Spain;LaLiga 2;CD Leganes;CD Castellon;id1000005472477440;fdj;Over Under Team 1;0.5;Under;2.7;2.9;2026-09-27T16:20:09.345Z
28.09.2026;21:30;Spain;LaLiga 2;CD Leganes;CD Castellon;id1000005472477440;fdj;Over Under Team 2 Second Half;0.5;Over;1.55;1.55;2026-09-26T12:21:15.157Z
28.09.2026;21:30;Spain;LaLiga 2;CD Leganes;CD Castellon;id1000005472477440;fdj;Over Under Team 2 Second Half;0.5;Under;1.9;1.9;2026-09-26T12:21:15.157Z
28.09.2026;21:30;Spain;LaLiga 2;CD Leganes;CD Castellon;id1000005472477440;fdj;Over Under Team 2 Second Half;1.5;Over;3.25;3.25;2026-09-26T12:21:15.157Z
28.09.2026;21:30;Spain;LaLiga 2;CD Leganes;CD Castellon;id1000005472477440;fdj;Over Under Team 2 Second Half;1.5;Under;1.15;1.15;2026-09-26T12:21:15.157Z
28.09.2026;21:30;Spain;LaLiga 2;CD Leganes;CD Castellon;id1000005472477440;fdj;Over Under Team 2 Second Half;2.5;Over;5.5;5.5;2026-09-26T12:21:15.157Z
28.09.2026;21:30;Spain;LaLiga 2;CD Leganes;CD Castellon;id1000005472477440;fdj;Over Under Team 2 Second Half;2.5;Under;1.01;1.01;2026-09-26T12:21:15.157Z
28.09.2026;21:30;Spain;LaLiga 2;CD Leganes;CD Castellon;id1000005472477440;fdj;Over Under Team 1;1.5;Over;2.4;2.45;2026-09-27T16:20:09.345Z
28.09.2026;21:30;Spain;LaLiga 2;CD Leganes;CD Castellon;id1000005472477440;fdj;Over Under Team 1;1.5;Under;1.38;1.42;2026-09-27T16:20:09.345Z
28.09.2026;21:30;Spain;LaLiga 2;CD Leganes;CD Castellon;id1000005472477440;fdj;Over Under Team 1;2.5;Over;4.75;5.3;2026-09-27T16:20:09.345Z
28.09.2026;21:30;Spain;LaLiga 2;CD Leganes;CD Castellon;id1000005472477440;fdj;Over Under Team 1;2.5;Under;1.08;1.09;2026-09-27T16:20:09.345Z
28.09.2026;21:30;Spain;LaLiga 2;CD Leganes;CD Castellon;id1000005472477440;fdj;Over Under Team 1;3.5;Over;10.0;10.0;2026-09-26T12:21:15.157Z
28.09.2026;21:30;Spain;LaLiga 2;CD Leganes;CD Castellon;id1000005472477440;fdj;Over Under Team 1;3.5;Under;1.02;1.02;2026-09-26T12:21:15.157Z
28.09.2026;21:30;Spain;LaLiga 2;CD Leganes;CD Castellon;id1000005472477440;fdj;Over Under Team 1;4.5;Over;40.0;40.0;2026-09-27T15:08:56.765Z
28.09.2026;21:30;Spain;LaLiga 2;CD Leganes;CD Castellon;id1000005472477440;fdj;Over Under Team 2;0.5;Over;1.18;1.22;2026-09-26T06:33:12.003Z
28.09.2026;21:30;Spain;LaLiga 2;CD Leganes;CD Castellon;id1000005472477440;fdj;Over Under Team 2;0.5;Under;3.4;3.4;2026-09-26T06:33:12.003Z
28.09.2026;21:30;Spain;LaLiga 2;CD Leganes;CD Castellon;id1000005472477440;fdj;Over Under Team 2;1.5;Over;1.95;2.05;2026-09-27T15:08:56.765Z
28.09.2026;21:30;Spain;LaLiga 2;CD Leganes;CD Castellon;id1000005472477440;fdj;Over Under Team 2;1.5;Under;1.6;1.6;2026-09-27T15:08:56.765Z
28.09.2026;21:30;Spain;LaLiga 2;CD Leganes;CD Castellon;id1000005472477440;fdj;European Handicap First Half;2.0;1;1.04;1.04;2026-09-27T16:20:09.345Z
28.09.2026;21:30;Spain;LaLiga 2;CD Leganes;CD Castellon;id1000005472477440;fdj;European Handicap First Half;2.0;X;5.4;5.5;2026-09-26T12:21:15.157Z
28.09.2026;21:30;Spain;LaLiga 2;CD Leganes;CD Castellon;id1000005472477440;fdj;European Handicap First Half;2.0;2;19.0;19.0;2026-09-27T16:20:09.345Z
28.09.2026;21:30;Spain;LaLiga 2;CD Leganes;CD Castellon;id1000005472477440;fdj;European Handicap First Half;1.0;1;1.33;1.32;2026-09-27T16:20:09.345Z
28.09.2026;21:30;Spain;LaLiga 2;CD Leganes;CD Castellon;id1000005472477440;fdj;European Handicap First Half;1.0;X;3.2;3.2;2026-09-27T16:20:09.345Z
28.09.2026;21:30;Spain;LaLiga 2;CD Leganes;CD Castellon;id1000005472477440;fdj;European Handicap First Half;1.0;2;7.3;7.6;2026-09-27T16:20:09.345Z
28.09.2026;21:30;Spain;LaLiga 2;CD Leganes;CD Castellon;id1000005472477440;fdj;European Handicap First Half;-1.0;1;11.0;10.5;2026-09-27T16:20:09.345Z
28.09.2026;21:30;Spain;LaLiga 2;CD Leganes;CD Castellon;id1000005472477440;fdj;European Handicap First Half;-1.0;X;3.65;3.6;2026-09-27T16:20:09.345Z
28.09.2026;21:30;Spain;LaLiga 2;CD Leganes;CD Castellon;id1000005472477440;fdj;European Handicap First Half;-1.0;2;1.2;1.21;2026-09-27T16:20:09.345Z
28.09.2026;21:30;Spain;LaLiga 2;CD Leganes;CD Castellon;id1000005472477440;fdj;European Handicap First Half;-2.0;1;25.0;25.0;2026-09-27T16:20:09.345Z
28.09.2026;21:30;Spain;LaLiga 2;CD Leganes;CD Castellon;id1000005472477440;fdj;European Handicap First Half;-2.0;X;5.7;5.7;2026-09-26T12:21:15.157Z
28.09.2026;21:30;Spain;LaLiga 2;CD Leganes;CD Castellon;id1000005472477440;fdj;European Handicap First Half;-2.0;2;1.01;1.02;2026-09-26T12:21:15.157Z
28.09.2026;21:30;Spain;LaLiga 2;CD Leganes;CD Castellon;id1000005472477440;fdj;Over Under Team 2;2.5;Over;3.7;4.1;2026-09-26T06:33:12.003Z
28.09.2026;21:30;Spain;LaLiga 2;CD Leganes;CD Castellon;id1000005472477440;fdj;Over Under Team 2;2.5;Under;1.15;1.15;2026-09-26T06:33:12.003Z
28.09.2026;21:30;Spain;LaLiga 2;CD Leganes;CD Castellon;id1000005472477440;fdj;European Handicap Second Half;2.0;1;1.07;1.06;2026-09-26T12:21:15.157Z
28.09.2026;21:30;Spain;LaLiga 2;CD Leganes;CD Castellon;id1000005472477440;fdj;European Handicap Second Half;2.0;X;5.3;5.3;2026-09-26T16:13:14.912Z
28.09.2026;21:30;Spain;LaLiga 2;CD Leganes;CD Castellon;id1000005472477440;fdj;European Handicap Second Half;2.0;2;14.0;14.5;2026-09-27T16:20:09.345Z
28.09.2026;21:30;Spain;LaLiga 2;CD Leganes;CD Castellon;id1000005472477440;fdj;European Handicap Second Half;1.0;1;1.4;1.38;2026-09-27T16:20:09.345Z
28.09.2026;21:30;Spain;LaLiga 2;CD Leganes;CD Castellon;id1000005472477440;fdj;European Handicap Second Half;1.0;X;3.2;3.25;2026-09-27T16:20:09.345Z
28.09.2026;21:30;Spain;LaLiga 2;CD Leganes;CD Castellon;id1000005472477440;fdj;European Handicap Second Half;1.0;2;5.7;6.0;2026-09-27T16:20:09.345Z
28.09.2026;21:30;Spain;LaLiga 2;CD Leganes;CD Castellon;id1000005472477440;fdj;European Handicap Second Half;-1.0;1;8.3;8.0;2026-09-27T16:20:09.345Z
28.09.2026;21:30;Spain;LaLiga 2;CD Leganes;CD Castellon;id1000005472477440;fdj;European Handicap Second Half;-1.0;X;3.65;3.6;2026-09-27T16:20:09.345Z
28.09.2026;21:30;Spain;LaLiga 2;CD Leganes;CD Castellon;id1000005472477440;fdj;European Handicap Second Half;-1.0;2;1.24;1.26;2026-09-27T16:20:09.345Z
28.09.2026;21:30;Spain;LaLiga 2;CD Leganes;CD Castellon;id1000005472477440;fdj;European Handicap Second Half;-2.0;1;19.0;19.0;2026-09-27T16:20:09.345Z
28.09.2026;21:30;Spain;LaLiga 2;CD Leganes;CD Castellon;id1000005472477440;fdj;European Handicap Second Half;-2.0;X;5.7;5.7;2026-09-27T16:20:09.345Z
28.09.2026;21:30;Spain;LaLiga 2;CD Leganes;CD Castellon;id1000005472477440;fdj;European Handicap Second Half;-2.0;2;1.03;1.03;2026-09-26T12:21:15.157Z
28.09.2026;21:30;Spain;LaLiga 2;CD Leganes;CD Castellon;id1000005472477440;fdj;Over Under Team 2;3.5;Over;8.0;8.5;2026-09-26T06:33:12.003Z
28.09.2026;21:30;Spain;LaLiga 2;CD Leganes;CD Castellon;id1000005472477440;fdj;Over Under Team 2;3.5;Under;1.03;1.03;2026-09-26T12:21:15.157Z
28.09.2026;21:30;Spain;LaLiga 2;CD Leganes;CD Castellon;id1000005472477440;fdj;Over Under Team 2;4.5;Over;20.0;20.0;2026-09-27T16:20:09.345Z
28.09.2026;21:30;Spain;LaLiga 2;CD Leganes;CD Castellon;id1000005472477440;fdj;Over Under First Half;0.5;Over;1.3;1.32;2026-09-26T06:33:12.003Z
28.09.2026;21:30;Spain;LaLiga 2;CD Leganes;CD Castellon;id1000005472477440;fdj;Over Under First Half;0.5;Under;2.5;2.6;2026-09-26T06:33:12.003Z
28.09.2026;21:30;Spain;LaLiga 2;CD Leganes;CD Castellon;id1000005472477440;fdj;Over Under First Half;1.5;Over;2.3;2.4;2026-09-26T06:33:12.003Z
28.09.2026;21:30;Spain;LaLiga 2;CD Leganes;CD Castellon;id1000005472477440;fdj;Over Under First Half;1.5;Under;1.35;1.38;2026-09-26T06:33:12.003Z
28.09.2026;21:30;Spain;LaLiga 2;CD Leganes;CD Castellon;id1000005472477440;fdj;Over Under First Half;2.5;Over;4.0;4.75;2026-09-26T06:33:12.003Z
28.09.2026;21:30;Spain;LaLiga 2;CD Leganes;CD Castellon;id1000005472477440;fdj;Over Under First Half;2.5;Under;1.08;1.08;2026-09-26T12:21:15.157Z
28.09.2026;21:30;Spain;LaLiga 2;CD Leganes;CD Castellon;id1000005472477440;fdj;Over Under Second Half;0.5;Over;1.15;1.18;2026-09-27T16:20:09.345Z
28.09.2026;21:30;Spain;LaLiga 2;CD Leganes;CD Castellon;id1000005472477440;fdj;Over Under Second Half;0.5;Under;3.25;3.0;2026-09-27T16:20:09.345Z
28.09.2026;21:30;Spain;LaLiga 2;CD Leganes;CD Castellon;id1000005472477440;fdj;Over Under Second Half;1.5;Over;1.9;1.9;2026-09-26T12:21:15.157Z
28.09.2026;21:30;Spain;LaLiga 2;CD Leganes;CD Castellon;id1000005472477440;fdj;Over Under Second Half;1.5;Under;1.55;1.55;2026-09-26T12:21:15.157Z
28.09.2026;21:30;Spain;LaLiga 2;CD Leganes;CD Castellon;id1000005472477440;fdj;Over Under Second Half;2.5;Over;3.25;3.25;2026-09-26T12:21:15.157Z
28.09.2026;21:30;Spain;LaLiga 2;CD Leganes;CD Castellon;id1000005472477440;fdj;Over Under Second Half;2.5;Under;1.15;1.15;2026-09-26T12:21:15.157Z
28.09.2026;21:30;Spain;LaLiga 2;CD Leganes;CD Castellon;id1000005472477440;fdj;Both Teams To Score First Half;0.0;Yes;3.25;3.25;2026-09-26T12:21:15.157Z
28.09.2026;21:30;Spain;LaLiga 2;CD Leganes;CD Castellon;id1000005472477440;fdj;Both Teams To Score First Half;0.0;No;1.15;1.15;2026-09-26T12:21:15.157Z
28.09.2026;21:30;Spain;LaLiga 2;CD Leganes;CD Castellon;id1000005472477440;fdj;Both Teams To Score Second Half;0.0;Yes;2.65;2.65;2026-09-26T12:21:15.157Z
28.09.2026;21:30;Spain;LaLiga 2;CD Leganes;CD Castellon;id1000005472477440;fdj;Both Teams To Score Second Half;0.0;No;1.25;1.25;2026-09-26T12:21:15.157Z
28.09.2026;21:30;Spain;LaLiga 2;CD Leganes;CD Castellon;id1000005472477440;fdj;Both Teams To Score;0.0;Yes;1.6;1.55;2026-09-27T15:08:56.765Z
28.09.2026;21:30;Spain;LaLiga 2;CD Leganes;CD Castellon;id1000005472477440;fdj;Both Teams To Score;0.0;No;1.9;1.95;2026-09-27T15:08:56.765Z
28.09.2026;21:30;Spain;LaLiga 2;CD Leganes;CD Castellon;id1000005472477440;fdj;Over Under Full Time;0.5;Over;1.02;1.04;2026-09-27T06:32:24.125Z
28.09.2026;21:30;Spain;LaLiga 2;CD Leganes;CD Castellon;id1000005472477440;fdj;Over Under Full Time;0.5;Under;5.25;7.0;2026-09-27T06:32:24.125Z
28.09.2026;21:30;Spain;LaLiga 2;CD Leganes;CD Castellon;id1000005472477440;fdj;Asian Handicap;-1.5;1;4.25;4.75;2026-09-27T16:20:09.345Z
28.09.2026;21:30;Spain;LaLiga 2;CD Leganes;CD Castellon;id1000005472477440;fdj;Asian Handicap;-1.5;2;1.07;1.08;2026-09-27T16:20:09.345Z
28.09.2026;21:30;Spain;LaLiga 2;CD Leganes;CD Castellon;id1000005472477440;fdj;Asian Handicap First Half;-0.5;1;2.9;2.75;2026-09-27T15:08:56.765Z
28.09.2026;21:30;Spain;LaLiga 2;CD Leganes;CD Castellon;id1000005472477440;fdj;Asian Handicap First Half;-0.5;2;1.2;1.22;2026-09-27T15:08:56.765Z
28.09.2026;21:30;Spain;LaLiga 2;CD Leganes;CD Castellon;id1000005472477440;fdj;Asian Handicap First Half;0.5;1;1.33;1.33;2026-09-27T16:20:09.345Z
28.09.2026;21:30;Spain;LaLiga 2;CD Leganes;CD Castellon;id1000005472477440;fdj;Asian Handicap First Half;0.5;2;2.35;2.35;2026-09-27T16:20:09.345Z
28.09.2026;21:30;Spain;LaLiga 2;CD Leganes;CD Castellon;id1000005472477440;fdj;Asian Handicap;-0.5;1;2.65;2.6;2026-09-27T15:08:56.765Z
28.09.2026;21:30;Spain;LaLiga 2;CD Leganes;CD Castellon;id1000005472477440;fdj;Asian Handicap;-0.5;2;1.25;1.32;2026-09-27T15:08:56.765Z
28.09.2026;21:30;Spain;LaLiga 2;CD Leganes;CD Castellon;id1000005472477440;fdj;Asian Handicap Second Half;-0.5;1;2.65;2.65;2026-09-26T12:21:15.157Z
28.09.2026;21:30;Spain;LaLiga 2;CD Leganes;CD Castellon;id1000005472477440;fdj;Asian Handicap Second Half;-0.5;2;1.25;1.25;2026-09-26T12:21:15.157Z
28.09.2026;21:30;Spain;LaLiga 2;CD Leganes;CD Castellon;id1000005472477440;fdj;Asian Handicap Second Half;0.5;1;1.4;1.4;2026-09-27T16:20:09.345Z
28.09.2026;21:30;Spain;LaLiga 2;CD Leganes;CD Castellon;id1000005472477440;fdj;Asian Handicap Second Half;0.5;2;2.2;2.2;2026-09-27T16:20:09.345Z
28.09.2026;21:30;Spain;LaLiga 2;CD Leganes;CD Castellon;id1000005472477440;fdj;Asian Handicap;0.5;1;1.55;1.52;2026-09-27T16:20:09.345Z
28.09.2026;21:30;Spain;LaLiga 2;CD Leganes;CD Castellon;id1000005472477440;fdj;Asian Handicap;0.5;2;1.9;2.05;2026-09-27T16:20:09.345Z
28.09.2026;21:30;Spain;LaLiga 2;CD Leganes;CD Castellon;id1000005472477440;fdj;Over Under Full Time;1.5;Over;1.2;1.22;2026-09-27T06:32:24.125Z
28.09.2026;21:30;Spain;LaLiga 2;CD Leganes;CD Castellon;id1000005472477440;fdj;Over Under Full Time;1.5;Under;2.9;3.1;2026-09-27T06:32:24.125Z
28.09.2026;21:30;Spain;LaLiga 2;CD Leganes;CD Castellon;id1000005472477440;fdj;Asian Handicap;1.5;1;1.15;1.15;2026-09-27T15:08:56.765Z
28.09.2026;21:30;Spain;LaLiga 2;CD Leganes;CD Castellon;id1000005472477440;fdj;Asian Handicap;1.5;2;3.25;3.7;2026-09-27T15:08:56.765Z
28.09.2026;21:30;Spain;LaLiga 2;CD Leganes;CD Castellon;id1000005472477440;winamax.fr;Full Time Result;0.0;1;2.6;2.85;2026-09-27T22:00:37.092Z
28.09.2026;21:30;Spain;LaLiga 2;CD Leganes;CD Castellon;id1000005472477440;winamax.fr;Full Time Result;0.0;X;3.1;3.2;2026-09-27T22:00:37.092Z
28.09.2026;21:30;Spain;LaLiga 2;CD Leganes;CD Castellon;id1000005472477440;winamax.fr;Full Time Result;0.0;2;2.2;2.15;2026-09-27T22:00:37.092Z
28.09.2026;21:30;Spain;LaLiga 2;CD Leganes;CD Castellon;id1000005472477440;winamax.fr;Over Under Full Time;2.5;Over;1.74;1.7;2026-09-27T22:00:37.400Z
28.09.2026;21:30;Spain;LaLiga 2;CD Leganes;CD Castellon;id1000005472477440;winamax.fr;Over Under Full Time;2.5;Under;1.72;1.76;2026-09-27T22:00:37.400Z
28.09.2026;21:30;Spain;LaLiga 2;CD Leganes;CD Castellon;id1000005472477440;winamax.fr;Over Under Full Time;3.5;Over;2.9;2.8;2026-09-27T22:00:37.400Z
28.09.2026;21:30;Spain;LaLiga 2;CD Leganes;CD Castellon;id1000005472477440;winamax.fr;Over Under Full Time;3.5;Under;1.27;1.29;2026-09-27T22:00:37.400Z
28.09.2026;21:30;Spain;LaLiga 2;CD Leganes;CD Castellon;id1000005472477440;winamax.fr;Over Under Full Time;4.5;Over;5.5;5.3;2026-09-27T22:00:37.400Z
28.09.2026;21:30;Spain;LaLiga 2;CD Leganes;CD Castellon;id1000005472477440;winamax.fr;Over Under Full Time;4.5;Under;1.08;1.09;2026-09-27T22:00:37.400Z
28.09.2026;21:30;Spain;LaLiga 2;CD Leganes;CD Castellon;id1000005472477440;winamax.fr;Double Chance Full Time;0.0;1X;1.46;1.5;2026-09-27T22:00:37.092Z
28.09.2026;21:30;Spain;LaLiga 2;CD Leganes;CD Castellon;id1000005472477440;winamax.fr;Double Chance Full Time;0.0;12;1.27;1.27;2026-09-27T22:00:37.092Z
28.09.2026;21:30;Spain;LaLiga 2;CD Leganes;CD Castellon;id1000005472477440;winamax.fr;Double Chance Full Time;0.0;2X;1.33;1.3;2026-09-27T22:00:37.092Z
28.09.2026;21:30;Spain;LaLiga 2;CD Leganes;CD Castellon;id1000005472477440;winamax.fr;Double Chance First Half;0.0;1X;1.31;1.33;2026-09-27T22:00:37.400Z
28.09.2026;21:30;Spain;LaLiga 2;CD Leganes;CD Castellon;id1000005472477440;winamax.fr;Double Chance First Half;0.0;12;1.54;1.52;2026-09-27T22:00:37.400Z
28.09.2026;21:30;Spain;LaLiga 2;CD Leganes;CD Castellon;id1000005472477440;winamax.fr;Double Chance First Half;0.0;2X;1.24;1.23;2026-09-27T22:00:37.400Z
28.09.2026;21:30;Spain;LaLiga 2;CD Leganes;CD Castellon;id1000005472477440;winamax.fr;First Half Result;0.0;1;3.1;3.25;2026-09-27T22:00:37.400Z
28.09.2026;21:30;Spain;LaLiga 2;CD Leganes;CD Castellon;id1000005472477440;winamax.fr;First Half Result;0.0;X;2.0;2.0;2026-09-27T22:00:37.400Z
28.09.2026;21:30;Spain;LaLiga 2;CD Leganes;CD Castellon;id1000005472477440;winamax.fr;First Half Result;0.0;2;2.7;2.55;2026-09-27T22:00:37.400Z
28.09.2026;21:30;Spain;LaLiga 2;CD Leganes;CD Castellon;id1000005472477440;winamax.fr;Over Under Team 1 First Half;0.5;Over;2.0;2.0;2026-09-27T22:00:37.400Z
28.09.2026;21:30;Spain;LaLiga 2;CD Leganes;CD Castellon;id1000005472477440;winamax.fr;Over Under Team 1 First Half;0.5;Under;1.54;1.52;2026-09-27T22:00:37.400Z
28.09.2026;21:30;Spain;LaLiga 2;CD Leganes;CD Castellon;id1000005472477440;winamax.fr;Over Under Team 1 First Half;1.5;Over;6.5;6.75;2026-09-27T22:00:37.400Z
28.09.2026;21:30;Spain;LaLiga 2;CD Leganes;CD Castellon;id1000005472477440;winamax.fr;Over Under Team 1 First Half;1.5;Under;1.05;1.05;2026-09-27T22:00:37.400Z
28.09.2026;21:30;Spain;LaLiga 2;CD Leganes;CD Castellon;id1000005472477440;winamax.fr;Over Under Team 1 First Half;2.5;Over;30.0;30.0;2026-09-27T22:00:37.400Z
28.09.2026;21:30;Spain;LaLiga 2;CD Leganes;CD Castellon;id1000005472477440;winamax.fr;Over Under Team 2 First Half;0.5;Over;1.86;1.8;2026-09-27T22:00:37.400Z
28.09.2026;21:30;Spain;LaLiga 2;CD Leganes;CD Castellon;id1000005472477440;winamax.fr;Over Under Team 2 First Half;0.5;Under;1.62;1.68;2026-09-27T22:00:37.400Z
28.09.2026;21:30;Spain;LaLiga 2;CD Leganes;CD Castellon;id1000005472477440;winamax.fr;Over Under Team 2 First Half;1.5;Over;5.6;5.2;2026-09-27T22:00:37.400Z
28.09.2026;21:30;Spain;LaLiga 2;CD Leganes;CD Castellon;id1000005472477440;winamax.fr;Over Under Team 2 First Half;1.5;Under;1.08;1.09;2026-09-27T22:00:37.400Z
28.09.2026;21:30;Spain;LaLiga 2;CD Leganes;CD Castellon;id1000005472477440;winamax.fr;Over Under Team 2 First Half;2.5;Over;23.0;20.0;2026-09-27T22:00:37.400Z
28.09.2026;21:30;Spain;LaLiga 2;CD Leganes;CD Castellon;id1000005472477440;winamax.fr;Over Under Team 2 First Half;2.5;Under;1.01;1.01;2026-09-27T22:00:37.400Z
28.09.2026;21:30;Spain;LaLiga 2;CD Leganes;CD Castellon;id1000005472477440;winamax.fr;Over Under Team 1;0.5;Over;1.26;1.27;2026-09-27T22:00:37.400Z
28.09.2026;21:30;Spain;LaLiga 2;CD Leganes;CD Castellon;id1000005472477440;winamax.fr;Over Under Team 1;0.5;Under;2.95;2.9;2026-09-27T22:00:37.400Z
28.09.2026;21:30;Spain;LaLiga 2;CD Leganes;CD Castellon;id1000005472477440;winamax.fr;Over Under Team 1;1.5;Over;2.3;2.35;2026-09-27T22:00:37.400Z
28.09.2026;21:30;Spain;LaLiga 2;CD Leganes;CD Castellon;id1000005472477440;winamax.fr;Over Under Team 1;1.5;Under;1.4;1.38;2026-09-27T22:00:37.400Z
28.09.2026;21:30;Spain;LaLiga 2;CD Leganes;CD Castellon;id1000005472477440;winamax.fr;Over Under Team 1;2.5;Over;5.5;5.7;2026-09-27T22:00:37.400Z
28.09.2026;21:30;Spain;LaLiga 2;CD Leganes;CD Castellon;id1000005472477440;winamax.fr;Over Under Team 1;2.5;Under;1.08;1.07;2026-09-27T22:00:37.400Z
28.09.2026;21:30;Spain;LaLiga 2;CD Leganes;CD Castellon;id1000005472477440;winamax.fr;Over Under Team 1;3.5;Over;16.0;16.0;2026-09-27T22:00:37.400Z
28.09.2026;21:30;Spain;LaLiga 2;CD Leganes;CD Castellon;id1000005472477440;winamax.fr;Over Under Team 1;3.5;Under;1.01;1.01;2026-09-27T22:00:37.400Z
28.09.2026;21:30;Spain;LaLiga 2;CD Leganes;CD Castellon;id1000005472477440;winamax.fr;Over Under Team 1;4.5;Over;50.0;50.0;2026-09-27T16:15:08.266Z
28.09.2026;21:30;Spain;LaLiga 2;CD Leganes;CD Castellon;id1000005472477440;winamax.fr;Over Under Team 2;0.5;Over;1.21;1.19;2026-09-27T22:00:37.400Z
28.09.2026;21:30;Spain;LaLiga 2;CD Leganes;CD Castellon;id1000005472477440;winamax.fr;Over Under Team 2;0.5;Under;3.4;3.55;2026-09-27T22:00:37.400Z
28.09.2026;21:30;Spain;LaLiga 2;CD Leganes;CD Castellon;id1000005472477440;winamax.fr;Over Under Team 2;1.5;Over;2.05;1.98;2026-09-27T22:00:37.400Z
28.09.2026;21:30;Spain;LaLiga 2;CD Leganes;CD Castellon;id1000005472477440;winamax.fr;Over Under Team 2;1.5;Under;1.5;1.56;2026-09-27T22:00:37.400Z
28.09.2026;21:30;Spain;LaLiga 2;CD Leganes;CD Castellon;id1000005472477440;winamax.fr;Over Under Team 2;2.5;Over;4.5;4.2;2026-09-27T22:00:37.400Z
28.09.2026;21:30;Spain;LaLiga 2;CD Leganes;CD Castellon;id1000005472477440;winamax.fr;Over Under Team 2;2.5;Under;1.12;1.14;2026-09-27T22:00:37.400Z
28.09.2026;21:30;Spain;LaLiga 2;CD Leganes;CD Castellon;id1000005472477440;winamax.fr;Over Under Team 2;3.5;Over;11.5;10.5;2026-09-27T22:00:37.400Z
28.09.2026;21:30;Spain;LaLiga 2;CD Leganes;CD Castellon;id1000005472477440;winamax.fr;Over Under Team 2;3.5;Under;1.02;1.02;2026-09-27T22:00:37.400Z
28.09.2026;21:30;Spain;LaLiga 2;CD Leganes;CD Castellon;id1000005472477440;winamax.fr;Over Under Team 2;4.5;Over;34.0;30.0;2026-09-27T22:00:37.400Z
28.09.2026;21:30;Spain;LaLiga 2;CD Leganes;CD Castellon;id1000005472477440;winamax.fr;Over Under First Half;0.5;Over;1.31;1.3;2026-09-27T22:00:37.400Z
28.09.2026;21:30;Spain;LaLiga 2;CD Leganes;CD Castellon;id1000005472477440;winamax.fr;Over Under First Half;0.5;Under;2.65;2.7;2026-09-27T22:00:37.400Z
28.09.2026;21:30;Spain;LaLiga 2;CD Leganes;CD Castellon;id1000005472477440;winamax.fr;Over Under First Half;1.5;Over;2.5;2.45;2026-09-27T22:00:37.400Z
28.09.2026;21:30;Spain;LaLiga 2;CD Leganes;CD Castellon;id1000005472477440;winamax.fr;Over Under First Half;1.5;Under;1.35;1.36;2026-09-27T22:00:37.400Z
28.09.2026;21:30;Spain;LaLiga 2;CD Leganes;CD Castellon;id1000005472477440;winamax.fr;Over Under First Half;2.5;Over;6.0;5.9;2026-09-27T22:00:37.400Z
28.09.2026;21:30;Spain;LaLiga 2;CD Leganes;CD Castellon;id1000005472477440;winamax.fr;Over Under First Half;2.5;Under;1.06;1.07;2026-09-27T22:00:37.400Z
28.09.2026;21:30;Spain;LaLiga 2;CD Leganes;CD Castellon;id1000005472477440;winamax.fr;Both Teams To Score First Half;0.0;Yes;3.9;3.85;2026-09-27T22:00:37.400Z
28.09.2026;21:30;Spain;LaLiga 2;CD Leganes;CD Castellon;id1000005472477440;winamax.fr;Both Teams To Score First Half;0.0;No;1.16;1.16;2026-09-27T22:00:37.400Z
28.09.2026;21:30;Spain;LaLiga 2;CD Leganes;CD Castellon;id1000005472477440;winamax.fr;Both Teams To Score;0.0;Yes;1.58;1.56;2026-09-27T22:00:37.092Z
28.09.2026;21:30;Spain;LaLiga 2;CD Leganes;CD Castellon;id1000005472477440;winamax.fr;Both Teams To Score;0.0;No;1.92;1.94;2026-09-27T22:00:37.400Z
28.09.2026;21:30;Spain;LaLiga 2;CD Leganes;CD Castellon;id1000005472477440;winamax.fr;Over Under Full Time;0.5;Over;1.03;1.03;2026-09-27T22:00:37.092Z
28.09.2026;21:30;Spain;LaLiga 2;CD Leganes;CD Castellon;id1000005472477440;winamax.fr;Over Under Full Time;0.5;Under;9.0;9.0;2026-09-27T22:00:37.400Z
28.09.2026;21:30;Spain;LaLiga 2;CD Leganes;CD Castellon;id1000005472477440;winamax.fr;Asian Handicap First Half;0.0;1;1.86;1.94;2026-09-27T22:00:37.400Z
28.09.2026;21:30;Spain;LaLiga 2;CD Leganes;CD Castellon;id1000005472477440;winamax.fr;Asian Handicap First Half;0.0;2;1.62;1.56;2026-09-27T22:00:37.400Z
28.09.2026;21:30;Spain;LaLiga 2;CD Leganes;CD Castellon;id1000005472477440;winamax.fr;Over Under Full Time;1.5;Over;1.22;1.21;2026-09-27T22:00:37.092Z
28.09.2026;21:30;Spain;LaLiga 2;CD Leganes;CD Castellon;id1000005472477440;winamax.fr;Over Under Full Time;1.5;Under;3.3;3.35;2026-09-27T22:00:37.400Z
